// Auto-generated by assets/clock/generate_clock_face.py
// Source: uhr_optimiert.png (bezel cropped, colors flattened)
// 240x240, color format LV_COLOR_FORMAT_RGB565A8 (RGB array + A8 alpha array)
// Regenerate: python assets/clock/generate_clock_face.py
#include "lvgl.h"

const uint8_t clock_face_map[172800] = {
    0x53,0xE6,0x53,0xE6,0x53,0xE6,0x53,0xE6,0x53,0xE6,0x53,0xE6,0x53,0xE6,0x53,0xE6,
    0x53,0xE6,0x53,0xE6,0x53,0xE6,0x53,0xE6,0x53,0xE6,0x53,0xE6,0x53,0xE6,0x53,0xE6,
    0x53,0xE6,0x53,0xE6,0x53,0xE6,0x53,0xE6,0x53,0xE6,0x53,0xE6,0x53,0xE6,0x53,0xE6,
    0x53,0xE6,0x53,0xE6,0x53,0xE6,0x53,0xE6,0x53,0xE6,0x53,0xE6,0x53,0xE6,0x53,0xE6,
    0x53,0xE6,0x53,0xE6,0x53,0xE6,0x53,0xE6,0x53,0xE6,0x53,0xE6,0x53,0xE6,0x53,0xE6,
    0x53,0xE6,0x53,0xE6,0x53,0xE6,0x53,0xE6,0x53,0xE6,0x53,0xE6,0x53,0xE6,0x53,0xE6,
    0x53,0xE6,0x53,0xE6,0x53,0xE6,0x53,0xE6,0x53,0xE6,0x53,0xE6,0x53,0xE6,0x53,0xE6,
    0x53,0xE6,0x53,0xE6,0x32,0xE6,0x53,0xEE,0xB4,0xF6,0xF2,0xDD,0xA8,0x62,0x00,0x00,
    0x44,0x31,0xE9,0x6A,0xA8,0x62,0x21,0x08,0x00,0x00,0x00,0x00,0xA5,0x39,0x87,0x5A,
    0xC8,0x6A,0x00,0x00,0x00,0x00,0x41,0x08,0x84,0x39,0x2C,0x9C,0x2F,0xBD,0x8A,0x83,
    0x44,0x29,0x00,0x00,0x00,0x00,0x00,0x00,0x00,0x00,0x00,0x00,0x00,0x00,0x00,0x00,
    0x00,0x00,0x00,0x00,0x00,0x00,0x00,0x00,0x00,0x00,0x00,0x00,0x00,0x00,0x00,0x00,
    0x00,0x00,0x00,0x00,0x00,0x00,0x61,0x10,0x03,0x21,0xC5,0x41,0x26,0x52,0xE9,0x6A,
    0xAB,0x8B,0xEB,0x93,0xEB,0x8B,0x0C,0x94,0x29,0x73,0x67,0x5A,0x26,0x52,0xA8,0x62,
    0x09,0x73,0x09,0x73,0xE9,0x6A,0xC8,0x6A,0xC8,0x6A,0xC8,0x6A,0x87,0x5A,0x67,0x5A,
    0x09,0x6B,0xC8,0x6A,0x67,0x5A,0x67,0x5A,0x67,0x5A,0xA8,0x62,0xE9,0x6A,0xA8,0x62,
    0xA8,0x62,0xC8,0x6A,0x09,0x73,0x09,0x73,0x09,0x73,0x6A,0x7B,0xA8,0x62,0x26,0x52,
    0xA5,0x39,0xC5,0x41,0x24,0x29,0xE3,0x20,0x61,0x10,0x20,0x00,0x00,0x00,0x00,0x00,
    0x00,0x00,0x00,0x00,0x00,0x00,0x00,0x00,0x00,0x00,0x00,0x00,0x00,0x00,0x00,0x00,
    0x00,0x00,0x00,0x00,0x00,0x00,0x00,0x00,0x00,0x00,0x00,0x00,0x00,0x00,0x41,0x08,
    0xE6,0x49,0x2C,0x9C,0xF2,0xDD,0x6D,0xA4,0xE5,0x41,0x00,0x00,0x00,0x00,0x61,0x10,
    0x20,0x00,0x00,0x00,0x00,0x00,0x00,0x00,0x00,0x00,0xE3,0x20,0x67,0x5A,0x26,0x52,
    0x61,0x10,0xC2,0x20,0x8D,0xA4,0x53,0xEE,0xB4,0xF6,0x32,0xE6,0x32,0xE6,0x53,0xE6,
    0x53,0xE6,0x53,0xE6,0x53,0xE6,0x53,0xE6,0x53,0xE6,0x53,0xE6,0x53,0xE6,0x53,0xE6,
    0x53,0xE6,0x53,0xE6,0x53,0xE6,0x53,0xE6,0x53,0xE6,0x53,0xE6,0x53,0xE6,0x53,0xE6,
    0x53,0xE6,0x53,0xE6,0x53,0xE6,0x53,0xE6,0x53,0xE6,0x53,0xE6,0x53,0xE6,0x53,0xE6,
    0x53,0xE6,0x53,0xE6,0x53,0xE6,0x53,0xE6,0x53,0xE6,0x53,0xE6,0x53,0xE6,0x53,0xE6,
    0x53,0xE6,0x53,0xE6,0x53,0xE6,0x53,0xE6,0x53,0xE6,0x53,0xE6,0x53,0xE6,0x53,0xE6,
    0x53,0xE6,0x53,0xE6,0x53,0xE6,0x53,0xE6,0x53,0xE6,0x53,0xE6,0x53,0xE6,0x53,0xE6,
    0x53,0xE6,0x53,0xE6,0x53,0xE6,0x53,0xE6,0x53,0xE6,0x53,0xE6,0x53,0xE6,0x53,0xE6,
    0x53,0xE6,0x53,0xE6,0x53,0xE6,0x53,0xE6,0x53,0xE6,0x53,0xE6,0x53,0xE6,0x53,0xE6,
    0x53,0xE6,0x53,0xE6,0x53,0xE6,0x53,0xE6,0x53,0xE6,0x53,0xE6,0x53,0xE6,0x53,0xE6,
    0x53,0xE6,0x53,0xE6,0x53,0xE6,0x53,0xE6,0x53,0xE6,0x53,0xE6,0x53,0xE6,0x53,0xE6,
    0x53,0xE6,0x53,0xE6,0x53,0xE6,0x53,0xE6,0x53,0xE6,0x53,0xE6,0x53,0xE6,0x53,0xE6,
    0x53,0xE6,0x53,0xE6,0x53,0xE6,0x53,0xE6,0x53,0xE6,0x53,0xE6,0x53,0xE6,0x53,0xE6,
    0x53,0xE6,0x53,0xE6,0x53,0xE6,0x53,0xE6,0x53,0xE6,0x53,0xE6,0x53,0xE6,0x53,0xE6,
    0x53,0xE6,0x53,0xE6,0x53,0xE6,0x53,0xE6,0x53,0xE6,0x53,0xE6,0x53,0xE6,0x53,0xE6,
    0x32,0xE6,0x53,0xE6,0xB4,0xF6,0x32,0xE6,0x87,0x5A,0xA2,0x18,0x03,0x21,0x87,0x5A,
    0xE6,0x49,0x61,0x08,0x00,0x00,0x82,0x10,0x26,0x4A,0xE9,0x6A,0xC8,0x6A,0xA5,0x39,
    0x82,0x10,0x84,0x39,0x29,0x73,0x6D,0xA4,0x6A,0x83,0x06,0x4A,0x61,0x10,0x00,0x00,
    0x00,0x00,0x00,0x00,0x00,0x00,0x00,0x00,0x00,0x00,0x00,0x00,0x00,0x00,0x00,0x00,
    0x20,0x00,0x00,0x00,0x00,0x00,0x00,0x00,0x00,0x00,0x00,0x00,0x41,0x08,0xE3,0x20,
    0xA5,0x39,0x47,0x52,0xC8,0x6A,0xE9,0x6A,0x09,0x6B,0x09,0x6B,0xE8,0x6A,0x4A,0x7B,
    0x0C,0x94,0x0C,0x94,0x2C,0x9C,0x6D,0xA4,0xCE,0xB4,0x70,0xCD,0x12,0xDE,0x32,0xE6,
    0x73,0xEE,0x93,0xEE,0x73,0xEE,0x32,0xE6,0x12,0xDE,0xF2,0xDD,0xD1,0xD5,0x70,0xC5,
    0xB1,0xD5,0x91,0xCD,0x90,0xCD,0xD1,0xD5,0x12,0xDE,0x32,0xE6,0x73,0xEE,0x73,0xEE,
    0x32,0xE6,0x12,0xDE,0x12,0xE6,0xD1,0xD5,0x70,0xCD,0x50,0xC5,0x2F,0xBD,0xCE,0xB4,
    0x6D,0xA4,0xEC,0x93,0xAB,0x83,0x09,0x73,0x67,0x52,0xC5,0x41,0x64,0x31,0xC2,0x20,
    0x82,0x10,0x61,0x10,0x20,0x08,0x00,0x00,0x00,0x00,0x00,0x00,0x00,0x00,0x00,0x00,
    0x00,0x00,0x00,0x00,0x00,0x00,0x00,0x00,0x00,0x00,0x00,0x00,0x00,0x00,0x00,0x00,
    0x00,0x00,0x00,0x00,0x24,0x29,0x09,0x73,0xEE,0xB4,0xEF,0xB4,0x67,0x5A,0x41,0x08,
    0x00,0x00,0x00,0x00,0x00,0x00,0x00,0x00,0x00,0x00,0x00,0x00,0x00,0x00,0x64,0x31,
    0x88,0x5A,0xA5,0x41,0x41,0x08,0x03,0x21,0x4D,0x9C,0x93,0xF6,0x93,0xF6,0x32,0xE6,
    0x32,0xE6,0x53,0xE6,0x53,0xE6,0x53,0xE6,0x53,0xE6,0x53,0xE6,0x53,0xE6,0x53,0xE6,
    0x53,0xE6,0x53,0xE6,0x53,0xE6,0x53,0xE6,0x53,0xE6,0x53,0xE6,0x53,0xE6,0x53,0xE6,
    0x53,0xE6,0x53,0xE6,0x53,0xE6,0x53,0xE6,0x53,0xE6,0x53,0xE6,0x53,0xE6,0x53,0xE6,
    0x53,0xE6,0x53,0xE6,0x53,0xE6,0x53,0xE6,0x53,0xE6,0x53,0xE6,0x53,0xE6,0x53,0xE6,
    0x53,0xE6,0x53,0xE6,0x53,0xE6,0x53,0xE6,0x53,0xE6,0x53,0xE6,0x53,0xE6,0x53,0xE6,
    0x53,0xE6,0x53,0xE6,0x53,0xE6,0x53,0xE6,0x53,0xE6,0x53,0xE6,0x53,0xE6,0x53,0xE6,
    0x53,0xE6,0x53,0xE6,0x53,0xE6,0x53,0xE6,0x53,0xE6,0x53,0xE6,0x53,0xE6,0x53,0xE6,
    0x53,0xE6,0x53,0xE6,0x53,0xE6,0x53,0xE6,0x53,0xE6,0x53,0xE6,0x53,0xE6,0x53,0xE6,
    0x53,0xE6,0x53,0xE6,0x53,0xE6,0x53,0xE6,0x53,0xE6,0x53,0xE6,0x53,0xE6,0x53,0xE6,
    0x53,0xE6,0x53,0xE6,0x53,0xE6,0x53,0xE6,0x53,0xE6,0x53,0xE6,0x53,0xE6,0x53,0xE6,
    0x53,0xE6,0x53,0xE6,0x53,0xE6,0x53,0xE6,0x53,0xE6,0x53,0xE6,0x53,0xE6,0x53,0xE6,
    0x53,0xE6,0x53,0xE6,0x53,0xE6,0x53,0xE6,0x53,0xE6,0x53,0xE6,0x53,0xE6,0x53,0xE6,
    0x53,0xE6,0x53,0xE6,0x53,0xE6,0x53,0xE6,0x53,0xE6,0x53,0xE6,0x53,0xE6,0x53,0xE6,
    0x53,0xE6,0x53,0xE6,0x53,0xE6,0x53,0xE6,0x53,0xE6,0x53,0xE6,0x32,0xE6,0x32,0xE6,
    0xB4,0xF6,0x32,0xE6,0x2F,0xBD,0xC5,0x41,0xA2,0x18,0xA8,0x62,0xE6,0x49,0x61,0x10,
    0x00,0x00,0x23,0x29,0x47,0x52,0xAB,0x83,0x67,0x5A,0x03,0x29,0x23,0x29,0x29,0x73,
    0x8D,0xA4,0x8D,0xAC,0xC8,0x62,0xC2,0x18,0x00,0x00,0x00,0x00,0x00,0x00,0x00,0x00,
    0x00,0x00,0x00,0x00,0x00,0x00,0x00,0x00,0x00,0x00,0x00,0x00,0x00,0x00,0x00,0x00,
    0x00,0x00,0x00,0x00,0x82,0x10,0x44,0x31,0x06,0x4A,0xA8,0x62,0x09,0x6B,0xC8,0x6A,
    0x87,0x5A,0xA8,0x62,0xC8,0x62,0x09,0x73,0xCB,0x8B,0x8D,0xA4,0x50,0xC5,0xD1,0xD5,
    0xD1,0xD5,0xD1,0xD5,0x2F,0xBD,0xCE,0xAC,0x6D,0xA4,0xCB,0x8B,0xCB,0x8B,0x6A,0x7B,
    0xA8,0x62,0x47,0x52,0x87,0x5A,0x47,0x52,0xE6,0x49,0x85,0x39,0x85,0x39,0xA5,0x39,
    0x84,0x39,0xA5,0x39,0xA5,0x41,0x06,0x4A,0x26,0x52,0x67,0x5A,0xA8,0x62,0x67,0x5A,
    0xE8,0x6A,0x8A,0x83,0xAB,0x8B,0x2C,0x94,0xCE,0xB4,0x0F,0xBD,0xF2,0xDD,0x73,0xEE,
    0xD4,0xFE,0xD4,0xFE,0xB4,0xF6,0x32,0xE6,0x50,0xC5,0x6D,0xA4,0xAB,0x83,0xA8,0x62,
    0x06,0x4A,0x84,0x39,0x84,0x39,0x64,0x31,0xE3,0x20,0x81,0x10,0x20,0x00,0x00,0x00,
    0x00,0x00,0x00,0x00,0x00,0x00,0x00,0x00,0x00,0x00,0x00,0x00,0x00,0x00,0x00,0x00,
    0x00,0x00,0x00,0x00,0x00,0x00,0x00,0x00,0x00,0x00,0xC5,0x41,0x8A,0x83,0x8D,0xAC,
    0x6D,0xA4,0x03,0x21,0x00,0x00,0x00,0x00,0x84,0x39,0x41,0x08,0x00,0x00,0x00,0x00,
    0x00,0x00,0x64,0x31,0xE6,0x49,0x23,0x29,0x00,0x00,0x84,0x39,0xEF,0xB4,0xB4,0xF6,
    0x93,0xEE,0x32,0xE6,0x52,0xE6,0x53,0xE6,0x53,0xE6,0x53,0xE6,0x53,0xE6,0x53,0xE6,
    0x53,0xE6,0x53,0xE6,0x53,0xE6,0x53,0xE6,0x53,0xE6,0x53,0xE6,0x53,0xE6,0x53,0xE6,
    0x53,0xE6,0x53,0xE6,0x53,0xE6,0x53,0xE6,0x53,0xE6,0x53,0xE6,0x53,0xE6,0x53,0xE6,
    0x53,0xE6,0x53,0xE6,0x53,0xE6,0x53,0xE6,0x53,0xE6,0x53,0xE6,0x53,0xE6,0x53,0xE6,
    0x53,0xE6,0x53,0xE6,0x53,0xE6,0x53,0xE6,0x53,0xE6,0x53,0xE6,0x53,0xE6,0x53,0xE6,
    0x53,0xE6,0x53,0xE6,0x53,0xE6,0x53,0xE6,0x53,0xE6,0x53,0xE6,0x53,0xE6,0x53,0xE6,
    0x53,0xE6,0x53,0xE6,0x53,0xE6,0x53,0xE6,0x53,0xE6,0x53,0xE6,0x53,0xE6,0x53,0xE6,
    0x53,0xE6,0x53,0xE6,0x53,0xE6,0x53,0xE6,0x53,0xE6,0x53,0xE6,0x53,0xE6,0x53,0xE6,
    0x53,0xE6,0x53,0xE6,0x53,0xE6,0x53,0xE6,0x53,0xE6,0x53,0xE6,0x53,0xE6,0x53,0xE6,
    0x53,0xE6,0x53,0xE6,0x53,0xE6,0x53,0xE6,0x53,0xE6,0x53,0xE6,0x53,0xE6,0x53,0xE6,
    0x53,0xE6,0x53,0xE6,0x53,0xE6,0x53,0xE6,0x53,0xE6,0x53,0xE6,0x53,0xE6,0x53,0xE6,
    0x53,0xE6,0x53,0xE6,0x53,0xE6,0x53,0xE6,0x53,0xE6,0x53,0xE6,0x53,0xE6,0x53,0xE6,
    0x53,0xE6,0x53,0xE6,0x53,0xE6,0x53,0xE6,0x53,0xE6,0x53,0xE6,0x53,0xE6,0x53,0xE6,
    0x53,0xE6,0x53,0xE6,0x53,0xE6,0x53,0xE6,0x52,0xE6,0x32,0xE6,0x93,0xF6,0xB4,0xF6,
    0x0C,0x94,0x23,0x29,0x44,0x31,0x26,0x52,0x85,0x39,0x82,0x10,0x00,0x00,0xC2,0x20,
    0xA5,0x41,0x44,0x31,0x41,0x08,0x81,0x10,0x24,0x29,0xEC,0x93,0x8D,0xA4,0xAB,0x8B,
    0x64,0x31,0x00,0x00,0x00,0x00,0x00,0x00,0x00,0x00,0x00,0x00,0x00,0x00,0x00,0x00,
    0x00,0x00,0x00,0x00,0x00,0x00,0x00,0x00,0x00,0x00,0x00,0x00,0x41,0x08,0x23,0x29,
    0x88,0x5A,0x6A,0x7B,0x4A,0x7B,0xE9,0x6A,0x09,0x73,0x4A,0x7B,0x6A,0x83,0xCB,0x8B,
    0x8D,0xAC,0x50,0xC5,0x90,0xCD,0x2F,0xBD,0xAE,0xAC,0xAB,0x8B,0xE9,0x6A,0x67,0x5A,
    0x06,0x4A,0xA5,0x41,0xC5,0x41,0x47,0x52,0xC8,0x6A,0x09,0x73,0x8A,0x83,0x2C,0x9C,
    0x4D,0x9C,0x2C,0x9C,0x8D,0xAC,0xCE,0xB4,0x0F,0xB5,0x0F,0xB5,0x50,0xC5,0x70,0xC5,
    0x50,0xC5,0x50,0xC5,0x50,0xC5,0x4F,0xC5,0xEE,0xB4,0xAE,0xAC,0xAE,0xAC,0x6D,0xA4,
    0x0C,0x94,0x8A,0x83,0x09,0x6B,0xA8,0x62,0x47,0x52,0xC5,0x41,0xC5,0x41,0xC5,0x41,
    0x47,0x52,0x87,0x5A,0x6A,0x7B,0x6D,0xA4,0x50,0xC5,0x12,0xDE,0x73,0xEE,0x73,0xEE,
    0xF1,0xDD,0xEF,0xB4,0x2C,0x9C,0x6A,0x83,0xA8,0x62,0x26,0x52,0xE6,0x49,0x44,0x29,
    0xC2,0x20,0x61,0x10,0x00,0x00,0x00,0x00,0x00,0x00,0x00,0x00,0x00,0x00,0x00,0x00,
    0x00,0x00,0x00,0x00,0x00,0x00,0x20,0x00,0x00,0x00,0x00,0x00,0x00,0x00,0xA2,0x18,
    0x29,0x73,0xCE,0xB4,0xEC,0x93,0x23,0x29,0x44,0x31,0x4A,0x7B,0x67,0x5A,0x41,0x08,
    0x00,0x00,0x00,0x00,0x00,0x00,0x44,0x31,0x67,0x5A,0xA5,0x39,0x20,0x08,0x06,0x4A,
    0x50,0xC5,0xD4,0xFE,0x53,0xEE,0x32,0xE6,0x53,0xE6,0x53,0xE6,0x53,0xE6,0x53,0xE6,
    0x53,0xE6,0x53,0xE6,0x53,0xE6,0x53,0xE6,0x53,0xE6,0x53,0xE6,0x53,0xE6,0x53,0xE6,
    0x53,0xE6,0x53,0xE6,0x53,0xE6,0x53,0xE6,0x53,0xE6,0x53,0xE6,0x53,0xE6,0x53,0xE6,
    0x53,0xE6,0x53,0xE6,0x53,0xE6,0x53,0xE6,0x53,0xE6,0x53,0xE6,0x53,0xE6,0x53,0xE6,
    0x53,0xE6,0x53,0xE6,0x53,0xE6,0x53,0xE6,0x53,0xE6,0x53,0xE6,0x53,0xE6,0x53,0xE6,
    0x53,0xE6,0x53,0xE6,0x53,0xE6,0x53,0xE6,0x53,0xE6,0x53,0xE6,0x53,0xE6,0x53,0xE6,
    0x53,0xE6,0x53,0xE6,0x53,0xE6,0x53,0xE6,0x53,0xE6,0x53,0xE6,0x53,0xE6,0x53,0xE6,
    0x53,0xE6,0x53,0xE6,0x53,0xE6,0x53,0xE6,0x53,0xE6,0x53,0xE6,0x53,0xE6,0x53,0xE6,
    0x53,0xE6,0x53,0xE6,0x53,0xE6,0x53,0xE6,0x53,0xE6,0x53,0xE6,0x53,0xE6,0x53,0xE6,
    0x53,0xE6,0x53,0xE6,0x53,0xE6,0x53,0xE6,0x53,0xE6,0x53,0xE6,0x53,0xE6,0x53,0xE6,
    0x53,0xE6,0x53,0xE6,0x53,0xE6,0x53,0xE6,0x53,0xE6,0x53,0xE6,0x53,0xE6,0x53,0xE6,
    0x53,0xE6,0x53,0xE6,0x53,0xE6,0x53,0xE6,0x53,0xE6,0x53,0xE6,0x53,0xE6,0x53,0xE6,
    0x53,0xE6,0x53,0xE6,0x53,0xE6,0x53,0xE6,0x53,0xE6,0x53,0xE6,0x53,0xE6,0x53,0xE6,
    0x53,0xE6,0x53,0xE6,0x53,0xE6,0x32,0xE6,0x73,0xEE,0xB4,0xF6,0xCE,0xB4,0x06,0x4A,
    0xC2,0x20,0x67,0x5A,0xE6,0x49,0xC2,0x18,0x00,0x00,0x00,0x00,0x20,0x00,0xA2,0x18,
    0x00,0x00,0x00,0x00,0xC2,0x20,0xEB,0x8B,0x8D,0xA4,0xA8,0x62,0x61,0x10,0x00,0x00,
    0x00,0x00,0x00,0x00,0x20,0x00,0x00,0x00,0x00,0x00,0x00,0x00,0x00,0x00,0x00,0x00,
    0x00,0x00,0x00,0x00,0x00,0x00,0x81,0x10,0xA5,0x41,0xC8,0x6A,0x4A,0x7B,0xAB,0x8B,
    0x2C,0x9C,0x2D,0x9C,0x4D,0x9C,0xCE,0xB4,0x90,0xCD,0xB1,0xD5,0x2F,0xBD,0x0C,0x94,
    0x4A,0x7B,0x88,0x62,0x46,0x52,0x67,0x5A,0xC8,0x62,0x4A,0x7B,0xEC,0x93,0xCE,0xB4,
    0x70,0xCD,0xF1,0xDD,0x53,0xE6,0xB4,0xF6,0xB4,0xF6,0xD4,0xFE,0xD4,0xFE,0xB4,0xF6,
    0xB4,0xF6,0xB4,0xF6,0xB4,0xF6,0x93,0xF6,0x93,0xF6,0x93,0xF6,0x93,0xEE,0x73,0xEE,
    0x93,0xEE,0x93,0xEE,0x93,0xEE,0x93,0xEE,0x93,0xF6,0x94,0xF6,0xB4,0xF6,0xB4,0xF6,
    0xB4,0xF6,0xD4,0xF6,0xD4,0xFE,0xB4,0xF6,0xB4,0xF6,0x73,0xEE,0x12,0xDE,0xD1,0xD5,
    0x0F,0xBD,0x2C,0x9C,0x6A,0x7B,0x87,0x5A,0xC5,0x41,0xE5,0x41,0x47,0x52,0xE9,0x6A,
    0x4D,0x9C,0x90,0xCD,0x53,0xEE,0xD4,0xF6,0x53,0xEE,0x50,0xC5,0x4D,0x9C,0xC8,0x6A,
    0x26,0x4A,0x67,0x52,0x67,0x52,0xA5,0x39,0xA2,0x18,0x00,0x00,0x00,0x00,0x00,0x00,
    0x00,0x00,0x00,0x00,0x00,0x00,0x00,0x00,0x00,0x00,0x00,0x00,0x00,0x00,0x00,0x00,
    0x00,0x00,0x20,0x08,0x47,0x52,0x2C,0x9C,0x0C,0x94,0xAB,0x8B,0xC8,0x6A,0xAB,0x83,
    0x06,0x4A,0xA5,0x39,0xE3,0x20,0x00,0x00,0x00,0x00,0x44,0x29,0x87,0x5A,0x23,0x29,
    0x20,0x08,0xE9,0x6A,0x32,0xE6,0xB4,0xF6,0x32,0xE6,0x32,0xE6,0x53,0xE6,0x53,0xE6,
    0x53,0xE6,0x53,0xE6,0x53,0xE6,0x53,0xE6,0x53,0xE6,0x53,0xE6,0x53,0xE6,0x53,0xE6,
    0x53,0xE6,0x53,0xE6,0x53,0xE6,0x53,0xE6,0x53,0xE6,0x53,0xE6,0x53,0xE6,0x53,0xE6,
    0x53,0xE6,0x53,0xE6,0x53,0xE6,0x53,0xE6,0x53,0xE6,0x53,0xE6,0x53,0xE6,0x53,0xE6,
    0x53,0xE6,0x53,0xE6,0x53,0xE6,0x53,0xE6,0x53,0xE6,0x53,0xE6,0x53,0xE6,0x53,0xE6,
    0x53,0xE6,0x53,0xE6,0x53,0xE6,0x53,0xE6,0x53,0xE6,0x53,0xE6,0x53,0xE6,0x53,0xE6,
    0x53,0xE6,0x53,0xE6,0x53,0xE6,0x53,0xE6,0x53,0xE6,0x53,0xE6,0x53,0xE6,0x53,0xE6,
    0x53,0xE6,0x53,0xE6,0x53,0xE6,0x53,0xE6,0x53,0xE6,0x53,0xE6,0x53,0xE6,0x53,0xE6,
    0x53,0xE6,0x53,0xE6,0x53,0xE6,0x53,0xE6,0x53,0xE6,0x53,0xE6,0x53,0xE6,0x53,0xE6,
    0x53,0xE6,0x53,0xE6,0x53,0xE6,0x53,0xE6,0x53,0xE6,0x53,0xE6,0x53,0xE6,0x53,0xE6,
    0x53,0xE6,0x53,0xE6,0x53,0xE6,0x53,0xE6,0x53,0xE6,0x53,0xE6,0x53,0xE6,0x53,0xE6,
    0x53,0xE6,0x53,0xE6,0x53,0xE6,0x53,0xE6,0x53,0xE6,0x53,0xE6,0x53,0xE6,0x53,0xE6,
    0x53,0xE6,0x53,0xE6,0x53,0xE6,0x53,0xE6,0x53,0xE6,0x53,0xE6,0x53,0xE6,0x53,0xE6,
    0x53,0xE6,0x52,0xE6,0x53,0xE6,0xD4,0xFE,0xD1,0xD5,0x26,0x52,0xE6,0x49,0x47,0x52,
    0x88,0x5A,0xA2,0x18,0x64,0x31,0x03,0x21,0xC2,0x18,0x20,0x00,0x00,0x00,0x00,0x00,
    0xC2,0x18,0x29,0x73,0xCB,0x8B,0x06,0x4A,0x20,0x08,0x00,0x00,0x00,0x00,0x20,0x00,
    0x00,0x00,0x00,0x00,0x00,0x00,0x00,0x00,0x00,0x00,0x00,0x00,0x00,0x00,0x00,0x00,
    0x61,0x10,0xC5,0x41,0x29,0x73,0xEB,0x93,0x0C,0x94,0x8A,0x83,0xAB,0x83,0xEF,0xB4,
    0x12,0xDE,0x32,0xE6,0x50,0xC5,0x0C,0x94,0xE9,0x6A,0x47,0x52,0x26,0x52,0xA8,0x62,
    0xCB,0x8B,0xEE,0xB4,0xD1,0xD5,0x73,0xEE,0xB4,0xF6,0xD4,0xF6,0xB4,0xF6,0x94,0xF6,
    0x73,0xEE,0x73,0xEE,0x53,0xE6,0x32,0xE6,0x32,0xE6,0x32,0xE6,0x32,0xE6,0x32,0xE6,
    0x32,0xE6,0x32,0xE6,0x32,0xE6,0x32,0xE6,0x32,0xE6,0x32,0xE6,0x32,0xE6,0x32,0xE6,
    0x32,0xE6,0x32,0xE6,0x52,0xE6,0x52,0xE6,0x32,0xE6,0x32,0xE6,0x32,0xE6,0x32,0xE6,
    0x32,0xE6,0x32,0xE6,0x32,0xE6,0x32,0xE6,0x32,0xE6,0x52,0xE6,0x53,0xEE,0x73,0xEE,
    0x93,0xF6,0xB4,0xF6,0xD4,0xFE,0xB4,0xF6,0x73,0xEE,0xF2,0xDD,0x50,0xC5,0x4D,0x9C,
    0x09,0x73,0x47,0x52,0x47,0x52,0xA8,0x62,0xAB,0x83,0x0F,0xB5,0x32,0xE6,0x73,0xEE,
    0x91,0xCD,0xAE,0xAC,0x4D,0x9C,0xAB,0x83,0xE8,0x6A,0x47,0x52,0x44,0x29,0x41,0x08,
    0x00,0x00,0x00,0x00,0x00,0x00,0x00,0x00,0x00,0x00,0x00,0x00,0x00,0x00,0x00,0x00,
    0x20,0x00,0x00,0x00,0x00,0x00,0x00,0x00,0xE6,0x49,0x2C,0x9C,0x2F,0xBD,0xCB,0x8B,
    0xC8,0x6A,0xA8,0x62,0x23,0x29,0xE6,0x49,0xA2,0x18,0x00,0x00,0x21,0x08,0xA5,0x39,
    0xE6,0x49,0x61,0x10,0xC2,0x18,0x6D,0xA4,0xB4,0xF6,0x93,0xEE,0x32,0xE6,0x53,0xE6,
    0x53,0xE6,0x53,0xE6,0x53,0xE6,0x53,0xE6,0x53,0xE6,0x53,0xE6,0x53,0xE6,0x53,0xE6,
    0x53,0xE6,0x53,0xE6,0x53,0xE6,0x53,0xE6,0x53,0xE6,0x53,0xE6,0x53,0xE6,0x53,0xE6,
    0x53,0xE6,0x53,0xE6,0x53,0xE6,0x53,0xE6,0x53,0xE6,0x53,0xE6,0x53,0xE6,0x53,0xE6,
    0x53,0xE6,0x53,0xE6,0x53,0xE6,0x53,0xE6,0x53,0xE6,0x53,0xE6,0x53,0xE6,0x53,0xE6,
    0x53,0xE6,0x53,0xE6,0x53,0xE6,0x53,0xE6,0x53,0xE6,0x53,0xE6,0x53,0xE6,0x53,0xE6,
    0x53,0xE6,0x53,0xE6,0x53,0xE6,0x53,0xE6,0x53,0xE6,0x53,0xE6,0x53,0xE6,0x53,0xE6,
    0x53,0xE6,0x53,0xE6,0x53,0xE6,0x53,0xE6,0x53,0xE6,0x53,0xE6,0x53,0xE6,0x53,0xE6,
    0x53,0xE6,0x53,0xE6,0x53,0xE6,0x53,0xE6,0x53,0xE6,0x53,0xE6,0x53,0xE6,0x53,0xE6,
    0x53,0xE6,0x53,0xE6,0x53,0xE6,0x53,0xE6,0x53,0xE6,0x53,0xE6,0x53,0xE6,0x53,0xE6,
    0x53,0xE6,0x53,0xE6,0x53,0xE6,0x53,0xE6,0x53,0xE6,0x53,0xE6,0x53,0xE6,0x53,0xE6,
    0x53,0xE6,0x53,0xE6,0x53,0xE6,0x53,0xE6,0x53,0xE6,0x53,0xE6,0x53,0xE6,0x53,0xE6,
    0x53,0xE6,0x53,0xE6,0x53,0xE6,0x53,0xE6,0x53,0xE6,0x53,0xE6,0x53,0xE6,0x53,0xE6,
    0x32,0xE6,0x73,0xEE,0x12,0xDE,0xEC,0x93,0x44,0x29,0x44,0x29,0xE9,0x6A,0x84,0x39,
    0x81,0x10,0x06,0x4A,0xC8,0x62,0x81,0x10,0x00,0x00,0x00,0x00,0xC2,0x18,0x09,0x73,
    0xCB,0x8B,0x06,0x4A,0x00,0x00,0x00,0x00,0x00,0x00,0x20,0x00,0x00,0x00,0x00,0x00,
    0x00,0x00,0x00,0x00,0x00,0x00,0x00,0x00,0x00,0x00,0x41,0x08,0x44,0x31,0x67,0x5A,
    0x29,0x73,0x8A,0x83,0xEC,0x93,0xEE,0xB4,0xB1,0xD5,0x32,0xE6,0xD1,0xD5,0xAE,0xAC,
    0x4A,0x7B,0x26,0x4A,0x06,0x4A,0xE9,0x6A,0x6D,0xA4,0x91,0xCD,0x73,0xEE,0xB4,0xF6,
    0xD4,0xFE,0x94,0xF6,0x73,0xEE,0x52,0xE6,0x32,0xE6,0x32,0xE6,0x32,0xE6,0x32,0xE6,
    0x52,0xE6,0x52,0xE6,0x53,0xE6,0x53,0xE6,0x53,0xE6,0x53,0xE6,0x53,0xE6,0x53,0xE6,
    0x53,0xE6,0x53,0xE6,0x53,0xE6,0x53,0xE6,0x53,0xE6,0x53,0xE6,0xB4,0xF6,0xB4,0xF6,
    0xB4,0xF6,0x93,0xF6,0x52,0xE6,0x53,0xE6,0x53,0xE6,0x53,0xE6,0x53,0xE6,0x53,0xE6,
    0x53,0xE6,0x53,0xE6,0x53,0xE6,0x53,0xE6,0x53,0xE6,0x52,0xE6,0x53,0xE6,0x52,0xE6,
    0x52,0xE6,0x32,0xE6,0x32,0xE6,0x32,0xE6,0x53,0xE6,0x73,0xEE,0x93,0xEE,0xB4,0xF6,
    0xD4,0xF6,0x73,0xEE,0xF2,0xDD,0xEF,0xB4,0xAB,0x83,0x87,0x5A,0x67,0x5A,0x4A,0x7B,
    0xAE,0xAC,0x12,0xDE,0xB4,0xF6,0x52,0xE6,0x50,0xC5,0x6D,0xA4,0x0C,0x94,0xC8,0x6A,
    0x84,0x39,0xE3,0x20,0x20,0x08,0x00,0x00,0x00,0x00,0x00,0x00,0x00,0x00,0x00,0x00,
    0x00,0x00,0x00,0x00,0x00,0x00,0x00,0x00,0x00,0x00,0x00,0x00,0xC5,0x41,0x8D,0xA4,
    0x0F,0xBD,0x4A,0x7B,0xA2,0x18,0x64,0x31,0xE5,0x41,0xA2,0x18,0x41,0x08,0x00,0x00,
    0x81,0x10,0x88,0x62,0xC5,0x41,0x20,0x08,0xA5,0x39,0x50,0xC5,0xD4,0xFE,0x52,0xE6,
    0x32,0xE6,0x53,0xE6,0x53,0xE6,0x53,0xE6,0x53,0xE6,0x53,0xE6,0x53,0xE6,0x53,0xE6,
    0x53,0xE6,0x53,0xE6,0x53,0xE6,0x53,0xE6,0x53,0xE6,0x53,0xE6,0x53,0xE6,0x53,0xE6,
    0x53,0xE6,0x53,0xE6,0x53,0xE6,0x53,0xE6,0x53,0xE6,0x53,0xE6,0x53,0xE6,0x53,0xE6,
    0x53,0xE6,0x53,0xE6,0x53,0xE6,0x53,0xE6,0x53,0xE6,0x53,0xE6,0x53,0xE6,0x53,0xE6,
    0x53,0xE6,0x53,0xE6,0x53,0xE6,0x53,0xE6,0x53,0xE6,0x53,0xE6,0x53,0xE6,0x53,0xE6,
    0x53,0xE6,0x53,0xE6,0x53,0xE6,0x53,0xE6,0x53,0xE6,0x53,0xE6,0x53,0xE6,0x53,0xE6,
    0x53,0xE6,0x53,0xE6,0x53,0xE6,0x53,0xE6,0x53,0xE6,0x53,0xE6,0x53,0xE6,0x53,0xE6,
    0x53,0xE6,0x53,0xE6,0x53,0xE6,0x53,0xE6,0x53,0xE6,0x53,0xE6,0x53,0xE6,0x53,0xE6,
    0x53,0xE6,0x53,0xE6,0x53,0xE6,0x53,0xE6,0x53,0xE6,0x53,0xE6,0x53,0xE6,0x53,0xE6,
    0x53,0xE6,0x53,0xE6,0x53,0xE6,0x53,0xE6,0x53,0xE6,0x53,0xE6,0x53,0xE6,0x53,0xE6,
    0x53,0xE6,0x53,0xE6,0x53,0xE6,0x53,0xE6,0x53,0xE6,0x53,0xE6,0x53,0xE6,0x53,0xE6,
    0x53,0xE6,0x53,0xE6,0x53,0xE6,0x53,0xE6,0x53,0xE6,0x53,0xE6,0x32,0xE6,0x53,0xE6,
    0x73,0xEE,0x32,0xE6,0x67,0x5A,0x44,0x31,0x29,0x73,0x06,0x4A,0x00,0x00,0x03,0x29,
    0xA5,0x39,0x4A,0x7B,0x61,0x10,0x84,0x39,0xA2,0x18,0xEB,0x8B,0xAE,0xAC,0x47,0x52,
    0x00,0x00,0x00,0x00,0x00,0x00,0x00,0x00,0x00,0x00,0x00,0x00,0x00,0x00,0x00,0x00,
    0x00,0x00,0x00,0x00,0x00,0x00,0x24,0x29,0xA8,0x62,0x6A,0x7B,0xEB,0x8B,0x4D,0x9C,
    0x8D,0xA4,0x70,0xC5,0xF2,0xDD,0x70,0xC5,0xEC,0x93,0x67,0x5A,0xC5,0x41,0x87,0x5A,
    0xEC,0x93,0x50,0xC5,0x53,0xEE,0xD4,0xF6,0xB4,0xF6,0x73,0xEE,0x53,0xE6,0x32,0xE6,
    0x32,0xE6,0x32,0xE6,0x53,0xE6,0x53,0xE6,0x53,0xE6,0x53,0xE6,0x53,0xE6,0x53,0xE6,
    0x53,0xE6,0x53,0xE6,0x52,0xE6,0x53,0xE6,0x53,0xE6,0x53,0xE6,0x53,0xE6,0x53,0xE6,
    0x53,0xE6,0x53,0xE6,0x53,0xE6,0x53,0xE6,0x53,0xE6,0x53,0xE6,0x6D,0xA4,0x0C,0x94,
    0x0C,0x94,0xCE,0xB4,0x73,0xEE,0x52,0xE6,0x53,0xE6,0x53,0xE6,0x53,0xE6,0x53,0xE6,
    0x53,0xE6,0x53,0xE6,0x53,0xE6,0x53,0xE6,0x53,0xE6,0x53,0xE6,0x53,0xE6,0x53,0xE6,
    0x53,0xE6,0x53,0xE6,0x53,0xE6,0x53,0xE6,0x53,0xE6,0x53,0xE6,0x52,0xE6,0x32,0xE6,
    0x32,0xE6,0x52,0xE6,0x73,0xEE,0x93,0xF6,0xD4,0xF6,0xB4,0xF6,0x12,0xDE,0xEE,0xB4,
    0x6A,0x7B,0x47,0x52,0xA8,0x62,0x0C,0x94,0xD1,0xD5,0xD4,0xFE,0x93,0xF6,0xB1,0xD5,
    0x6D,0xA4,0x4A,0x7B,0x47,0x52,0x23,0x29,0x61,0x08,0x00,0x00,0x00,0x00,0x00,0x00,
    0x00,0x00,0x00,0x00,0x00,0x00,0x00,0x00,0x00,0x00,0x00,0x00,0x00,0x00,0x00,0x00,
    0x85,0x39,0x6D,0xA4,0x0F,0xB5,0x47,0x52,0x00,0x00,0x82,0x10,0x85,0x39,0x61,0x10,
    0x00,0x00,0x00,0x00,0x06,0x4A,0x47,0x52,0x03,0x29,0x20,0x08,0x4A,0x7B,0x93,0xEE,
    0x93,0xEE,0x32,0xE6,0x53,0xE6,0x53,0xE6,0x53,0xE6,0x53,0xE6,0x53,0xE6,0x53,0xE6,
    0x53,0xE6,0x53,0xE6,0x53,0xE6,0x53,0xE6,0x53,0xE6,0x53,0xE6,0x53,0xE6,0x53,0xE6,
    0x53,0xE6,0x53,0xE6,0x53,0xE6,0x53,0xE6,0x53,0xE6,0x53,0xE6,0x53,0xE6,0x53,0xE6,
    0x53,0xE6,0x53,0xE6,0x53,0xE6,0x53,0xE6,0x53,0xE6,0x53,0xE6,0x53,0xE6,0x53,0xE6,
    0x53,0xE6,0x53,0xE6,0x53,0xE6,0x53,0xE6,0x53,0xE6,0x53,0xE6,0x53,0xE6,0x53,0xE6,
    0x53,0xE6,0x53,0xE6,0x53,0xE6,0x53,0xE6,0x53,0xE6,0x53,0xE6,0x53,0xE6,0x53,0xE6,
    0x53,0xE6,0x53,0xE6,0x53,0xE6,0x53,0xE6,0x53,0xE6,0x53,0xE6,0x53,0xE6,0x53,0xE6,
    0x53,0xE6,0x53,0xE6,0x53,0xE6,0x53,0xE6,0x53,0xE6,0x53,0xE6,0x53,0xE6,0x53,0xE6,
    0x53,0xE6,0x53,0xE6,0x53,0xE6,0x53,0xE6,0x53,0xE6,0x53,0xE6,0x53,0xE6,0x53,0xE6,
    0x53,0xE6,0x53,0xE6,0x53,0xE6,0x53,0xE6,0x53,0xE6,0x53,0xE6,0x53,0xE6,0x53,0xE6,
    0x53,0xE6,0x53,0xE6,0x53,0xE6,0x53,0xE6,0x53,0xE6,0x53,0xE6,0x53,0xE6,0x53,0xE6,
    0x53,0xE6,0x53,0xE6,0x53,0xE6,0x53,0xE6,0x53,0xE6,0x32,0xE6,0xB4,0xF6,0x53,0xE6,
    0x6D,0xA4,0xE6,0x49,0xE5,0x41,0x06,0x4A,0xC2,0x20,0x00,0x00,0xA5,0x39,0xE3,0x20,
    0x64,0x31,0xC8,0x6A,0xE6,0x49,0x4A,0x7B,0x29,0x73,0xA8,0x62,0x21,0x08,0x00,0x00,
    0x00,0x00,0x00,0x00,0x00,0x00,0x00,0x00,0x00,0x00,0x00,0x00,0x00,0x00,0x00,0x00,
    0x61,0x10,0xA5,0x41,0x09,0x73,0x6A,0x83,0x6A,0x83,0x4D,0x9C,0xB1,0xCD,0x73,0xEE,
    0xD1,0xD5,0xEC,0x93,0x67,0x5A,0xE6,0x49,0xE9,0x6A,0x6D,0xA4,0xF2,0xDD,0xB4,0xF6,
    0xD4,0xF6,0x93,0xEE,0x53,0xE6,0x32,0xE6,0x32,0xE6,0x52,0xE6,0x53,0xE6,0x53,0xE6,
    0x53,0xE6,0x53,0xE6,0x53,0xE6,0x53,0xE6,0x53,0xE6,0x53,0xE6,0x53,0xE6,0x53,0xE6,
    0x52,0xE6,0x73,0xEE,0x73,0xEE,0x53,0xE6,0x53,0xE6,0x53,0xE6,0x53,0xE6,0x53,0xE6,
    0x53,0xE6,0x53,0xE6,0x53,0xE6,0x53,0xE6,0x53,0xE6,0x32,0xE6,0x61,0x10,0x00,0x00,
    0x00,0x00,0xC5,0x41,0xB4,0xF6,0x32,0xE6,0x53,0xE6,0x53,0xE6,0x53,0xE6,0x53,0xE6,
    0x53,0xE6,0x53,0xE6,0x53,0xE6,0x53,0xE6,0x32,0xE6,0x32,0xE6,0x53,0xE6,0x53,0xE6,
    0x53,0xE6,0x53,0xE6,0x53,0xE6,0x53,0xE6,0x53,0xE6,0x53,0xE6,0x53,0xE6,0x53,0xE6,
    0x53,0xE6,0x53,0xE6,0x53,0xE6,0x52,0xE6,0x32,0xE6,0x32,0xE6,0x53,0xEE,0x94,0xF6,
    0xB4,0xF6,0x32,0xE6,0xEF,0xB4,0x6A,0x7B,0x26,0x52,0xA8,0x62,0x2C,0x9C,0xF2,0xDD,
    0xD4,0xFE,0x32,0xE6,0xCE,0xB4,0x6A,0x83,0x47,0x52,0x64,0x31,0xC2,0x20,0x20,0x00,
    0x00,0x00,0x00,0x00,0x00,0x00,0x00,0x00,0x00,0x00,0x00,0x00,0x00,0x00,0x00,0x00,
    0x00,0x00,0x00,0x00,0xE5,0x41,0xCE,0xB4,0x4A,0x7B,0x23,0x29,0xA8,0x62,0xA2,0x18,
    0x20,0x08,0x20,0x00,0x00,0x00,0x61,0x10,0x06,0x4A,0x06,0x4A,0x61,0x10,0x64,0x31,
    0x50,0xC5,0xD4,0xFE,0x53,0xE6,0x32,0xE6,0x53,0xE6,0x53,0xE6,0x53,0xE6,0x53,0xE6,
    0x53,0xE6,0x53,0xE6,0x53,0xE6,0x53,0xE6,0x53,0xE6,0x53,0xE6,0x53,0xE6,0x53,0xE6,
    0x53,0xE6,0x53,0xE6,0x53,0xE6,0x53,0xE6,0x53,0xE6,0x53,0xE6,0x53,0xE6,0x53,0xE6,
    0x53,0xE6,0x53,0xE6,0x53,0xE6,0x53,0xE6,0x53,0xE6,0x53,0xE6,0x53,0xE6,0x53,0xE6,
    0x53,0xE6,0x53,0xE6,0x53,0xE6,0x53,0xE6,0x53,0xE6,0x53,0xE6,0x53,0xE6,0x53,0xE6,
    0x53,0xE6,0x53,0xE6,0x53,0xE6,0x53,0xE6,0x53,0xE6,0x53,0xE6,0x53,0xE6,0x53,0xE6,
    0x53,0xE6,0x53,0xE6,0x53,0xE6,0x53,0xE6,0x53,0xE6,0x53,0xE6,0x53,0xE6,0x53,0xE6,
    0x53,0xE6,0x53,0xE6,0x53,0xE6,0x53,0xE6,0x53,0xE6,0x53,0xE6,0x53,0xE6,0x53,0xE6,
    0x53,0xE6,0x53,0xE6,0x53,0xE6,0x53,0xE6,0x53,0xE6,0x53,0xE6,0x53,0xE6,0x53,0xE6,
    0x53,0xE6,0x53,0xE6,0x53,0xE6,0x53,0xE6,0x53,0xE6,0x53,0xE6,0x53,0xE6,0x53,0xE6,
    0x53,0xE6,0x53,0xE6,0x53,0xE6,0x53,0xE6,0x53,0xE6,0x53,0xE6,0x53,0xE6,0x53,0xE6,
    0x53,0xE6,0x53,0xE6,0x53,0xE6,0x32,0xE6,0x53,0xE6,0xD4,0xFE,0x8D,0xA4,0xA5,0x39,
    0xA8,0x62,0xA5,0x39,0x23,0x29,0x00,0x00,0x00,0x00,0x47,0x52,0xE6,0x49,0x00,0x00,
    0x61,0x10,0x8B,0x83,0xEF,0xB4,0x29,0x73,0x61,0x10,0x00,0x00,0x00,0x00,0x00,0x00,
    0x00,0x00,0x00,0x00,0x00,0x00,0x00,0x00,0x00,0x00,0x00,0x00,0xE2,0x20,0xA8,0x62,
    0x4A,0x7B,0x09,0x6B,0xE9,0x6A,0x4D,0x9C,0xF2,0xDD,0x12,0xDE,0x4D,0xA4,0x87,0x5A,
    0x06,0x4A,0x29,0x73,0x0F,0xBD,0x53,0xEE,0xD4,0xFE,0xB4,0xF6,0x73,0xEE,0x32,0xE6,
    0x32,0xE6,0x52,0xE6,0x53,0xE6,0x53,0xE6,0x32,0xE6,0x52,0xE6,0x53,0xE6,0x53,0xE6,
    0x53,0xE6,0x53,0xE6,0x53,0xE6,0x53,0xE6,0x53,0xE6,0x53,0xE6,0x53,0xE6,0x32,0xE6,
    0x93,0xF6,0xEF,0xB4,0x06,0x4A,0x52,0xE6,0x53,0xE6,0x53,0xE6,0x53,0xE6,0x53,0xE6,
    0x53,0xE6,0x53,0xE6,0x53,0xE6,0x53,0xE6,0x53,0xE6,0x32,0xE6,0xE3,0x20,0x20,0x00,
    0x20,0x00,0x26,0x4A,0xB4,0xF6,0x32,0xE6,0x53,0xE6,0x53,0xE6,0x53,0xE6,0x53,0xE6,
    0x53,0xE6,0x53,0xE6,0x32,0xE6,0xB4,0xF6,0x4D,0x9C,0x64,0x31,0x73,0xEE,0x53,0xE6,
    0x53,0xE6,0x53,0xE6,0x53,0xE6,0x53,0xE6,0x53,0xE6,0x53,0xE6,0x53,0xE6,0x53,0xE6,
    0x53,0xE6,0x53,0xE6,0x32,0xE6,0x52,0xE6,0x53,0xE6,0x53,0xE6,0x53,0xE6,0x32,0xE6,
    0x32,0xE6,0x53,0xE6,0x93,0xF6,0xD4,0xF6,0x53,0xE6,0x0F,0xB5,0x4A,0x7B,0x67,0x5A,
    0xE9,0x6A,0xEF,0xB4,0x94,0xF6,0xB4,0xF6,0xB1,0xD5,0x4D,0x9C,0xE9,0x6A,0x06,0x4A,
    0x23,0x29,0x41,0x08,0x00,0x00,0x00,0x00,0x00,0x00,0x00,0x00,0x00,0x00,0x00,0x00,
    0x00,0x00,0x00,0x00,0x00,0x00,0x00,0x00,0xA8,0x62,0x4D,0x9C,0x6A,0x83,0x23,0x29,
    0x00,0x00,0x41,0x08,0x20,0x00,0x00,0x00,0x00,0x00,0x82,0x18,0x67,0x5A,0x44,0x31,
    0x20,0x08,0x09,0x6B,0x73,0xEE,0x93,0xF6,0x32,0xE6,0x53,0xE6,0x53,0xE6,0x53,0xE6,
    0x53,0xE6,0x53,0xE6,0x53,0xE6,0x53,0xE6,0x53,0xE6,0x53,0xE6,0x53,0xE6,0x53,0xE6,
    0x53,0xE6,0x53,0xE6,0x53,0xE6,0x53,0xE6,0x53,0xE6,0x53,0xE6,0x53,0xE6,0x53,0xE6,
    0x53,0xE6,0x53,0xE6,0x53,0xE6,0x53,0xE6,0x53,0xE6,0x53,0xE6,0x53,0xE6,0x53,0xE6,
    0x53,0xE6,0x53,0xE6,0x53,0xE6,0x53,0xE6,0x53,0xE6,0x53,0xE6,0x53,0xE6,0x53,0xE6,
    0x53,0xE6,0x53,0xE6,0x53,0xE6,0x53,0xE6,0x53,0xE6,0x53,0xE6,0x53,0xE6,0x53,0xE6,
    0x53,0xE6,0x53,0xE6,0x53,0xE6,0x53,0xE6,0x53,0xE6,0x53,0xE6,0x53,0xE6,0x53,0xE6,
    0x53,0xE6,0x53,0xE6,0x53,0xE6,0x53,0xE6,0x53,0xE6,0x53,0xE6,0x53,0xE6,0x53,0xE6,
    0x53,0xE6,0x53,0xE6,0x53,0xE6,0x53,0xE6,0x53,0xE6,0x53,0xE6,0x53,0xE6,0x53,0xE6,
    0x53,0xE6,0x53,0xE6,0x53,0xE6,0x53,0xE6,0x53,0xE6,0x53,0xE6,0x53,0xE6,0x53,0xE6,
    0x53,0xE6,0x53,0xE6,0x53,0xE6,0x53,0xE6,0x53,0xE6,0x53,0xE6,0x53,0xE6,0x53,0xE6,
    0x53,0xE6,0x53,0xE6,0x32,0xE6,0x73,0xEE,0x73,0xEE,0x4A,0x7B,0x44,0x31,0xC8,0x62,
    0x67,0x5A,0x61,0x10,0x00,0x00,0x20,0x08,0x4A,0x7B,0xE6,0x49,0x82,0x10,0xC5,0x41,
    0x4D,0x9C,0xEB,0x8B,0x81,0x10,0x00,0x00,0x00,0x00,0x20,0x00,0x00,0x00,0x00,0x00,
    0x00,0x00,0x00,0x00,0x00,0x00,0x00,0x00,0xC2,0x18,0x87,0x5A,0x8B,0x83,0x6A,0x7B,
    0x8A,0x83,0xEF,0xB4,0xB1,0xCD,0xAE,0xAC,0xC8,0x6A,0xA5,0x39,0x87,0x5A,0x8D,0xA4,
    0x32,0xE6,0xD4,0xFE,0x93,0xF6,0x53,0xE6,0x32,0xE6,0x32,0xE6,0x53,0xE6,0x53,0xE6,
    0x53,0xE6,0x53,0xE6,0x53,0xE6,0x53,0xE6,0x93,0xF6,0x73,0xEE,0x52,0xE6,0x53,0xE6,
    0x53,0xE6,0x53,0xE6,0x53,0xE6,0x53,0xE6,0x53,0xE6,0x53,0xE6,0x53,0xE6,0x52,0xE6,
    0x93,0xF6,0x2F,0xBD,0x00,0x00,0xB1,0xD5,0x73,0xEE,0x52,0xE6,0x53,0xE6,0x53,0xE6,
    0x53,0xE6,0x53,0xE6,0x53,0xE6,0x53,0xE6,0x53,0xE6,0x32,0xE6,0xC2,0x20,0x00,0x00,
    0x00,0x00,0x06,0x4A,0xB4,0xF6,0x32,0xE6,0x53,0xE6,0x53,0xE6,0x53,0xE6,0x53,0xE6,
    0x53,0xE6,0x53,0xE6,0x32,0xE6,0xD4,0xFE,0xE9,0x6A,0x84,0x39,0xB4,0xF6,0x32,0xE6,
    0x53,0xE6,0x53,0xE6,0x53,0xE6,0x53,0xE6,0x53,0xE6,0x53,0xE6,0x53,0xE6,0x53,0xE6,
    0x53,0xE6,0x52,0xE6,0xB4,0xF6,0x73,0xEE,0x52,0xE6,0x53,0xE6,0x53,0xE6,0x53,0xE6,
    0x53,0xE6,0x53,0xE6,0x52,0xE6,0x32,0xE6,0x53,0xE6,0x93,0xF6,0xD4,0xF6,0x32,0xE6,
    0xAE,0xAC,0x09,0x73,0xA8,0x62,0x0C,0x94,0x12,0xDE,0xF4,0xFE,0xD1,0xD5,0xEB,0x93,
    0xE9,0x6A,0x87,0x5A,0xA5,0x39,0x61,0x10,0x00,0x00,0x00,0x00,0x20,0x00,0x00,0x00,
    0x00,0x00,0x00,0x00,0x00,0x00,0x00,0x00,0x00,0x00,0x41,0x08,0x4A,0x7B,0x70,0xC5,
    0x6A,0x7B,0xC2,0x18,0x00,0x00,0x20,0x00,0x20,0x08,0x00,0x00,0x00,0x00,0xA5,0x39,
    0x06,0x4A,0x21,0x08,0xE5,0x41,0x70,0xCD,0xB4,0xF6,0x32,0xE6,0x52,0xE6,0x53,0xE6,
    0x53,0xE6,0x53,0xE6,0x53,0xE6,0x53,0xE6,0x53,0xE6,0x53,0xE6,0x53,0xE6,0x53,0xE6,
    0x53,0xE6,0x53,0xE6,0x53,0xE6,0x53,0xE6,0x53,0xE6,0x53,0xE6,0x53,0xE6,0x53,0xE6,
    0x53,0xE6,0x53,0xE6,0x53,0xE6,0x53,0xE6,0x53,0xE6,0x53,0xE6,0x53,0xE6,0x53,0xE6,
    0x53,0xE6,0x53,0xE6,0x53,0xE6,0x53,0xE6,0x53,0xE6,0x53,0xE6,0x53,0xE6,0x53,0xE6,
    0x53,0xE6,0x53,0xE6,0x53,0xE6,0x53,0xE6,0x53,0xE6,0x53,0xE6,0x53,0xE6,0x53,0xE6,
    0x53,0xE6,0x53,0xE6,0x53,0xE6,0x53,0xE6,0x53,0xE6,0x53,0xE6,0x53,0xE6,0x53,0xE6,
    0x53,0xE6,0x53,0xE6,0x53,0xE6,0x53,0xE6,0x53,0xE6,0x53,0xE6,0x53,0xE6,0x53,0xE6,
    0x53,0xE6,0x53,0xE6,0x53,0xE6,0x53,0xE6,0x53,0xE6,0x53,0xE6,0x53,0xE6,0x53,0xE6,
    0x53,0xE6,0x53,0xE6,0x53,0xE6,0x53,0xE6,0x53,0xE6,0x53,0xE6,0x53,0xE6,0x53,0xE6,
    0x53,0xE6,0x53,0xE6,0x53,0xE6,0x53,0xE6,0x53,0xE6,0x53,0xE6,0x53,0xE6,0x53,0xE6,
    0x53,0xE6,0x32,0xE6,0xB4,0xF6,0xB1,0xD5,0xC5,0x41,0x64,0x31,0x6A,0x7B,0x64,0x31,
    0x00,0x00,0x00,0x00,0x81,0x10,0x26,0x52,0xA5,0x39,0x41,0x08,0x2C,0x9C,0x8D,0xA4,
    0x64,0x31,0x00,0x00,0x00,0x00,0x20,0x00,0x00,0x00,0x00,0x00,0x00,0x00,0x00,0x00,
    0x00,0x00,0x00,0x00,0xC2,0x18,0x26,0x52,0xC8,0x6A,0xA8,0x62,0x8A,0x83,0x90,0xCD,
    0xF2,0xDD,0xEC,0x93,0x06,0x4A,0x26,0x4A,0xCB,0x8B,0xB1,0xD5,0xB4,0xF6,0xB4,0xF6,
    0x53,0xE6,0x32,0xE6,0x52,0xE6,0x53,0xE6,0x53,0xE6,0x53,0xE6,0x53,0xE6,0x53,0xE6,
    0x53,0xE6,0x53,0xE6,0x53,0xE6,0x53,0xE6,0xEE,0xB4,0xD1,0xD5,0x73,0xEE,0x52,0xE6,
    0x53,0xE6,0x53,0xE6,0x53,0xE6,0x53,0xE6,0x53,0xE6,0x53,0xE6,0x53,0xE6,0x52,0xE6,
    0x73,0xEE,0x91,0xCD,0x20,0x08,0x0F,0xB5,0x93,0xF6,0x32,0xE6,0x53,0xE6,0x53,0xE6,
    0x53,0xE6,0x53,0xE6,0x53,0xE6,0x53,0xE6,0x53,0xE6,0x32,0xE6,0xC2,0x20,0x00,0x00,
    0x00,0x00,0x06,0x4A,0xB4,0xF6,0x32,0xE6,0x53,0xE6,0x53,0xE6,0x53,0xE6,0x53,0xE6,
    0x53,0xE6,0x53,0xE6,0x32,0xE6,0xF4,0xFE,0x47,0x52,0xE6,0x49,0xD4,0xFE,0x32,0xE6,
    0x53,0xE6,0x53,0xE6,0x53,0xE6,0x53,0xE6,0x53,0xE6,0x53,0xE6,0x53,0xE6,0x53,0xE6,
    0x52,0xE6,0x73,0xEE,0xEC,0x93,0x50,0xC5,0x73,0xEE,0x52,0xE6,0x53,0xE6,0x53,0xE6,
    0x53,0xE6,0x53,0xE6,0x53,0xE6,0x53,0xE6,0x53,0xE6,0x52,0xE6,0x32,0xE6,0x53,0xE6,
    0xB4,0xF6,0xB4,0xF6,0xB1,0xD5,0xEB,0x8B,0xA8,0x62,0x4A,0x7B,0x70,0xC5,0xD4,0xFE,
    0x12,0xDE,0xCE,0xB4,0xEC,0x93,0xE9,0x6A,0x84,0x39,0x20,0x00,0x00,0x00,0x00,0x00,
    0x20,0x00,0x00,0x00,0x00,0x00,0x00,0x00,0x20,0x00,0x00,0x00,0x00,0x00,0xA2,0x18,
    0xEC,0x93,0x0F,0xBD,0xE5,0x41,0x00,0x00,0x41,0x08,0xA2,0x18,0xC2,0x20,0x00,0x00,
    0x81,0x10,0xA5,0x41,0x23,0x29,0x20,0x08,0x8B,0x83,0xB4,0xF6,0x73,0xEE,0x32,0xE6,
    0x53,0xE6,0x53,0xE6,0x53,0xE6,0x53,0xE6,0x53,0xE6,0x53,0xE6,0x53,0xE6,0x53,0xE6,
    0x53,0xE6,0x53,0xE6,0x53,0xE6,0x53,0xE6,0x53,0xE6,0x53,0xE6,0x53,0xE6,0x53,0xE6,
    0x53,0xE6,0x53,0xE6,0x53,0xE6,0x53,0xE6,0x53,0xE6,0x53,0xE6,0x53,0xE6,0x53,0xE6,
    0x53,0xE6,0x53,0xE6,0x53,0xE6,0x53,0xE6,0x53,0xE6,0x53,0xE6,0x53,0xE6,0x53,0xE6,
    0x53,0xE6,0x53,0xE6,0x53,0xE6,0x53,0xE6,0x53,0xE6,0x53,0xE6,0x53,0xE6,0x53,0xE6,
    0x53,0xE6,0x53,0xE6,0x53,0xE6,0x53,0xE6,0x53,0xE6,0x53,0xE6,0x53,0xE6,0x53,0xE6,
    0x53,0xE6,0x53,0xE6,0x53,0xE6,0x53,0xE6,0x53,0xE6,0x53,0xE6,0x53,0xE6,0x53,0xE6,
    0x53,0xE6,0x53,0xE6,0x53,0xE6,0x53,0xE6,0x53,0xE6,0x53,0xE6,0x53,0xE6,0x53,0xE6,
    0x53,0xE6,0x53,0xE6,0x53,0xE6,0x53,0xE6,0x53,0xE6,0x53,0xE6,0x53,0xE6,0x53,0xE6,
    0x53,0xE6,0x53,0xE6,0x53,0xE6,0x53,0xE6,0x53,0xE6,0x53,0xE6,0x53,0xE6,0x32,0xE6,
    0x53,0xE6,0x94,0xF6,0x2F,0xBD,0x26,0x4A,0xC8,0x62,0xE9,0x6A,0x61,0x10,0x00,0x00,
    0x20,0x08,0x61,0x10,0xC2,0x18,0x41,0x08,0x47,0x52,0xAE,0xAC,0xA8,0x62,0x00,0x00,
    0x00,0x00,0x20,0x00,0x00,0x00,0x00,0x00,0x00,0x00,0x20,0x00,0x00,0x00,0x00,0x00,
    0xE3,0x20,0x67,0x52,0x4A,0x7B,0xCB,0x8B,0xAE,0xAC,0xF1,0xDD,0x70,0xCD,0x4A,0x7B,
    0xC5,0x41,0x09,0x73,0x50,0xC5,0x93,0xF6,0xB4,0xF6,0x73,0xEE,0x32,0xE6,0x32,0xE6,
    0x53,0xE6,0x53,0xE6,0x53,0xE6,0x53,0xE6,0x53,0xE6,0x53,0xE6,0x53,0xE6,0x53,0xE6,
    0x53,0xE6,0x53,0xE6,0x52,0xE6,0x93,0xEE,0xA2,0x18,0x6A,0x7B,0xD4,0xFE,0x32,0xE6,
    0x53,0xE6,0x53,0xE6,0x53,0xE6,0x53,0xE6,0x53,0xE6,0x53,0xE6,0x53,0xE6,0x53,0xE6,
    0x53,0xE6,0x53,0xE6,0x81,0x10,0x0C,0x94,0xD4,0xF6,0x32,0xE6,0x53,0xE6,0x53,0xE6,
    0x53,0xE6,0x53,0xE6,0x53,0xE6,0x53,0xE6,0x53,0xE6,0x32,0xE6,0xC2,0x20,0x00,0x00,
    0x00,0x00,0x06,0x4A,0xB4,0xF6,0x32,0xE6,0x53,0xE6,0x53,0xE6,0x53,0xE6,0x53,0xE6,
    0x53,0xE6,0x53,0xE6,0x32,0xE6,0xB4,0xF6,0x84,0x39,0xE9,0x6A,0xD4,0xFE,0x32,0xE6,
    0x53,0xE6,0x53,0xE6,0x53,0xE6,0x53,0xE6,0x53,0xE6,0x53,0xE6,0x53,0xE6,0x53,0xE6,
    0x53,0xEE,0x32,0xE6,0x20,0x08,0x4D,0x9C,0xB4,0xF6,0x32,0xE6,0x53,0xE6,0x53,0xE6,
    0x53,0xE6,0x53,0xE6,0x53,0xE6,0x53,0xE6,0x53,0xE6,0x53,0xE6,0x53,0xE6,0x53,0xE6,
    0x32,0xE6,0x32,0xE6,0x73,0xEE,0xB4,0xF6,0x32,0xE6,0x8D,0xA4,0x87,0x5A,0xC8,0x6A,
    0xEF,0xB4,0xB4,0xF6,0x53,0xEE,0xAE,0xAC,0xEB,0x8B,0xCB,0x8B,0x26,0x52,0x20,0x00,
    0x00,0x00,0x00,0x00,0x00,0x00,0x00,0x00,0x00,0x00,0x00,0x00,0x20,0x00,0x00,0x00,
    0x00,0x00,0x84,0x39,0xEE,0xB4,0xAB,0x83,0x81,0x10,0x20,0x08,0xC5,0x41,0x06,0x4A,
    0x00,0x00,0x00,0x00,0x64,0x39,0x67,0x5A,0x20,0x08,0x67,0x5A,0x32,0xE6,0xB4,0xF6,
    0x32,0xE6,0x53,0xE6,0x53,0xE6,0x53,0xE6,0x53,0xE6,0x53,0xE6,0x53,0xE6,0x53,0xE6,
    0x53,0xE6,0x53,0xE6,0x53,0xE6,0x53,0xE6,0x53,0xE6,0x53,0xE6,0x53,0xE6,0x53,0xE6,
    0x53,0xE6,0x53,0xE6,0x53,0xE6,0x53,0xE6,0x53,0xE6,0x53,0xE6,0x53,0xE6,0x53,0xE6,
    0x53,0xE6,0x53,0xE6,0x53,0xE6,0x53,0xE6,0x53,0xE6,0x53,0xE6,0x53,0xE6,0x53,0xE6,
    0x53,0xE6,0x53,0xE6,0x53,0xE6,0x53,0xE6,0x53,0xE6,0x53,0xE6,0x53,0xE6,0x53,0xE6,
    0x53,0xE6,0x53,0xE6,0x53,0xE6,0x53,0xE6,0x53,0xE6,0x53,0xE6,0x53,0xE6,0x53,0xE6,
    0x53,0xE6,0x53,0xE6,0x53,0xE6,0x53,0xE6,0x53,0xE6,0x53,0xE6,0x53,0xE6,0x53,0xE6,
    0x53,0xE6,0x53,0xE6,0x53,0xE6,0x53,0xE6,0x53,0xE6,0x53,0xE6,0x53,0xE6,0x53,0xE6,
    0x53,0xE6,0x53,0xE6,0x53,0xE6,0x53,0xE6,0x53,0xE6,0x53,0xE6,0x53,0xE6,0x53,0xE6,
    0x53,0xE6,0x53,0xE6,0x53,0xE6,0x53,0xE6,0x53,0xE6,0x53,0xE6,0x32,0xE6,0x73,0xEE,
    0x93,0xF6,0xA8,0x62,0x61,0x10,0x8B,0x83,0xA5,0x41,0x00,0x00,0x00,0x00,0x20,0x08,
    0x41,0x08,0x00,0x00,0xE3,0x20,0x2C,0x9C,0xCB,0x8B,0xA2,0x18,0x00,0x00,0x00,0x00,
    0x00,0x00,0x00,0x00,0x00,0x00,0x00,0x00,0x00,0x00,0x00,0x00,0xA2,0x18,0xC8,0x6A,
    0x29,0x73,0x29,0x73,0xAE,0xAC,0x53,0xE6,0x90,0xCD,0xE9,0x6A,0x84,0x39,0xE9,0x6A,
    0x90,0xCD,0xD4,0xFE,0x93,0xEE,0x32,0xE6,0x32,0xE6,0x52,0xE6,0x53,0xE6,0x53,0xE6,
    0x53,0xE6,0x53,0xE6,0x53,0xE6,0x53,0xE6,0x53,0xE6,0x53,0xE6,0x53,0xE6,0x53,0xE6,
    0x53,0xE6,0x53,0xE6,0x32,0xE6,0xD4,0xFE,0x67,0x5A,0xE5,0x41,0xD4,0xFE,0x32,0xE6,
    0x53,0xE6,0x53,0xE6,0x53,0xE6,0x53,0xE6,0x53,0xE6,0x53,0xE6,0x53,0xE6,0x53,0xE6,
    0x52,0xE6,0x93,0xEE,0x03,0x29,0x8B,0x83,0xD4,0xFE,0x32,0xE6,0x53,0xE6,0x53,0xE6,
    0x53,0xE6,0x53,0xE6,0x53,0xE6,0x53,0xE6,0x53,0xE6,0x32,0xE6,0xC2,0x20,0x00,0x00,
    0x00,0x00,0x06,0x4A,0xB4,0xF6,0x32,0xE6,0x53,0xE6,0x53,0xE6,0x53,0xE6,0x53,0xE6,
    0x53,0xE6,0x53,0xE6,0x52,0xE6,0x93,0xF6,0xE3,0x20,0xAB,0x83,0xD4,0xFE,0x32,0xE6,
    0x53,0xE6,0x53,0xE6,0x53,0xE6,0x53,0xE6,0x53,0xE6,0x53,0xE6,0x53,0xE6,0x32,0xE6,
    0x93,0xF6,0xEE,0xB4,0x41,0x08,0xF2,0xDD,0x73,0xEE,0x52,0xE6,0x53,0xE6,0x53,0xE6,
    0x53,0xE6,0x53,0xE6,0x53,0xE6,0x53,0xE6,0x53,0xE6,0x53,0xE6,0x53,0xE6,0x52,0xE6,
    0x52,0xE6,0x53,0xE6,0x53,0xE6,0x32,0xE6,0x53,0xE6,0xB4,0xF6,0x93,0xF6,0x2F,0xBD,
    0x09,0x73,0xC8,0x62,0xCE,0xB4,0x93,0xF6,0x53,0xE6,0xB1,0xD5,0x12,0xDE,0x2F,0xBD,
    0x47,0x52,0x00,0x00,0x00,0x00,0x20,0x00,0x00,0x00,0x00,0x00,0x00,0x00,0x00,0x00,
    0x20,0x00,0x00,0x00,0x00,0x00,0xE9,0x6A,0x2D,0x9C,0xE6,0x49,0x00,0x00,0x61,0x10,
    0x20,0x08,0x00,0x00,0x00,0x00,0x23,0x29,0x67,0x5A,0x82,0x10,0xC2,0x18,0xAE,0xAC,
    0xD4,0xFE,0x32,0xE6,0x52,0xE6,0x53,0xE6,0x53,0xE6,0x53,0xE6,0x53,0xE6,0x53,0xE6,
    0x53,0xE6,0x53,0xE6,0x53,0xE6,0x53,0xE6,0x53,0xE6,0x53,0xE6,0x53,0xE6,0x53,0xE6,
    0x53,0xE6,0x53,0xE6,0x53,0xE6,0x53,0xE6,0x53,0xE6,0x53,0xE6,0x53,0xE6,0x53,0xE6,
    0x53,0xE6,0x53,0xE6,0x53,0xE6,0x53,0xE6,0x53,0xE6,0x53,0xE6,0x53,0xE6,0x53,0xE6,
    0x53,0xE6,0x53,0xE6,0x53,0xE6,0x53,0xE6,0x53,0xE6,0x53,0xE6,0x53,0xE6,0x53,0xE6,
    0x53,0xE6,0x53,0xE6,0x53,0xE6,0x53,0xE6,0x53,0xE6,0x53,0xE6,0x53,0xE6,0x53,0xE6,
    0x53,0xE6,0x53,0xE6,0x53,0xE6,0x53,0xE6,0x53,0xE6,0x53,0xE6,0x53,0xE6,0x53,0xE6,
    0x53,0xE6,0x53,0xE6,0x53,0xE6,0x53,0xE6,0x53,0xE6,0x53,0xE6,0x53,0xE6,0x53,0xE6,
    0x53,0xE6,0x53,0xE6,0x53,0xE6,0x53,0xE6,0x53,0xE6,0x53,0xE6,0x53,0xE6,0x53,0xE6,
    0x53,0xE6,0x53,0xE6,0x53,0xE6,0x53,0xE6,0x53,0xE6,0x32,0xE6,0xB4,0xF6,0xF1,0xDD,
    0xA5,0x39,0x81,0x10,0x06,0x4A,0x03,0x21,0x00,0x00,0x00,0x00,0x41,0x08,0x41,0x08,
    0x00,0x00,0xE6,0x49,0xCE,0xB4,0x06,0x4A,0x00,0x00,0x00,0x00,0x20,0x00,0x00,0x00,
    0x00,0x00,0x00,0x00,0x00,0x00,0x00,0x00,0x41,0x08,0xE9,0x6A,0xCE,0xB4,0x4D,0x9C,
    0x8D,0xA4,0xD1,0xD5,0x2F,0xBD,0xA8,0x62,0xC5,0x41,0xAB,0x8B,0xF2,0xDD,0xD4,0xF6,
    0x73,0xEE,0x32,0xE6,0x52,0xE6,0x53,0xE6,0x53,0xE6,0x53,0xE6,0x53,0xE6,0x53,0xE6,
    0x53,0xE6,0x53,0xE6,0x53,0xE6,0x53,0xE6,0x53,0xE6,0x53,0xE6,0x53,0xE6,0x53,0xE6,
    0x53,0xE6,0x53,0xE6,0x32,0xE6,0xB4,0xF6,0x0C,0x94,0xA2,0x18,0x53,0xEE,0x53,0xE6,
    0x53,0xE6,0x53,0xE6,0x53,0xE6,0x53,0xE6,0x53,0xE6,0x53,0xE6,0x53,0xE6,0x53,0xE6,
    0x32,0xE6,0xD4,0xFE,0xC5,0x41,0x06,0x4A,0xF4,0xFE,0x32,0xE6,0x53,0xE6,0x53,0xE6,
    0x53,0xE6,0x53,0xE6,0x53,0xE6,0x53,0xE6,0x53,0xE6,0x32,0xE6,0xC2,0x20,0x00,0x00,
    0x00,0x00,0x26,0x4A,0xB4,0xF6,0x32,0xE6,0x53,0xE6,0x53,0xE6,0x53,0xE6,0x53,0xE6,
    0x53,0xE6,0x53,0xE6,0x53,0xEE,0x12,0xDE,0x41,0x08,0xAE,0xAC,0xB4,0xF6,0x32,0xE6,
    0x53,0xE6,0x53,0xE6,0x53,0xE6,0x53,0xE6,0x53,0xE6,0x53,0xE6,0x53,0xE6,0x32,0xE6,
    0xD4,0xFE,0x29,0x73,0x23,0x29,0xB4,0xF6,0x32,0xE6,0x53,0xE6,0x53,0xE6,0x53,0xE6,
    0x53,0xE6,0x53,0xE6,0x53,0xE6,0x53,0xE6,0x53,0xE6,0x53,0xE6,0x52,0xE6,0x73,0xEE,
    0x73,0xEE,0x52,0xE6,0x53,0xE6,0x53,0xE6,0x53,0xE6,0x32,0xE6,0x32,0xE6,0x93,0xF6,
    0xB4,0xF6,0x90,0xCD,0x6A,0x7B,0x09,0x73,0xEF,0xB4,0x93,0xEE,0x73,0xEE,0x32,0xE6,
    0x73,0xEE,0xCE,0xAC,0x84,0x39,0x00,0x00,0x00,0x00,0x00,0x00,0x00,0x00,0x00,0x00,
    0x00,0x00,0x00,0x00,0x00,0x00,0x00,0x00,0xE3,0x20,0x2C,0x9C,0x6D,0xA4,0xA2,0x18,
    0x00,0x00,0x21,0x08,0x00,0x00,0x00,0x00,0x20,0x08,0x06,0x4A,0x03,0x29,0x00,0x00,
    0x09,0x73,0xB4,0xF6,0x53,0xE6,0x32,0xE6,0x53,0xE6,0x53,0xE6,0x53,0xE6,0x53,0xE6,
    0x53,0xE6,0x53,0xE6,0x53,0xE6,0x53,0xE6,0x53,0xE6,0x53,0xE6,0x53,0xE6,0x53,0xE6,
    0x53,0xE6,0x53,0xE6,0x53,0xE6,0x53,0xE6,0x53,0xE6,0x53,0xE6,0x53,0xE6,0x53,0xE6,
    0x53,0xE6,0x53,0xE6,0x53,0xE6,0x53,0xE6,0x53,0xE6,0x53,0xE6,0x53,0xE6,0x53,0xE6,
    0x53,0xE6,0x53,0xE6,0x53,0xE6,0x53,0xE6,0x53,0xE6,0x53,0xE6,0x53,0xE6,0x53,0xE6,
    0x53,0xE6,0x53,0xE6,0x53,0xE6,0x53,0xE6,0x53,0xE6,0x53,0xE6,0x53,0xE6,0x53,0xE6,
    0x53,0xE6,0x53,0xE6,0x53,0xE6,0x53,0xE6,0x53,0xE6,0x53,0xE6,0x53,0xE6,0x53,0xE6,
    0x53,0xE6,0x53,0xE6,0x53,0xE6,0x53,0xE6,0x53,0xE6,0x53,0xE6,0x53,0xE6,0x53,0xE6,
    0x53,0xE6,0x53,0xE6,0x53,0xE6,0x53,0xE6,0x53,0xE6,0x53,0xE6,0x53,0xE6,0x53,0xE6,
    0x53,0xE6,0x53,0xE6,0x53,0xE6,0x52,0xE6,0x32,0xE6,0xD4,0xFE,0xEE,0xB4,0xA5,0x41,
    0xC5,0x41,0x67,0x5A,0x61,0x10,0x00,0x00,0x00,0x00,0x41,0x08,0x82,0x10,0xE2,0x20,
    0x6A,0x7B,0x0C,0x94,0x81,0x10,0x00,0x00,0x00,0x00,0x00,0x00,0x00,0x00,0x00,0x00,
    0x00,0x00,0x00,0x00,0x00,0x00,0x06,0x4A,0x2C,0x9C,0x8D,0xA4,0x2F,0xBD,0x73,0xEE,
    0xD1,0xD5,0xE8,0x6A,0xC5,0x41,0x0C,0x94,0x53,0xE6,0xD4,0xF6,0x73,0xEE,0x32,0xE6,
    0x52,0xE6,0x53,0xE6,0x53,0xE6,0x53,0xE6,0x53,0xE6,0x53,0xE6,0x53,0xEE,0x53,0xE6,
    0x53,0xE6,0x53,0xE6,0x53,0xE6,0x53,0xE6,0x53,0xE6,0x53,0xE6,0x53,0xE6,0x53,0xE6,
    0x53,0xE6,0x53,0xE6,0x52,0xE6,0x73,0xEE,0x90,0xCD,0x20,0x08,0x50,0xC5,0x93,0xEE,
    0x32,0xE6,0x53,0xE6,0x53,0xE6,0x53,0xE6,0x53,0xE6,0x53,0xE6,0x53,0xE6,0x53,0xE6,
    0x32,0xE6,0xB4,0xF6,0x09,0x6B,0x09,0x73,0xB4,0xF6,0x32,0xE6,0x53,0xE6,0x53,0xE6,
    0x53,0xE6,0x53,0xE6,0x53,0xE6,0x53,0xE6,0x53,0xE6,0x32,0xE6,0xA2,0x18,0x00,0x00,
    0x00,0x00,0x06,0x4A,0xB4,0xF6,0x32,0xE6,0x53,0xE6,0x53,0xE6,0x53,0xE6,0x53,0xE6,
    0x53,0xE6,0x52,0xE6,0x73,0xEE,0x12,0xDE,0x67,0x5A,0x90,0xCD,0x73,0xEE,0x52,0xE6,
    0x53,0xE6,0x53,0xE6,0x53,0xE6,0x53,0xE6,0x53,0xE6,0x53,0xE6,0x53,0xE6,0x32,0xE6,
    0xD4,0xF6,0x84,0x39,0xA8,0x62,0xD4,0xFE,0x32,0xE6,0x53,0xE6,0x53,0xE6,0x53,0xE6,
    0x53,0xE6,0x53,0xE6,0x53,0xE6,0x53,0xE6,0x53,0xE6,0x52,0xE6,0x73,0xEE,0x90,0xCD,
    0xB1,0xCD,0x73,0xEE,0x53,0xE6,0x53,0xE6,0x53,0xE6,0x53,0xE6,0x53,0xE6,0x52,0xE6,
    0x32,0xE6,0x73,0xEE,0xB4,0xF6,0xD1,0xD5,0x0C,0x94,0x4A,0x7B,0x0F,0xB5,0xB4,0xF6,
    0x53,0xE6,0x53,0xE6,0x32,0xE6,0xCB,0x8B,0xC2,0x18,0x00,0x00,0x00,0x00,0x00,0x00,
    0x00,0x00,0x00,0x00,0x00,0x00,0x20,0x00,0x00,0x00,0x00,0x00,0xE9,0x6A,0x2F,0xBD,
    0xC5,0x41,0x61,0x10,0x20,0x08,0x20,0x08,0x00,0x00,0x00,0x00,0x23,0x29,0x26,0x4A,
    0x20,0x00,0x67,0x5A,0x73,0xEE,0x73,0xEE,0x32,0xE6,0x53,0xE6,0x53,0xE6,0x53,0xE6,
    0x53,0xE6,0x53,0xE6,0x53,0xE6,0x53,0xE6,0x53,0xE6,0x53,0xE6,0x53,0xE6,0x53,0xE6,
    0x53,0xE6,0x53,0xE6,0x53,0xE6,0x53,0xE6,0x53,0xE6,0x53,0xE6,0x53,0xE6,0x53,0xE6,
    0x53,0xE6,0x53,0xE6,0x53,0xE6,0x53,0xE6,0x53,0xE6,0x53,0xE6,0x53,0xE6,0x53,0xE6,
    0x53,0xE6,0x53,0xE6,0x53,0xE6,0x53,0xE6,0x53,0xE6,0x53,0xE6,0x53,0xE6,0x53,0xE6,
    0x53,0xE6,0x53,0xE6,0x53,0xE6,0x53,0xE6,0x53,0xE6,0x53,0xE6,0x53,0xE6,0x53,0xE6,
    0x53,0xE6,0x53,0xE6,0x53,0xE6,0x53,0xE6,0x53,0xE6,0x53,0xE6,0x53,0xE6,0x53,0xE6,
    0x53,0xE6,0x53,0xE6,0x53,0xE6,0x53,0xE6,0x53,0xE6,0x53,0xE6,0x53,0xE6,0x53,0xE6,
    0x53,0xE6,0x53,0xE6,0x53,0xE6,0x53,0xE6,0x53,0xE6,0x53,0xE6,0x53,0xE6,0x53,0xE6,
    0x53,0xE6,0x53,0xE6,0x32,0xE6,0x53,0xE6,0x73,0xEE,0x4D,0x9C,0xE3,0x20,0xA8,0x62,
    0x26,0x52,0x00,0x00,0x00,0x00,0xA2,0x18,0xE6,0x49,0x81,0x10,0x84,0x39,0x2F,0xBD,
    0x87,0x5A,0x00,0x00,0x00,0x00,0x00,0x00,0x00,0x00,0x00,0x00,0x00,0x00,0x00,0x00,
    0x00,0x00,0x23,0x29,0x2C,0x9C,0xEE,0xB4,0x2C,0x9C,0xB1,0xD5,0x52,0xE6,0x6A,0x7B,
    0xC5,0x41,0xCB,0x8B,0x32,0xE6,0xB4,0xF6,0x53,0xE6,0x32,0xE6,0x52,0xE6,0x53,0xE6,
    0x53,0xE6,0x53,0xE6,0x53,0xE6,0x53,0xE6,0x52,0xE6,0x73,0xEE,0xB1,0xD5,0x44,0x31,
    0x91,0xCD,0x73,0xEE,0x52,0xE6,0x53,0xE6,0x53,0xE6,0x53,0xE6,0x53,0xE6,0x53,0xE6,
    0x53,0xE6,0x53,0xE6,0x53,0xE6,0x53,0xE6,0x73,0xEE,0xC2,0x18,0xCB,0x8B,0xD4,0xF6,
    0x32,0xE6,0x53,0xE6,0x53,0xE6,0x53,0xE6,0x53,0xE6,0x53,0xE6,0x53,0xE6,0x53,0xE6,
    0x53,0xE6,0x53,0xE6,0x73,0xEE,0x73,0xEE,0x52,0xE6,0x53,0xE6,0x53,0xE6,0x53,0xE6,
    0x53,0xE6,0x53,0xE6,0x53,0xE6,0x53,0xE6,0x53,0xE6,0x53,0xE6,0x64,0x39,0x82,0x10,
    0x82,0x10,0x67,0x5A,0xB4,0xF6,0x32,0xE6,0x53,0xE6,0x53,0xE6,0x53,0xE6,0x53,0xE6,
    0x53,0xE6,0x53,0xE6,0x53,0xE6,0x53,0xEE,0xB4,0xF6,0x53,0xE6,0x53,0xE6,0x53,0xE6,
    0x53,0xE6,0x53,0xE6,0x53,0xE6,0x53,0xE6,0x53,0xE6,0x53,0xE6,0x53,0xE6,0x53,0xEE,
    0x32,0xE6,0x61,0x10,0x6D,0xA4,0xB4,0xF6,0x32,0xE6,0x53,0xE6,0x53,0xE6,0x53,0xE6,
    0x53,0xE6,0x53,0xE6,0x53,0xE6,0x53,0xE6,0x53,0xE6,0x32,0xE6,0xB4,0xF6,0x44,0x31,
    0xC8,0x6A,0xD4,0xFE,0x32,0xE6,0x53,0xE6,0x53,0xE6,0x53,0xE6,0x53,0xE6,0x53,0xE6,
    0x53,0xE6,0x52,0xE6,0x32,0xE6,0x73,0xEE,0xB4,0xF6,0xD1,0xD5,0x6A,0x7B,0xE8,0x6A,
    0x70,0xC5,0xD4,0xF6,0x53,0xE6,0x32,0xE6,0x4F,0xC5,0x87,0x5A,0x20,0x00,0x00,0x00,
    0x00,0x00,0x00,0x00,0x00,0x00,0x00,0x00,0x00,0x00,0x00,0x00,0x00,0x00,0x64,0x31,
    0xAE,0xAC,0x26,0x4A,0x00,0x00,0x21,0x08,0x41,0x08,0x20,0x08,0x41,0x08,0xC2,0x18,
    0x67,0x5A,0x61,0x10,0x44,0x31,0xF2,0xDD,0x94,0xF6,0x32,0xE6,0x53,0xE6,0x53,0xE6,
    0x53,0xE6,0x53,0xE6,0x53,0xE6,0x53,0xE6,0x53,0xE6,0x53,0xE6,0x53,0xE6,0x53,0xE6,
    0x53,0xE6,0x53,0xE6,0x53,0xE6,0x53,0xE6,0x53,0xE6,0x53,0xE6,0x53,0xE6,0x53,0xE6,
    0x53,0xE6,0x53,0xE6,0x53,0xE6,0x53,0xE6,0x53,0xE6,0x53,0xE6,0x53,0xE6,0x53,0xE6,
    0x53,0xE6,0x53,0xE6,0x53,0xE6,0x53,0xE6,0x53,0xE6,0x53,0xE6,0x53,0xE6,0x53,0xE6,
    0x53,0xE6,0x53,0xE6,0x53,0xE6,0x53,0xE6,0x53,0xE6,0x53,0xE6,0x53,0xE6,0x53,0xE6,
    0x53,0xE6,0x53,0xE6,0x53,0xE6,0x53,0xE6,0x53,0xE6,0x53,0xE6,0x53,0xE6,0x53,0xE6,
    0x53,0xE6,0x53,0xE6,0x53,0xE6,0x53,0xE6,0x53,0xE6,0x53,0xE6,0x53,0xE6,0x53,0xE6,
    0x53,0xE6,0x53,0xE6,0x53,0xE6,0x53,0xE6,0x53,0xE6,0x53,0xE6,0x53,0xE6,0x53,0xE6,
    0x53,0xE6,0x32,0xE6,0x53,0xEE,0x93,0xF6,0xE9,0x6A,0xC5,0x41,0x06,0x4A,0x03,0x29,
    0x00,0x00,0x41,0x08,0x61,0x10,0x03,0x21,0xA5,0x41,0xCB,0x8B,0x6A,0x7B,0xE2,0x20,
    0x00,0x00,0x00,0x00,0x00,0x00,0x00,0x00,0x00,0x00,0x00,0x00,0x00,0x00,0x41,0x08,
    0x87,0x5A,0xEE,0xB4,0x2F,0xBD,0x90,0xCD,0x73,0xEE,0x6D,0xA4,0xA5,0x39,0x88,0x5A,
    0x12,0xDE,0xD4,0xFE,0x53,0xE6,0x32,0xE6,0x53,0xE6,0x53,0xE6,0x53,0xE6,0x53,0xE6,
    0x53,0xE6,0x53,0xE6,0x53,0xE6,0x53,0xE6,0x53,0xE6,0x53,0xE6,0x73,0xEE,0xA2,0x18,
    0x6A,0x7B,0xD4,0xFE,0x32,0xE6,0x53,0xE6,0x53,0xE6,0x53,0xE6,0x53,0xE6,0x53,0xE6,
    0x53,0xE6,0x53,0xE6,0x53,0xE6,0x32,0xE6,0xD4,0xFE,0xE6,0x49,0xC5,0x41,0xD4,0xFE,
    0x32,0xE6,0x53,0xE6,0x53,0xE6,0x53,0xE6,0x53,0xE6,0x53,0xE6,0x53,0xE6,0x53,0xE6,
    0x53,0xE6,0x53,0xE6,0x52,0xE6,0x52,0xE6,0x53,0xE6,0x53,0xE6,0x53,0xE6,0x53,0xE6,
    0x53,0xE6,0x53,0xE6,0x53,0xE6,0x53,0xE6,0x53,0xE6,0x53,0xE6,0x32,0xE6,0xF2,0xDD,
    0xF2,0xDD,0x12,0xDE,0x53,0xE6,0x53,0xE6,0x53,0xE6,0x53,0xE6,0x53,0xE6,0x53,0xE6,
    0x53,0xE6,0x53,0xE6,0x53,0xE6,0x53,0xE6,0x32,0xE6,0x53,0xE6,0x53,0xE6,0x53,0xE6,
    0x53,0xE6,0x53,0xE6,0x53,0xE6,0x53,0xE6,0x53,0xE6,0x53,0xE6,0x32,0xE6,0x93,0xEE,
    0x50,0xC5,0x82,0x18,0xB1,0xD5,0x73,0xEE,0x52,0xE6,0x53,0xE6,0x53,0xE6,0x53,0xE6,
    0x53,0xE6,0x53,0xE6,0x53,0xE6,0x53,0xE6,0x32,0xE6,0x93,0xEE,0x50,0xC5,0x00,0x00,
    0x50,0xC5,0x93,0xEE,0x32,0xE6,0x53,0xE6,0x53,0xE6,0x53,0xE6,0x53,0xE6,0x53,0xE6,
    0x53,0xE6,0x53,0xE6,0x53,0xE6,0x53,0xE6,0x32,0xE6,0x73,0xEE,0xB4,0xF6,0x0F,0xB5,
    0x87,0x5A,0x29,0x73,0xB1,0xD5,0x73,0xEE,0xEE,0xB4,0xEB,0x8B,0x09,0x73,0x44,0x31,
    0x00,0x00,0x00,0x00,0x00,0x00,0x00,0x00,0x00,0x00,0x00,0x00,0x20,0x00,0x00,0x00,
    0x20,0x00,0x09,0x73,0x8A,0x83,0x81,0x10,0xC2,0x20,0x41,0x08,0x82,0x10,0x00,0x00,
    0x21,0x08,0x67,0x5A,0x44,0x31,0xC2,0x18,0x4F,0xC5,0xB4,0xF6,0x32,0xE6,0x53,0xE6,
    0x53,0xE6,0x53,0xE6,0x53,0xE6,0x53,0xE6,0x53,0xE6,0x53,0xE6,0x53,0xE6,0x53,0xE6,
    0x53,0xE6,0x53,0xE6,0x53,0xE6,0x53,0xE6,0x53,0xE6,0x53,0xE6,0x53,0xE6,0x53,0xE6,
    0x53,0xE6,0x53,0xE6,0x53,0xE6,0x53,0xE6,0x53,0xE6,0x53,0xE6,0x53,0xE6,0x53,0xE6,
    0x53,0xE6,0x53,0xE6,0x53,0xE6,0x53,0xE6,0x53,0xE6,0x53,0xE6,0x53,0xE6,0x53,0xE6,
    0x53,0xE6,0x53,0xE6,0x53,0xE6,0x53,0xE6,0x53,0xE6,0x53,0xE6,0x53,0xE6,0x53,0xE6,
    0x53,0xE6,0x53,0xE6,0x53,0xE6,0x53,0xE6,0x53,0xE6,0x53,0xE6,0x53,0xE6,0x53,0xE6,
    0x53,0xE6,0x53,0xE6,0x53,0xE6,0x53,0xE6,0x53,0xE6,0x53,0xE6,0x53,0xE6,0x53,0xE6,
    0x53,0xE6,0x53,0xE6,0x53,0xE6,0x53,0xE6,0x53,0xE6,0x53,0xE6,0x53,0xE6,0x53,0xE6,
    0x32,0xE6,0x73,0xEE,0x32,0xE6,0xA8,0x62,0x67,0x5A,0x29,0x73,0xE3,0x20,0x00,0x00,
    0x00,0x00,0x64,0x31,0x41,0x08,0xA2,0x18,0xAB,0x8B,0x67,0x5A,0x00,0x00,0x00,0x00,
    0x20,0x00,0x00,0x00,0x00,0x00,0x00,0x00,0x00,0x00,0x00,0x00,0xC5,0x41,0xAB,0x8B,
    0x4D,0x9C,0x2F,0xBD,0x73,0xEE,0xAE,0xAC,0x06,0x4A,0xE9,0x6A,0x70,0xCD,0xB4,0xF6,
    0x73,0xEE,0x32,0xE6,0x53,0xE6,0x53,0xE6,0x53,0xE6,0x53,0xE6,0x53,0xE6,0x53,0xE6,
    0x53,0xE6,0x53,0xE6,0x53,0xE6,0x53,0xE6,0x53,0xE6,0x32,0xE6,0xD4,0xFE,0x8B,0x83,
    0xC2,0x20,0x73,0xEE,0x53,0xE6,0x53,0xE6,0x53,0xE6,0x53,0xE6,0x53,0xE6,0x53,0xE6,
    0x53,0xE6,0x53,0xE6,0x53,0xE6,0x52,0xE6,0x93,0xEE,0x2F,0xBD,0xEF,0xB4,0x73,0xEE,
    0x52,0xE6,0x53,0xE6,0x53,0xE6,0x53,0xE6,0x53,0xE6,0x53,0xE6,0x53,0xE6,0x53,0xE6,
    0x53,0xE6,0x53,0xE6,0x53,0xE6,0x53,0xE6,0x53,0xE6,0x53,0xE6,0x53,0xE6,0x53,0xE6,
    0x53,0xE6,0x53,0xE6,0x53,0xE6,0x53,0xE6,0x53,0xE6,0x53,0xE6,0x53,0xEE,0x73,0xEE,
    0x73,0xEE,0x53,0xEE,0x53,0xE6,0x53,0xE6,0x53,0xE6,0x53,0xE6,0x53,0xE6,0x53,0xE6,
    0x53,0xE6,0x53,0xE6,0x53,0xE6,0x53,0xE6,0x53,0xE6,0x53,0xE6,0x53,0xE6,0x53,0xE6,
    0x53,0xE6,0x53,0xE6,0x53,0xE6,0x53,0xE6,0x53,0xE6,0x53,0xE6,0x53,0xE6,0x53,0xE6,
    0x52,0xE6,0xB1,0xD5,0x52,0xE6,0x53,0xE6,0x53,0xE6,0x53,0xE6,0x53,0xE6,0x53,0xE6,
    0x53,0xE6,0x53,0xE6,0x53,0xE6,0x53,0xE6,0x32,0xE6,0xD4,0xFE,0xA8,0x62,0x44,0x31,
    0xB4,0xF6,0x32,0xE6,0x53,0xE6,0x53,0xE6,0x53,0xE6,0x53,0xE6,0x53,0xE6,0x53,0xE6,
    0x53,0xE6,0x53,0xE6,0x53,0xE6,0x53,0xE6,0x53,0xE6,0x52,0xE6,0x32,0xE6,0x93,0xF6,
    0x93,0xEE,0x2C,0x9C,0x47,0x52,0x8A,0x83,0x12,0xDE,0xF1,0xDD,0xCE,0xAC,0x4D,0x9C,
    0xA8,0x62,0x41,0x08,0x00,0x00,0x20,0x00,0x00,0x00,0x00,0x00,0x00,0x00,0x00,0x00,
    0x00,0x00,0x00,0x00,0x26,0x52,0x2C,0x94,0x44,0x29,0x00,0x00,0x00,0x00,0x20,0x08,
    0x00,0x00,0x00,0x00,0x26,0x4A,0x64,0x31,0x20,0x08,0xEC,0x93,0xB4,0xF6,0x32,0xE6,
    0x52,0xE6,0x53,0xE6,0x53,0xE6,0x53,0xE6,0x53,0xE6,0x53,0xE6,0x53,0xE6,0x53,0xE6,
    0x53,0xE6,0x53,0xE6,0x53,0xE6,0x53,0xE6,0x53,0xE6,0x53,0xE6,0x53,0xE6,0x53,0xE6,
    0x53,0xE6,0x53,0xE6,0x53,0xE6,0x53,0xE6,0x53,0xE6,0x53,0xE6,0x53,0xE6,0x53,0xE6,
    0x53,0xE6,0x53,0xE6,0x53,0xE6,0x53,0xE6,0x53,0xE6,0x53,0xE6,0x53,0xE6,0x53,0xE6,
    0x53,0xE6,0x53,0xE6,0x53,0xE6,0x53,0xE6,0x53,0xE6,0x53,0xE6,0x53,0xE6,0x53,0xE6,
    0x53,0xE6,0x53,0xE6,0x53,0xE6,0x53,0xE6,0x53,0xE6,0x53,0xE6,0x53,0xE6,0x53,0xE6,
    0x53,0xE6,0x53,0xE6,0x53,0xE6,0x53,0xE6,0x53,0xE6,0x53,0xE6,0x53,0xE6,0x53,0xE6,
    0x53,0xE6,0x53,0xE6,0x53,0xE6,0x53,0xE6,0x53,0xE6,0x53,0xE6,0x53,0xE6,0x32,0xE6,
    0xB4,0xF6,0xD1,0xD5,0x44,0x31,0xA5,0x39,0x67,0x5A,0x61,0x10,0x00,0x00,0x20,0x08,
    0xC8,0x6A,0x47,0x52,0x26,0x52,0x2C,0x9C,0x84,0x39,0x00,0x00,0x00,0x00,0x00,0x00,
    0x00,0x00,0x00,0x00,0x00,0x00,0x00,0x00,0x61,0x10,0x4A,0x7B,0x6D,0xA4,0x8D,0xAC,
    0x53,0xEE,0xF2,0xDD,0x26,0x52,0x84,0x39,0xEF,0xB4,0xD4,0xFE,0x73,0xEE,0x32,0xE6,
    0x52,0xE6,0x52,0xE6,0x32,0xE6,0x53,0xE6,0x53,0xE6,0x53,0xE6,0x53,0xE6,0x53,0xE6,
    0x53,0xE6,0x53,0xE6,0x53,0xE6,0x53,0xE6,0x53,0xE6,0x52,0xE6,0x73,0xEE,0xD1,0xD5,
    0x20,0x08,0xAE,0xAC,0xB4,0xF6,0x32,0xE6,0x53,0xE6,0x53,0xE6,0x53,0xE6,0x53,0xE6,
    0x53,0xE6,0x53,0xE6,0x53,0xE6,0x53,0xE6,0x52,0xE6,0x93,0xEE,0x93,0xF6,0x52,0xE6,
    0x53,0xE6,0x53,0xE6,0x53,0xE6,0x53,0xE6,0x53,0xE6,0x53,0xE6,0x53,0xE6,0x53,0xE6,
    0x53,0xE6,0x53,0xE6,0x53,0xE6,0x53,0xE6,0x53,0xE6,0x53,0xE6,0x53,0xE6,0x53,0xE6,
    0x53,0xE6,0x53,0xE6,0x53,0xE6,0x53,0xE6,0x53,0xE6,0x53,0xE6,0x53,0xE6,0x52,0xE6,
    0x52,0xE6,0x53,0xE6,0x53,0xE6,0x53,0xE6,0x53,0xE6,0x53,0xE6,0x53,0xE6,0x53,0xE6,
    0x53,0xE6,0x53,0xE6,0x53,0xE6,0x53,0xE6,0x53,0xE6,0x53,0xE6,0x53,0xE6,0x53,0xE6,
    0x53,0xE6,0x53,0xE6,0x53,0xE6,0x53,0xE6,0x53,0xE6,0x53,0xE6,0x53,0xE6,0x53,0xE6,
    0x53,0xE6,0x73,0xEE,0x53,0xE6,0x53,0xE6,0x53,0xE6,0x53,0xE6,0x53,0xE6,0x53,0xE6,
    0x53,0xE6,0x53,0xE6,0x53,0xE6,0x53,0xE6,0x53,0xE6,0x53,0xEE,0x82,0x10,0x0C,0x94,
    0xB4,0xF6,0x32,0xE6,0x53,0xE6,0x53,0xE6,0x53,0xE6,0x53,0xE6,0x53,0xE6,0x53,0xE6,
    0x53,0xE6,0x53,0xE6,0x53,0xE6,0x53,0xE6,0x52,0xE6,0x32,0xE6,0x52,0xE6,0x32,0xE6,
    0x52,0xE6,0xB4,0xF6,0x53,0xE6,0x2C,0x9C,0x49,0x7B,0x4F,0xBD,0xD4,0xFE,0xB1,0xD5,
    0x0F,0xB5,0x4D,0x9C,0xA5,0x41,0x00,0x00,0x00,0x00,0x00,0x00,0x00,0x00,0x00,0x00,
    0x00,0x00,0x00,0x00,0x00,0x00,0xE3,0x20,0x2C,0x9C,0x09,0x73,0x00,0x00,0x00,0x00,
    0x20,0x00,0x00,0x00,0x00,0x00,0x64,0x31,0xE6,0x41,0x00,0x00,0xCB,0x8B,0xB4,0xF6,
    0x53,0xE6,0x52,0xE6,0x53,0xE6,0x53,0xE6,0x53,0xE6,0x53,0xE6,0x53,0xE6,0x53,0xE6,
    0x53,0xE6,0x53,0xE6,0x53,0xE6,0x53,0xE6,0x53,0xE6,0x53,0xE6,0x53,0xE6,0x53,0xE6,
    0x53,0xE6,0x53,0xE6,0x53,0xE6,0x53,0xE6,0x53,0xE6,0x53,0xE6,0x53,0xE6,0x53,0xE6,
    0x53,0xE6,0x53,0xE6,0x53,0xE6,0x53,0xE6,0x53,0xE6,0x53,0xE6,0x53,0xE6,0x53,0xE6,
    0x53,0xE6,0x53,0xE6,0x53,0xE6,0x53,0xE6,0x53,0xE6,0x53,0xE6,0x53,0xE6,0x53,0xE6,
    0x53,0xE6,0x53,0xE6,0x53,0xE6,0x53,0xE6,0x53,0xE6,0x53,0xE6,0x53,0xE6,0x53,0xE6,
    0x53,0xE6,0x53,0xE6,0x53,0xE6,0x53,0xE6,0x53,0xE6,0x53,0xE6,0x53,0xE6,0x53,0xE6,
    0x53,0xE6,0x53,0xE6,0x53,0xE6,0x53,0xE6,0x53,0xE6,0x53,0xE6,0x32,0xE6,0x93,0xF6,
    0x4F,0xBD,0x26,0x4A,0xE6,0x49,0xE5,0x41,0x20,0x00,0x00,0x00,0xC2,0x20,0x8B,0x83,
    0xC5,0x41,0xEB,0x8B,0x4D,0xA4,0xA2,0x18,0x00,0x00,0x20,0x00,0x00,0x00,0x00,0x00,
    0x00,0x00,0x00,0x00,0x00,0x00,0x84,0x39,0x0C,0x94,0xCE,0xB4,0x50,0xC5,0xB4,0xF6,
    0x2C,0x9C,0x64,0x31,0x4A,0x7B,0x53,0xE6,0x94,0xF6,0x32,0xE6,0x52,0xE6,0x53,0xE6,
    0x32,0xE6,0x53,0xEE,0x93,0xEE,0x52,0xE6,0x53,0xE6,0x53,0xE6,0x53,0xE6,0x53,0xE6,
    0x53,0xE6,0x53,0xE6,0x53,0xE6,0x53,0xE6,0x53,0xE6,0x53,0xE6,0x32,0xE6,0xD4,0xFE,
    0xC5,0x41,0x26,0x4A,0xD4,0xFE,0x32,0xE6,0x53,0xE6,0x53,0xE6,0x53,0xE6,0x53,0xE6,
    0x53,0xE6,0x53,0xE6,0x53,0xE6,0x53,0xE6,0x53,0xE6,0x32,0xE6,0x32,0xE6,0x53,0xE6,
    0x53,0xE6,0x53,0xE6,0x53,0xE6,0x53,0xE6,0x53,0xE6,0x53,0xE6,0x53,0xE6,0x53,0xE6,
    0x53,0xE6,0x53,0xE6,0x53,0xE6,0x53,0xE6,0x53,0xE6,0x53,0xE6,0x53,0xE6,0x53,0xE6,
    0x53,0xE6,0x53,0xE6,0x53,0xE6,0x53,0xE6,0x53,0xE6,0x53,0xE6,0x53,0xE6,0x53,0xE6,
    0x53,0xE6,0x53,0xE6,0x53,0xE6,0x53,0xE6,0x53,0xE6,0x53,0xE6,0x53,0xE6,0x53,0xE6,
    0x53,0xE6,0x53,0xE6,0x53,0xE6,0x53,0xE6,0x53,0xE6,0x53,0xE6,0x53,0xE6,0x53,0xE6,
    0x53,0xE6,0x53,0xE6,0x53,0xE6,0x53,0xE6,0x53,0xE6,0x53,0xE6,0x53,0xE6,0x53,0xE6,
    0x53,0xE6,0x52,0xE6,0x53,0xE6,0x53,0xE6,0x53,0xE6,0x53,0xE6,0x53,0xE6,0x53,0xE6,
    0x53,0xE6,0x53,0xE6,0x53,0xE6,0x32,0xE6,0xB4,0xF6,0x2C,0x9C,0x61,0x10,0x32,0xE6,
    0x53,0xEE,0x52,0xE6,0x53,0xE6,0x53,0xE6,0x53,0xE6,0x53,0xE6,0x53,0xE6,0x53,0xE6,
    0x53,0xE6,0x53,0xE6,0x53,0xE6,0x52,0xE6,0x73,0xEE,0xB4,0xF6,0x73,0xEE,0x32,0xE6,
    0x53,0xE6,0x32,0xE6,0x53,0xE6,0xB4,0xF6,0x12,0xDE,0xAB,0x8B,0x8A,0x83,0x32,0xE6,
    0x93,0xF6,0xD1,0xD5,0xB1,0xCD,0x8A,0x83,0x41,0x08,0x00,0x00,0x20,0x00,0x00,0x00,
    0x00,0x00,0x00,0x00,0x20,0x00,0x00,0x00,0x21,0x08,0xCB,0x8B,0xAB,0x83,0xA2,0x18,
    0x00,0x00,0x41,0x08,0x00,0x00,0x00,0x00,0x84,0x39,0x47,0x52,0x00,0x00,0x26,0x52,
    0x93,0xEE,0x53,0xE6,0x52,0xE6,0x53,0xE6,0x53,0xE6,0x53,0xE6,0x53,0xE6,0x53,0xE6,
    0x53,0xE6,0x53,0xE6,0x53,0xE6,0x53,0xE6,0x53,0xE6,0x53,0xE6,0x53,0xE6,0x53,0xE6,
    0x53,0xE6,0x53,0xE6,0x53,0xE6,0x53,0xE6,0x53,0xE6,0x53,0xE6,0x53,0xE6,0x53,0xE6,
    0x53,0xE6,0x53,0xE6,0x53,0xE6,0x53,0xE6,0x53,0xE6,0x53,0xE6,0x53,0xE6,0x53,0xE6,
    0x53,0xE6,0x53,0xE6,0x53,0xE6,0x53,0xE6,0x53,0xE6,0x53,0xE6,0x53,0xE6,0x53,0xE6,
    0x53,0xE6,0x53,0xE6,0x53,0xE6,0x53,0xE6,0x53,0xE6,0x53,0xE6,0x53,0xE6,0x53,0xE6,
    0x53,0xE6,0x53,0xE6,0x53,0xE6,0x53,0xE6,0x53,0xE6,0x53,0xE6,0x53,0xE6,0x53,0xE6,
    0x53,0xE6,0x53,0xE6,0x53,0xE6,0x53,0xE6,0x53,0xE6,0x32,0xE6,0x93,0xF6,0xF2,0xDD,
    0x26,0x52,0x84,0x39,0x67,0x52,0x00,0x00,0x00,0x00,0xE6,0x49,0x47,0x52,0x44,0x31,
    0xE9,0x6A,0x29,0x73,0x00,0x00,0x00,0x00,0x00,0x00,0x00,0x00,0x00,0x00,0x20,0x00,
    0x00,0x00,0x41,0x08,0x88,0x5A,0xEC,0x93,0x6D,0xA4,0x73,0xEE,0xF1,0xDD,0x67,0x52,
    0x47,0x52,0x90,0xCD,0xD4,0xFE,0x53,0xE6,0x32,0xE6,0x53,0xE6,0x53,0xE6,0x53,0xE6,
    0xD4,0xF6,0xF2,0xDD,0x50,0xC5,0x73,0xEE,0x52,0xE6,0x53,0xE6,0x53,0xE6,0x53,0xE6,
    0x53,0xE6,0x53,0xE6,0x53,0xE6,0x53,0xE6,0x53,0xE6,0x53,0xE6,0x32,0xE6,0xB4,0xF6,
    0x8D,0xAC,0x00,0x00,0xF2,0xDD,0x73,0xEE,0x52,0xE6,0x53,0xE6,0x53,0xE6,0x53,0xE6,
    0x53,0xE6,0x53,0xE6,0x53,0xE6,0x53,0xE6,0x53,0xE6,0x53,0xE6,0x53,0xE6,0x53,0xE6,
    0x53,0xE6,0x53,0xE6,0x53,0xE6,0x53,0xE6,0x53,0xE6,0x53,0xE6,0x53,0xE6,0x53,0xE6,
    0x53,0xE6,0x53,0xE6,0x53,0xE6,0x53,0xE6,0x53,0xE6,0x53,0xE6,0x53,0xE6,0x53,0xE6,
    0x53,0xE6,0x53,0xE6,0x53,0xE6,0x53,0xE6,0x53,0xE6,0x53,0xE6,0x53,0xE6,0x53,0xE6,
    0x53,0xE6,0x53,0xE6,0x53,0xE6,0x53,0xE6,0x52,0xE6,0x52,0xE6,0x52,0xE6,0x53,0xE6,
    0x53,0xE6,0x53,0xE6,0x53,0xE6,0x53,0xE6,0x53,0xE6,0x53,0xE6,0x53,0xE6,0x53,0xE6,
    0x53,0xE6,0x53,0xE6,0x53,0xE6,0x53,0xE6,0x53,0xE6,0x53,0xE6,0x53,0xE6,0x53,0xE6,
    0x53,0xE6,0x53,0xE6,0x53,0xE6,0x53,0xE6,0x53,0xE6,0x53,0xE6,0x53,0xE6,0x53,0xE6,
    0x53,0xE6,0x53,0xE6,0x53,0xE6,0x32,0xE6,0xD4,0xFE,0xE5,0x49,0x67,0x5A,0xD4,0xFE,
    0x32,0xE6,0x53,0xE6,0x53,0xE6,0x53,0xE6,0x53,0xE6,0x53,0xE6,0x53,0xE6,0x53,0xE6,
    0x53,0xE6,0x53,0xE6,0x32,0xE6,0x93,0xF6,0x0F,0xBD,0x09,0x73,0xF2,0xDD,0xB4,0xF6,
    0x32,0xE6,0x53,0xE6,0x53,0xE6,0x32,0xE6,0x73,0xEE,0xB4,0xF6,0x0F,0xBD,0x29,0x73,
    0xCE,0xAC,0xB4,0xF6,0x12,0xDE,0x12,0xDE,0x2F,0xBD,0x44,0x31,0x00,0x00,0x00,0x00,
    0x00,0x00,0x00,0x00,0x00,0x00,0x00,0x00,0x00,0x00,0x00,0x00,0x67,0x5A,0x2F,0xBD,
    0x03,0x29,0x82,0x10,0xA8,0x62,0x81,0x10,0x61,0x10,0xE3,0x20,0xE5,0x41,0x61,0x10,
    0x26,0x52,0xD4,0xFE,0x53,0xE6,0x32,0xE6,0x53,0xE6,0x53,0xE6,0x53,0xE6,0x53,0xE6,
    0x53,0xE6,0x53,0xE6,0x53,0xE6,0x53,0xE6,0x53,0xE6,0x53,0xE6,0x53,0xE6,0x53,0xE6,
    0x53,0xE6,0x53,0xE6,0x53,0xE6,0x53,0xE6,0x53,0xE6,0x53,0xE6,0x53,0xE6,0x53,0xE6,
    0x53,0xE6,0x53,0xE6,0x53,0xE6,0x53,0xE6,0x53,0xE6,0x53,0xE6,0x53,0xE6,0x53,0xE6,
    0x53,0xE6,0x53,0xE6,0x53,0xE6,0x53,0xE6,0x53,0xE6,0x53,0xE6,0x53,0xE6,0x53,0xE6,
    0x53,0xE6,0x53,0xE6,0x53,0xE6,0x53,0xE6,0x53,0xE6,0x53,0xE6,0x53,0xE6,0x53,0xE6,
    0x53,0xE6,0x53,0xE6,0x53,0xE6,0x53,0xE6,0x53,0xE6,0x53,0xE6,0x53,0xE6,0x53,0xE6,
    0x53,0xE6,0x53,0xE6,0x53,0xE6,0x53,0xE6,0x32,0xE6,0x94,0xF6,0xAE,0xAC,0x06,0x4A,
    0x4A,0x7B,0x81,0x10,0x00,0x00,0x00,0x00,0x29,0x73,0x26,0x4A,0x82,0x18,0x2C,0x9C,
    0x88,0x5A,0x00,0x00,0x00,0x00,0x00,0x00,0x00,0x00,0x00,0x00,0x00,0x00,0x00,0x00,
    0x23,0x29,0x6A,0x7B,0x4A,0x7B,0xCE,0xAC,0x93,0xEE,0x0C,0x94,0xA5,0x41,0x4D,0x9C,
    0xB4,0xF6,0x73,0xEE,0x32,0xE6,0x53,0xE6,0x53,0xE6,0x53,0xE6,0x53,0xE6,0x32,0xE6,
    0x6D,0xA4,0xE3,0x20,0x82,0x10,0x12,0xDE,0x53,0xEE,0x53,0xE6,0x53,0xE6,0x53,0xE6,
    0x53,0xE6,0x53,0xE6,0x53,0xE6,0x53,0xE6,0x53,0xE6,0x53,0xE6,0x53,0xE6,0x53,0xEE,
    0x12,0xDE,0x4D,0x9C,0x12,0xDE,0x53,0xEE,0x53,0xE6,0x53,0xE6,0x53,0xE6,0x53,0xE6,
    0x53,0xE6,0x53,0xE6,0x53,0xE6,0x53,0xE6,0x53,0xE6,0x53,0xE6,0x53,0xE6,0x53,0xE6,
    0x53,0xE6,0x53,0xE6,0x53,0xE6,0x53,0xE6,0x53,0xE6,0x53,0xE6,0x53,0xE6,0x53,0xE6,
    0x53,0xE6,0x53,0xE6,0x53,0xE6,0x53,0xE6,0x53,0xE6,0x53,0xE6,0x53,0xE6,0x53,0xE6,
    0x53,0xE6,0x53,0xE6,0x52,0xE6,0x53,0xE6,0x53,0xE6,0x53,0xE6,0x53,0xE6,0x53,0xE6,
    0x53,0xE6,0x53,0xE6,0x32,0xE6,0x52,0xE6,0x73,0xEE,0x73,0xEE,0x73,0xEE,0x32,0xE6,
    0x32,0xE6,0x53,0xE6,0x53,0xE6,0x53,0xE6,0x53,0xE6,0x53,0xE6,0x53,0xE6,0x53,0xE6,
    0x53,0xE6,0x53,0xE6,0x53,0xE6,0x53,0xE6,0x53,0xE6,0x53,0xE6,0x53,0xE6,0x53,0xE6,
    0x53,0xE6,0x53,0xE6,0x53,0xE6,0x53,0xE6,0x53,0xE6,0x53,0xE6,0x53,0xE6,0x53,0xE6,
    0x53,0xE6,0x53,0xE6,0x53,0xE6,0x53,0xE6,0x53,0xEE,0xB1,0xCD,0xD1,0xD5,0x73,0xEE,
    0x52,0xE6,0x53,0xE6,0x53,0xE6,0x53,0xE6,0x53,0xE6,0x53,0xE6,0x53,0xE6,0x53,0xE6,
    0x53,0xE6,0x53,0xE6,0x32,0xE6,0xB4,0xF6,0x06,0x4A,0x00,0x00,0xA2,0x18,0x4D,0x9C,
    0x93,0xF6,0x32,0xE6,0x53,0xE6,0x53,0xE6,0x53,0xE6,0x32,0xE6,0x94,0xF6,0x53,0xE6,
    0xEB,0x8B,0x8B,0x83,0x12,0xDE,0x73,0xEE,0x12,0xDE,0xD1,0xD5,0xA8,0x62,0x00,0x00,
    0x00,0x00,0x00,0x00,0x00,0x00,0x00,0x00,0x00,0x00,0x20,0x00,0x00,0x00,0x64,0x31,
    0xEE,0xB4,0x64,0x31,0xC8,0x62,0x87,0x5A,0x00,0x00,0x00,0x00,0x41,0x08,0xE5,0x41,
    0x81,0x10,0xA8,0x62,0x93,0xF6,0x73,0xEE,0x32,0xE6,0x53,0xE6,0x53,0xE6,0x53,0xE6,
    0x53,0xE6,0x53,0xE6,0x53,0xE6,0x53,0xE6,0x53,0xE6,0x53,0xE6,0x53,0xE6,0x53,0xE6,
    0x53,0xE6,0x53,0xE6,0x53,0xE6,0x53,0xE6,0x53,0xE6,0x53,0xE6,0x53,0xE6,0x53,0xE6,
    0x53,0xE6,0x53,0xE6,0x53,0xE6,0x53,0xE6,0x53,0xE6,0x53,0xE6,0x53,0xE6,0x53,0xE6,
    0x53,0xE6,0x53,0xE6,0x53,0xE6,0x53,0xE6,0x53,0xE6,0x53,0xE6,0x53,0xE6,0x53,0xE6,
    0x53,0xE6,0x53,0xE6,0x53,0xE6,0x53,0xE6,0x53,0xE6,0x53,0xE6,0x53,0xE6,0x53,0xE6,
    0x53,0xE6,0x53,0xE6,0x53,0xE6,0x53,0xE6,0x53,0xE6,0x53,0xE6,0x53,0xE6,0x53,0xE6,
    0x53,0xE6,0x53,0xE6,0x53,0xE6,0x32,0xE6,0xB4,0xF6,0xAE,0xAC,0x64,0x31,0xA8,0x62,
    0x23,0x29,0x00,0x00,0x00,0x00,0x64,0x31,0xA8,0x62,0xC2,0x18,0x8D,0xA4,0xC5,0x41,
    0x00,0x00,0x00,0x00,0x00,0x00,0x00,0x00,0x00,0x00,0x00,0x00,0x00,0x00,0x06,0x4A,
    0x2C,0x9C,0x8A,0x83,0x70,0xC5,0xD1,0xD5,0x47,0x52,0x87,0x5A,0xF2,0xDD,0xB4,0xF6,
    0x32,0xE6,0x52,0xE6,0x53,0xE6,0x53,0xE6,0x53,0xE6,0x53,0xE6,0x73,0xEE,0xD1,0xD5,
    0x20,0x08,0x00,0x00,0x00,0x00,0x6A,0x7B,0xD4,0xFE,0x32,0xE6,0x53,0xE6,0x53,0xE6,
    0x53,0xE6,0x53,0xE6,0x53,0xE6,0x53,0xE6,0x53,0xE6,0x53,0xE6,0x53,0xE6,0x53,0xE6,
    0x53,0xE6,0xB4,0xF6,0x53,0xEE,0x53,0xE6,0x53,0xE6,0x53,0xE6,0x53,0xE6,0x53,0xE6,
    0x53,0xE6,0x53,0xE6,0x53,0xE6,0x53,0xE6,0x53,0xE6,0x53,0xE6,0x53,0xE6,0x53,0xE6,
    0x53,0xE6,0x53,0xE6,0x53,0xE6,0x53,0xE6,0x53,0xE6,0x53,0xE6,0x53,0xE6,0x53,0xE6,
    0x53,0xE6,0x53,0xE6,0x53,0xE6,0x53,0xE6,0x53,0xE6,0x53,0xE6,0x53,0xE6,0x53,0xE6,
    0x53,0xE6,0x52,0xE6,0x73,0xEE,0x53,0xEE,0x53,0xE6,0x53,0xE6,0x53,0xE6,0x53,0xE6,
    0x52,0xE6,0x53,0xE6,0xB4,0xF6,0x93,0xF6,0xD1,0xD5,0x91,0xCD,0xF2,0xDD,0x93,0xEE,
    0xB4,0xF6,0x53,0xE6,0x52,0xE6,0x53,0xE6,0x53,0xE6,0x53,0xE6,0x53,0xE6,0x53,0xE6,
    0x53,0xE6,0x53,0xE6,0x53,0xE6,0x53,0xE6,0x53,0xE6,0x53,0xE6,0x53,0xE6,0x53,0xE6,
    0x53,0xE6,0x53,0xE6,0x53,0xE6,0x53,0xE6,0x53,0xE6,0x53,0xE6,0x53,0xE6,0x53,0xE6,
    0x53,0xE6,0x53,0xE6,0x53,0xE6,0x53,0xE6,0x53,0xE6,0x73,0xEE,0x73,0xEE,0x52,0xE6,
    0x53,0xE6,0x53,0xE6,0x53,0xE6,0x53,0xE6,0x53,0xE6,0x53,0xE6,0x53,0xE6,0x53,0xE6,
    0x53,0xE6,0x32,0xE6,0x93,0xF6,0x0F,0xB5,0x00,0x00,0x20,0x08,0x00,0x00,0x0C,0x94,
    0xB4,0xF6,0x32,0xE6,0x53,0xE6,0x53,0xE6,0x53,0xE6,0x53,0xE6,0x32,0xE6,0x53,0xE6,
    0xB4,0xF6,0x50,0xC5,0x29,0x73,0xAE,0xAC,0x93,0xF6,0x12,0xDE,0x32,0xE6,0xCB,0x8B,
    0x82,0x10,0x00,0x00,0x00,0x00,0x00,0x00,0x00,0x00,0x00,0x00,0x20,0x00,0x00,0x00,
    0xE3,0x20,0x0C,0x94,0x67,0x5A,0x67,0x5A,0x64,0x31,0x00,0x00,0x00,0x00,0x00,0x00,
    0x46,0x52,0xC2,0x20,0xA5,0x41,0xD1,0xD5,0x93,0xF6,0x32,0xE6,0x53,0xE6,0x53,0xE6,
    0x53,0xE6,0x53,0xE6,0x53,0xE6,0x53,0xE6,0x53,0xE6,0x53,0xE6,0x53,0xE6,0x53,0xE6,
    0x53,0xE6,0x53,0xE6,0x53,0xE6,0x53,0xE6,0x53,0xE6,0x53,0xE6,0x53,0xE6,0x53,0xE6,
    0x53,0xE6,0x53,0xE6,0x53,0xE6,0x53,0xE6,0x53,0xE6,0x53,0xE6,0x53,0xE6,0x53,0xE6,
    0x53,0xE6,0x53,0xE6,0x53,0xE6,0x53,0xE6,0x53,0xE6,0x53,0xE6,0x53,0xE6,0x53,0xE6,
    0x53,0xE6,0x53,0xE6,0x53,0xE6,0x53,0xE6,0x53,0xE6,0x53,0xE6,0x53,0xE6,0x53,0xE6,
    0x53,0xE6,0x53,0xE6,0x53,0xE6,0x53,0xE6,0x53,0xE6,0x53,0xE6,0x53,0xE6,0x53,0xE6,
    0x53,0xE6,0x53,0xE6,0x32,0xE6,0xD4,0xFE,0x6D,0xA4,0xE6,0x49,0x09,0x6B,0xC2,0x18,
    0x00,0x00,0x20,0x08,0x00,0x00,0x00,0x00,0x85,0x39,0x2C,0x9C,0x24,0x29,0x00,0x00,
    0x20,0x00,0x00,0x00,0x00,0x00,0x00,0x00,0x00,0x00,0x00,0x00,0x29,0x73,0xCE,0xAC,
    0x8D,0xAC,0x93,0xF6,0x6D,0xA4,0x44,0x29,0x0C,0x94,0xB4,0xF6,0x73,0xEE,0x32,0xE6,
    0x53,0xE6,0x53,0xE6,0x53,0xE6,0x53,0xE6,0x53,0xE6,0x53,0xE6,0x32,0xE6,0xD4,0xF6,
    0x09,0x73,0x00,0x00,0x00,0x00,0x82,0x18,0xF2,0xDD,0x73,0xEE,0x52,0xE6,0x53,0xE6,
    0x53,0xE6,0x53,0xE6,0x53,0xE6,0x53,0xE6,0x53,0xE6,0x53,0xE6,0x53,0xE6,0x53,0xE6,
    0x53,0xE6,0x32,0xE6,0x53,0xE6,0x53,0xE6,0x53,0xE6,0x53,0xE6,0x53,0xE6,0x53,0xE6,
    0x53,0xE6,0x53,0xE6,0x53,0xE6,0x53,0xE6,0x53,0xE6,0x53,0xE6,0x53,0xE6,0x53,0xE6,
    0x53,0xE6,0x53,0xE6,0x53,0xE6,0x53,0xE6,0x53,0xE6,0x53,0xE6,0x53,0xE6,0x53,0xE6,
    0x53,0xE6,0x53,0xE6,0x53,0xE6,0x53,0xE6,0x53,0xE6,0x53,0xE6,0x53,0xE6,0x32,0xE6,
    0x32,0xE6,0xD4,0xFE,0x4A,0x7B,0x03,0x29,0x2C,0x9C,0xB4,0xF6,0x32,0xE6,0x52,0xE6,
    0x73,0xEE,0x73,0xEE,0xAB,0x8B,0x24,0x29,0x00,0x00,0x00,0x00,0x61,0x10,0xA5,0x39,
    0xAB,0x8B,0x53,0xE6,0x73,0xEE,0x52,0xE6,0x53,0xE6,0x53,0xE6,0x53,0xE6,0x53,0xE6,
    0x53,0xE6,0x53,0xE6,0x53,0xE6,0x53,0xE6,0x53,0xE6,0x53,0xE6,0x53,0xE6,0x53,0xE6,
    0x53,0xE6,0x53,0xE6,0x53,0xE6,0x53,0xE6,0x53,0xE6,0x53,0xE6,0x53,0xE6,0x53,0xE6,
    0x53,0xE6,0x53,0xE6,0x53,0xE6,0x53,0xE6,0x53,0xE6,0x52,0xE6,0x52,0xE6,0x53,0xE6,
    0x53,0xE6,0x53,0xE6,0x53,0xE6,0x53,0xE6,0x53,0xE6,0x53,0xE6,0x53,0xE6,0x53,0xE6,
    0x53,0xE6,0x52,0xE6,0x93,0xEE,0xA5,0x39,0x00,0x00,0x00,0x00,0x84,0x39,0x93,0xF6,
    0x52,0xE6,0x53,0xE6,0x53,0xE6,0x53,0xE6,0x53,0xE6,0x53,0xE6,0x53,0xE6,0x53,0xE6,
    0x32,0xE6,0x93,0xF6,0x32,0xE6,0x4A,0x7B,0x8A,0x83,0x73,0xEE,0x73,0xEE,0xF2,0xDD,
    0x8D,0xA4,0x64,0x31,0x00,0x00,0x00,0x00,0x00,0x00,0x00,0x00,0x00,0x00,0x20,0x00,
    0x00,0x00,0x61,0x10,0xEC,0x93,0x29,0x73,0xA2,0x18,0x00,0x00,0x00,0x00,0x00,0x00,
    0x20,0x08,0x84,0x39,0x61,0x10,0xE3,0x20,0xD1,0xD5,0x93,0xF6,0x32,0xE6,0x53,0xE6,
    0x53,0xE6,0x53,0xE6,0x53,0xE6,0x53,0xE6,0x53,0xE6,0x53,0xE6,0x53,0xE6,0x53,0xE6,
    0x53,0xE6,0x53,0xE6,0x53,0xE6,0x53,0xE6,0x53,0xE6,0x53,0xE6,0x53,0xE6,0x53,0xE6,
    0x53,0xE6,0x53,0xE6,0x53,0xE6,0x53,0xE6,0x53,0xE6,0x53,0xE6,0x53,0xE6,0x53,0xE6,
    0x53,0xE6,0x53,0xE6,0x53,0xE6,0x53,0xE6,0x53,0xE6,0x53,0xE6,0x53,0xE6,0x53,0xE6,
    0x53,0xE6,0x53,0xE6,0x53,0xE6,0x53,0xE6,0x53,0xE6,0x53,0xE6,0x53,0xE6,0x53,0xE6,
    0x53,0xE6,0x53,0xE6,0x53,0xE6,0x53,0xE6,0x53,0xE6,0x53,0xE6,0x53,0xE6,0x53,0xE6,
    0x53,0xE6,0x32,0xE6,0xB4,0xF6,0xCE,0xB4,0x09,0x73,0xAB,0x8B,0x81,0x10,0x00,0x00,
    0x61,0x10,0x61,0x10,0x00,0x00,0x26,0x52,0x4D,0xA4,0x81,0x10,0x00,0x00,0x20,0x00,
    0x00,0x00,0x00,0x00,0x20,0x00,0x00,0x00,0xC2,0x18,0x4A,0x7B,0xAE,0xAC,0xD1,0xD5,
    0x53,0xEE,0xE9,0x6A,0x06,0x4A,0xB1,0xD5,0xD4,0xF6,0x32,0xE6,0x52,0xE6,0x53,0xE6,
    0x53,0xE6,0x53,0xE6,0x53,0xE6,0x53,0xE6,0x53,0xE6,0x53,0xE6,0x52,0xE6,0x73,0xEE,
    0xF2,0xDD,0xA2,0x18,0x00,0x00,0x00,0x00,0xE8,0x6A,0xB4,0xF6,0x32,0xE6,0x53,0xE6,
    0x53,0xE6,0x53,0xE6,0x53,0xE6,0x53,0xE6,0x53,0xE6,0x53,0xE6,0x53,0xE6,0x53,0xE6,
    0x53,0xE6,0x53,0xE6,0x53,0xE6,0x53,0xE6,0x53,0xE6,0x53,0xE6,0x53,0xE6,0x53,0xE6,
    0x53,0xE6,0x53,0xE6,0x53,0xE6,0x53,0xE6,0x53,0xE6,0x53,0xE6,0x53,0xE6,0x53,0xE6,
    0x53,0xE6,0x53,0xE6,0x53,0xE6,0x53,0xE6,0x53,0xE6,0x53,0xE6,0x53,0xE6,0x53,0xE6,
    0x53,0xE6,0x53,0xE6,0x53,0xE6,0x53,0xE6,0x53,0xE6,0x53,0xE6,0x52,0xE6,0x73,0xEE,
    0xD4,0xFE,0x4D,0x9C,0x00,0x00,0x00,0x00,0xAB,0x83,0xB4,0xFE,0x32,0xE6,0x73,0xEE,
    0x12,0xDE,0xA5,0x41,0x00,0x00,0x64,0x31,0xAB,0x8B,0xAB,0x83,0xA2,0x18,0x00,0x00,
    0x00,0x00,0xA5,0x39,0x12,0xDE,0x73,0xEE,0x52,0xE6,0x53,0xE6,0x53,0xE6,0x53,0xE6,
    0x53,0xE6,0x53,0xE6,0x53,0xE6,0x53,0xE6,0x53,0xE6,0x53,0xE6,0x53,0xE6,0x53,0xE6,
    0x53,0xE6,0x53,0xE6,0x53,0xE6,0x53,0xE6,0x53,0xE6,0x53,0xE6,0x53,0xE6,0x53,0xE6,
    0x53,0xE6,0x53,0xE6,0x53,0xE6,0x53,0xE6,0x53,0xE6,0x53,0xE6,0x53,0xE6,0x53,0xE6,
    0x53,0xE6,0x53,0xE6,0x53,0xE6,0x53,0xE6,0x53,0xE6,0x53,0xE6,0x53,0xE6,0x53,0xE6,
    0x32,0xE6,0xB4,0xF6,0x8D,0xA4,0x00,0x00,0x20,0x00,0x00,0x00,0xCE,0xB4,0x94,0xF6,
    0x32,0xE6,0x53,0xE6,0x53,0xE6,0x53,0xE6,0x53,0xE6,0x53,0xE6,0x53,0xE6,0x53,0xE6,
    0x53,0xE6,0x32,0xE6,0x53,0xEE,0xB4,0xF6,0xAE,0xAC,0x09,0x73,0xB1,0xD5,0xB4,0xF6,
    0xF1,0xDD,0xAE,0xAC,0x26,0x52,0x00,0x00,0x00,0x00,0x00,0x00,0x00,0x00,0x00,0x00,
    0x00,0x00,0x00,0x00,0x00,0x00,0x29,0x73,0x8B,0x83,0x00,0x00,0x00,0x00,0x00,0x00,
    0x00,0x00,0x00,0x00,0x47,0x52,0x03,0x29,0x03,0x29,0xD1,0xD5,0x93,0xF6,0x32,0xE6,
    0x53,0xE6,0x53,0xE6,0x53,0xE6,0x53,0xE6,0x53,0xE6,0x53,0xE6,0x53,0xE6,0x53,0xE6,
    0x53,0xE6,0x53,0xE6,0x53,0xE6,0x53,0xE6,0x53,0xE6,0x53,0xE6,0x53,0xE6,0x53,0xE6,
    0x53,0xE6,0x53,0xE6,0x53,0xE6,0x53,0xE6,0x53,0xE6,0x53,0xE6,0x53,0xE6,0x53,0xE6,
    0x53,0xE6,0x53,0xE6,0x53,0xE6,0x53,0xE6,0x53,0xE6,0x53,0xE6,0x53,0xE6,0x53,0xE6,
    0x53,0xE6,0x53,0xE6,0x53,0xE6,0x53,0xE6,0x53,0xE6,0x53,0xE6,0x53,0xE6,0x53,0xE6,
    0x53,0xE6,0x53,0xE6,0x53,0xE6,0x53,0xE6,0x53,0xE6,0x53,0xE6,0x53,0xE6,0x53,0xE6,
    0x32,0xE6,0x93,0xEE,0x50,0xC5,0x64,0x31,0x4A,0x7B,0x61,0x10,0x00,0x00,0x20,0x00,
    0x00,0x00,0x00,0x00,0xC8,0x6A,0xEB,0x8B,0x41,0x08,0x00,0x00,0x00,0x00,0x00,0x00,
    0x00,0x00,0x20,0x00,0x00,0x00,0x44,0x31,0x0C,0x94,0x4C,0x9C,0xD1,0xD5,0x91,0xCD,
    0x06,0x4A,0x4A,0x7B,0x93,0xF6,0x73,0xEE,0x32,0xE6,0x53,0xE6,0x53,0xE6,0x53,0xE6,
    0x53,0xE6,0x53,0xE6,0x53,0xE6,0x53,0xE6,0x53,0xE6,0x53,0xE6,0x53,0xE6,0x32,0xE6,
    0xD4,0xF6,0xAB,0x83,0x00,0x00,0x00,0x00,0x41,0x08,0xB1,0xCD,0x73,0xEE,0x52,0xE6,
    0x53,0xE6,0x53,0xE6,0x53,0xE6,0x53,0xE6,0x53,0xE6,0x53,0xE6,0x53,0xE6,0x53,0xE6,
    0x53,0xE6,0x53,0xE6,0x53,0xE6,0x53,0xE6,0x53,0xE6,0x53,0xE6,0x53,0xE6,0x53,0xE6,
    0x53,0xE6,0x53,0xE6,0x53,0xE6,0x53,0xE6,0x53,0xE6,0x53,0xE6,0x53,0xE6,0x53,0xE6,
    0x53,0xE6,0x53,0xE6,0x53,0xE6,0x53,0xE6,0x53,0xE6,0x53,0xE6,0x53,0xE6,0x53,0xE6,
    0x53,0xE6,0x53,0xE6,0x53,0xE6,0x53,0xE6,0x53,0xE6,0x53,0xE6,0x53,0xEE,0x90,0xCD,
    0xE9,0x6A,0x00,0x00,0x20,0x00,0x00,0x00,0xAB,0x8B,0xB4,0xF6,0x12,0xDE,0xB4,0xF6,
    0x67,0x5A,0x00,0x00,0x47,0x52,0xF5,0xFE,0xB4,0xF6,0xF5,0xFE,0x70,0xCD,0x61,0x10,
    0x20,0x08,0x00,0x00,0x87,0x5A,0xB4,0xF6,0x32,0xE6,0x53,0xE6,0x53,0xE6,0x53,0xE6,
    0x53,0xE6,0x53,0xE6,0x53,0xE6,0x53,0xE6,0x53,0xE6,0x53,0xE6,0x53,0xE6,0x53,0xE6,
    0x53,0xE6,0x53,0xE6,0x53,0xE6,0x53,0xE6,0x53,0xE6,0x53,0xE6,0x53,0xE6,0x53,0xE6,
    0x53,0xE6,0x53,0xE6,0x53,0xE6,0x53,0xE6,0x53,0xE6,0x53,0xE6,0x53,0xE6,0x53,0xE6,
    0x53,0xE6,0x53,0xE6,0x53,0xE6,0x53,0xE6,0x53,0xE6,0x53,0xE6,0x53,0xE6,0x53,0xE6,
    0x52,0xE6,0x93,0xEE,0x64,0x31,0x00,0x00,0x00,0x00,0x06,0x4A,0xB4,0xF6,0x32,0xE6,
    0x53,0xE6,0x53,0xE6,0x53,0xE6,0x53,0xE6,0x53,0xE6,0x53,0xE6,0x53,0xE6,0x53,0xE6,
    0x53,0xE6,0x53,0xE6,0x53,0xE6,0x32,0xE6,0xB4,0xF6,0xD1,0xD5,0x29,0x73,0xCE,0xAC,
    0xD4,0xFE,0xF1,0xDD,0x0F,0xB5,0x29,0x73,0x20,0x08,0x00,0x00,0x00,0x00,0x00,0x00,
    0x00,0x00,0x00,0x00,0x00,0x00,0x00,0x00,0x67,0x52,0x0C,0x94,0x41,0x08,0xA8,0x62,
    0xA2,0x18,0x00,0x00,0x00,0x00,0x82,0x18,0xC2,0x18,0xA2,0x18,0xB1,0xD5,0x93,0xF6,
    0x32,0xE6,0x53,0xE6,0x53,0xE6,0x53,0xE6,0x53,0xE6,0x53,0xE6,0x53,0xE6,0x53,0xE6,
    0x53,0xE6,0x53,0xE6,0x53,0xE6,0x53,0xE6,0x53,0xE6,0x53,0xE6,0x53,0xE6,0x53,0xE6,
    0x53,0xE6,0x53,0xE6,0x53,0xE6,0x53,0xE6,0x53,0xE6,0x53,0xE6,0x53,0xE6,0x53,0xE6,
    0x53,0xE6,0x53,0xE6,0x53,0xE6,0x53,0xE6,0x53,0xE6,0x53,0xE6,0x53,0xE6,0x53,0xE6,
    0x53,0xE6,0x53,0xE6,0x53,0xE6,0x53,0xE6,0x53,0xE6,0x53,0xE6,0x53,0xE6,0x53,0xE6,
    0x53,0xE6,0x53,0xE6,0x53,0xE6,0x53,0xE6,0x53,0xE6,0x53,0xE6,0x53,0xE6,0x32,0xE6,
    0x93,0xEE,0x50,0xC5,0x88,0x5A,0x6A,0x7B,0x61,0x10,0x00,0x00,0xC2,0x18,0x00,0x00,
    0xA2,0x18,0xE8,0x6A,0x29,0x73,0x00,0x00,0x00,0x00,0x00,0x00,0x00,0x00,0x00,0x00,
    0x00,0x00,0x00,0x00,0x47,0x52,0x8D,0xA4,0xAE,0xAC,0x53,0xEE,0x0C,0x94,0xC5,0x41,
    0x0F,0xBD,0xD4,0xFE,0x52,0xE6,0x32,0xE6,0x53,0xE6,0x53,0xE6,0x53,0xE6,0x53,0xE6,
    0x53,0xE6,0x53,0xE6,0x53,0xE6,0x53,0xE6,0x53,0xE6,0x53,0xE6,0x53,0xE6,0x53,0xE6,
    0x53,0xE6,0x52,0xE6,0xE3,0x20,0x00,0x00,0x00,0x00,0xA8,0x62,0xD4,0xFE,0x32,0xE6,
    0x53,0xE6,0x53,0xE6,0x53,0xE6,0x53,0xE6,0x53,0xE6,0x53,0xE6,0x53,0xE6,0x53,0xE6,
    0x53,0xE6,0x53,0xE6,0x53,0xE6,0x53,0xE6,0x53,0xE6,0x53,0xE6,0x53,0xE6,0x53,0xE6,
    0x53,0xE6,0x53,0xE6,0x53,0xE6,0x53,0xE6,0x53,0xE6,0x53,0xE6,0x53,0xE6,0x53,0xE6,
    0x53,0xE6,0x53,0xE6,0x53,0xE6,0x53,0xE6,0x53,0xE6,0x53,0xE6,0x53,0xE6,0x53,0xE6,
    0x53,0xE6,0x53,0xE6,0x53,0xE6,0x53,0xE6,0x53,0xE6,0x32,0xE6,0xB4,0xF6,0x26,0x4A,
    0x00,0x00,0x00,0x00,0x20,0x08,0x00,0x00,0xAB,0x8B,0xB4,0xF6,0x53,0xE6,0xD1,0xD5,
    0x61,0x10,0x20,0x00,0xC2,0x18,0x50,0xC5,0x73,0xEE,0x12,0xDE,0xB4,0xF6,0xE5,0x41,
    0x00,0x00,0x00,0x00,0x61,0x10,0xF2,0xDD,0x73,0xEE,0x52,0xE6,0x53,0xE6,0x53,0xE6,
    0x53,0xE6,0x53,0xE6,0x53,0xE6,0x53,0xE6,0x53,0xE6,0x53,0xE6,0x53,0xE6,0x53,0xE6,
    0x53,0xE6,0x53,0xE6,0x53,0xE6,0x53,0xE6,0x53,0xE6,0x53,0xE6,0x53,0xE6,0x53,0xE6,
    0x53,0xE6,0x53,0xE6,0x53,0xE6,0x53,0xE6,0x53,0xE6,0x53,0xE6,0x53,0xE6,0x53,0xE6,
    0x53,0xE6,0x53,0xE6,0x53,0xE6,0x53,0xE6,0x53,0xE6,0x53,0xE6,0x53,0xE6,0x32,0xE6,
    0xB4,0xF6,0x6D,0xA4,0x00,0x00,0x20,0x00,0x00,0x00,0x2F,0xBD,0x93,0xF6,0x32,0xE6,
    0x53,0xE6,0x53,0xE6,0x53,0xE6,0x53,0xE6,0x53,0xE6,0x53,0xE6,0x53,0xE6,0x53,0xE6,
    0x53,0xE6,0x53,0xE6,0x53,0xE6,0x53,0xE6,0x32,0xE6,0x73,0xEE,0x73,0xEE,0xAB,0x8B,
    0xCB,0x8B,0x93,0xEE,0x32,0xE6,0xF2,0xDD,0xCE,0xB4,0xC2,0x18,0x00,0x00,0x20,0x00,
    0x00,0x00,0x00,0x00,0x00,0x00,0x20,0x00,0x00,0x00,0x88,0x5A,0x4A,0x7B,0x47,0x52,
    0x85,0x39,0x20,0x00,0x20,0x00,0x00,0x00,0xE6,0x49,0x84,0x39,0x23,0x29,0x12,0xDE,
    0x93,0xEE,0x32,0xE6,0x53,0xE6,0x53,0xE6,0x53,0xE6,0x53,0xE6,0x53,0xE6,0x53,0xE6,
    0x53,0xE6,0x53,0xE6,0x53,0xE6,0x53,0xE6,0x53,0xE6,0x53,0xE6,0x53,0xE6,0x53,0xE6,
    0x53,0xE6,0x53,0xE6,0x53,0xE6,0x53,0xE6,0x53,0xE6,0x53,0xE6,0x53,0xE6,0x53,0xE6,
    0x53,0xE6,0x53,0xE6,0x53,0xE6,0x53,0xE6,0x53,0xE6,0x53,0xE6,0x53,0xE6,0x53,0xE6,
    0x53,0xE6,0x53,0xE6,0x53,0xE6,0x53,0xE6,0x53,0xE6,0x53,0xE6,0x53,0xE6,0x53,0xE6,
    0x53,0xE6,0x53,0xE6,0x53,0xE6,0x53,0xE6,0x53,0xE6,0x53,0xE6,0x32,0xE6,0x93,0xEE,
    0x70,0xCD,0x4A,0x7B,0xC5,0x41,0x03,0x21,0x00,0x00,0x81,0x10,0x41,0x08,0xC2,0x20,
    0xB1,0xD5,0x6A,0x7B,0x00,0x00,0x00,0x00,0x00,0x00,0x00,0x00,0x00,0x00,0x00,0x00,
    0x00,0x00,0x09,0x6B,0x50,0xC5,0x90,0xCD,0x53,0xE6,0x29,0x73,0x47,0x52,0x12,0xDE,
    0x94,0xF6,0x32,0xE6,0x53,0xE6,0x53,0xE6,0x52,0xE6,0x32,0xE6,0x53,0xE6,0x53,0xE6,
    0x53,0xE6,0x53,0xE6,0x53,0xE6,0x53,0xE6,0x53,0xE6,0x53,0xE6,0x53,0xE6,0x53,0xE6,
    0x32,0xE6,0xB4,0xF6,0x0C,0x94,0x00,0x00,0x20,0x00,0x00,0x00,0xEE,0xB4,0x93,0xF6,
    0x32,0xE6,0x53,0xE6,0x53,0xE6,0x53,0xE6,0x53,0xE6,0x53,0xE6,0x53,0xE6,0x53,0xE6,
    0x53,0xE6,0x53,0xE6,0x53,0xE6,0x53,0xE6,0x53,0xE6,0x53,0xE6,0x53,0xE6,0x53,0xE6,
    0x53,0xE6,0x53,0xE6,0x53,0xE6,0x53,0xE6,0x53,0xE6,0x53,0xE6,0x53,0xE6,0x53,0xE6,
    0x53,0xE6,0x53,0xE6,0x53,0xE6,0x53,0xE6,0x53,0xE6,0x53,0xE6,0x53,0xE6,0x53,0xE6,
    0x53,0xE6,0x53,0xE6,0x53,0xE6,0x53,0xE6,0x53,0xE6,0x53,0xE6,0x53,0xEE,0x91,0xCD,
    0xAE,0xAC,0x61,0x10,0x00,0x00,0x00,0x00,0xAB,0x8B,0xB4,0xF6,0x53,0xE6,0xF2,0xDD,
    0x20,0x08,0x00,0x00,0x00,0x00,0x0C,0x94,0xB4,0xF6,0x12,0xDE,0xB4,0xF6,0xC8,0x62,
    0x00,0x00,0x00,0x00,0x41,0x08,0x70,0xCD,0x73,0xEE,0x52,0xE6,0x53,0xE6,0x53,0xE6,
    0x53,0xE6,0x53,0xE6,0x53,0xE6,0x53,0xE6,0x53,0xE6,0x53,0xE6,0x53,0xE6,0x53,0xE6,
    0x53,0xE6,0x53,0xE6,0x53,0xE6,0x53,0xE6,0x53,0xE6,0x53,0xE6,0x53,0xE6,0x53,0xE6,
    0x53,0xE6,0x53,0xE6,0x53,0xE6,0x53,0xE6,0x53,0xE6,0x53,0xE6,0x53,0xE6,0x53,0xE6,
    0x53,0xE6,0x53,0xE6,0x53,0xE6,0x53,0xE6,0x53,0xE6,0x53,0xE6,0x53,0xE6,0x32,0xE6,
    0xB4,0xF6,0x06,0x4A,0x00,0x00,0x00,0x00,0x88,0x62,0xB4,0xF6,0x32,0xE6,0x53,0xE6,
    0x53,0xE6,0x53,0xE6,0x53,0xE6,0x53,0xE6,0x53,0xE6,0x53,0xE6,0x53,0xE6,0x53,0xE6,
    0x53,0xE6,0x52,0xE6,0x32,0xE6,0x53,0xE6,0x53,0xE6,0x52,0xE6,0x53,0xE6,0xB4,0xF6,
    0xAE,0xAC,0x8A,0x83,0x32,0xE6,0x93,0xEE,0x73,0xEE,0xD1,0xD5,0x44,0x29,0x00,0x00,
    0x20,0x00,0x00,0x00,0x00,0x00,0x00,0x00,0x20,0x00,0x00,0x00,0x06,0x4A,0x29,0x73,
    0x81,0x10,0x00,0x00,0x00,0x00,0x00,0x00,0x20,0x08,0x87,0x5A,0x06,0x4A,0x24,0x29,
    0xD1,0xD5,0x93,0xEE,0x32,0xE6,0x53,0xE6,0x53,0xE6,0x53,0xE6,0x53,0xE6,0x53,0xE6,
    0x53,0xE6,0x53,0xE6,0x53,0xE6,0x53,0xE6,0x53,0xE6,0x53,0xE6,0x53,0xE6,0x53,0xE6,
    0x53,0xE6,0x53,0xE6,0x53,0xE6,0x53,0xE6,0x53,0xE6,0x53,0xE6,0x53,0xE6,0x53,0xE6,
    0x53,0xE6,0x53,0xE6,0x53,0xE6,0x53,0xE6,0x53,0xE6,0x53,0xE6,0x53,0xE6,0x53,0xE6,
    0x53,0xE6,0x53,0xE6,0x53,0xE6,0x53,0xE6,0x53,0xE6,0x53,0xE6,0x53,0xE6,0x53,0xE6,
    0x53,0xE6,0x53,0xE6,0x53,0xE6,0x53,0xE6,0x53,0xE6,0x32,0xE6,0xB4,0xF6,0x2F,0xBD,
    0x47,0x52,0x4A,0x7B,0x00,0x00,0x00,0x00,0x00,0x00,0x41,0x08,0x00,0x00,0xEB,0x93,
    0x29,0x73,0x00,0x00,0x20,0x00,0x00,0x00,0x00,0x00,0x00,0x00,0x00,0x00,0x41,0x08,
    0x4A,0x7B,0x2F,0xBD,0xF2,0xDD,0x53,0xE6,0x88,0x62,0x6A,0x7B,0xB4,0xF6,0x73,0xEE,
    0x32,0xE6,0x53,0xE6,0x53,0xE6,0x52,0xE6,0x93,0xEE,0x93,0xEE,0x32,0xE6,0x53,0xE6,
    0x53,0xE6,0x53,0xE6,0x53,0xE6,0x53,0xE6,0x53,0xE6,0x53,0xE6,0x53,0xE6,0x53,0xE6,
    0x53,0xE6,0x52,0xE6,0x93,0xEE,0x44,0x31,0x00,0x00,0x47,0x52,0x50,0xC5,0x73,0xEE,
    0x52,0xE6,0x53,0xE6,0x53,0xE6,0x53,0xE6,0x53,0xE6,0x53,0xE6,0x53,0xE6,0x53,0xE6,
    0x53,0xE6,0x53,0xE6,0x53,0xE6,0x53,0xE6,0x53,0xE6,0x53,0xE6,0x53,0xE6,0x53,0xE6,
    0x53,0xE6,0x53,0xE6,0x53,0xE6,0x53,0xE6,0x53,0xE6,0x53,0xE6,0x53,0xE6,0x53,0xE6,
    0x53,0xE6,0x53,0xE6,0x53,0xE6,0x53,0xE6,0x53,0xE6,0x53,0xE6,0x53,0xE6,0x53,0xE6,
    0x53,0xE6,0x53,0xE6,0x53,0xE6,0x53,0xE6,0x53,0xE6,0x53,0xE6,0x33,0xE6,0x93,0xEE,
    0x73,0xEE,0xC2,0x18,0x00,0x00,0x00,0x00,0xAB,0x8B,0xB4,0xF6,0x32,0xE6,0x93,0xEE,
    0x6A,0x7B,0xE3,0x20,0x06,0x4A,0x12,0xDE,0x53,0xEE,0x32,0xE6,0x93,0xF6,0xA5,0x41,
    0x00,0x00,0x00,0x00,0x61,0x10,0xF1,0xDD,0x73,0xEE,0x52,0xE6,0x53,0xE6,0x53,0xE6,
    0x53,0xE6,0x53,0xE6,0x53,0xE6,0x53,0xE6,0x53,0xE6,0x53,0xE6,0x53,0xE6,0x53,0xE6,
    0x53,0xE6,0x53,0xE6,0x53,0xE6,0x53,0xE6,0x53,0xE6,0x53,0xE6,0x53,0xE6,0x53,0xE6,
    0x53,0xE6,0x53,0xE6,0x53,0xE6,0x53,0xE6,0x53,0xE6,0x53,0xE6,0x53,0xE6,0x53,0xE6,
    0x53,0xE6,0x53,0xE6,0x53,0xE6,0x53,0xE6,0x53,0xE6,0x53,0xE6,0x53,0xE6,0x53,0xE6,
    0x53,0xEE,0xD1,0xD5,0xC8,0x62,0xC2,0x18,0xB1,0xD5,0x73,0xEE,0x32,0xE6,0x53,0xE6,
    0x53,0xE6,0x53,0xE6,0x53,0xE6,0x53,0xE6,0x53,0xE6,0x53,0xE6,0x53,0xE6,0x53,0xE6,
    0x52,0xE6,0x53,0xEE,0xB4,0xF6,0x53,0xEE,0x52,0xE6,0x53,0xE6,0x53,0xE6,0x32,0xE6,
    0xB4,0xF6,0x90,0xCD,0x8A,0x83,0x70,0xCD,0x93,0xF6,0x53,0xEE,0xD1,0xD5,0xE5,0x41,
    0x00,0x00,0x20,0x00,0x00,0x00,0x00,0x00,0x00,0x00,0x20,0x00,0x00,0x00,0x84,0x39,
    0x8D,0xA4,0x23,0x29,0x00,0x00,0x00,0x00,0x00,0x00,0x20,0x08,0xA8,0x62,0x26,0x52,
    0x64,0x31,0x32,0xE6,0x73,0xEE,0x32,0xE6,0x53,0xE6,0x53,0xE6,0x53,0xE6,0x53,0xE6,
    0x53,0xE6,0x53,0xE6,0x53,0xE6,0x53,0xE6,0x53,0xE6,0x53,0xE6,0x53,0xE6,0x53,0xE6,
    0x53,0xE6,0x53,0xE6,0x53,0xE6,0x53,0xE6,0x53,0xE6,0x53,0xE6,0x53,0xE6,0x53,0xE6,
    0x53,0xE6,0x53,0xE6,0x53,0xE6,0x53,0xE6,0x53,0xE6,0x53,0xE6,0x53,0xE6,0x53,0xE6,
    0x53,0xE6,0x53,0xE6,0x53,0xE6,0x53,0xE6,0x53,0xE6,0x53,0xE6,0x53,0xE6,0x53,0xE6,
    0x53,0xE6,0x53,0xE6,0x53,0xE6,0x53,0xE6,0x32,0xE6,0xD4,0xFE,0x4F,0xBD,0xE6,0x49,
    0xE9,0x6A,0xA2,0x18,0x00,0x00,0x00,0x00,0x82,0x10,0x00,0x00,0xE9,0x6A,0xA8,0x62,
    0x00,0x00,0x20,0x00,0x00,0x00,0x00,0x00,0x00,0x00,0x00,0x00,0x61,0x10,0xEB,0x8B,
    0x0F,0xBD,0xF2,0xDD,0xB1,0xD5,0x67,0x5A,0xAE,0xAC,0xD4,0xFE,0x32,0xE6,0x52,0xE6,
    0x53,0xE6,0x53,0xE6,0x52,0xE6,0x73,0xEE,0x2F,0xBD,0x2F,0xBD,0x93,0xF6,0x32,0xE6,
    0x53,0xE6,0x53,0xE6,0x53,0xE6,0x53,0xE6,0x53,0xE6,0x53,0xE6,0x53,0xE6,0x53,0xE6,
    0x53,0xE6,0x32,0xE6,0x93,0xF6,0xCE,0xB4,0x8D,0xA4,0xD4,0xFE,0x73,0xEE,0x52,0xE6,
    0x53,0xE6,0x53,0xE6,0x53,0xE6,0x53,0xE6,0x53,0xE6,0x53,0xE6,0x53,0xE6,0x53,0xE6,
    0x53,0xE6,0x53,0xE6,0x53,0xE6,0x53,0xE6,0x53,0xE6,0x53,0xE6,0x53,0xE6,0x53,0xE6,
    0x53,0xE6,0x53,0xE6,0x53,0xE6,0x53,0xE6,0x53,0xE6,0x53,0xE6,0x53,0xE6,0x53,0xE6,
    0x53,0xE6,0x53,0xE6,0x53,0xE6,0x53,0xE6,0x53,0xE6,0x53,0xE6,0x53,0xE6,0x53,0xE6,
    0x53,0xE6,0x53,0xE6,0x53,0xE6,0x53,0xE6,0x53,0xE6,0x53,0xE6,0x53,0xE6,0x53,0xE6,
    0x12,0xDE,0xA2,0x18,0x00,0x00,0x00,0x00,0xAB,0x8B,0xB4,0xF6,0x32,0xE6,0x53,0xE6,
    0x93,0xF6,0x53,0xE6,0x93,0xEE,0x73,0xEE,0x32,0xE6,0x93,0xEE,0x70,0xC5,0x21,0x08,
    0x20,0x08,0x00,0x00,0x06,0x4A,0xB4,0xF6,0x32,0xE6,0x53,0xE6,0x53,0xE6,0x53,0xE6,
    0x53,0xE6,0x53,0xE6,0x53,0xE6,0x53,0xE6,0x53,0xE6,0x53,0xE6,0x53,0xE6,0x53,0xE6,
    0x53,0xE6,0x53,0xE6,0x53,0xE6,0x53,0xE6,0x53,0xE6,0x53,0xE6,0x53,0xE6,0x53,0xE6,
    0x53,0xE6,0x53,0xE6,0x53,0xE6,0x53,0xE6,0x53,0xE6,0x53,0xE6,0x53,0xE6,0x53,0xE6,
    0x53,0xE6,0x53,0xE6,0x53,0xE6,0x53,0xE6,0x53,0xE6,0x53,0xE6,0x53,0xE6,0x53,0xE6,
    0x52,0xE6,0x73,0xEE,0xB4,0xF6,0xF2,0xDD,0x53,0xEE,0x53,0xE6,0x53,0xE6,0x53,0xE6,
    0x53,0xE6,0x53,0xE6,0x53,0xE6,0x53,0xE6,0x53,0xE6,0x53,0xE6,0x53,0xE6,0x52,0xE6,
    0x73,0xEE,0xD1,0xD5,0x29,0x73,0xF2,0xDD,0x53,0xEE,0x53,0xE6,0x53,0xE6,0x53,0xE6,
    0x32,0xE6,0x93,0xEE,0x32,0xE6,0xAB,0x8B,0xCE,0xAC,0xB4,0xF6,0x32,0xE6,0x12,0xDE,
    0x47,0x52,0x00,0x00,0x20,0x00,0x00,0x00,0x00,0x00,0x00,0x00,0x20,0x00,0x00,0x00,
    0x84,0x39,0x6D,0xA4,0xE6,0x49,0xC5,0x41,0x20,0x00,0x20,0x08,0x00,0x00,0xC5,0x41,
    0xA5,0x39,0x64,0x31,0x73,0xEE,0x53,0xEE,0x32,0xE6,0x53,0xE6,0x53,0xE6,0x53,0xE6,
    0x53,0xE6,0x53,0xE6,0x53,0xE6,0x53,0xE6,0x53,0xE6,0x53,0xE6,0x53,0xE6,0x53,0xE6,
    0x53,0xE6,0x53,0xE6,0x53,0xE6,0x53,0xE6,0x53,0xE6,0x53,0xE6,0x53,0xE6,0x53,0xE6,
    0x53,0xE6,0x53,0xE6,0x53,0xE6,0x53,0xE6,0x53,0xE6,0x53,0xE6,0x53,0xE6,0x53,0xE6,
    0x53,0xE6,0x53,0xE6,0x53,0xE6,0x53,0xE6,0x53,0xE6,0x53,0xE6,0x53,0xE6,0x53,0xE6,
    0x53,0xE6,0x53,0xE6,0x53,0xE6,0x32,0xE6,0x93,0xEE,0x0F,0xBD,0x06,0x4A,0x6D,0xA4,
    0xE2,0x20,0x00,0x00,0x41,0x08,0x47,0x52,0x47,0x52,0x0C,0x94,0xA8,0x62,0x00,0x00,
    0x20,0x00,0x00,0x00,0x00,0x00,0x00,0x00,0x00,0x00,0x61,0x10,0xEB,0x8B,0x70,0xC5,
    0x73,0xEE,0x0F,0xBD,0xC5,0x41,0x0F,0xBD,0xD4,0xF6,0x32,0xE6,0x53,0xE6,0x53,0xE6,
    0x53,0xE6,0x53,0xE6,0x32,0xE6,0xD4,0xFE,0x4A,0x7B,0x41,0x08,0x32,0xE6,0x73,0xEE,
    0x52,0xE6,0x53,0xE6,0x53,0xE6,0x53,0xE6,0x53,0xE6,0x53,0xE6,0x53,0xE6,0x53,0xE6,
    0x53,0xE6,0x53,0xE6,0x32,0xE6,0x73,0xEE,0x93,0xF6,0x32,0xE6,0x52,0xE6,0x53,0xE6,
    0x53,0xE6,0x53,0xE6,0x53,0xE6,0x53,0xE6,0x53,0xE6,0x53,0xE6,0x53,0xE6,0x53,0xE6,
    0x53,0xE6,0x53,0xE6,0x53,0xE6,0x53,0xE6,0x53,0xE6,0x53,0xE6,0x53,0xE6,0x53,0xE6,
    0x53,0xE6,0x53,0xE6,0x53,0xE6,0x53,0xE6,0x53,0xE6,0x53,0xE6,0x53,0xE6,0x53,0xE6,
    0x53,0xE6,0x53,0xE6,0x53,0xE6,0x53,0xE6,0x53,0xE6,0x53,0xE6,0x53,0xE6,0x53,0xE6,
    0x53,0xE6,0x53,0xE6,0x53,0xE6,0x53,0xE6,0x53,0xE6,0x53,0xE6,0x53,0xE6,0x53,0xEE,
    0x32,0xE6,0xA2,0x18,0x00,0x00,0x00,0x00,0xAB,0x8B,0xB4,0xF6,0x32,0xE6,0x53,0xE6,
    0x32,0xE6,0x53,0xE6,0x52,0xE6,0x32,0xE6,0x53,0xE6,0xB4,0xF6,0xE6,0x49,0x00,0x00,
    0x00,0x00,0x61,0x10,0x91,0xCD,0x73,0xEE,0x32,0xE6,0x53,0xE6,0x53,0xE6,0x53,0xE6,
    0x53,0xE6,0x53,0xE6,0x53,0xE6,0x53,0xE6,0x53,0xE6,0x53,0xE6,0x53,0xE6,0x53,0xE6,
    0x53,0xE6,0x53,0xE6,0x53,0xE6,0x53,0xE6,0x53,0xE6,0x53,0xE6,0x53,0xE6,0x53,0xE6,
    0x53,0xE6,0x53,0xE6,0x53,0xE6,0x53,0xE6,0x53,0xE6,0x53,0xE6,0x53,0xE6,0x53,0xE6,
    0x53,0xE6,0x53,0xE6,0x53,0xE6,0x53,0xE6,0x53,0xE6,0x53,0xE6,0x53,0xE6,0x53,0xE6,
    0x53,0xE6,0x52,0xE6,0x32,0xE6,0x73,0xEE,0x52,0xE6,0x53,0xE6,0x53,0xE6,0x53,0xE6,
    0x53,0xE6,0x53,0xE6,0x53,0xE6,0x53,0xE6,0x53,0xE6,0x53,0xE6,0x53,0xE6,0x32,0xE6,
    0xD4,0xFE,0x47,0x52,0x82,0x10,0x32,0xE6,0x53,0xEE,0x53,0xE6,0x53,0xE6,0x53,0xE6,
    0x53,0xE6,0x32,0xE6,0x73,0xEE,0x93,0xEE,0x0C,0x94,0x4D,0x9C,0xB4,0xF6,0x32,0xE6,
    0x73,0xEE,0xE9,0x6A,0x00,0x00,0x00,0x00,0x00,0x00,0x00,0x00,0x00,0x00,0x20,0x00,
    0x00,0x00,0x44,0x31,0xEC,0x93,0xE5,0x41,0x20,0x00,0x00,0x00,0x20,0x00,0x00,0x00,
    0x88,0x62,0x23,0x29,0x47,0x52,0x93,0xF6,0x53,0xE6,0x52,0xE6,0x53,0xE6,0x53,0xE6,
    0x53,0xE6,0x53,0xE6,0x53,0xE6,0x53,0xE6,0x53,0xE6,0x53,0xE6,0x53,0xE6,0x53,0xE6,
    0x53,0xE6,0x53,0xE6,0x53,0xE6,0x53,0xE6,0x53,0xE6,0x53,0xE6,0x53,0xE6,0x53,0xE6,
    0x53,0xE6,0x53,0xE6,0x53,0xE6,0x53,0xE6,0x53,0xE6,0x53,0xE6,0x53,0xE6,0x53,0xE6,
    0x53,0xE6,0x53,0xE6,0x53,0xE6,0x53,0xE6,0x53,0xE6,0x53,0xE6,0x53,0xE6,0x53,0xE6,
    0x53,0xE6,0x53,0xE6,0x32,0xE6,0x73,0xEE,0xF2,0xDD,0xA8,0x62,0x4A,0x7B,0x88,0x62,
    0x81,0x10,0x00,0x00,0xC2,0x18,0xA2,0x18,0x4D,0x9C,0x8A,0x83,0x00,0x00,0x20,0x00,
    0x00,0x00,0x00,0x00,0x00,0x00,0x00,0x00,0x81,0x10,0x4D,0x9C,0x70,0xC5,0xB4,0xF6,
    0xCE,0xAC,0xE6,0x49,0xB1,0xD5,0xB4,0xF6,0x32,0xE6,0x53,0xE6,0x53,0xE6,0x53,0xE6,
    0x53,0xE6,0x53,0xE6,0x53,0xE6,0x52,0xE6,0x93,0xF6,0x44,0x31,0x06,0x4A,0xD4,0xFE,
    0x32,0xE6,0x53,0xE6,0x53,0xE6,0x53,0xE6,0x53,0xE6,0x53,0xE6,0x53,0xE6,0x53,0xE6,
    0x53,0xE6,0x53,0xE6,0x53,0xE6,0x32,0xE6,0x32,0xE6,0x53,0xE6,0x53,0xE6,0x53,0xE6,
    0x53,0xE6,0x53,0xE6,0x53,0xE6,0x53,0xE6,0x53,0xE6,0x53,0xE6,0x53,0xE6,0x53,0xE6,
    0x53,0xE6,0x53,0xE6,0x53,0xE6,0x53,0xE6,0x53,0xE6,0x53,0xE6,0x53,0xE6,0x53,0xE6,
    0x53,0xE6,0x53,0xE6,0x53,0xE6,0x53,0xE6,0x53,0xE6,0x53,0xE6,0x53,0xE6,0x53,0xE6,
    0x53,0xE6,0x53,0xE6,0x53,0xE6,0x53,0xE6,0x53,0xE6,0x53,0xE6,0x53,0xE6,0x53,0xE6,
    0x53,0xE6,0x53,0xE6,0x53,0xE6,0x53,0xE6,0x53,0xE6,0x53,0xE6,0x53,0xE6,0x53,0xEE,
    0x32,0xE6,0xA2,0x18,0x00,0x00,0x00,0x00,0xAB,0x8B,0xB4,0xF6,0x32,0xE6,0x53,0xE6,
    0x53,0xE6,0x53,0xE6,0x52,0xE6,0x52,0xE6,0xB4,0xF6,0xA8,0x62,0x00,0x00,0x00,0x00,
    0xC2,0x20,0xEF,0xB4,0x93,0xF6,0x32,0xE6,0x53,0xE6,0x53,0xE6,0x53,0xE6,0x53,0xE6,
    0x53,0xE6,0x53,0xE6,0x53,0xE6,0x53,0xE6,0x53,0xE6,0x53,0xE6,0x53,0xE6,0x53,0xE6,
    0x53,0xE6,0x53,0xE6,0x53,0xE6,0x53,0xE6,0x53,0xE6,0x53,0xE6,0x53,0xE6,0x53,0xE6,
    0x53,0xE6,0x53,0xE6,0x53,0xE6,0x53,0xE6,0x53,0xE6,0x53,0xE6,0x53,0xE6,0x53,0xE6,
    0x53,0xE6,0x53,0xE6,0x53,0xE6,0x53,0xE6,0x53,0xE6,0x53,0xE6,0x53,0xE6,0x53,0xE6,
    0x53,0xE6,0x53,0xE6,0x53,0xE6,0x52,0xE6,0x53,0xE6,0x53,0xE6,0x53,0xE6,0x53,0xE6,
    0x53,0xE6,0x53,0xE6,0x53,0xE6,0x53,0xE6,0x53,0xE6,0x53,0xE6,0x32,0xE6,0xB4,0xF6,
    0x4D,0x9C,0x00,0x00,0x70,0xC5,0xB4,0xF6,0x32,0xE6,0x53,0xE6,0x53,0xE6,0x53,0xE6,
    0x53,0xE6,0x53,0xE6,0x52,0xE6,0x52,0xE6,0xB4,0xF6,0x6D,0xA4,0x0C,0x94,0x93,0xEE,
    0x53,0xE6,0x93,0xF6,0x6A,0x7B,0x00,0x00,0x20,0x00,0x00,0x00,0x00,0x00,0x00,0x00,
    0x20,0x00,0x00,0x00,0x84,0x39,0xAB,0x83,0x81,0x10,0x00,0x00,0x00,0x00,0x00,0x00,
    0x41,0x08,0xE9,0x6A,0x20,0x08,0xA8,0x62,0x93,0xF6,0x32,0xE6,0x53,0xE6,0x53,0xE6,
    0x53,0xE6,0x53,0xE6,0x53,0xE6,0x53,0xE6,0x53,0xE6,0x53,0xE6,0x53,0xE6,0x53,0xE6,
    0x53,0xE6,0x53,0xE6,0x53,0xE6,0x53,0xE6,0x53,0xE6,0x53,0xE6,0x53,0xE6,0x53,0xE6,
    0x53,0xE6,0x53,0xE6,0x53,0xE6,0x53,0xE6,0x53,0xE6,0x53,0xE6,0x53,0xE6,0x53,0xE6,
    0x53,0xE6,0x53,0xE6,0x53,0xE6,0x53,0xE6,0x53,0xE6,0x53,0xE6,0x53,0xE6,0x53,0xE6,
    0x53,0xE6,0x53,0xE6,0x52,0xE6,0x53,0xE6,0x84,0x39,0xC8,0x6A,0x44,0x31,0x00,0x00,
    0x00,0x00,0xC2,0x18,0x61,0x10,0x06,0x4A,0x6A,0x7B,0x00,0x00,0x00,0x00,0x00,0x00,
    0x00,0x00,0x20,0x00,0x00,0x00,0x03,0x29,0x4D,0x9C,0x50,0xC5,0xB4,0xF6,0x6D,0xA4,
    0x47,0x52,0x32,0xE6,0x93,0xEE,0x32,0xE6,0x53,0xE6,0x53,0xE6,0x53,0xE6,0x53,0xE6,
    0x53,0xE6,0x53,0xE6,0x53,0xE6,0x32,0xE6,0x73,0xEE,0xD1,0xD5,0x00,0x00,0x2C,0x94,
    0xD4,0xFE,0x32,0xE6,0x53,0xE6,0x53,0xE6,0x53,0xE6,0x53,0xE6,0x53,0xE6,0x53,0xE6,
    0x53,0xE6,0x53,0xE6,0x53,0xE6,0x53,0xE6,0x53,0xE6,0x53,0xE6,0x53,0xE6,0x53,0xE6,
    0x53,0xE6,0x53,0xE6,0x53,0xE6,0x53,0xE6,0x53,0xE6,0x53,0xE6,0x53,0xE6,0x53,0xE6,
    0x53,0xE6,0x53,0xE6,0x53,0xE6,0x53,0xE6,0x53,0xE6,0x53,0xE6,0x53,0xE6,0x53,0xE6,
    0x53,0xE6,0x53,0xE6,0x53,0xE6,0x53,0xE6,0x53,0xE6,0x53,0xE6,0x53,0xE6,0x53,0xE6,
    0x53,0xE6,0x53,0xE6,0x53,0xE6,0x53,0xE6,0x53,0xE6,0x53,0xE6,0x53,0xE6,0x53,0xE6,
    0x53,0xE6,0x53,0xE6,0x53,0xE6,0x53,0xE6,0x53,0xE6,0x53,0xE6,0x53,0xE6,0x53,0xEE,
    0x32,0xE6,0xA2,0x18,0x00,0x00,0x00,0x00,0xAB,0x8B,0xB4,0xF6,0x32,0xE6,0x53,0xE6,
    0x53,0xE6,0x52,0xE6,0x52,0xE6,0xB4,0xF6,0xA8,0x62,0x00,0x00,0x00,0x00,0x06,0x4A,
    0xD1,0xD5,0xB4,0xF6,0x32,0xE6,0x53,0xE6,0x53,0xE6,0x53,0xE6,0x53,0xE6,0x53,0xE6,
    0x53,0xE6,0x53,0xE6,0x53,0xE6,0x53,0xE6,0x53,0xE6,0x53,0xE6,0x53,0xE6,0x53,0xE6,
    0x53,0xE6,0x53,0xE6,0x53,0xE6,0x53,0xE6,0x53,0xE6,0x53,0xE6,0x53,0xE6,0x53,0xE6,
    0x53,0xE6,0x53,0xE6,0x53,0xE6,0x53,0xE6,0x53,0xE6,0x53,0xE6,0x53,0xE6,0x53,0xE6,
    0x53,0xE6,0x53,0xE6,0x32,0xE6,0x52,0xE6,0x53,0xE6,0x53,0xE6,0x53,0xE6,0x53,0xE6,
    0x53,0xE6,0x53,0xE6,0x53,0xE6,0x53,0xE6,0x53,0xE6,0x53,0xE6,0x53,0xE6,0x53,0xE6,
    0x53,0xE6,0x53,0xE6,0x53,0xE6,0x53,0xE6,0x53,0xE6,0x32,0xE6,0x73,0xEE,0xF2,0xDD,
    0x20,0x00,0xAB,0x83,0xD4,0xFE,0x32,0xE6,0x53,0xE6,0x53,0xE6,0x53,0xE6,0x53,0xE6,
    0x53,0xE6,0x53,0xE6,0x53,0xE6,0x53,0xE6,0x32,0xE6,0xB4,0xF6,0xAE,0xAC,0x8A,0x83,
    0x73,0xEE,0x32,0xE6,0x93,0xEE,0x8B,0x83,0x00,0x00,0x20,0x00,0x00,0x00,0x00,0x00,
    0x00,0x00,0x20,0x00,0x00,0x00,0x87,0x5A,0xAE,0xAC,0x61,0x10,0xA2,0x18,0x41,0x08,
    0x00,0x00,0x20,0x08,0xE6,0x49,0x44,0x31,0xAE,0xAC,0xB4,0xF6,0x32,0xE6,0x53,0xE6,
    0x53,0xE6,0x53,0xE6,0x53,0xE6,0x53,0xE6,0x53,0xE6,0x53,0xE6,0x53,0xE6,0x53,0xE6,
    0x53,0xE6,0x53,0xE6,0x53,0xE6,0x53,0xE6,0x53,0xE6,0x53,0xE6,0x53,0xE6,0x53,0xE6,
    0x53,0xE6,0x53,0xE6,0x53,0xE6,0x53,0xE6,0x53,0xE6,0x53,0xE6,0x53,0xE6,0x53,0xE6,
    0x53,0xE6,0x53,0xE6,0x53,0xE6,0x53,0xE6,0x53,0xE6,0x53,0xE6,0x53,0xE6,0x53,0xE6,
    0x53,0xE6,0x32,0xE6,0xF5,0xFE,0xA8,0x62,0xA5,0x39,0x03,0x29,0x00,0x00,0x20,0x00,
    0xE3,0x20,0xC5,0x41,0x06,0x4A,0xAB,0x8B,0x00,0x00,0x00,0x00,0x00,0x00,0x00,0x00,
    0x00,0x00,0x00,0x00,0xC2,0x18,0x4D,0x9C,0x4F,0xBD,0xB4,0xF6,0x2C,0x9C,0x47,0x52,
    0x53,0xEE,0x73,0xEE,0x32,0xE6,0x53,0xE6,0x53,0xE6,0x53,0xE6,0x53,0xE6,0x53,0xE6,
    0x53,0xE6,0x53,0xE6,0x53,0xE6,0x53,0xE6,0x32,0xE6,0xD4,0xFE,0x2C,0x94,0x00,0x00,
    0x90,0xCD,0x73,0xEE,0x32,0xE6,0x53,0xE6,0x53,0xE6,0x53,0xE6,0x53,0xE6,0x53,0xE6,
    0x53,0xE6,0x53,0xE6,0x53,0xE6,0x53,0xE6,0x53,0xE6,0x53,0xE6,0x53,0xE6,0x53,0xE6,
    0x53,0xE6,0x53,0xE6,0x52,0xE6,0x53,0xE6,0x52,0xE6,0x53,0xE6,0x53,0xE6,0x53,0xE6,
    0x53,0xE6,0x53,0xE6,0x53,0xE6,0x52,0xE6,0x53,0xE6,0x53,0xE6,0x53,0xE6,0x53,0xE6,
    0x53,0xE6,0x53,0xE6,0x53,0xE6,0x53,0xE6,0x53,0xE6,0x53,0xE6,0x53,0xE6,0x53,0xE6,
    0x53,0xE6,0x53,0xE6,0x53,0xE6,0x53,0xE6,0x53,0xE6,0x53,0xE6,0x53,0xE6,0x53,0xE6,
    0x53,0xE6,0x53,0xE6,0x53,0xE6,0x53,0xE6,0x53,0xE6,0x53,0xE6,0x53,0xE6,0x53,0xEE,
    0x32,0xE6,0xA2,0x18,0x00,0x00,0x00,0x00,0xAB,0x8B,0xB4,0xF6,0x32,0xE6,0x53,0xE6,
    0x52,0xE6,0x53,0xE6,0xB4,0xF6,0xA8,0x62,0x00,0x00,0xA2,0x18,0x4D,0x9C,0x94,0xF6,
    0x73,0xEE,0x32,0xE6,0x53,0xE6,0x53,0xE6,0x53,0xE6,0x53,0xE6,0x53,0xE6,0x53,0xE6,
    0x53,0xE6,0x53,0xE6,0x53,0xE6,0x53,0xE6,0x53,0xE6,0x53,0xE6,0x53,0xE6,0x53,0xE6,
    0x53,0xE6,0x53,0xE6,0x53,0xE6,0x53,0xE6,0x53,0xE6,0x53,0xE6,0x53,0xE6,0x53,0xE6,
    0x53,0xE6,0x53,0xE6,0x53,0xE6,0x53,0xE6,0x53,0xE6,0x53,0xE6,0x53,0xE6,0x53,0xE6,
    0x53,0xE6,0x52,0xE6,0x93,0xEE,0x73,0xEE,0x53,0xE6,0x53,0xE6,0x53,0xE6,0x53,0xE6,
    0x53,0xE6,0x53,0xE6,0x53,0xE6,0x53,0xE6,0x53,0xE6,0x53,0xE6,0x53,0xE6,0x53,0xE6,
    0x53,0xE6,0x53,0xE6,0x53,0xE6,0x53,0xE6,0x53,0xE6,0x53,0xE6,0x93,0xEE,0x84,0x39,
    0xA5,0x39,0xB4,0xF6,0x32,0xE6,0x53,0xE6,0x53,0xE6,0x53,0xE6,0x53,0xE6,0x53,0xE6,
    0x53,0xE6,0x53,0xE6,0x53,0xE6,0x53,0xE6,0x53,0xE6,0x32,0xE6,0xB4,0xF6,0x0F,0xB5,
    0x8B,0x83,0x53,0xEE,0x53,0xE6,0xB4,0xF6,0x8B,0x83,0x00,0x00,0x20,0x00,0x00,0x00,
    0x00,0x00,0x00,0x00,0x20,0x00,0x00,0x00,0x87,0x5A,0xAB,0x8B,0x03,0x29,0xA2,0x18,
    0x00,0x00,0x00,0x00,0x41,0x08,0x06,0x4A,0x81,0x10,0x8D,0xA4,0xD4,0xF6,0x32,0xE6,
    0x53,0xE6,0x53,0xE6,0x53,0xE6,0x53,0xE6,0x53,0xE6,0x53,0xE6,0x53,0xE6,0x53,0xE6,
    0x53,0xE6,0x53,0xE6,0x53,0xE6,0x53,0xE6,0x53,0xE6,0x53,0xE6,0x53,0xE6,0x53,0xE6,
    0x53,0xE6,0x53,0xE6,0x53,0xE6,0x53,0xE6,0x53,0xE6,0x53,0xE6,0x53,0xE6,0x53,0xE6,
    0x53,0xE6,0x53,0xE6,0x53,0xE6,0x53,0xE6,0x53,0xE6,0x53,0xE6,0x53,0xE6,0x53,0xE6,
    0x32,0xE6,0xB4,0xF6,0x0C,0x94,0x47,0x52,0x47,0x52,0x00,0x00,0x20,0x08,0x20,0x00,
    0xC5,0x41,0x29,0x73,0x6A,0x83,0x41,0x08,0x00,0x00,0x00,0x00,0x00,0x00,0x00,0x00,
    0x00,0x00,0xC2,0x20,0x2C,0x9C,0x2F,0xBD,0xB4,0xF6,0x2C,0x94,0xA8,0x62,0x73,0xEE,
    0x73,0xEE,0x32,0xE6,0x53,0xE6,0x53,0xE6,0x53,0xE6,0x53,0xE6,0x53,0xE6,0x53,0xE6,
    0x53,0xE6,0x53,0xE6,0x53,0xE6,0x53,0xE6,0x53,0xE6,0x32,0xE6,0xD4,0xFE,0x06,0x4A,
    0x44,0x31,0xB4,0xF6,0x52,0xE6,0x53,0xE6,0x53,0xE6,0x53,0xE6,0x53,0xE6,0x53,0xE6,
    0x53,0xE6,0x53,0xE6,0x53,0xE6,0x53,0xE6,0x53,0xE6,0x53,0xE6,0x53,0xE6,0x53,0xE6,
    0x53,0xE6,0x32,0xE6,0x73,0xEE,0x73,0xEE,0x73,0xEE,0x53,0xE6,0x53,0xE6,0x53,0xE6,
    0x53,0xE6,0x53,0xE6,0x32,0xE6,0x73,0xEE,0x53,0xE6,0x53,0xE6,0x53,0xE6,0x53,0xE6,
    0x53,0xE6,0x53,0xE6,0x53,0xE6,0x53,0xE6,0x53,0xE6,0x53,0xE6,0x53,0xE6,0x53,0xE6,
    0x53,0xE6,0x53,0xE6,0x53,0xE6,0x53,0xE6,0x53,0xE6,0x53,0xE6,0x53,0xE6,0x53,0xE6,
    0x53,0xE6,0x53,0xE6,0x53,0xE6,0x53,0xE6,0x53,0xE6,0x53,0xE6,0x53,0xE6,0x53,0xEE,
    0x32,0xE6,0xA2,0x18,0x00,0x00,0x00,0x00,0xAB,0x8B,0xB4,0xF6,0x32,0xE6,0x53,0xE6,
    0x52,0xE6,0x93,0xF6,0xA8,0x62,0x00,0x00,0xE5,0x41,0xB1,0xD5,0xB4,0xF6,0x32,0xE6,
    0x32,0xE6,0x53,0xE6,0x32,0xE6,0x52,0xE6,0x53,0xE6,0x53,0xE6,0x53,0xE6,0x53,0xE6,
    0x53,0xE6,0x53,0xE6,0x53,0xE6,0x53,0xE6,0x53,0xE6,0x53,0xE6,0x53,0xE6,0x53,0xE6,
    0x53,0xE6,0x53,0xE6,0x53,0xE6,0x53,0xE6,0x53,0xE6,0x53,0xE6,0x53,0xE6,0x53,0xE6,
    0x53,0xE6,0x53,0xE6,0x53,0xE6,0x53,0xE6,0x53,0xE6,0x53,0xE6,0x53,0xE6,0x53,0xE6,
    0x32,0xE6,0x73,0xEE,0x50,0xC5,0x70,0xCD,0x53,0xEE,0x53,0xE6,0x53,0xE6,0x53,0xE6,
    0x53,0xE6,0x53,0xE6,0x53,0xE6,0x53,0xE6,0x53,0xE6,0x53,0xE6,0x53,0xE6,0x53,0xE6,
    0x53,0xE6,0x53,0xE6,0x53,0xE6,0x53,0xE6,0x32,0xE6,0x93,0xF6,0xEF,0xB4,0xC2,0x18,
    0xF2,0xDD,0x73,0xEE,0x52,0xE6,0x53,0xE6,0x53,0xE6,0x53,0xE6,0x53,0xE6,0x53,0xE6,
    0x53,0xE6,0x53,0xE6,0x53,0xE6,0x53,0xE6,0x53,0xE6,0x53,0xE6,0x32,0xE6,0xB4,0xF6,
    0x70,0xC5,0x8B,0x83,0x32,0xE6,0x53,0xEE,0xB4,0xF6,0xAB,0x83,0x00,0x00,0x20,0x00,
    0x00,0x00,0x00,0x00,0x00,0x00,0x20,0x00,0x00,0x00,0xA8,0x62,0xE8,0x6A,0x00,0x00,
    0x26,0x52,0x20,0x08,0x00,0x00,0xA2,0x18,0x47,0x52,0x61,0x10,0x70,0xC5,0x93,0xF6,
    0x32,0xE6,0x53,0xE6,0x53,0xE6,0x53,0xE6,0x53,0xE6,0x53,0xE6,0x53,0xE6,0x53,0xE6,
    0x53,0xE6,0x53,0xE6,0x53,0xE6,0x53,0xE6,0x53,0xE6,0x53,0xE6,0x53,0xE6,0x53,0xE6,
    0x53,0xE6,0x53,0xE6,0x53,0xE6,0x53,0xE6,0x53,0xE6,0x53,0xE6,0x53,0xE6,0x53,0xE6,
    0x53,0xE6,0x53,0xE6,0x53,0xE6,0x53,0xE6,0x53,0xE6,0x53,0xE6,0x53,0xE6,0x32,0xE6,
    0xD4,0xFE,0xEC,0x93,0x44,0x31,0x47,0x52,0x20,0x08,0x00,0x00,0x00,0x00,0x00,0x00,
    0x67,0x5A,0xAE,0xAC,0x20,0x08,0x00,0x00,0x00,0x00,0x00,0x00,0x00,0x00,0x00,0x00,
    0xE3,0x20,0x6D,0xA4,0x50,0xC5,0xD4,0xFE,0x0C,0x94,0xE8,0x6A,0xB4,0xF6,0x53,0xEE,
    0x32,0xE6,0x53,0xE6,0x53,0xE6,0x53,0xE6,0x53,0xE6,0x53,0xE6,0x53,0xE6,0x53,0xE6,
    0x53,0xE6,0x53,0xE6,0x53,0xE6,0x53,0xE6,0x53,0xE6,0x52,0xE6,0x73,0xEE,0xF2,0xDD,
    0x0F,0xBD,0x73,0xEE,0x53,0xE6,0x53,0xE6,0x53,0xE6,0x53,0xE6,0x53,0xE6,0x53,0xE6,
    0x53,0xE6,0x53,0xE6,0x53,0xE6,0x53,0xE6,0x53,0xE6,0x53,0xE6,0x53,0xE6,0x53,0xE6,
    0x32,0xE6,0xB4,0xF6,0x50,0xC5,0x64,0x31,0xE9,0x6A,0x93,0xF6,0x32,0xE6,0x53,0xE6,
    0x53,0xE6,0x12,0xDE,0xB4,0xF6,0x2F,0xBD,0x03,0x29,0x6A,0x7B,0xB4,0xF6,0x32,0xE6,
    0x53,0xE6,0x53,0xE6,0x53,0xE6,0x53,0xE6,0x53,0xE6,0x53,0xE6,0x53,0xE6,0x53,0xE6,
    0x53,0xE6,0x53,0xE6,0x53,0xE6,0x53,0xE6,0x53,0xE6,0x53,0xE6,0x53,0xE6,0x53,0xE6,
    0x53,0xE6,0x53,0xE6,0x53,0xE6,0x53,0xE6,0x53,0xE6,0x53,0xE6,0x53,0xE6,0x53,0xEE,
    0x32,0xE6,0xA2,0x18,0x00,0x00,0x00,0x00,0xAB,0x8B,0xB4,0xF6,0x32,0xE6,0x32,0xE6,
    0xB4,0xF6,0x29,0x73,0x00,0x00,0x29,0x73,0xB4,0xF6,0x93,0xF6,0x53,0xE6,0x53,0xEE,
    0x93,0xF6,0xF2,0xDD,0x03,0x21,0xEF,0xB4,0x93,0xF6,0x32,0xE6,0x53,0xE6,0x53,0xE6,
    0x53,0xE6,0x53,0xE6,0x53,0xE6,0x53,0xE6,0x53,0xE6,0x53,0xE6,0x53,0xE6,0x53,0xE6,
    0x53,0xE6,0x53,0xE6,0x53,0xE6,0x53,0xE6,0x53,0xE6,0x53,0xE6,0x53,0xE6,0x53,0xE6,
    0x53,0xE6,0x53,0xE6,0x53,0xE6,0x53,0xE6,0x53,0xE6,0x53,0xE6,0x52,0xE6,0x32,0xE6,
    0xD4,0xFE,0x8D,0xAC,0x00,0x00,0xA5,0x39,0x93,0xF6,0x32,0xE6,0x53,0xE6,0x53,0xE6,
    0x53,0xE6,0x53,0xE6,0x53,0xE6,0x53,0xE6,0x53,0xE6,0x53,0xE6,0x53,0xE6,0x53,0xE6,
    0x53,0xE6,0x53,0xE6,0x53,0xE6,0x53,0xE6,0x53,0xE6,0x53,0xE6,0x32,0xE6,0x12,0xDE,
    0x73,0xEE,0x52,0xE6,0x53,0xE6,0x53,0xE6,0x53,0xE6,0x53,0xE6,0x53,0xE6,0x53,0xE6,
    0x53,0xE6,0x53,0xE6,0x53,0xE6,0x53,0xE6,0x53,0xE6,0x53,0xE6,0x53,0xE6,0x32,0xE6,
    0xB4,0xF6,0x70,0xCD,0x6A,0x83,0x12,0xDE,0x53,0xEE,0xB4,0xF6,0xAB,0x83,0x00,0x00,
    0x20,0x00,0x00,0x00,0x00,0x00,0x00,0x00,0x20,0x00,0x00,0x00,0xAB,0x83,0x87,0x5A,
    0xA8,0x62,0xC8,0x62,0x00,0x00,0x00,0x00,0x03,0x29,0x44,0x31,0xA2,0x18,0x32,0xE6,
    0x73,0xEE,0x52,0xE6,0x53,0xE6,0x53,0xE6,0x53,0xE6,0x53,0xE6,0x53,0xE6,0x53,0xE6,
    0x53,0xE6,0x53,0xE6,0x53,0xE6,0x53,0xE6,0x53,0xE6,0x53,0xE6,0x53,0xE6,0x53,0xE6,
    0x53,0xE6,0x53,0xE6,0x53,0xE6,0x53,0xE6,0x53,0xE6,0x53,0xE6,0x53,0xE6,0x53,0xE6,
    0x53,0xE6,0x53,0xE6,0x53,0xE6,0x53,0xE6,0x53,0xE6,0x53,0xE6,0x32,0xE6,0xB4,0xF6,
    0x0F,0xBD,0xC2,0x18,0x67,0x5A,0x00,0x00,0x20,0x08,0xA2,0x18,0x64,0x31,0xA5,0x39,
    0x50,0xC5,0x41,0x08,0x00,0x00,0x00,0x00,0x00,0x00,0x00,0x00,0x00,0x00,0xC2,0x20,
    0x8D,0xA4,0x0F,0xBD,0xB4,0xF6,0x0C,0x94,0xE8,0x6A,0xB4,0xF6,0x53,0xE6,0x52,0xE6,
    0x53,0xE6,0x53,0xE6,0x32,0xE6,0x53,0xE6,0x53,0xE6,0x53,0xE6,0x53,0xE6,0x53,0xE6,
    0x53,0xE6,0x53,0xE6,0x53,0xE6,0x53,0xE6,0x53,0xE6,0x53,0xE6,0x52,0xE6,0x73,0xEE,
    0x93,0xF6,0x52,0xE6,0x53,0xE6,0x53,0xE6,0x53,0xE6,0x53,0xE6,0x53,0xE6,0x53,0xE6,
    0x53,0xE6,0x53,0xE6,0x53,0xE6,0x53,0xE6,0x53,0xE6,0x53,0xE6,0x53,0xE6,0x53,0xE6,
    0xD4,0xFE,0xB1,0xD5,0x03,0x29,0x00,0x00,0x84,0x39,0x94,0xF6,0x32,0xE6,0x53,0xE6,
    0x53,0xEE,0xD4,0xFE,0xD1,0xD5,0x23,0x29,0x00,0x00,0x88,0x62,0xD4,0xFE,0x32,0xE6,
    0x53,0xE6,0x53,0xE6,0x53,0xE6,0x53,0xE6,0x53,0xE6,0x53,0xE6,0x53,0xE6,0x53,0xE6,
    0x53,0xE6,0x53,0xE6,0x53,0xE6,0x53,0xE6,0x53,0xE6,0x53,0xE6,0x53,0xE6,0x53,0xE6,
    0x53,0xE6,0x53,0xE6,0x53,0xE6,0x53,0xE6,0x53,0xE6,0x53,0xE6,0x53,0xE6,0x53,0xE6,
    0x12,0xDE,0xA2,0x18,0x00,0x00,0x00,0x00,0xAB,0x83,0xB4,0xF6,0x12,0xDE,0xB4,0xF6,
    0xCE,0xAC,0x00,0x00,0x84,0x39,0x53,0xE6,0xF2,0xDD,0xD1,0xD5,0xF2,0xDD,0xD1,0xD5,
    0x32,0xE6,0xC8,0x62,0x00,0x00,0xB1,0xD5,0x73,0xEE,0x52,0xE6,0x53,0xE6,0x53,0xE6,
    0x53,0xE6,0x53,0xE6,0x53,0xE6,0x53,0xE6,0x53,0xE6,0x53,0xE6,0x53,0xE6,0x53,0xE6,
    0x53,0xE6,0x53,0xE6,0x53,0xE6,0x53,0xE6,0x53,0xE6,0x53,0xE6,0x53,0xE6,0x53,0xE6,
    0x53,0xE6,0x53,0xE6,0x53,0xE6,0x53,0xE6,0x53,0xE6,0x52,0xE6,0x73,0xEE,0xF4,0xFE,
    0x8D,0xAC,0x41,0x08,0x00,0x00,0xA5,0x41,0x93,0xF6,0x32,0xE6,0x53,0xE6,0x53,0xE6,
    0x53,0xE6,0x53,0xE6,0x53,0xE6,0x53,0xE6,0x53,0xE6,0x53,0xE6,0x53,0xE6,0x53,0xE6,
    0x53,0xE6,0x53,0xE6,0x53,0xE6,0x53,0xE6,0x53,0xE6,0x53,0xE6,0x53,0xE6,0x53,0xEE,
    0x52,0xE6,0x53,0xE6,0x53,0xE6,0x53,0xE6,0x53,0xE6,0x53,0xE6,0x53,0xE6,0x53,0xE6,
    0x53,0xE6,0x53,0xE6,0x53,0xE6,0x53,0xE6,0x32,0xE6,0x32,0xE6,0x53,0xE6,0x53,0xE6,
    0x32,0xE6,0x94,0xF6,0x91,0xCD,0x8B,0x83,0x32,0xE6,0x53,0xE6,0x73,0xEE,0x6A,0x83,
    0x00,0x00,0x20,0x00,0x00,0x00,0x00,0x00,0x00,0x00,0x00,0x00,0x00,0x00,0x0C,0x94,
    0xA5,0x41,0x23,0x29,0x47,0x52,0x00,0x00,0x00,0x00,0xC2,0x18,0x23,0x29,0xA5,0x41,
    0xB4,0xF6,0x32,0xE6,0x53,0xE6,0x53,0xE6,0x53,0xE6,0x53,0xE6,0x53,0xE6,0x53,0xE6,
    0x53,0xE6,0x53,0xE6,0x53,0xE6,0x53,0xE6,0x53,0xE6,0x53,0xE6,0x53,0xE6,0x53,0xE6,
    0x53,0xE6,0x53,0xE6,0x53,0xE6,0x53,0xE6,0x53,0xE6,0x53,0xE6,0x53,0xE6,0x53,0xE6,
    0x53,0xE6,0x53,0xE6,0x53,0xE6,0x53,0xE6,0x53,0xE6,0x32,0xE6,0x93,0xEE,0x70,0xCD,
    0x23,0x29,0xC8,0x62,0x61,0x10,0x00,0x00,0x61,0x10,0xCB,0x8B,0x47,0x52,0xCE,0xB4,
    0x44,0x29,0x00,0x00,0x00,0x00,0x00,0x00,0x00,0x00,0x00,0x00,0x61,0x10,0xEC,0x93,
    0x4F,0xC5,0x93,0xF6,0x0C,0x94,0xC8,0x6A,0x94,0xF6,0x53,0xE6,0x52,0xE6,0x53,0xE6,
    0x53,0xE6,0x53,0xEE,0x94,0xF6,0x52,0xE6,0x53,0xE6,0x53,0xE6,0x53,0xE6,0x53,0xE6,
    0x53,0xE6,0x53,0xE6,0x53,0xE6,0x53,0xE6,0x53,0xE6,0x53,0xE6,0x53,0xE6,0x52,0xE6,
    0x32,0xE6,0x53,0xE6,0x53,0xE6,0x53,0xE6,0x53,0xE6,0x53,0xE6,0x53,0xE6,0x53,0xE6,
    0x53,0xE6,0x53,0xE6,0x53,0xE6,0x53,0xE6,0x53,0xE6,0x53,0xE6,0x53,0xE6,0x12,0xDE,
    0xAB,0x83,0xA2,0x18,0x00,0x00,0x00,0x00,0xC5,0x41,0x94,0xF6,0x32,0xE6,0x53,0xEE,
    0xF2,0xDD,0xCB,0x8B,0x82,0x10,0x00,0x00,0x00,0x00,0xA8,0x62,0xD4,0xF6,0x32,0xE6,
    0x53,0xE6,0x53,0xE6,0x53,0xE6,0x53,0xE6,0x53,0xE6,0x53,0xE6,0x53,0xE6,0x53,0xE6,
    0x53,0xE6,0x53,0xE6,0x53,0xE6,0x53,0xE6,0x53,0xE6,0x53,0xE6,0x53,0xE6,0x53,0xE6,
    0x53,0xE6,0x53,0xE6,0x53,0xE6,0x53,0xE6,0x53,0xE6,0x53,0xE6,0x53,0xE6,0x73,0xEE,
    0x73,0xEE,0xC2,0x18,0x00,0x00,0x00,0x00,0xEC,0x93,0xF4,0xFE,0x32,0xE6,0x73,0xEE,
    0x64,0x31,0x00,0x00,0x61,0x10,0x81,0x10,0x61,0x10,0x81,0x10,0x61,0x10,0x81,0x10,
    0x81,0x10,0x00,0x00,0x03,0x21,0x52,0xE6,0x53,0xE6,0x53,0xE6,0x53,0xE6,0x53,0xE6,
    0x53,0xE6,0x53,0xE6,0x53,0xE6,0x53,0xE6,0x53,0xE6,0x53,0xE6,0x53,0xE6,0x53,0xE6,
    0x53,0xE6,0x53,0xE6,0x53,0xE6,0x53,0xE6,0x53,0xE6,0x53,0xE6,0x53,0xE6,0x53,0xE6,
    0x53,0xE6,0x53,0xE6,0x53,0xE6,0x53,0xE6,0x52,0xE6,0x73,0xEE,0x70,0xCD,0xC5,0x41,
    0x00,0x00,0x00,0x00,0x00,0x00,0xA5,0x39,0x93,0xF6,0x32,0xE6,0x53,0xE6,0x53,0xE6,
    0x53,0xE6,0x53,0xE6,0x53,0xE6,0x53,0xE6,0x53,0xE6,0x53,0xE6,0x53,0xE6,0x53,0xE6,
    0x53,0xE6,0x53,0xE6,0x53,0xE6,0x53,0xE6,0x53,0xE6,0x53,0xE6,0x53,0xE6,0x52,0xE6,
    0x53,0xE6,0x53,0xE6,0x53,0xE6,0x53,0xE6,0x53,0xE6,0x53,0xE6,0x53,0xE6,0x53,0xE6,
    0x53,0xE6,0x53,0xE6,0x53,0xE6,0x32,0xE6,0x73,0xEE,0xB4,0xF6,0x52,0xE6,0x53,0xE6,
    0x53,0xE6,0x32,0xE6,0x93,0xF6,0xB1,0xCD,0xCB,0x8B,0x32,0xE6,0x12,0xDE,0x53,0xE6,
    0x4A,0x7B,0x00,0x00,0x20,0x00,0x00,0x00,0x00,0x00,0x00,0x00,0x00,0x00,0x81,0x10,
    0x4D,0x9C,0xC2,0x18,0x49,0x7B,0x67,0x5A,0x00,0x00,0x00,0x00,0x26,0x4A,0xC2,0x20,
    0xCB,0x8B,0xD4,0xFE,0x32,0xE6,0x53,0xE6,0x53,0xE6,0x53,0xE6,0x53,0xE6,0x53,0xE6,
    0x53,0xE6,0x53,0xE6,0x53,0xE6,0x53,0xE6,0x53,0xE6,0x53,0xE6,0x53,0xE6,0x53,0xE6,
    0x53,0xE6,0x53,0xE6,0x53,0xE6,0x53,0xE6,0x53,0xE6,0x53,0xE6,0x53,0xE6,0x53,0xE6,
    0x53,0xE6,0x53,0xE6,0x53,0xE6,0x53,0xE6,0x53,0xE6,0x53,0xE6,0x73,0xEE,0xAB,0x83,
    0x88,0x62,0x44,0x31,0x00,0x00,0xE3,0x20,0xE9,0x6A,0x87,0x5A,0xAE,0xAC,0x06,0x4A,
    0x00,0x00,0x20,0x00,0x00,0x00,0x00,0x00,0x00,0x00,0x00,0x00,0xCB,0x8B,0x70,0xCD,
    0x93,0xF6,0x6D,0xA4,0xA8,0x62,0x93,0xF6,0x53,0xE6,0x52,0xE6,0x53,0xE6,0x53,0xE6,
    0x53,0xEE,0x12,0xDE,0xAE,0xAC,0x93,0xEE,0x52,0xE6,0x53,0xE6,0x53,0xE6,0x53,0xE6,
    0x53,0xE6,0x53,0xE6,0x53,0xE6,0x53,0xE6,0x53,0xE6,0x53,0xE6,0x53,0xE6,0x53,0xE6,
    0x53,0xE6,0x53,0xE6,0x53,0xE6,0x53,0xE6,0x53,0xE6,0x53,0xE6,0x53,0xE6,0x53,0xE6,
    0x53,0xE6,0x53,0xE6,0x53,0xE6,0x53,0xE6,0x53,0xE6,0x32,0xE6,0xB4,0xF6,0x8E,0xAC,
    0x00,0x00,0x00,0x00,0x20,0x08,0x00,0x00,0xC5,0x41,0x94,0xF6,0x32,0xE6,0xD4,0xF6,
    0xAB,0x83,0x00,0x00,0x00,0x00,0x20,0x08,0x00,0x00,0xA8,0x62,0xD4,0xF6,0x32,0xE6,
    0x53,0xE6,0x53,0xE6,0x53,0xE6,0x53,0xE6,0x53,0xE6,0x53,0xE6,0x53,0xE6,0x53,0xE6,
    0x53,0xE6,0x53,0xE6,0x53,0xE6,0x53,0xE6,0x53,0xE6,0x53,0xE6,0x53,0xE6,0x53,0xE6,
    0x53,0xE6,0x53,0xE6,0x53,0xE6,0x53,0xE6,0x53,0xE6,0x53,0xE6,0x53,0xE6,0x12,0xDE,
    0x8D,0xAC,0x41,0x08,0x00,0x00,0x00,0x00,0x67,0x52,0xF2,0xDD,0x93,0xEE,0x2F,0xBD,
    0x00,0x00,0x00,0x00,0x00,0x00,0x00,0x00,0x00,0x00,0x00,0x00,0x00,0x00,0x00,0x00,
    0x00,0x00,0x00,0x00,0xC5,0x41,0xB4,0xF6,0x32,0xE6,0x53,0xE6,0x53,0xE6,0x53,0xE6,
    0x53,0xE6,0x53,0xE6,0x53,0xE6,0x53,0xE6,0x53,0xE6,0x53,0xE6,0x53,0xE6,0x53,0xE6,
    0x53,0xE6,0x53,0xE6,0x53,0xE6,0x53,0xE6,0x53,0xE6,0x53,0xE6,0x53,0xE6,0x53,0xE6,
    0x53,0xE6,0x53,0xE6,0x53,0xE6,0x53,0xE6,0x32,0xE6,0x93,0xF6,0x0F,0xB5,0xA5,0x39,
    0x61,0x10,0x20,0x00,0x00,0x00,0xA5,0x39,0x93,0xF6,0x32,0xE6,0x53,0xE6,0x53,0xE6,
    0x53,0xE6,0x53,0xE6,0x53,0xE6,0x53,0xE6,0x53,0xE6,0x53,0xE6,0x53,0xE6,0x53,0xE6,
    0x53,0xE6,0x53,0xE6,0x53,0xE6,0x53,0xE6,0x53,0xE6,0x53,0xE6,0x53,0xE6,0x53,0xE6,
    0x53,0xE6,0x53,0xE6,0x53,0xE6,0x53,0xE6,0x53,0xE6,0x53,0xE6,0x53,0xE6,0x53,0xE6,
    0x53,0xE6,0x53,0xE6,0x32,0xE6,0xB4,0xF6,0x2F,0xBD,0xCB,0x8B,0x73,0xEE,0x52,0xE6,
    0x53,0xE6,0x53,0xE6,0x32,0xE6,0x93,0xEE,0xD1,0xD5,0xEB,0x8B,0x32,0xE6,0x32,0xE6,
    0x93,0xF6,0x87,0x5A,0x00,0x00,0x20,0x00,0x00,0x00,0x00,0x00,0x00,0x00,0x00,0x00,
    0x23,0x29,0x8D,0xAC,0x61,0x10,0x29,0x73,0x44,0x31,0x00,0x00,0x00,0x00,0x06,0x4A,
    0xE3,0x20,0x70,0xC5,0x93,0xF6,0x32,0xE6,0x53,0xE6,0x53,0xE6,0x53,0xE6,0x53,0xE6,
    0x53,0xE6,0x53,0xE6,0x53,0xE6,0x53,0xE6,0x53,0xE6,0x53,0xE6,0x53,0xE6,0x53,0xE6,
    0x53,0xE6,0x53,0xE6,0x53,0xE6,0x53,0xE6,0x53,0xE6,0x53,0xE6,0x53,0xE6,0x53,0xE6,
    0x53,0xE6,0x53,0xE6,0x53,0xE6,0x53,0xE6,0x32,0xE6,0xD4,0xFE,0x29,0x73,0xAB,0x83,
    0xA5,0x39,0x00,0x00,0x61,0x10,0x06,0x4A,0x64,0x31,0x0C,0x94,0xC8,0x62,0x00,0x00,
    0x20,0x08,0x00,0x00,0x00,0x00,0x20,0x00,0x00,0x00,0x4A,0x7B,0x2F,0xBD,0x93,0xEE,
    0x0F,0xB5,0xC8,0x62,0x73,0xEE,0x53,0xEE,0x52,0xE6,0x53,0xE6,0x53,0xE6,0x52,0xE6,
    0x73,0xEE,0xB1,0xCD,0x00,0x00,0x29,0x73,0xD4,0xFE,0x32,0xE6,0x53,0xE6,0x53,0xE6,
    0x53,0xE6,0x53,0xE6,0x53,0xE6,0x53,0xE6,0x53,0xE6,0x53,0xE6,0x53,0xE6,0x53,0xE6,
    0x53,0xE6,0x53,0xE6,0x53,0xE6,0x53,0xE6,0x53,0xE6,0x53,0xE6,0x53,0xE6,0x53,0xE6,
    0x53,0xE6,0x53,0xE6,0x53,0xE6,0x53,0xE6,0x53,0xE6,0x53,0xE6,0x53,0xE6,0x12,0xDE,
    0x12,0xDE,0x06,0x4A,0x00,0x00,0x00,0x00,0xC5,0x41,0x94,0xF6,0x32,0xE6,0x53,0xEE,
    0xD1,0xD5,0x90,0xCD,0xA5,0x41,0x00,0x00,0x00,0x00,0xA8,0x62,0xD4,0xF6,0x32,0xE6,
    0x53,0xE6,0x53,0xE6,0x53,0xE6,0x53,0xE6,0x53,0xE6,0x53,0xE6,0x53,0xE6,0x53,0xE6,
    0x53,0xE6,0x53,0xE6,0x53,0xE6,0x53,0xE6,0x53,0xE6,0x53,0xE6,0x53,0xE6,0x53,0xE6,
    0x53,0xE6,0x53,0xE6,0x53,0xE6,0x53,0xE6,0x53,0xE6,0x32,0xE6,0xB4,0xF6,0xA8,0x62,
    0x00,0x00,0x00,0x00,0x00,0x00,0x00,0x00,0x00,0x00,0x81,0x10,0x32,0xE6,0xAE,0xAC,
    0x00,0x00,0x00,0x00,0x00,0x00,0x00,0x00,0x00,0x00,0x00,0x00,0x00,0x00,0x00,0x00,
    0x20,0x08,0x00,0x00,0xE9,0x6A,0xB4,0xF6,0x32,0xE6,0x53,0xE6,0x53,0xE6,0x53,0xE6,
    0x53,0xE6,0x53,0xE6,0x53,0xE6,0x53,0xE6,0x53,0xE6,0x53,0xE6,0x53,0xE6,0x53,0xE6,
    0x53,0xE6,0x53,0xE6,0x53,0xE6,0x53,0xE6,0x53,0xE6,0x53,0xE6,0x53,0xE6,0x53,0xE6,
    0x53,0xE6,0x53,0xE6,0x53,0xE6,0x53,0xE6,0x53,0xE6,0x52,0xE6,0x53,0xE6,0x35,0xFF,
    0xC8,0x62,0x00,0x00,0x00,0x00,0xA5,0x39,0x93,0xF6,0x32,0xE6,0x53,0xE6,0x53,0xE6,
    0x53,0xE6,0x53,0xE6,0x53,0xE6,0x53,0xE6,0x53,0xE6,0x53,0xE6,0x53,0xE6,0x53,0xE6,
    0x53,0xE6,0x53,0xE6,0x53,0xE6,0x53,0xE6,0x53,0xE6,0x53,0xE6,0x53,0xE6,0x53,0xE6,
    0x53,0xE6,0x53,0xE6,0x53,0xE6,0x53,0xE6,0x53,0xE6,0x53,0xE6,0x53,0xE6,0x53,0xE6,
    0x53,0xE6,0x32,0xE6,0x93,0xF6,0xD1,0xD5,0x61,0x10,0xA8,0x62,0xB4,0xF6,0x32,0xE6,
    0x53,0xE6,0x53,0xE6,0x53,0xE6,0x32,0xE6,0x93,0xF6,0x91,0xCD,0xEC,0x93,0x73,0xEE,
    0x32,0xE6,0x53,0xEE,0x47,0x52,0x00,0x00,0x20,0x00,0x00,0x00,0x00,0x00,0x20,0x00,
    0x00,0x00,0x06,0x4A,0x4D,0x9C,0x00,0x00,0x88,0x5A,0x81,0x10,0x00,0x00,0x41,0x08,
    0x47,0x52,0xC5,0x41,0x12,0xDE,0x73,0xEE,0x52,0xE6,0x53,0xE6,0x53,0xE6,0x53,0xE6,
    0x53,0xE6,0x53,0xE6,0x53,0xE6,0x53,0xE6,0x53,0xE6,0x53,0xE6,0x53,0xE6,0x53,0xE6,
    0x53,0xE6,0x53,0xE6,0x53,0xE6,0x53,0xE6,0x53,0xE6,0x53,0xE6,0x53,0xE6,0x53,0xE6,
    0x53,0xE6,0x53,0xE6,0x53,0xE6,0x32,0xE6,0xB4,0xF6,0x4D,0xA4,0xE5,0x41,0x6A,0x7B,
    0x00,0x00,0x20,0x08,0x44,0x31,0xE2,0x20,0x47,0x52,0x4A,0x7B,0x00,0x00,0x20,0x08,
    0x00,0x00,0x00,0x00,0x20,0x00,0x00,0x00,0xA8,0x62,0x70,0xCD,0x32,0xE6,0x70,0xC5,
    0xA8,0x62,0x52,0xE6,0x73,0xEE,0x32,0xE6,0x53,0xE6,0x53,0xE6,0x53,0xE6,0x53,0xE6,
    0x32,0xE6,0x93,0xF6,0xCE,0xB4,0x00,0x00,0xCB,0x8B,0xD4,0xFE,0x32,0xE6,0x53,0xE6,
    0x53,0xE6,0x53,0xE6,0x53,0xE6,0x53,0xE6,0x53,0xE6,0x53,0xE6,0x53,0xE6,0x53,0xE6,
    0x53,0xE6,0x53,0xE6,0x53,0xE6,0x53,0xE6,0x53,0xE6,0x53,0xE6,0x53,0xE6,0x53,0xE6,
    0x53,0xE6,0x53,0xE6,0x53,0xE6,0x53,0xE6,0x53,0xE6,0x53,0xE6,0x53,0xE6,0x32,0xE6,
    0xF5,0xFE,0x88,0x5A,0x00,0x00,0x00,0x00,0xC5,0x41,0x94,0xF6,0x32,0xE6,0x53,0xE6,
    0x53,0xE6,0x15,0xFF,0xC8,0x6A,0x00,0x00,0x00,0x00,0xA8,0x62,0xD4,0xF6,0x32,0xE6,
    0x53,0xE6,0x53,0xE6,0x53,0xE6,0x53,0xE6,0x53,0xE6,0x53,0xE6,0x53,0xE6,0x53,0xE6,
    0x53,0xE6,0x53,0xE6,0x53,0xE6,0x53,0xE6,0x53,0xE6,0x53,0xE6,0x53,0xE6,0x53,0xE6,
    0x53,0xE6,0x53,0xE6,0x53,0xE6,0x53,0xE6,0x53,0xE6,0x53,0xE6,0x53,0xEE,0xB1,0xCD,
    0x50,0xC5,0x2F,0xBD,0x2F,0xBD,0x4F,0xC5,0x2F,0xBD,0x2F,0xBD,0x32,0xE6,0x12,0xDE,
    0x50,0xC5,0x50,0xC5,0x50,0xC5,0x50,0xC5,0x50,0xC5,0x50,0xC5,0x50,0xC5,0x50,0xC5,
    0x70,0xC5,0x70,0xC5,0xD1,0xD5,0x53,0xEE,0x53,0xE6,0x53,0xE6,0x53,0xE6,0x53,0xE6,
    0x53,0xE6,0x53,0xE6,0x53,0xE6,0x53,0xE6,0x53,0xE6,0x53,0xE6,0x53,0xE6,0x53,0xE6,
    0x53,0xE6,0x53,0xE6,0x53,0xE6,0x53,0xE6,0x53,0xE6,0x53,0xE6,0x53,0xE6,0x53,0xE6,
    0x53,0xE6,0x53,0xE6,0x53,0xE6,0x53,0xE6,0x53,0xE6,0x53,0xE6,0x32,0xE6,0xB4,0xF6,
    0x09,0x73,0x00,0x00,0x00,0x00,0xA5,0x39,0x93,0xF6,0x32,0xE6,0x53,0xE6,0x53,0xE6,
    0x53,0xE6,0x53,0xE6,0x53,0xE6,0x53,0xE6,0x53,0xE6,0x53,0xE6,0x53,0xE6,0x53,0xE6,
    0x53,0xE6,0x53,0xE6,0x53,0xE6,0x53,0xE6,0x53,0xE6,0x53,0xE6,0x53,0xE6,0x53,0xE6,
    0x53,0xE6,0x53,0xE6,0x53,0xE6,0x53,0xE6,0x53,0xE6,0x53,0xE6,0x53,0xE6,0x53,0xE6,
    0x32,0xE6,0x73,0xEE,0xF2,0xDD,0x81,0x10,0xE6,0x49,0xD4,0xF6,0x52,0xE6,0x53,0xE6,
    0x53,0xE6,0x53,0xE6,0x53,0xE6,0x53,0xE6,0x32,0xE6,0x94,0xF6,0x50,0xC5,0xCB,0x8B,
    0x73,0xEE,0x32,0xE6,0x53,0xE6,0x44,0x29,0x00,0x00,0x00,0x00,0x00,0x00,0x00,0x00,
    0x20,0x00,0x00,0x00,0x09,0x73,0x09,0x73,0x61,0x10,0xA8,0x62,0x03,0x29,0xA2,0x18,
    0x44,0x31,0xC5,0x41,0x64,0x31,0xB4,0xF6,0x52,0xE6,0x53,0xE6,0x53,0xE6,0x53,0xE6,
    0x53,0xE6,0x53,0xE6,0x53,0xE6,0x53,0xE6,0x53,0xE6,0x53,0xE6,0x53,0xE6,0x53,0xE6,
    0x53,0xE6,0x53,0xE6,0x53,0xE6,0x53,0xE6,0x53,0xE6,0x53,0xE6,0x53,0xE6,0x53,0xE6,
    0x53,0xE6,0x53,0xE6,0x52,0xE6,0x73,0xEE,0x12,0xDE,0x06,0x4A,0x47,0x52,0x61,0x10,
    0x00,0x00,0xC2,0x20,0x26,0x52,0x84,0x39,0x2C,0x9C,0x00,0x00,0x20,0x08,0x00,0x00,
    0x00,0x00,0x20,0x00,0x00,0x00,0xA5,0x41,0xEE,0xB4,0xF2,0xDD,0xB1,0xD5,0xC8,0x6A,
    0x12,0xDE,0x73,0xEE,0x32,0xE6,0x53,0xE6,0x53,0xE6,0x53,0xE6,0x53,0xE6,0x53,0xE6,
    0x53,0xE6,0x32,0xE6,0xD4,0xFE,0xCE,0xAC,0x00,0x00,0x6D,0xA4,0xF4,0xFE,0x32,0xE6,
    0x53,0xE6,0x53,0xE6,0x53,0xE6,0x53,0xE6,0x53,0xE6,0x53,0xE6,0x53,0xE6,0x53,0xE6,
    0x53,0xE6,0x53,0xE6,0x53,0xE6,0x53,0xE6,0x53,0xE6,0x53,0xE6,0x53,0xE6,0x53,0xE6,
    0x53,0xE6,0x53,0xE6,0x53,0xE6,0x53,0xE6,0x53,0xE6,0x53,0xE6,0x53,0xE6,0x32,0xE6,
    0xB4,0xF6,0x87,0x5A,0x00,0x00,0x00,0x00,0xC5,0x41,0x94,0xF6,0x32,0xE6,0x53,0xE6,
    0x32,0xE6,0xB4,0xF6,0xA8,0x62,0x00,0x00,0x00,0x00,0xA8,0x62,0xD4,0xF6,0x32,0xE6,
    0x53,0xE6,0x53,0xE6,0x53,0xE6,0x53,0xE6,0x53,0xE6,0x53,0xE6,0x53,0xE6,0x53,0xE6,
    0x53,0xE6,0x53,0xE6,0x53,0xE6,0x53,0xE6,0x53,0xE6,0x53,0xE6,0x53,0xE6,0x53,0xE6,
    0x53,0xE6,0x53,0xE6,0x53,0xE6,0x53,0xE6,0x53,0xE6,0x53,0xE6,0x53,0xE6,0x73,0xEE,
    0x93,0xEE,0x93,0xEE,0x93,0xF6,0x93,0xEE,0x93,0xEE,0x93,0xF6,0x53,0xE6,0x53,0xEE,
    0x93,0xEE,0x93,0xEE,0x93,0xEE,0x93,0xEE,0x93,0xEE,0x93,0xEE,0x93,0xEE,0x93,0xEE,
    0x93,0xEE,0x93,0xEE,0x73,0xEE,0x53,0xE6,0x53,0xE6,0x53,0xE6,0x53,0xE6,0x53,0xE6,
    0x53,0xE6,0x53,0xE6,0x53,0xE6,0x53,0xE6,0x53,0xE6,0x53,0xE6,0x53,0xE6,0x53,0xE6,
    0x53,0xE6,0x53,0xE6,0x53,0xE6,0x53,0xE6,0x53,0xE6,0x53,0xE6,0x53,0xE6,0x53,0xE6,
    0x53,0xE6,0x53,0xE6,0x53,0xE6,0x53,0xE6,0x53,0xE6,0x53,0xE6,0x32,0xE6,0xB4,0xF6,
    0x49,0x7B,0x00,0x00,0x00,0x00,0xA5,0x39,0x93,0xF6,0x32,0xE6,0x53,0xE6,0x53,0xE6,
    0x53,0xE6,0x53,0xE6,0x53,0xE6,0x53,0xE6,0x53,0xE6,0x53,0xE6,0x53,0xE6,0x53,0xE6,
    0x53,0xE6,0x53,0xE6,0x53,0xE6,0x53,0xE6,0x53,0xE6,0x53,0xE6,0x53,0xE6,0x53,0xE6,
    0x53,0xE6,0x53,0xE6,0x53,0xE6,0x53,0xE6,0x53,0xE6,0x53,0xE6,0x53,0xE6,0x52,0xE6,
    0x73,0xEE,0x73,0xEE,0xE3,0x20,0xC5,0x41,0x93,0xF6,0x53,0xE6,0x52,0xE6,0x53,0xE6,
    0x53,0xE6,0x53,0xE6,0x53,0xE6,0x53,0xE6,0x53,0xE6,0x32,0xE6,0xB4,0xF6,0x2F,0xBD,
    0x2C,0x9C,0x93,0xEE,0x73,0xEE,0xB1,0xD5,0x81,0x10,0x00,0x00,0x00,0x00,0x00,0x00,
    0x00,0x00,0x20,0x00,0x00,0x00,0xEC,0x93,0xC5,0x41,0xE3,0x20,0x67,0x5A,0x41,0x08,
    0x00,0x00,0x06,0x4A,0xA2,0x18,0xE9,0x6A,0xD4,0xFE,0x32,0xE6,0x53,0xE6,0x53,0xE6,
    0x53,0xE6,0x53,0xE6,0x53,0xE6,0x53,0xE6,0x53,0xE6,0x53,0xE6,0x53,0xE6,0x53,0xE6,
    0x53,0xE6,0x53,0xE6,0x53,0xE6,0x53,0xE6,0x53,0xE6,0x53,0xE6,0x53,0xE6,0x53,0xE6,
    0x53,0xE6,0x53,0xE6,0x32,0xE6,0x93,0xF6,0x47,0x52,0xC8,0x6A,0xE3,0x20,0x00,0x00,
    0x00,0x00,0xA5,0x39,0xA5,0x39,0x4D,0x9C,0xA2,0x18,0x20,0x00,0x00,0x00,0x00,0x00,
    0x00,0x00,0x00,0x00,0x23,0x29,0xAE,0xAC,0xB1,0xD5,0xF2,0xDD,0xA8,0x62,0x91,0xCD,
    0x93,0xF6,0x32,0xE6,0x53,0xE6,0x53,0xE6,0x53,0xE6,0x53,0xE6,0x53,0xE6,0x53,0xE6,
    0x53,0xE6,0x53,0xE6,0x32,0xE6,0xD4,0xFE,0xEC,0x93,0x00,0x00,0x4D,0x9C,0x93,0xF6,
    0x32,0xE6,0x53,0xE6,0x53,0xE6,0x53,0xE6,0x53,0xE6,0x53,0xE6,0x53,0xE6,0x53,0xE6,
    0x53,0xE6,0x53,0xE6,0x53,0xE6,0x53,0xE6,0x53,0xE6,0x53,0xE6,0x53,0xE6,0x53,0xE6,
    0x53,0xE6,0x53,0xE6,0x53,0xE6,0x53,0xE6,0x53,0xE6,0x53,0xE6,0x53,0xE6,0x32,0xE6,
    0xB4,0xF6,0xC8,0x62,0x00,0x00,0x00,0x00,0xC5,0x41,0x94,0xF6,0x32,0xE6,0x53,0xE6,
    0x32,0xE6,0xB4,0xF6,0x87,0x5A,0x00,0x00,0x00,0x00,0xA8,0x62,0xD4,0xF6,0x32,0xE6,
    0x53,0xE6,0x53,0xE6,0x53,0xE6,0x53,0xE6,0x53,0xE6,0x53,0xE6,0x53,0xE6,0x53,0xE6,
    0x53,0xE6,0x53,0xE6,0x53,0xE6,0x53,0xE6,0x53,0xE6,0x53,0xE6,0x53,0xE6,0x53,0xE6,
    0x53,0xE6,0x53,0xE6,0x53,0xE6,0x53,0xE6,0x53,0xE6,0x53,0xE6,0x53,0xE6,0x52,0xE6,
    0x32,0xE6,0x32,0xE6,0x32,0xE6,0x32,0xE6,0x32,0xE6,0x32,0xE6,0x53,0xE6,0x53,0xE6,
    0x32,0xE6,0x32,0xE6,0x32,0xE6,0x32,0xE6,0x32,0xE6,0x32,0xE6,0x32,0xE6,0x32,0xE6,
    0x32,0xE6,0x32,0xE6,0x52,0xE6,0x53,0xE6,0x53,0xE6,0x53,0xE6,0x53,0xE6,0x53,0xE6,
    0x53,0xE6,0x53,0xE6,0x53,0xE6,0x53,0xE6,0x53,0xE6,0x53,0xE6,0x53,0xE6,0x53,0xE6,
    0x53,0xE6,0x53,0xE6,0x53,0xE6,0x53,0xE6,0x53,0xE6,0x53,0xE6,0x53,0xE6,0x53,0xE6,
    0x53,0xE6,0x53,0xE6,0x53,0xE6,0x53,0xE6,0x53,0xE6,0x53,0xE6,0x32,0xE6,0xB4,0xF6,
    0x6A,0x7B,0x00,0x00,0x00,0x00,0xA5,0x39,0x93,0xF6,0x32,0xE6,0x53,0xE6,0x53,0xE6,
    0x53,0xE6,0x53,0xE6,0x53,0xE6,0x53,0xE6,0x53,0xE6,0x53,0xE6,0x53,0xE6,0x53,0xE6,
    0x53,0xE6,0x53,0xE6,0x53,0xE6,0x53,0xE6,0x53,0xE6,0x53,0xE6,0x53,0xE6,0x53,0xE6,
    0x53,0xE6,0x53,0xE6,0x53,0xE6,0x53,0xE6,0x53,0xE6,0x53,0xE6,0x53,0xE6,0x53,0xE6,
    0x73,0xEE,0x64,0x31,0x03,0x29,0x93,0xF6,0x53,0xEE,0x32,0xE6,0x53,0xE6,0x53,0xE6,
    0x53,0xE6,0x53,0xE6,0x53,0xE6,0x53,0xE6,0x53,0xE6,0x53,0xE6,0x32,0xE6,0xB4,0xF6,
    0xAE,0xAC,0x4D,0x9C,0x94,0xF6,0x93,0xEE,0x0F,0xBD,0x41,0x08,0x00,0x00,0x00,0x00,
    0x00,0x00,0x00,0x00,0x00,0x00,0x61,0x10,0xCE,0xB4,0xC2,0x20,0x61,0x10,0x00,0x00,
    0x20,0x00,0x00,0x00,0x26,0x52,0x67,0x5A,0x0F,0xB5,0x93,0xF6,0x32,0xE6,0x53,0xE6,
    0x53,0xE6,0x53,0xE6,0x53,0xE6,0x53,0xE6,0x53,0xE6,0x53,0xE6,0x53,0xE6,0x53,0xE6,
    0x53,0xE6,0x53,0xE6,0x53,0xE6,0x53,0xE6,0x53,0xE6,0x53,0xE6,0x53,0xE6,0x53,0xE6,
    0x53,0xE6,0x32,0xE6,0xB4,0xF6,0xCB,0x8B,0xE3,0x20,0x47,0x52,0x00,0x00,0x00,0x00,
    0x20,0x08,0x61,0x08,0x6D,0xA4,0x64,0x31,0x00,0x00,0x21,0x08,0x00,0x00,0x00,0x00,
    0x00,0x00,0xA2,0x18,0xAE,0xAC,0x50,0xC5,0x73,0xEE,0x09,0x6B,0x0F,0xB5,0xB4,0xF6,
    0x32,0xE6,0x53,0xE6,0x53,0xE6,0x53,0xE6,0x53,0xE6,0x53,0xE6,0x53,0xE6,0x53,0xE6,
    0x53,0xE6,0x53,0xE6,0x53,0xE6,0x32,0xE6,0xD4,0xFE,0x6A,0x7B,0x4A,0x7B,0xB4,0xF6,
    0x32,0xE6,0x53,0xE6,0x53,0xE6,0x53,0xE6,0x53,0xE6,0x53,0xE6,0x53,0xE6,0x53,0xE6,
    0x53,0xE6,0x53,0xE6,0x53,0xE6,0x53,0xE6,0x53,0xE6,0x53,0xE6,0x53,0xE6,0x53,0xE6,
    0x53,0xE6,0x53,0xE6,0x53,0xE6,0x53,0xE6,0x53,0xE6,0x53,0xE6,0x53,0xE6,0x32,0xE6,
    0xB4,0xF6,0xC8,0x6A,0x00,0x00,0x00,0x00,0xC5,0x41,0x94,0xF6,0x32,0xE6,0x53,0xE6,
    0x32,0xE6,0xB4,0xF6,0x67,0x5A,0x00,0x00,0x00,0x00,0xA8,0x62,0xD4,0xF6,0x32,0xE6,
    0x53,0xE6,0x53,0xE6,0x53,0xE6,0x53,0xE6,0x53,0xE6,0x53,0xE6,0x53,0xE6,0x53,0xE6,
    0x53,0xE6,0x53,0xE6,0x53,0xE6,0x53,0xE6,0x53,0xE6,0x53,0xE6,0x53,0xE6,0x53,0xE6,
    0x53,0xE6,0x53,0xE6,0x53,0xE6,0x53,0xE6,0x53,0xE6,0x53,0xE6,0x53,0xE6,0x53,0xE6,
    0x53,0xE6,0x53,0xE6,0x53,0xE6,0x53,0xE6,0x53,0xE6,0x53,0xE6,0x53,0xE6,0x53,0xE6,
    0x53,0xE6,0x53,0xE6,0x53,0xE6,0x53,0xE6,0x53,0xE6,0x53,0xE6,0x53,0xE6,0x53,0xE6,
    0x53,0xE6,0x53,0xE6,0x53,0xE6,0x53,0xE6,0x53,0xE6,0x53,0xE6,0x53,0xE6,0x53,0xE6,
    0x53,0xE6,0x53,0xE6,0x53,0xE6,0x53,0xE6,0x53,0xE6,0x53,0xE6,0x53,0xE6,0x53,0xE6,
    0x53,0xE6,0x53,0xE6,0x53,0xE6,0x53,0xE6,0x53,0xE6,0x53,0xE6,0x53,0xE6,0x53,0xE6,
    0x53,0xE6,0x53,0xE6,0x53,0xE6,0x53,0xE6,0x53,0xE6,0x53,0xE6,0x32,0xE6,0xB4,0xF6,
    0x6A,0x7B,0x00,0x00,0x00,0x00,0xA5,0x39,0x93,0xF6,0x32,0xE6,0x53,0xE6,0x53,0xE6,
    0x53,0xE6,0x53,0xE6,0x53,0xE6,0x53,0xE6,0x53,0xE6,0x53,0xE6,0x53,0xE6,0x53,0xE6,
    0x53,0xE6,0x53,0xE6,0x53,0xE6,0x53,0xE6,0x53,0xE6,0x53,0xE6,0x53,0xE6,0x53,0xE6,
    0x53,0xE6,0x53,0xE6,0x53,0xE6,0x53,0xE6,0x53,0xE6,0x53,0xE6,0x53,0xE6,0x53,0xEE,
    0x32,0xE6,0xE9,0x6A,0x90,0xCD,0x93,0xEE,0x32,0xE6,0x53,0xE6,0x53,0xE6,0x53,0xE6,
    0x53,0xE6,0x53,0xE6,0x53,0xE6,0x53,0xE6,0x53,0xE6,0x53,0xE6,0x53,0xE6,0x32,0xE6,
    0xB4,0xF6,0x0C,0x94,0x8D,0xAC,0x93,0xEE,0xB4,0xF6,0x2C,0x9C,0x00,0x00,0x20,0x00,
    0x00,0x00,0x00,0x00,0x00,0x00,0x00,0x00,0x44,0x31,0xAE,0xAC,0x00,0x00,0x41,0x08,
    0x00,0x00,0x41,0x08,0x44,0x31,0xE9,0x6A,0x44,0x31,0x93,0xEE,0x32,0xE6,0x53,0xE6,
    0x53,0xE6,0x53,0xE6,0x53,0xE6,0x53,0xE6,0x53,0xE6,0x53,0xE6,0x53,0xE6,0x53,0xE6,
    0x53,0xE6,0x53,0xE6,0x53,0xE6,0x53,0xE6,0x53,0xE6,0x53,0xE6,0x53,0xE6,0x53,0xE6,
    0x32,0xE6,0x94,0xF6,0x0F,0xBD,0xA5,0x39,0xC5,0x41,0x00,0x00,0x00,0x00,0xC2,0x18,
    0x00,0x00,0xC8,0x62,0xA8,0x62,0x00,0x00,0x20,0x00,0x00,0x00,0x00,0x00,0x00,0x00,
    0x20,0x00,0x0C,0x94,0x70,0xC5,0x93,0xEE,0x8B,0x83,0x4D,0x9C,0xD4,0xF6,0x32,0xE6,
    0x53,0xE6,0x53,0xE6,0x53,0xE6,0x53,0xE6,0x53,0xE6,0x53,0xE6,0x53,0xE6,0x53,0xE6,
    0x53,0xE6,0x53,0xE6,0x53,0xE6,0x53,0xE6,0x32,0xE6,0x94,0xF6,0x93,0xF6,0x53,0xE6,
    0x53,0xE6,0x53,0xE6,0x53,0xE6,0x53,0xE6,0x53,0xE6,0x53,0xE6,0x53,0xE6,0x53,0xE6,
    0x53,0xE6,0x53,0xE6,0x53,0xE6,0x53,0xE6,0x53,0xE6,0x53,0xE6,0x53,0xE6,0x53,0xE6,
    0x53,0xE6,0x53,0xE6,0x53,0xE6,0x53,0xE6,0x53,0xE6,0x53,0xE6,0x53,0xE6,0x32,0xE6,
    0xB4,0xF6,0xA8,0x62,0x00,0x00,0x00,0x00,0xC5,0x41,0x94,0xF6,0x32,0xE6,0x53,0xE6,
    0x32,0xE6,0xB4,0xF6,0x67,0x5A,0x00,0x00,0x00,0x00,0xA8,0x62,0xD4,0xF6,0x32,0xE6,
    0x53,0xE6,0x53,0xE6,0x53,0xE6,0x53,0xE6,0x53,0xE6,0x53,0xE6,0x53,0xE6,0x53,0xE6,
    0x53,0xE6,0x53,0xE6,0x53,0xE6,0x53,0xE6,0x53,0xE6,0x53,0xE6,0x53,0xE6,0x53,0xE6,
    0x53,0xE6,0x53,0xE6,0x53,0xE6,0x53,0xE6,0x53,0xE6,0x53,0xE6,0x53,0xE6,0x53,0xE6,
    0x53,0xE6,0x53,0xE6,0x53,0xE6,0x53,0xE6,0x53,0xE6,0x53,0xE6,0x53,0xE6,0x53,0xE6,
    0x53,0xE6,0x53,0xE6,0x53,0xE6,0x53,0xE6,0x53,0xE6,0x53,0xE6,0x53,0xE6,0x53,0xE6,
    0x53,0xE6,0x53,0xE6,0x53,0xE6,0x53,0xE6,0x53,0xE6,0x53,0xE6,0x53,0xE6,0x53,0xE6,
    0x53,0xE6,0x53,0xE6,0x53,0xE6,0x53,0xE6,0x53,0xE6,0x53,0xE6,0x53,0xE6,0x53,0xE6,
    0x53,0xE6,0x53,0xE6,0x53,0xE6,0x53,0xE6,0x53,0xE6,0x53,0xE6,0x53,0xE6,0x53,0xE6,
    0x53,0xE6,0x53,0xE6,0x53,0xE6,0x53,0xE6,0x53,0xE6,0x53,0xE6,0x32,0xE6,0xB4,0xF6,
    0x6A,0x7B,0x00,0x00,0x00,0x00,0xA5,0x39,0x93,0xF6,0x32,0xE6,0x53,0xE6,0x53,0xE6,
    0x53,0xE6,0x53,0xE6,0x53,0xE6,0x53,0xE6,0x53,0xE6,0x53,0xE6,0x53,0xE6,0x53,0xE6,
    0x53,0xE6,0x53,0xE6,0x53,0xE6,0x53,0xE6,0x53,0xE6,0x53,0xE6,0x53,0xE6,0x53,0xE6,
    0x53,0xE6,0x53,0xE6,0x53,0xE6,0x53,0xE6,0x53,0xE6,0x53,0xE6,0x53,0xE6,0x53,0xE6,
    0x53,0xEE,0xB4,0xF6,0x73,0xEE,0x32,0xE6,0x53,0xE6,0x53,0xE6,0x53,0xE6,0x53,0xE6,
    0x53,0xE6,0x53,0xE6,0x53,0xE6,0x53,0xE6,0x53,0xE6,0x53,0xE6,0x53,0xE6,0x53,0xE6,
    0x52,0xE6,0x93,0xF6,0xCB,0x8B,0x50,0xC5,0x73,0xEE,0xB4,0xF6,0xC8,0x6A,0x00,0x00,
    0x20,0x00,0x00,0x00,0x00,0x00,0x20,0x00,0x00,0x00,0xC8,0x6A,0x67,0x5A,0x64,0x31,
    0x84,0x39,0xE2,0x20,0x06,0x4A,0x09,0x6B,0xC2,0x18,0x29,0x73,0xF4,0xFE,0x32,0xE6,
    0x53,0xE6,0x53,0xE6,0x53,0xE6,0x53,0xE6,0x53,0xE6,0x53,0xE6,0x53,0xE6,0x53,0xE6,
    0x53,0xE6,0x53,0xE6,0x53,0xE6,0x53,0xE6,0x53,0xE6,0x53,0xE6,0x53,0xE6,0x53,0xE6,
    0x52,0xE6,0x53,0xEE,0x8A,0x83,0x06,0x4A,0x61,0x10,0x00,0x00,0x84,0x39,0x41,0x08,
    0x03,0x29,0xAB,0x8B,0x00,0x00,0x20,0x00,0x00,0x00,0x00,0x00,0x20,0x00,0x00,0x00,
    0x2A,0x7B,0x90,0xCD,0x93,0xEE,0x6D,0xA4,0x6A,0x83,0xD4,0xFE,0x32,0xE6,0x53,0xE6,
    0x53,0xE6,0x53,0xE6,0x53,0xE6,0x53,0xE6,0x53,0xE6,0x53,0xE6,0x53,0xE6,0x53,0xE6,
    0x53,0xE6,0x53,0xE6,0x53,0xE6,0x53,0xE6,0x53,0xE6,0x32,0xE6,0x32,0xE6,0x53,0xE6,
    0x53,0xE6,0x53,0xE6,0x53,0xE6,0x53,0xE6,0x53,0xE6,0x53,0xE6,0x53,0xE6,0x53,0xE6,
    0x53,0xE6,0x53,0xE6,0x53,0xE6,0x53,0xE6,0x53,0xE6,0x53,0xE6,0x53,0xE6,0x53,0xE6,
    0x53,0xE6,0x53,0xE6,0x53,0xE6,0x53,0xE6,0x53,0xE6,0x53,0xE6,0x53,0xE6,0x32,0xE6,
    0xB4,0xF6,0xA8,0x62,0x00,0x00,0x00,0x00,0xC5,0x41,0x94,0xF6,0x32,0xE6,0x53,0xE6,
    0x32,0xE6,0xB4,0xF6,0x87,0x5A,0x00,0x00,0x00,0x00,0xA8,0x62,0xD4,0xF6,0x32,0xE6,
    0x53,0xE6,0x53,0xE6,0x53,0xE6,0x53,0xE6,0x53,0xE6,0x53,0xE6,0x53,0xE6,0x53,0xE6,
    0x53,0xE6,0x53,0xE6,0x53,0xE6,0x53,0xE6,0x53,0xE6,0x53,0xE6,0x53,0xE6,0x53,0xE6,
    0x53,0xE6,0x53,0xE6,0x53,0xE6,0x53,0xE6,0x53,0xE6,0x53,0xE6,0x53,0xE6,0x53,0xE6,
    0x53,0xE6,0x53,0xE6,0x53,0xE6,0x53,0xE6,0x53,0xE6,0x53,0xE6,0x53,0xE6,0x53,0xE6,
    0x53,0xE6,0x53,0xE6,0x53,0xE6,0x53,0xE6,0x53,0xE6,0x53,0xE6,0x53,0xE6,0x53,0xE6,
    0x53,0xE6,0x53,0xE6,0x53,0xE6,0x53,0xE6,0x53,0xE6,0x53,0xE6,0x53,0xE6,0x53,0xE6,
    0x53,0xE6,0x53,0xE6,0x53,0xE6,0x53,0xE6,0x53,0xE6,0x53,0xE6,0x53,0xE6,0x53,0xE6,
    0x53,0xE6,0x53,0xE6,0x53,0xE6,0x53,0xE6,0x53,0xE6,0x53,0xE6,0x53,0xE6,0x53,0xE6,
    0x53,0xE6,0x53,0xE6,0x53,0xE6,0x53,0xE6,0x53,0xE6,0x53,0xE6,0x32,0xE6,0xB4,0xF6,
    0x6A,0x7B,0x00,0x00,0x00,0x00,0xA5,0x39,0x93,0xF6,0x32,0xE6,0x53,0xE6,0x53,0xE6,
    0x53,0xE6,0x53,0xE6,0x53,0xE6,0x53,0xE6,0x53,0xE6,0x53,0xE6,0x53,0xE6,0x53,0xE6,
    0x53,0xE6,0x53,0xE6,0x53,0xE6,0x53,0xE6,0x53,0xE6,0x53,0xE6,0x53,0xE6,0x53,0xE6,
    0x53,0xE6,0x53,0xE6,0x53,0xE6,0x53,0xE6,0x53,0xE6,0x53,0xE6,0x53,0xE6,0x53,0xE6,
    0x53,0xE6,0x32,0xE6,0x52,0xE6,0x53,0xE6,0x53,0xE6,0x53,0xE6,0x53,0xE6,0x53,0xE6,
    0x53,0xE6,0x53,0xE6,0x53,0xE6,0x53,0xE6,0x53,0xE6,0x53,0xE6,0x53,0xE6,0x53,0xE6,
    0x53,0xE6,0x53,0xEE,0x73,0xEE,0xAB,0x83,0xF2,0xDD,0x73,0xEE,0x73,0xEE,0xA5,0x39,
    0x00,0x00,0x00,0x00,0x00,0x00,0x00,0x00,0x20,0x00,0x00,0x00,0xEB,0x8B,0xE3,0x20,
    0x26,0x4A,0xA5,0x39,0xE6,0x49,0x23,0x29,0xC5,0x41,0xC2,0x20,0x8D,0xA4,0xB4,0xF6,
    0x32,0xE6,0x53,0xE6,0x53,0xE6,0x53,0xE6,0x53,0xE6,0x53,0xE6,0x53,0xE6,0x53,0xE6,
    0x53,0xE6,0x53,0xE6,0x53,0xE6,0x53,0xE6,0x53,0xE6,0x53,0xE6,0x53,0xE6,0x32,0xE6,
    0xD4,0xFE,0x8B,0x83,0xC5,0x41,0x85,0x39,0x00,0x00,0x44,0x31,0x84,0x39,0xE3,0x20,
    0x0C,0x94,0x81,0x10,0x00,0x00,0x00,0x00,0x00,0x00,0x20,0x00,0x00,0x00,0x67,0x5A,
    0x90,0xCD,0x52,0xE6,0x50,0xC5,0x29,0x73,0x93,0xEE,0x53,0xE6,0x53,0xE6,0x53,0xE6,
    0x52,0xE6,0x32,0xE6,0x53,0xE6,0x53,0xE6,0x53,0xE6,0x53,0xE6,0x53,0xE6,0x53,0xE6,
    0x53,0xE6,0x53,0xE6,0x53,0xE6,0x53,0xE6,0x53,0xE6,0x53,0xE6,0x53,0xE6,0x53,0xE6,
    0x53,0xE6,0x53,0xE6,0x53,0xE6,0x53,0xE6,0x53,0xE6,0x53,0xE6,0x53,0xE6,0x53,0xE6,
    0x53,0xE6,0x53,0xE6,0x53,0xE6,0x53,0xE6,0x53,0xE6,0x53,0xE6,0x53,0xE6,0x53,0xE6,
    0x53,0xE6,0x53,0xE6,0x53,0xE6,0x53,0xE6,0x53,0xE6,0x53,0xE6,0x53,0xE6,0x32,0xE6,
    0xB4,0xF6,0xC8,0x6A,0x00,0x00,0x00,0x00,0xC5,0x41,0x94,0xF6,0x32,0xE6,0x53,0xE6,
    0x32,0xE6,0xB4,0xF6,0x88,0x5A,0x00,0x00,0x00,0x00,0xA8,0x62,0xD4,0xF6,0x32,0xE6,
    0x53,0xE6,0x53,0xE6,0x53,0xE6,0x53,0xE6,0x53,0xE6,0x53,0xE6,0x53,0xE6,0x53,0xE6,
    0x53,0xE6,0x53,0xE6,0x53,0xE6,0x53,0xE6,0x53,0xE6,0x53,0xE6,0x53,0xE6,0x53,0xE6,
    0x53,0xE6,0x53,0xE6,0x53,0xE6,0x53,0xE6,0x53,0xE6,0x53,0xE6,0x53,0xE6,0x53,0xE6,
    0x53,0xE6,0x53,0xE6,0x53,0xE6,0x53,0xE6,0x53,0xE6,0x53,0xE6,0x53,0xE6,0x53,0xE6,
    0x53,0xE6,0x53,0xE6,0x53,0xE6,0x53,0xE6,0x53,0xE6,0x53,0xE6,0x53,0xE6,0x53,0xE6,
    0x53,0xE6,0x53,0xE6,0x53,0xE6,0x53,0xE6,0x53,0xE6,0x53,0xE6,0x53,0xE6,0x53,0xE6,
    0x53,0xE6,0x53,0xE6,0x53,0xE6,0x53,0xE6,0x53,0xE6,0x53,0xE6,0x53,0xE6,0x53,0xE6,
    0x53,0xE6,0x53,0xE6,0x53,0xE6,0x53,0xE6,0x53,0xE6,0x53,0xE6,0x53,0xE6,0x53,0xE6,
    0x53,0xE6,0x53,0xE6,0x53,0xE6,0x53,0xE6,0x53,0xE6,0x53,0xE6,0x32,0xE6,0xB4,0xF6,
    0x4A,0x7B,0x00,0x00,0x00,0x00,0xA5,0x39,0x93,0xF6,0x32,0xE6,0x53,0xE6,0x53,0xE6,
    0x53,0xE6,0x53,0xE6,0x53,0xE6,0x53,0xE6,0x53,0xE6,0x53,0xE6,0x53,0xE6,0x53,0xE6,
    0x53,0xE6,0x53,0xE6,0x53,0xE6,0x53,0xE6,0x53,0xE6,0x53,0xE6,0x53,0xE6,0x53,0xE6,
    0x53,0xE6,0x53,0xE6,0x53,0xE6,0x53,0xE6,0x53,0xE6,0x53,0xE6,0x53,0xE6,0x53,0xE6,
    0x53,0xE6,0x53,0xE6,0x53,0xE6,0x53,0xE6,0x53,0xE6,0x53,0xE6,0x53,0xE6,0x53,0xE6,
    0x53,0xE6,0x53,0xE6,0x53,0xE6,0x53,0xE6,0x53,0xE6,0x53,0xE6,0x32,0xE6,0x53,0xE6,
    0x53,0xE6,0x52,0xE6,0x73,0xEE,0xD1,0xD5,0x2C,0x9C,0x73,0xEE,0x73,0xEE,0xF2,0xDD,
    0xC2,0x18,0x00,0x00,0x00,0x00,0x00,0x00,0x00,0x00,0x00,0x00,0xA2,0x18,0x6D,0xA4,
    0x61,0x10,0xE8,0x6A,0xC2,0x20,0x23,0x29,0x61,0x10,0x47,0x52,0x44,0x31,0x53,0xE6,
    0x53,0xE6,0x53,0xE6,0x53,0xE6,0x53,0xE6,0x53,0xE6,0x53,0xE6,0x53,0xE6,0x53,0xE6,
    0x53,0xE6,0x53,0xE6,0x53,0xE6,0x53,0xE6,0x53,0xE6,0x53,0xE6,0x52,0xE6,0x73,0xEE,
    0x90,0xCD,0x64,0x31,0xE6,0x49,0x00,0x00,0x00,0x00,0x06,0x4A,0xE3,0x20,0x0F,0xBD,
    0x64,0x31,0x00,0x00,0x00,0x00,0x00,0x00,0x00,0x00,0x00,0x00,0x44,0x31,0x2F,0xBD,
    0xF2,0xDD,0xF2,0xDD,0x09,0x73,0x32,0xE6,0x73,0xEE,0x52,0xE6,0x53,0xE6,0x52,0xE6,
    0x93,0xEE,0x93,0xEE,0x32,0xE6,0x53,0xE6,0x53,0xE6,0x53,0xE6,0x53,0xE6,0x53,0xE6,
    0x53,0xE6,0x53,0xE6,0x53,0xE6,0x53,0xE6,0x53,0xE6,0x53,0xE6,0x53,0xE6,0x53,0xE6,
    0x53,0xE6,0x53,0xE6,0x53,0xE6,0x53,0xE6,0x53,0xE6,0x53,0xE6,0x53,0xE6,0x53,0xE6,
    0x53,0xE6,0x53,0xE6,0x53,0xE6,0x53,0xE6,0x53,0xE6,0x53,0xE6,0x53,0xE6,0x53,0xE6,
    0x53,0xE6,0x53,0xE6,0x53,0xE6,0x53,0xE6,0x53,0xE6,0x53,0xE6,0x53,0xE6,0x32,0xE6,
    0xB4,0xF6,0xA8,0x62,0x00,0x00,0x00,0x00,0xA5,0x41,0x94,0xF6,0x32,0xE6,0x53,0xE6,
    0x32,0xE6,0xB4,0xF6,0xA8,0x62,0x00,0x00,0x00,0x00,0xA8,0x62,0xD4,0xF6,0x32,0xE6,
    0x53,0xE6,0x53,0xE6,0x53,0xE6,0x53,0xE6,0x53,0xE6,0x53,0xE6,0x53,0xE6,0x53,0xE6,
    0x53,0xE6,0x53,0xE6,0x53,0xE6,0x53,0xE6,0x53,0xE6,0x53,0xE6,0x53,0xE6,0x53,0xE6,
    0x53,0xE6,0x53,0xE6,0x53,0xE6,0x53,0xE6,0x53,0xE6,0x53,0xE6,0x53,0xE6,0x53,0xE6,
    0x53,0xE6,0x53,0xE6,0x53,0xE6,0x53,0xE6,0x53,0xE6,0x53,0xE6,0x53,0xE6,0x53,0xE6,
    0x53,0xE6,0x53,0xE6,0x53,0xE6,0x53,0xE6,0x53,0xE6,0x53,0xE6,0x53,0xE6,0x53,0xE6,
    0x53,0xE6,0x53,0xE6,0x53,0xE6,0x53,0xE6,0x53,0xE6,0x53,0xE6,0x53,0xE6,0x53,0xE6,
    0x53,0xE6,0x53,0xE6,0x53,0xE6,0x53,0xE6,0x53,0xE6,0x53,0xE6,0x53,0xE6,0x53,0xE6,
    0x53,0xE6,0x53,0xE6,0x53,0xE6,0x53,0xE6,0x53,0xE6,0x53,0xE6,0x53,0xE6,0x53,0xE6,
    0x53,0xE6,0x53,0xE6,0x53,0xE6,0x53,0xE6,0x53,0xE6,0x53,0xE6,0x32,0xE6,0xB4,0xF6,
    0x4A,0x7B,0x00,0x00,0x00,0x00,0xA5,0x39,0x93,0xEE,0x32,0xE6,0x53,0xE6,0x53,0xE6,
    0x53,0xE6,0x53,0xE6,0x53,0xE6,0x53,0xE6,0x53,0xE6,0x53,0xE6,0x53,0xE6,0x53,0xE6,
    0x53,0xE6,0x53,0xE6,0x53,0xE6,0x53,0xE6,0x53,0xE6,0x53,0xE6,0x53,0xE6,0x53,0xE6,
    0x53,0xE6,0x53,0xE6,0x53,0xE6,0x53,0xE6,0x53,0xE6,0x53,0xE6,0x53,0xE6,0x53,0xE6,
    0x53,0xE6,0x53,0xE6,0x53,0xE6,0x53,0xE6,0x53,0xE6,0x53,0xE6,0x53,0xE6,0x53,0xE6,
    0x53,0xE6,0x53,0xE6,0x53,0xE6,0x53,0xE6,0x52,0xE6,0x53,0xE6,0xB4,0xF6,0x53,0xEE,
    0x53,0xE6,0x53,0xE6,0x32,0xE6,0x93,0xF6,0x50,0xC5,0x8D,0xA4,0x93,0xEE,0x93,0xF6,
    0xEE,0xB4,0x00,0x00,0x00,0x00,0x00,0x00,0x00,0x00,0x00,0x00,0x00,0x00,0x26,0x52,
    0x8B,0x83,0x61,0x10,0x81,0x10,0x00,0x00,0x20,0x00,0xE3,0x20,0xC2,0x18,0xC8,0x6A,
    0xD4,0xFE,0x32,0xE6,0x53,0xE6,0x53,0xE6,0x53,0xE6,0x53,0xE6,0x53,0xE6,0x53,0xE6,
    0x53,0xE6,0x53,0xE6,0x53,0xE6,0x53,0xE6,0x53,0xE6,0x53,0xE6,0x32,0xE6,0x93,0xF6,
    0xA8,0x62,0x64,0x31,0x61,0x10,0x00,0x00,0xA2,0x18,0x00,0x00,0x88,0x62,0xCB,0x8B,
    0x00,0x00,0x20,0x00,0x00,0x00,0x00,0x00,0x00,0x00,0x41,0x08,0x8D,0xA4,0x90,0xCD,
    0x73,0xEE,0x4A,0x7B,0x91,0xCD,0x93,0xEE,0x32,0xE6,0x53,0xE6,0x52,0xE6,0x73,0xEE,
    0x50,0xC5,0x50,0xC5,0xD4,0xFE,0x32,0xE6,0x53,0xE6,0x53,0xE6,0x53,0xE6,0x53,0xE6,
    0x53,0xE6,0x53,0xE6,0x53,0xE6,0x53,0xE6,0x53,0xE6,0x53,0xE6,0x53,0xE6,0x53,0xE6,
    0x53,0xE6,0x53,0xE6,0x53,0xE6,0x53,0xE6,0x53,0xE6,0x53,0xE6,0x53,0xE6,0x53,0xE6,
    0x53,0xE6,0x53,0xE6,0x53,0xE6,0x53,0xE6,0x53,0xE6,0x53,0xE6,0x53,0xE6,0x53,0xE6,
    0x53,0xE6,0x53,0xE6,0x53,0xE6,0x53,0xE6,0x53,0xE6,0x53,0xE6,0x53,0xE6,0x32,0xE6,
    0xB4,0xF6,0xA8,0x62,0x00,0x00,0x00,0x00,0xC5,0x41,0x93,0xEE,0x32,0xE6,0x53,0xE6,
    0x32,0xE6,0xB4,0xF6,0x67,0x5A,0x00,0x00,0x00,0x00,0xA8,0x62,0xB4,0xF6,0x32,0xE6,
    0x53,0xE6,0x53,0xE6,0x53,0xE6,0x53,0xE6,0x53,0xE6,0x53,0xE6,0x53,0xE6,0x53,0xE6,
    0x53,0xE6,0x53,0xE6,0x53,0xE6,0x53,0xE6,0x53,0xE6,0x53,0xE6,0x53,0xE6,0x53,0xE6,
    0x53,0xE6,0x53,0xE6,0x53,0xE6,0x53,0xE6,0x53,0xE6,0x53,0xE6,0x53,0xE6,0x53,0xE6,
    0x53,0xE6,0x53,0xE6,0x53,0xE6,0x53,0xE6,0x53,0xE6,0x53,0xE6,0x53,0xE6,0x53,0xE6,
    0x53,0xE6,0x53,0xE6,0x53,0xE6,0x53,0xE6,0x53,0xE6,0x53,0xE6,0x53,0xE6,0x53,0xE6,
    0x53,0xE6,0x53,0xE6,0x53,0xE6,0x53,0xE6,0x53,0xE6,0x53,0xE6,0x53,0xE6,0x53,0xE6,
    0x53,0xE6,0x53,0xE6,0x53,0xE6,0x53,0xE6,0x53,0xE6,0x53,0xE6,0x53,0xE6,0x53,0xE6,
    0x53,0xE6,0x53,0xE6,0x53,0xE6,0x53,0xE6,0x53,0xE6,0x53,0xE6,0x53,0xE6,0x53,0xE6,
    0x53,0xE6,0x53,0xE6,0x53,0xE6,0x53,0xE6,0x53,0xE6,0x53,0xE6,0x32,0xE6,0xD4,0xFE,
    0x29,0x73,0x00,0x00,0x00,0x00,0xC5,0x41,0xD4,0xFE,0x32,0xE6,0x53,0xE6,0x53,0xE6,
    0x53,0xE6,0x53,0xE6,0x53,0xE6,0x53,0xE6,0x53,0xE6,0x53,0xE6,0x53,0xE6,0x53,0xE6,
    0x53,0xE6,0x53,0xE6,0x53,0xE6,0x53,0xE6,0x53,0xE6,0x53,0xE6,0x53,0xE6,0x53,0xE6,
    0x53,0xE6,0x53,0xE6,0x53,0xE6,0x53,0xE6,0x53,0xE6,0x53,0xE6,0x53,0xE6,0x53,0xE6,
    0x53,0xE6,0x53,0xE6,0x53,0xE6,0x53,0xE6,0x53,0xE6,0x53,0xE6,0x53,0xE6,0x53,0xE6,
    0x53,0xE6,0x53,0xE6,0x53,0xE6,0x32,0xE6,0x73,0xEE,0x53,0xE6,0xEC,0x93,0x12,0xDE,
    0x53,0xEE,0x53,0xE6,0x53,0xE6,0x32,0xE6,0x94,0xF6,0x8D,0xA4,0xEE,0xB4,0x73,0xEE,
    0xB4,0xF6,0x6A,0x7B,0x00,0x00,0x20,0x00,0x00,0x00,0x00,0x00,0x20,0x00,0x00,0x00,
    0x8B,0x83,0x26,0x52,0x44,0x31,0x20,0x08,0x41,0x08,0x20,0x00,0x06,0x4A,0x82,0x18,
    0x50,0xC5,0x93,0xEE,0x32,0xE6,0x53,0xE6,0x53,0xE6,0x53,0xE6,0x53,0xE6,0x53,0xE6,
    0x53,0xE6,0x53,0xE6,0x53,0xE6,0x53,0xE6,0x53,0xE6,0x32,0xE6,0x93,0xF6,0x70,0xCD,
    0x26,0x4A,0x23,0x29,0x00,0x00,0x00,0x00,0x20,0x08,0x41,0x08,0x6A,0x7B,0x61,0x08,
    0x00,0x00,0x00,0x00,0x00,0x00,0x20,0x00,0x00,0x00,0xA8,0x62,0x90,0xCD,0x94,0xF6,
    0xCB,0x8B,0xAE,0xAC,0xB4,0xF6,0x32,0xE6,0x53,0xE6,0x53,0xE6,0x32,0xE6,0xB4,0xF6,
    0x4A,0x7B,0x00,0x00,0xCE,0xB4,0xD4,0xFE,0x32,0xE6,0x52,0xE6,0x53,0xE6,0x53,0xE6,
    0x53,0xE6,0x53,0xE6,0x53,0xE6,0x53,0xE6,0x53,0xE6,0x53,0xE6,0x53,0xE6,0x53,0xE6,
    0x53,0xE6,0x53,0xE6,0x53,0xE6,0x53,0xE6,0x53,0xE6,0x53,0xE6,0x53,0xE6,0x53,0xE6,
    0x53,0xE6,0x53,0xE6,0x53,0xE6,0x53,0xE6,0x53,0xE6,0x53,0xE6,0x53,0xE6,0x53,0xE6,
    0x53,0xE6,0x53,0xE6,0x53,0xE6,0x53,0xE6,0x53,0xE6,0x53,0xE6,0x52,0xE6,0x73,0xEE,
    0x35,0xFF,0x67,0x5A,0x20,0x00,0x20,0x00,0x84,0x39,0xF4,0xFE,0x93,0xEE,0x32,0xE6,
    0x93,0xEE,0xF4,0xFE,0xA5,0x39,0x20,0x00,0x20,0x00,0x88,0x5A,0x35,0xFF,0x53,0xEE,
    0x52,0xE6,0x53,0xE6,0x53,0xE6,0x53,0xE6,0x53,0xE6,0x53,0xE6,0x53,0xE6,0x53,0xE6,
    0x53,0xE6,0x53,0xE6,0x53,0xE6,0x53,0xE6,0x53,0xE6,0x53,0xE6,0x53,0xE6,0x53,0xE6,
    0x53,0xE6,0x53,0xE6,0x53,0xE6,0x53,0xE6,0x53,0xE6,0x53,0xE6,0x53,0xE6,0x53,0xE6,
    0x53,0xE6,0x53,0xE6,0x53,0xE6,0x53,0xE6,0x53,0xE6,0x53,0xE6,0x53,0xE6,0x53,0xE6,
    0x53,0xE6,0x53,0xE6,0x53,0xE6,0x53,0xE6,0x53,0xE6,0x53,0xE6,0x53,0xE6,0x53,0xE6,
    0x53,0xE6,0x53,0xE6,0x53,0xE6,0x53,0xE6,0x53,0xE6,0x53,0xE6,0x53,0xE6,0x53,0xE6,
    0x53,0xE6,0x53,0xE6,0x53,0xE6,0x53,0xE6,0x53,0xE6,0x53,0xE6,0x53,0xE6,0x53,0xE6,
    0x53,0xE6,0x53,0xE6,0x53,0xE6,0x53,0xE6,0x53,0xE6,0x53,0xE6,0x53,0xE6,0x53,0xE6,
    0x53,0xE6,0x53,0xE6,0x53,0xE6,0x53,0xE6,0x53,0xE6,0x52,0xE6,0x53,0xE6,0x73,0xEE,
    0x06,0x4A,0x20,0x00,0x20,0x00,0x03,0x21,0xD1,0xD5,0x73,0xEE,0x52,0xE6,0x53,0xE6,
    0x53,0xE6,0x53,0xE6,0x53,0xE6,0x53,0xE6,0x53,0xE6,0x53,0xE6,0x53,0xE6,0x53,0xE6,
    0x53,0xE6,0x53,0xE6,0x53,0xE6,0x53,0xE6,0x53,0xE6,0x53,0xE6,0x53,0xE6,0x53,0xE6,
    0x53,0xE6,0x53,0xE6,0x53,0xE6,0x53,0xE6,0x53,0xE6,0x53,0xE6,0x53,0xE6,0x53,0xE6,
    0x53,0xE6,0x53,0xE6,0x53,0xE6,0x53,0xE6,0x53,0xE6,0x53,0xE6,0x53,0xE6,0x53,0xE6,
    0x53,0xE6,0x53,0xE6,0x32,0xE6,0x93,0xF6,0x32,0xE6,0x64,0x31,0xC2,0x20,0xD1,0xD5,
    0x73,0xEE,0x52,0xE6,0x53,0xE6,0x53,0xE6,0x53,0xE6,0x93,0xEE,0xEB,0x8B,0xB1,0xD5,
    0x73,0xEE,0x93,0xEE,0xA5,0x41,0x00,0x00,0x00,0x00,0x00,0x00,0x00,0x00,0x00,0x00,
    0x82,0x10,0x2C,0x9C,0xC5,0x41,0x41,0x08,0x00,0x00,0x00,0x00,0xA2,0x18,0xE5,0x41,
    0x84,0x39,0x93,0xEE,0x32,0xE6,0x53,0xE6,0x53,0xE6,0x53,0xE6,0x53,0xE6,0x53,0xE6,
    0x53,0xE6,0x53,0xE6,0x53,0xE6,0x53,0xE6,0x53,0xE6,0x53,0xE6,0xF2,0xDD,0x87,0x5A,
    0x67,0x5A,0xA2,0x18,0x00,0x00,0x03,0x21,0x00,0x00,0xAB,0x8B,0xA5,0x39,0x00,0x00,
    0x00,0x00,0x00,0x00,0x00,0x00,0x00,0x00,0x85,0x39,0x2F,0xBD,0x53,0xE6,0xCE,0xAC,
    0x6A,0x83,0xB4,0xF6,0x32,0xE6,0x53,0xE6,0x53,0xE6,0x53,0xE6,0x53,0xE6,0x52,0xE6,
    0x93,0xEE,0x8A,0x83,0x00,0x00,0x8B,0x83,0xB4,0xF6,0x73,0xEE,0x52,0xE6,0x53,0xE6,
    0x53,0xE6,0x53,0xE6,0x53,0xE6,0x53,0xE6,0x53,0xE6,0x53,0xE6,0x53,0xE6,0x53,0xE6,
    0x53,0xE6,0x53,0xE6,0x53,0xE6,0x53,0xE6,0x53,0xE6,0x53,0xE6,0x53,0xE6,0x53,0xE6,
    0x53,0xE6,0x53,0xE6,0x53,0xE6,0x53,0xE6,0x53,0xE6,0x53,0xE6,0x53,0xE6,0x53,0xE6,
    0x53,0xE6,0x53,0xE6,0x53,0xE6,0x53,0xE6,0x53,0xE6,0x32,0xE6,0x93,0xEE,0x50,0xC5,
    0xE6,0x49,0x00,0x00,0x00,0x00,0x00,0x00,0x00,0x00,0xA5,0x39,0xEE,0xB4,0xD4,0xF6,
    0xAE,0xAC,0xA5,0x39,0x00,0x00,0x00,0x00,0x00,0x00,0x00,0x00,0xE6,0x49,0x50,0xC5,
    0x93,0xEE,0x52,0xE6,0x53,0xE6,0x53,0xE6,0x53,0xE6,0x53,0xE6,0x53,0xE6,0x53,0xE6,
    0x53,0xE6,0x53,0xE6,0x53,0xE6,0x53,0xE6,0x53,0xE6,0x53,0xE6,0x53,0xE6,0x53,0xE6,
    0x53,0xE6,0x53,0xE6,0x53,0xE6,0x53,0xE6,0x53,0xE6,0x53,0xE6,0x53,0xE6,0x53,0xE6,
    0x53,0xE6,0x53,0xE6,0x53,0xE6,0x53,0xE6,0x53,0xE6,0x53,0xE6,0x53,0xE6,0x53,0xE6,
    0x53,0xE6,0x53,0xE6,0x53,0xE6,0x53,0xE6,0x53,0xE6,0x53,0xE6,0x53,0xE6,0x53,0xE6,
    0x53,0xE6,0x53,0xE6,0x53,0xE6,0x53,0xE6,0x53,0xE6,0x53,0xE6,0x53,0xE6,0x53,0xE6,
    0x53,0xE6,0x53,0xE6,0x53,0xE6,0x53,0xE6,0x53,0xE6,0x53,0xE6,0x53,0xE6,0x53,0xE6,
    0x53,0xE6,0x53,0xE6,0x53,0xE6,0x53,0xE6,0x53,0xE6,0x53,0xE6,0x53,0xE6,0x53,0xE6,
    0x53,0xE6,0x53,0xE6,0x53,0xE6,0x53,0xE6,0x32,0xE6,0x94,0xF6,0xCE,0xB4,0x41,0x08,
    0x00,0x00,0x00,0x00,0x00,0x00,0x00,0x00,0x00,0x00,0xEC,0x93,0xB4,0xF6,0x32,0xE6,
    0x53,0xE6,0x53,0xE6,0x53,0xE6,0x53,0xE6,0x53,0xE6,0x53,0xE6,0x53,0xE6,0x53,0xE6,
    0x53,0xE6,0x53,0xE6,0x53,0xE6,0x53,0xE6,0x53,0xE6,0x53,0xE6,0x53,0xE6,0x53,0xE6,
    0x53,0xE6,0x53,0xE6,0x53,0xE6,0x53,0xE6,0x53,0xE6,0x53,0xE6,0x53,0xE6,0x53,0xE6,
    0x53,0xE6,0x53,0xE6,0x53,0xE6,0x53,0xE6,0x53,0xE6,0x53,0xE6,0x53,0xE6,0x53,0xE6,
    0x53,0xE6,0x32,0xE6,0xD4,0xFE,0x50,0xC5,0xC2,0x18,0x85,0x39,0x32,0xE6,0x73,0xEE,
    0x52,0xE6,0x53,0xE6,0x53,0xE6,0x53,0xE6,0x52,0xE6,0x73,0xEE,0xF2,0xDD,0xCB,0x8B,
    0x53,0xE6,0x73,0xEE,0x91,0xCD,0x61,0x10,0x00,0x00,0x00,0x00,0x00,0x00,0x00,0x00,
    0x00,0x00,0x26,0x4A,0x6A,0x7B,0x00,0x00,0x61,0x10,0x00,0x00,0x00,0x00,0x84,0x39,
    0x41,0x08,0x6D,0xA4,0xB4,0xF6,0x32,0xE6,0x53,0xE6,0x53,0xE6,0x53,0xE6,0x53,0xE6,
    0x53,0xE6,0x53,0xE6,0x53,0xE6,0x53,0xE6,0x32,0xE6,0xF4,0xFE,0x49,0x73,0x44,0x31,
    0x03,0x29,0x00,0x00,0xC5,0x41,0x67,0x5A,0x85,0x39,0xEC,0x93,0x00,0x00,0x20,0x00,
    0x00,0x00,0x00,0x00,0x00,0x00,0x61,0x10,0xCE,0xAC,0xF2,0xDD,0xF2,0xDD,0xC8,0x6A,
    0x52,0xE6,0x53,0xEE,0x53,0xE6,0x53,0xE6,0x53,0xE6,0x53,0xE6,0x53,0xE6,0x53,0xE6,
    0x52,0xE6,0xD4,0xFE,0xAE,0xAC,0x41,0x08,0x47,0x52,0x32,0xE6,0x53,0xE6,0x53,0xE6,
    0x53,0xE6,0x53,0xE6,0x53,0xE6,0x53,0xE6,0x53,0xE6,0x53,0xE6,0x53,0xE6,0x53,0xE6,
    0x53,0xE6,0x53,0xE6,0x53,0xE6,0x53,0xE6,0x53,0xE6,0x53,0xE6,0x53,0xE6,0x53,0xE6,
    0x53,0xE6,0x53,0xE6,0x53,0xE6,0x53,0xE6,0x53,0xE6,0x53,0xE6,0x53,0xE6,0x53,0xE6,
    0x53,0xE6,0x53,0xE6,0x53,0xE6,0x53,0xE6,0x53,0xE6,0x32,0xE6,0x93,0xF6,0x0F,0xBD,
    0x26,0x4A,0x67,0x5A,0x26,0x4A,0x47,0x52,0xA8,0x62,0x26,0x4A,0x8D,0xA4,0xF4,0xF6,
    0x4D,0x9C,0x06,0x4A,0x87,0x5A,0x47,0x52,0x47,0x52,0x67,0x5A,0xC5,0x41,0x0F,0xBD,
    0x93,0xF6,0x32,0xE6,0x53,0xE6,0x53,0xE6,0x53,0xE6,0x53,0xE6,0x53,0xE6,0x53,0xE6,
    0x53,0xE6,0x53,0xE6,0x53,0xE6,0x53,0xE6,0x53,0xE6,0x53,0xE6,0x53,0xE6,0x53,0xE6,
    0x53,0xE6,0x53,0xE6,0x53,0xE6,0x53,0xE6,0x53,0xE6,0x53,0xE6,0x53,0xE6,0x53,0xE6,
    0x53,0xE6,0x53,0xE6,0x53,0xE6,0x53,0xE6,0x53,0xE6,0x53,0xE6,0x53,0xE6,0x53,0xE6,
    0x53,0xE6,0x53,0xE6,0x53,0xE6,0x53,0xE6,0x53,0xE6,0x53,0xE6,0x53,0xE6,0x53,0xE6,
    0x53,0xE6,0x53,0xE6,0x53,0xE6,0x53,0xE6,0x53,0xE6,0x53,0xE6,0x53,0xE6,0x53,0xE6,
    0x53,0xE6,0x53,0xE6,0x53,0xE6,0x53,0xE6,0x53,0xE6,0x53,0xE6,0x53,0xE6,0x53,0xE6,
    0x53,0xE6,0x53,0xE6,0x53,0xE6,0x53,0xE6,0x53,0xE6,0x53,0xE6,0x53,0xE6,0x53,0xE6,
    0x53,0xE6,0x53,0xE6,0x53,0xE6,0x53,0xE6,0x52,0xE6,0x73,0xEE,0xB1,0xCD,0xEC,0x93,
    0x2C,0x94,0x0C,0x94,0x0C,0x94,0x2C,0x9C,0x0C,0x94,0x4F,0xC5,0x73,0xEE,0x52,0xE6,
    0x53,0xE6,0x53,0xE6,0x53,0xE6,0x53,0xE6,0x53,0xE6,0x53,0xE6,0x53,0xE6,0x53,0xE6,
    0x53,0xE6,0x53,0xE6,0x53,0xE6,0x53,0xE6,0x53,0xE6,0x53,0xE6,0x53,0xE6,0x53,0xE6,
    0x53,0xE6,0x53,0xE6,0x53,0xE6,0x53,0xE6,0x53,0xE6,0x53,0xE6,0x53,0xE6,0x53,0xE6,
    0x53,0xE6,0x53,0xE6,0x53,0xE6,0x53,0xE6,0x53,0xE6,0x53,0xE6,0x53,0xE6,0x53,0xE6,
    0x52,0xE6,0x93,0xEE,0x4D,0x9C,0x21,0x08,0xA8,0x62,0xB4,0xF6,0x73,0xEE,0x32,0xE6,
    0x53,0xE6,0x53,0xE6,0x53,0xE6,0x53,0xE6,0x53,0xE6,0x32,0xE6,0x94,0xF6,0x0F,0xBD,
    0x6D,0xA4,0x93,0xF6,0x94,0xF6,0xCB,0x8B,0x00,0x00,0x20,0x00,0x00,0x00,0x00,0x00,
    0x20,0x00,0x00,0x00,0x2C,0x9C,0x06,0x4A,0x00,0x00,0x20,0x00,0x00,0x00,0x41,0x08,
    0x26,0x4A,0x23,0x29,0x32,0xE6,0x53,0xE6,0x53,0xE6,0x53,0xE6,0x53,0xE6,0x53,0xE6,
    0x53,0xE6,0x53,0xE6,0x53,0xE6,0x32,0xE6,0x93,0xEE,0x0F,0xBD,0x26,0x52,0x44,0x31,
    0x00,0x00,0xC2,0x18,0x6A,0x83,0x06,0x4A,0x4D,0x9C,0xA2,0x18,0x00,0x00,0x00,0x00,
    0x00,0x00,0x20,0x00,0x00,0x00,0xAB,0x8B,0x12,0xDE,0x93,0xF6,0x6A,0x7B,0x50,0xC5,
    0x93,0xF6,0x32,0xE6,0x53,0xE6,0x53,0xE6,0x53,0xE6,0x53,0xE6,0x53,0xE6,0x53,0xE6,
    0x53,0xE6,0x32,0xE6,0xB4,0xF6,0xB1,0xD5,0xC2,0x20,0x26,0x4A,0xB4,0xF6,0x32,0xE6,
    0x53,0xE6,0x53,0xE6,0x53,0xE6,0x53,0xE6,0x53,0xE6,0x53,0xE6,0x53,0xE6,0x53,0xE6,
    0x53,0xE6,0x53,0xE6,0x53,0xE6,0x53,0xE6,0x53,0xE6,0x53,0xE6,0x53,0xE6,0x53,0xE6,
    0x53,0xE6,0x53,0xE6,0x53,0xE6,0x53,0xE6,0x53,0xE6,0x53,0xE6,0x53,0xE6,0x53,0xE6,
    0x53,0xE6,0x53,0xE6,0x53,0xE6,0x53,0xE6,0x53,0xE6,0x53,0xE6,0x52,0xE6,0x73,0xEE,
    0xD4,0xFE,0xB4,0xF6,0xB4,0xF6,0xB4,0xF6,0xB4,0xF6,0xD4,0xFE,0x93,0xEE,0x32,0xE6,
    0x93,0xEE,0xD4,0xFE,0xB4,0xF6,0xB4,0xF6,0xB4,0xF6,0xB4,0xF6,0xB4,0xF6,0x73,0xEE,
    0x52,0xE6,0x53,0xE6,0x53,0xE6,0x53,0xE6,0x53,0xE6,0x53,0xE6,0x53,0xE6,0x53,0xE6,
    0x53,0xE6,0x53,0xE6,0x53,0xE6,0x53,0xE6,0x53,0xE6,0x53,0xE6,0x53,0xE6,0x53,0xE6,
    0x53,0xE6,0x53,0xE6,0x53,0xE6,0x53,0xE6,0x53,0xE6,0x53,0xE6,0x53,0xE6,0x53,0xE6,
    0x53,0xE6,0x53,0xE6,0x53,0xE6,0x53,0xE6,0x53,0xE6,0x53,0xE6,0x53,0xE6,0x53,0xE6,
    0x53,0xE6,0x53,0xE6,0x53,0xE6,0x53,0xE6,0x53,0xE6,0x53,0xE6,0x53,0xE6,0x53,0xE6,
    0x53,0xE6,0x53,0xE6,0x53,0xE6,0x53,0xE6,0x53,0xE6,0x53,0xE6,0x53,0xE6,0x53,0xE6,
    0x53,0xE6,0x53,0xE6,0x53,0xE6,0x53,0xE6,0x53,0xE6,0x53,0xE6,0x53,0xE6,0x53,0xE6,
    0x53,0xE6,0x53,0xE6,0x53,0xE6,0x53,0xE6,0x53,0xE6,0x53,0xE6,0x53,0xE6,0x53,0xE6,
    0x53,0xE6,0x53,0xE6,0x53,0xE6,0x53,0xE6,0x53,0xE6,0x52,0xE6,0x73,0xEE,0xD4,0xF6,
    0xB4,0xF6,0xB4,0xF6,0xB4,0xF6,0xB4,0xF6,0xB4,0xF6,0x93,0xEE,0x52,0xE6,0x53,0xE6,
    0x53,0xE6,0x53,0xE6,0x53,0xE6,0x53,0xE6,0x53,0xE6,0x53,0xE6,0x53,0xE6,0x53,0xE6,
    0x53,0xE6,0x53,0xE6,0x53,0xE6,0x53,0xE6,0x53,0xE6,0x53,0xE6,0x53,0xE6,0x53,0xE6,
    0x53,0xE6,0x53,0xE6,0x53,0xE6,0x53,0xE6,0x53,0xE6,0x53,0xE6,0x53,0xE6,0x53,0xE6,
    0x53,0xE6,0x53,0xE6,0x53,0xE6,0x53,0xE6,0x53,0xE6,0x53,0xE6,0x53,0xE6,0x52,0xE6,
    0x73,0xEE,0x90,0xCD,0x61,0x10,0xCB,0x8B,0xD4,0xFE,0x52,0xE6,0x32,0xE6,0x53,0xE6,
    0x53,0xE6,0x53,0xE6,0x53,0xE6,0x53,0xE6,0x53,0xE6,0x53,0xE6,0x32,0xE6,0xB4,0xF6,
    0x0C,0x94,0x50,0xC5,0x73,0xEE,0x93,0xF6,0x06,0x4A,0x00,0x00,0x20,0x00,0x00,0x00,
    0x00,0x00,0x00,0x00,0xC2,0x18,0xAE,0xAC,0x41,0x08,0x00,0x00,0x41,0x08,0x00,0x00,
    0x44,0x29,0x24,0x29,0x4A,0x7B,0xD4,0xFE,0x32,0xE6,0x53,0xE6,0x53,0xE6,0x53,0xE6,
    0x53,0xE6,0x53,0xE6,0x53,0xE6,0x52,0xE6,0x73,0xEE,0x26,0x52,0xE9,0x6A,0x41,0x08,
    0xC2,0x18,0x06,0x4A,0xA2,0x18,0x8E,0xAC,0x87,0x5A,0x00,0x00,0x20,0x00,0x00,0x00,
    0x00,0x00,0x00,0x00,0x06,0x4A,0x90,0xCD,0x93,0xEE,0xAE,0xAC,0x4D,0x9C,0xB4,0xF6,
    0x32,0xE6,0x53,0xE6,0x53,0xE6,0x53,0xE6,0x53,0xE6,0x53,0xE6,0x53,0xE6,0x53,0xE6,
    0x53,0xE6,0x53,0xE6,0x32,0xE6,0xB4,0xF6,0xF2,0xDD,0x50,0xC5,0x73,0xEE,0x52,0xE6,
    0x53,0xE6,0x53,0xE6,0x53,0xE6,0x53,0xE6,0x53,0xE6,0x53,0xE6,0x53,0xE6,0x53,0xE6,
    0x53,0xE6,0x53,0xE6,0x53,0xE6,0x53,0xE6,0x53,0xE6,0x53,0xE6,0x53,0xE6,0x53,0xE6,
    0x53,0xE6,0x53,0xE6,0x53,0xE6,0x53,0xE6,0x53,0xE6,0x53,0xE6,0x53,0xE6,0x53,0xE6,
    0x53,0xE6,0x53,0xE6,0x53,0xE6,0x53,0xE6,0x53,0xE6,0x53,0xE6,0x53,0xE6,0x52,0xE6,
    0x32,0xE6,0x32,0xE6,0x32,0xE6,0x32,0xE6,0x32,0xE6,0x32,0xE6,0x52,0xE6,0x53,0xE6,
    0x52,0xE6,0x32,0xE6,0x32,0xE6,0x32,0xE6,0x32,0xE6,0x32,0xE6,0x32,0xE6,0x53,0xE6,
    0x53,0xE6,0x53,0xE6,0x53,0xE6,0x53,0xE6,0x53,0xE6,0x53,0xE6,0x53,0xE6,0x53,0xE6,
    0x53,0xE6,0x53,0xE6,0x53,0xE6,0x53,0xE6,0x53,0xE6,0x53,0xE6,0x53,0xE6,0x53,0xE6,
    0x53,0xE6,0x53,0xE6,0x53,0xE6,0x53,0xE6,0x53,0xE6,0x53,0xE6,0x53,0xE6,0x53,0xE6,
    0x53,0xE6,0x53,0xE6,0x53,0xE6,0x53,0xE6,0x53,0xE6,0x53,0xE6,0x53,0xE6,0x53,0xE6,
    0x53,0xE6,0x53,0xE6,0x53,0xE6,0x53,0xE6,0x53,0xE6,0x53,0xE6,0x53,0xE6,0x53,0xE6,
    0x53,0xE6,0x53,0xE6,0x53,0xE6,0x53,0xE6,0x53,0xE6,0x53,0xE6,0x53,0xE6,0x53,0xE6,
    0x53,0xE6,0x53,0xE6,0x53,0xE6,0x53,0xE6,0x53,0xE6,0x53,0xE6,0x53,0xE6,0x53,0xE6,
    0x53,0xE6,0x53,0xE6,0x53,0xE6,0x53,0xE6,0x53,0xE6,0x53,0xE6,0x53,0xE6,0x53,0xE6,
    0x53,0xE6,0x53,0xE6,0x53,0xE6,0x53,0xE6,0x53,0xE6,0x53,0xE6,0x52,0xE6,0x32,0xE6,
    0x32,0xE6,0x32,0xE6,0x32,0xE6,0x32,0xE6,0x32,0xE6,0x52,0xE6,0x53,0xE6,0x53,0xE6,
    0x53,0xE6,0x53,0xE6,0x53,0xE6,0x53,0xE6,0x53,0xE6,0x53,0xE6,0x53,0xE6,0x53,0xE6,
    0x53,0xE6,0x53,0xE6,0x53,0xE6,0x53,0xE6,0x53,0xE6,0x53,0xE6,0x53,0xE6,0x53,0xE6,
    0x53,0xE6,0x53,0xE6,0x53,0xE6,0x53,0xE6,0x53,0xE6,0x53,0xE6,0x53,0xE6,0x53,0xE6,
    0x53,0xE6,0x53,0xE6,0x53,0xE6,0x53,0xE6,0x53,0xE6,0x53,0xE6,0x53,0xE6,0x53,0xE6,
    0x53,0xE6,0x32,0xE6,0xB1,0xD5,0xB4,0xF6,0x32,0xE6,0x53,0xE6,0x53,0xE6,0x53,0xE6,
    0x53,0xE6,0x53,0xE6,0x53,0xE6,0x53,0xE6,0x53,0xE6,0x53,0xE6,0x53,0xE6,0x53,0xEE,
    0x32,0xE6,0xAB,0x83,0x32,0xDE,0x93,0xEE,0xD1,0xD5,0x61,0x10,0x00,0x00,0x00,0x00,
    0x00,0x00,0x20,0x00,0x00,0x00,0x87,0x5A,0xCB,0x8B,0x00,0x00,0xE5,0x41,0x23,0x29,
    0x20,0x00,0x06,0x4A,0x44,0x29,0x12,0xDE,0x73,0xEE,0x52,0xE6,0x53,0xE6,0x53,0xE6,
    0x53,0xE6,0x53,0xE6,0x32,0xE6,0x93,0xF6,0x2C,0x9C,0x88,0x5A,0xA5,0x39,0x00,0x00,
    0x03,0x21,0x21,0x08,0x23,0x29,0x6D,0xA4,0x00,0x00,0x00,0x00,0x00,0x00,0x00,0x00,
    0x00,0x00,0xA2,0x18,0xEF,0xB4,0xB1,0xD5,0xB1,0xCD,0x29,0x73,0x93,0xEE,0x52,0xE6,
    0x53,0xE6,0x53,0xE6,0x53,0xE6,0x53,0xE6,0x53,0xE6,0x53,0xE6,0x53,0xE6,0x53,0xE6,
    0x53,0xE6,0x53,0xE6,0x53,0xE6,0x32,0xE6,0x73,0xEE,0x93,0xEE,0x52,0xE6,0x53,0xE6,
    0x53,0xE6,0x53,0xE6,0x53,0xE6,0x53,0xE6,0x53,0xE6,0x53,0xE6,0x53,0xE6,0x53,0xE6,
    0x53,0xE6,0x53,0xE6,0x53,0xE6,0x53,0xE6,0x53,0xE6,0x53,0xE6,0x53,0xE6,0x53,0xE6,
    0x53,0xE6,0x53,0xE6,0x53,0xE6,0x53,0xE6,0x53,0xE6,0x53,0xE6,0x53,0xE6,0x53,0xE6,
    0x53,0xE6,0x53,0xE6,0x53,0xE6,0x53,0xE6,0x53,0xE6,0x53,0xE6,0x53,0xE6,0x53,0xE6,
    0x53,0xE6,0x53,0xE6,0x53,0xE6,0x53,0xE6,0x53,0xE6,0x53,0xE6,0x53,0xE6,0x53,0xE6,
    0x53,0xE6,0x53,0xE6,0x53,0xE6,0x53,0xE6,0x53,0xE6,0x53,0xE6,0x53,0xE6,0x53,0xE6,
    0x53,0xE6,0x53,0xE6,0x53,0xE6,0x53,0xE6,0x53,0xE6,0x53,0xE6,0x53,0xE6,0x53,0xE6,
    0x53,0xE6,0x53,0xE6,0x53,0xE6,0x53,0xE6,0x53,0xE6,0x53,0xE6,0x53,0xE6,0x53,0xE6,
    0x53,0xE6,0x53,0xE6,0x53,0xE6,0x53,0xE6,0x53,0xE6,0x53,0xE6,0x53,0xE6,0x53,0xE6,
    0x53,0xE6,0x53,0xE6,0x53,0xE6,0x53,0xE6,0x53,0xE6,0x53,0xE6,0x53,0xE6,0x53,0xE6,
    0x53,0xE6,0x53,0xE6,0x53,0xE6,0x53,0xE6,0x53,0xE6,0x53,0xE6,0x53,0xE6,0x53,0xE6,
    0x53,0xE6,0x53,0xE6,0x53,0xE6,0x53,0xE6,0x53,0xE6,0x53,0xE6,0x53,0xE6,0x53,0xE6,
    0x53,0xE6,0x53,0xE6,0x53,0xE6,0x53,0xE6,0x53,0xE6,0x53,0xE6,0x53,0xE6,0x53,0xE6,
    0x53,0xE6,0x53,0xE6,0x53,0xE6,0x53,0xE6,0x53,0xE6,0x53,0xE6,0x53,0xE6,0x53,0xE6,
    0x53,0xE6,0x53,0xE6,0x53,0xE6,0x53,0xE6,0x53,0xE6,0x53,0xE6,0x53,0xE6,0x53,0xE6,
    0x53,0xE6,0x53,0xE6,0x53,0xE6,0x53,0xE6,0x53,0xE6,0x53,0xE6,0x53,0xE6,0x53,0xE6,
    0x53,0xE6,0x53,0xE6,0x53,0xE6,0x53,0xE6,0x53,0xE6,0x53,0xE6,0x53,0xE6,0x53,0xE6,
    0x53,0xE6,0x53,0xE6,0x53,0xE6,0x53,0xE6,0x53,0xE6,0x53,0xE6,0x53,0xE6,0x53,0xE6,
    0x53,0xE6,0x53,0xE6,0x53,0xE6,0x53,0xE6,0x53,0xE6,0x53,0xE6,0x53,0xE6,0x53,0xE6,
    0x53,0xE6,0x53,0xE6,0x53,0xE6,0x53,0xE6,0x53,0xE6,0x53,0xE6,0x53,0xE6,0x53,0xE6,
    0x53,0xE6,0x53,0xE6,0x73,0xEE,0x32,0xE6,0x53,0xE6,0x53,0xE6,0x53,0xE6,0x53,0xE6,
    0x53,0xE6,0x53,0xE6,0x53,0xE6,0x53,0xE6,0x53,0xE6,0x53,0xE6,0x53,0xE6,0x32,0xE6,
    0x93,0xF6,0x50,0xC5,0x4D,0x9C,0x93,0xEE,0xB4,0xF6,0xEB,0x8B,0x00,0x00,0x20,0x00,
    0x00,0x00,0x00,0x00,0x00,0x00,0x00,0x00,0xEF,0xB4,0x06,0x4A,0x61,0x10,0xE2,0x20,
    0x00,0x00,0x44,0x31,0xA5,0x39,0xC8,0x6A,0xB4,0xF6,0x32,0xE6,0x53,0xE6,0x53,0xE6,
    0x53,0xE6,0x52,0xE6,0x73,0xEE,0x90,0xCD,0xEC,0x93,0x47,0x52,0x00,0x00,0x41,0x08,
    0x21,0x08,0x00,0x00,0xAB,0x8B,0x03,0x21,0x00,0x00,0x00,0x00,0x00,0x00,0x20,0x00,
    0x00,0x00,0xCB,0x8B,0x70,0xCD,0x32,0xE6,0x29,0x73,0x91,0xCD,0x73,0xEE,0x52,0xE6,
    0x53,0xE6,0x53,0xE6,0x53,0xE6,0x53,0xE6,0x53,0xE6,0x53,0xE6,0x53,0xE6,0x53,0xE6,
    0x53,0xE6,0x53,0xE6,0x53,0xE6,0x53,0xE6,0x52,0xE6,0x52,0xE6,0x53,0xE6,0x53,0xE6,
    0x53,0xE6,0x53,0xE6,0x53,0xE6,0x53,0xE6,0x53,0xE6,0x53,0xE6,0x53,0xE6,0x53,0xE6,
    0x53,0xE6,0x53,0xE6,0x53,0xE6,0x53,0xE6,0x53,0xE6,0x53,0xE6,0x53,0xE6,0x53,0xE6,
    0x53,0xE6,0x53,0xE6,0x53,0xE6,0x53,0xE6,0x53,0xE6,0x53,0xE6,0x53,0xE6,0x53,0xE6,
    0x53,0xE6,0x53,0xE6,0x53,0xE6,0x53,0xE6,0x53,0xE6,0x53,0xE6,0x53,0xE6,0x53,0xE6,
    0x53,0xE6,0x53,0xE6,0x53,0xE6,0x53,0xE6,0x53,0xE6,0x53,0xE6,0x53,0xE6,0x53,0xE6,
    0x53,0xE6,0x53,0xE6,0x53,0xE6,0x53,0xE6,0x53,0xE6,0x53,0xE6,0x53,0xE6,0x53,0xE6,
    0x53,0xE6,0x53,0xE6,0x53,0xE6,0x53,0xE6,0x53,0xE6,0x53,0xE6,0x53,0xE6,0x53,0xE6,
    0x53,0xE6,0x53,0xE6,0x53,0xE6,0x53,0xE6,0x53,0xE6,0x53,0xE6,0x53,0xE6,0x53,0xE6,
    0x53,0xE6,0x53,0xE6,0x53,0xE6,0x53,0xE6,0x53,0xE6,0x53,0xE6,0x53,0xE6,0x53,0xE6,
    0x53,0xE6,0x53,0xE6,0x53,0xE6,0x53,0xE6,0x53,0xE6,0x53,0xE6,0x53,0xE6,0x53,0xE6,
    0x53,0xE6,0x53,0xE6,0x53,0xE6,0x53,0xE6,0x53,0xE6,0x53,0xE6,0x53,0xE6,0x53,0xE6,
    0x53,0xE6,0x53,0xE6,0x53,0xE6,0x53,0xE6,0x53,0xE6,0x53,0xE6,0x53,0xE6,0x53,0xE6,
    0x53,0xE6,0x53,0xE6,0x53,0xE6,0x53,0xE6,0x53,0xE6,0x53,0xE6,0x53,0xE6,0x53,0xE6,
    0x53,0xE6,0x53,0xE6,0x53,0xE6,0x53,0xE6,0x53,0xE6,0x53,0xE6,0x53,0xE6,0x53,0xE6,
    0x53,0xE6,0x53,0xE6,0x53,0xE6,0x53,0xE6,0x53,0xE6,0x53,0xE6,0x53,0xE6,0x53,0xE6,
    0x53,0xE6,0x53,0xE6,0x53,0xE6,0x53,0xE6,0x53,0xE6,0x53,0xE6,0x53,0xE6,0x53,0xE6,
    0x53,0xE6,0x53,0xE6,0x53,0xE6,0x53,0xE6,0x53,0xE6,0x53,0xE6,0x53,0xE6,0x53,0xE6,
    0x53,0xE6,0x53,0xE6,0x53,0xE6,0x53,0xE6,0x53,0xE6,0x53,0xE6,0x53,0xE6,0x53,0xE6,
    0x53,0xE6,0x53,0xE6,0x53,0xE6,0x53,0xE6,0x53,0xE6,0x53,0xE6,0x53,0xE6,0x53,0xE6,
    0x53,0xE6,0x53,0xE6,0x53,0xE6,0x53,0xE6,0x53,0xE6,0x53,0xE6,0x53,0xE6,0x53,0xE6,
    0x53,0xE6,0x53,0xE6,0x52,0xE6,0x53,0xE6,0x53,0xE6,0x53,0xE6,0x53,0xE6,0x53,0xE6,
    0x53,0xE6,0x53,0xE6,0x53,0xE6,0x53,0xE6,0x53,0xE6,0x53,0xE6,0x53,0xE6,0x53,0xE6,
    0x32,0xE6,0xB4,0xF6,0x6D,0xA4,0x50,0xC5,0x73,0xEE,0x93,0xEE,0x84,0x39,0x00,0x00,
    0x00,0x00,0x00,0x00,0x00,0x00,0x00,0x00,0xA5,0x39,0x0F,0xBD,0xA2,0x18,0xE6,0x49,
    0x00,0x00,0x00,0x00,0xC5,0x41,0xC5,0x41,0x50,0xC5,0x73,0xEE,0x52,0xE6,0x53,0xE6,
    0x53,0xE6,0x32,0xE6,0x93,0xF6,0x09,0x73,0x87,0x5A,0x61,0x08,0x20,0x00,0x44,0x31,
    0x00,0x00,0x06,0x4A,0xE9,0x6A,0x00,0x00,0x20,0x00,0x00,0x00,0x20,0x00,0x00,0x00,
    0xE6,0x49,0x12,0xDE,0x53,0xE6,0x2C,0x9C,0x2C,0x94,0xD4,0xF6,0x32,0xE6,0x53,0xE6,
    0x53,0xE6,0x53,0xE6,0x53,0xE6,0x53,0xE6,0x53,0xE6,0x53,0xE6,0x53,0xE6,0x53,0xE6,
    0x53,0xE6,0x53,0xE6,0x53,0xE6,0x53,0xE6,0x53,0xE6,0x53,0xE6,0x53,0xE6,0x53,0xE6,
    0x53,0xE6,0x53,0xE6,0x53,0xE6,0x53,0xE6,0x53,0xE6,0x53,0xE6,0x53,0xE6,0x53,0xE6,
    0x53,0xE6,0x53,0xE6,0x53,0xE6,0x53,0xE6,0x53,0xE6,0x53,0xE6,0x53,0xE6,0x53,0xE6,
    0x53,0xE6,0x53,0xE6,0x53,0xE6,0x53,0xE6,0x53,0xE6,0x53,0xE6,0x53,0xE6,0x53,0xE6,
    0x53,0xE6,0x53,0xE6,0x53,0xE6,0x53,0xE6,0x53,0xE6,0x53,0xE6,0x53,0xE6,0x53,0xE6,
    0x53,0xE6,0x53,0xE6,0x53,0xE6,0x53,0xE6,0x53,0xE6,0x53,0xE6,0x53,0xE6,0x53,0xE6,
    0x53,0xE6,0x53,0xE6,0x53,0xE6,0x53,0xE6,0x53,0xE6,0x53,0xE6,0x53,0xE6,0x53,0xE6,
    0x53,0xE6,0x53,0xE6,0x53,0xE6,0x53,0xE6,0x53,0xE6,0x53,0xE6,0x53,0xE6,0x53,0xE6,
    0x53,0xE6,0x53,0xE6,0x53,0xE6,0x53,0xE6,0x53,0xE6,0x53,0xE6,0x53,0xE6,0x53,0xE6,
    0x53,0xE6,0x53,0xE6,0x53,0xE6,0x53,0xE6,0x53,0xE6,0x53,0xE6,0x53,0xE6,0x53,0xE6,
    0x53,0xE6,0x53,0xE6,0x53,0xE6,0x53,0xE6,0x53,0xE6,0x53,0xE6,0x53,0xE6,0x53,0xE6,
    0x53,0xE6,0x53,0xE6,0x53,0xE6,0x53,0xE6,0x53,0xE6,0x53,0xE6,0x53,0xE6,0x53,0xE6,
    0x53,0xE6,0x53,0xE6,0x53,0xE6,0x53,0xE6,0x53,0xE6,0x53,0xE6,0x53,0xE6,0x53,0xE6,
    0x53,0xE6,0x53,0xE6,0x53,0xE6,0x53,0xE6,0x53,0xE6,0x53,0xE6,0x53,0xE6,0x53,0xE6,
    0x53,0xE6,0x53,0xE6,0x53,0xE6,0x53,0xE6,0x53,0xE6,0x53,0xE6,0x53,0xE6,0x53,0xE6,
    0x53,0xE6,0x53,0xE6,0x53,0xE6,0x53,0xE6,0x53,0xE6,0x53,0xE6,0x53,0xE6,0x53,0xE6,
    0x53,0xE6,0x53,0xE6,0x53,0xE6,0x53,0xE6,0x53,0xE6,0x53,0xE6,0x53,0xE6,0x53,0xE6,
    0x53,0xE6,0x53,0xE6,0x53,0xE6,0x53,0xE6,0x53,0xE6,0x53,0xE6,0x53,0xE6,0x53,0xE6,
    0x53,0xE6,0x53,0xE6,0x53,0xE6,0x53,0xE6,0x53,0xE6,0x53,0xE6,0x53,0xE6,0x53,0xE6,
    0x53,0xE6,0x53,0xE6,0x53,0xE6,0x53,0xE6,0x53,0xE6,0x53,0xE6,0x53,0xE6,0x53,0xE6,
    0x53,0xE6,0x53,0xE6,0x53,0xE6,0x53,0xE6,0x53,0xE6,0x53,0xE6,0x53,0xE6,0x53,0xE6,
    0x53,0xE6,0x53,0xE6,0x53,0xE6,0x53,0xE6,0x53,0xE6,0x53,0xE6,0x53,0xE6,0x53,0xE6,
    0x53,0xE6,0x53,0xE6,0x53,0xE6,0x53,0xE6,0x53,0xE6,0x53,0xE6,0x53,0xE6,0x53,0xE6,
    0x53,0xE6,0x53,0xE6,0x32,0xE6,0x6D,0xA4,0x53,0xE6,0x93,0xEE,0x2F,0xBD,0x20,0x08,
    0x00,0x00,0x00,0x00,0x00,0x00,0x00,0x00,0x00,0x00,0xEC,0x93,0x06,0x4A,0x81,0x10,
    0x61,0x10,0xE3,0x20,0xE3,0x20,0x26,0x52,0xE6,0x41,0xD4,0xFE,0x32,0xE6,0x53,0xE6,
    0x32,0xE6,0x93,0xF6,0xCE,0xB4,0xA5,0x39,0x85,0x39,0x00,0x00,0x41,0x08,0xA2,0x18,
    0x41,0x08,0x6D,0xA4,0x81,0x10,0x00,0x00,0x00,0x00,0x00,0x00,0x00,0x00,0x61,0x08,
    0x70,0xC5,0x73,0xEE,0xD1,0xD5,0xE9,0x6A,0x73,0xEE,0x52,0xE6,0x53,0xE6,0x53,0xE6,
    0x53,0xE6,0x53,0xE6,0x53,0xE6,0x53,0xE6,0x53,0xE6,0x53,0xE6,0x53,0xE6,0x53,0xE6,
    0x53,0xE6,0x53,0xE6,0x53,0xE6,0x53,0xE6,0x53,0xE6,0x53,0xE6,0x53,0xE6,0x53,0xE6,
    0x53,0xE6,0x53,0xE6,0x53,0xE6,0x53,0xE6,0x53,0xE6,0x53,0xE6,0x53,0xE6,0x53,0xE6,
    0x53,0xE6,0x53,0xE6,0x53,0xE6,0x53,0xE6,0x53,0xE6,0x53,0xE6,0x53,0xE6,0x53,0xE6,
    0x53,0xE6,0x53,0xE6,0x53,0xE6,0x53,0xE6,0x53,0xE6,0x53,0xE6,0x53,0xE6,0x53,0xE6,
    0x53,0xE6,0x53,0xE6,0x53,0xE6,0x53,0xE6,0x53,0xE6,0x53,0xE6,0x53,0xE6,0x53,0xE6,
    0x53,0xE6,0x53,0xE6,0x53,0xE6,0x53,0xE6,0x53,0xE6,0x53,0xE6,0x53,0xE6,0x53,0xE6,
    0x53,0xE6,0x53,0xE6,0x53,0xE6,0x53,0xE6,0x53,0xE6,0x53,0xE6,0x53,0xE6,0x53,0xE6,
    0x53,0xE6,0x53,0xE6,0x53,0xE6,0x53,0xE6,0x53,0xE6,0x53,0xE6,0x53,0xE6,0x53,0xE6,
    0x53,0xE6,0x53,0xE6,0x53,0xE6,0x53,0xE6,0x53,0xE6,0x53,0xE6,0x53,0xE6,0x53,0xE6,
    0x53,0xE6,0x53,0xE6,0x53,0xE6,0x53,0xE6,0x53,0xE6,0x53,0xE6,0x53,0xE6,0x53,0xE6,
    0x53,0xE6,0x53,0xE6,0x53,0xE6,0x53,0xE6,0x53,0xE6,0x53,0xE6,0x53,0xE6,0x53,0xE6,
    0x53,0xE6,0x53,0xE6,0x53,0xE6,0x53,0xE6,0x53,0xE6,0x53,0xE6,0x53,0xE6,0x53,0xE6,
    0x53,0xE6,0x53,0xE6,0x53,0xE6,0x53,0xE6,0x53,0xE6,0x53,0xE6,0x53,0xE6,0x53,0xE6,
    0x53,0xE6,0x53,0xE6,0x53,0xE6,0x53,0xE6,0x53,0xE6,0x53,0xE6,0x53,0xE6,0x53,0xE6,
    0x53,0xE6,0x53,0xE6,0x53,0xE6,0x53,0xE6,0x53,0xE6,0x53,0xE6,0x53,0xE6,0x53,0xE6,
    0x53,0xE6,0x53,0xE6,0x53,0xE6,0x53,0xE6,0x53,0xE6,0x53,0xE6,0x53,0xE6,0x53,0xE6,
    0x53,0xE6,0x53,0xE6,0x53,0xE6,0x53,0xE6,0x53,0xE6,0x53,0xE6,0x53,0xE6,0x53,0xE6,
    0x53,0xE6,0x53,0xE6,0x53,0xE6,0x53,0xE6,0x53,0xE6,0x53,0xE6,0x53,0xE6,0x53,0xE6,
    0x53,0xE6,0x53,0xE6,0x53,0xE6,0x53,0xE6,0x53,0xE6,0x53,0xE6,0x53,0xE6,0x53,0xE6,
    0x53,0xE6,0x53,0xE6,0x53,0xE6,0x53,0xE6,0x53,0xE6,0x53,0xE6,0x53,0xE6,0x53,0xE6,
    0x53,0xE6,0x53,0xE6,0x53,0xE6,0x53,0xE6,0x53,0xE6,0x53,0xE6,0x53,0xE6,0x53,0xE6,
    0x53,0xE6,0x53,0xE6,0x53,0xE6,0x53,0xE6,0x53,0xE6,0x53,0xE6,0x53,0xE6,0x53,0xE6,
    0x53,0xE6,0x53,0xE6,0x53,0xE6,0x53,0xE6,0x53,0xE6,0x53,0xE6,0x53,0xE6,0x53,0xE6,
    0x53,0xE6,0x32,0xE6,0x93,0xF6,0x50,0xC5,0x4D,0x9C,0x73,0xEE,0xB4,0xF6,0x09,0x73,
    0x00,0x00,0x20,0x00,0x00,0x00,0x20,0x00,0x00,0x00,0xE3,0x20,0x0C,0x94,0x00,0x00,
    0x20,0x08,0xC5,0x41,0x23,0x29,0xA5,0x41,0x24,0x29,0x4D,0x9C,0xB4,0xF6,0x32,0xE6,
    0x32,0xE6,0x93,0xEE,0x67,0x5A,0x87,0x5A,0x81,0x10,0x00,0x00,0x41,0x08,0x00,0x00,
    0xAB,0x83,0x47,0x52,0x00,0x00,0x20,0x00,0x00,0x00,0x20,0x00,0x00,0x00,0x4A,0x7B,
    0x73,0xEE,0x93,0xF6,0x4A,0x7B,0x2F,0xBD,0x93,0xF6,0x32,0xE6,0x53,0xE6,0x52,0xE6,
    0x52,0xE6,0x32,0xE6,0x53,0xE6,0x53,0xE6,0x53,0xE6,0x53,0xE6,0x53,0xE6,0x53,0xE6,
    0x53,0xE6,0x53,0xE6,0x53,0xE6,0x53,0xE6,0x53,0xE6,0x53,0xE6,0x53,0xE6,0x53,0xE6,
    0x53,0xE6,0x53,0xE6,0x53,0xE6,0x53,0xE6,0x53,0xE6,0x53,0xE6,0x53,0xE6,0x53,0xE6,
    0x53,0xE6,0x53,0xE6,0x53,0xE6,0x53,0xE6,0x53,0xE6,0x53,0xE6,0x53,0xE6,0x53,0xE6,
    0x53,0xE6,0x53,0xE6,0x53,0xE6,0x53,0xE6,0x53,0xE6,0x53,0xE6,0x53,0xE6,0x53,0xE6,
    0x53,0xE6,0x53,0xE6,0x53,0xE6,0x53,0xE6,0x53,0xE6,0x53,0xE6,0x53,0xE6,0x53,0xE6,
    0x53,0xE6,0x53,0xE6,0x53,0xE6,0x53,0xE6,0x53,0xE6,0x53,0xE6,0x53,0xE6,0x53,0xE6,
    0x53,0xE6,0x53,0xE6,0x53,0xE6,0x53,0xE6,0x53,0xE6,0x53,0xE6,0x53,0xE6,0x53,0xE6,
    0x53,0xE6,0x53,0xE6,0x53,0xE6,0x53,0xE6,0x53,0xE6,0x53,0xE6,0x53,0xE6,0x53,0xE6,
    0x53,0xE6,0x53,0xE6,0x53,0xE6,0x53,0xE6,0x53,0xE6,0x53,0xE6,0x53,0xE6,0x53,0xE6,
    0x53,0xE6,0x53,0xE6,0x53,0xE6,0x53,0xE6,0x53,0xE6,0x53,0xE6,0x53,0xE6,0x53,0xE6,
    0x53,0xE6,0x53,0xE6,0x53,0xE6,0x53,0xE6,0x53,0xE6,0x53,0xE6,0x53,0xE6,0x53,0xE6,
    0x53,0xE6,0x53,0xE6,0x53,0xE6,0x53,0xE6,0x53,0xE6,0x53,0xE6,0x53,0xE6,0x53,0xE6,
    0x53,0xE6,0x53,0xE6,0x53,0xE6,0x53,0xE6,0x53,0xE6,0x53,0xE6,0x53,0xE6,0x53,0xE6,
    0x53,0xE6,0x53,0xE6,0x53,0xE6,0x53,0xE6,0x53,0xE6,0x53,0xE6,0x53,0xE6,0x53,0xE6,
    0x53,0xE6,0x53,0xE6,0x53,0xE6,0x53,0xE6,0x53,0xE6,0x53,0xE6,0x53,0xE6,0x53,0xE6,
    0x53,0xE6,0x53,0xE6,0x53,0xE6,0x53,0xE6,0x53,0xE6,0x53,0xE6,0x53,0xE6,0x53,0xE6,
    0x53,0xE6,0x53,0xE6,0x53,0xE6,0x53,0xE6,0x53,0xE6,0x53,0xE6,0x53,0xE6,0x53,0xE6,
    0x53,0xE6,0x53,0xE6,0x53,0xE6,0x53,0xE6,0x53,0xE6,0x53,0xE6,0x53,0xE6,0x53,0xE6,
    0x53,0xE6,0x53,0xE6,0x53,0xE6,0x53,0xE6,0x53,0xE6,0x53,0xE6,0x53,0xE6,0x53,0xE6,
    0x53,0xE6,0x53,0xE6,0x53,0xE6,0x53,0xE6,0x53,0xE6,0x53,0xE6,0x53,0xE6,0x53,0xE6,
    0x53,0xE6,0x53,0xE6,0x53,0xE6,0x53,0xE6,0x53,0xE6,0x53,0xE6,0x53,0xE6,0x53,0xE6,
    0x53,0xE6,0x53,0xE6,0x53,0xE6,0x53,0xE6,0x53,0xE6,0x53,0xE6,0x53,0xE6,0x53,0xE6,
    0x53,0xE6,0x53,0xE6,0x53,0xE6,0x53,0xE6,0x53,0xE6,0x52,0xE6,0x32,0xE6,0x53,0xE6,
    0x52,0xE6,0x53,0xE6,0x32,0xE6,0x93,0xEE,0x8B,0x83,0x90,0xCD,0x73,0xEE,0x53,0xE6,
    0x23,0x29,0x00,0x00,0x00,0x00,0x20,0x08,0x20,0x00,0x00,0x00,0x29,0x73,0x06,0x4A,
    0x21,0x08,0x41,0x08,0x00,0x00,0x61,0x10,0xC5,0x41,0x24,0x29,0x73,0xEE,0x32,0xE6,
    0xB4,0xF6,0x6D,0xA4,0x87,0x5A,0xC5,0x41,0x00,0x00,0x26,0x52,0x44,0x31,0x64,0x31,
    0x2F,0xBD,0x00,0x00,0x00,0x00,0x00,0x00,0x20,0x00,0x00,0x00,0x03,0x21,0x70,0xCD,
    0x73,0xEE,0xEE,0xB4,0xCB,0x8B,0xB4,0xF6,0x32,0xE6,0x53,0xE6,0x52,0xE6,0x53,0xEE,
    0x73,0xEE,0x93,0xF6,0x32,0xE6,0x52,0xE6,0x53,0xE6,0x53,0xE6,0x53,0xE6,0x53,0xE6,
    0x53,0xE6,0x53,0xE6,0x53,0xE6,0x53,0xE6,0x53,0xE6,0x53,0xE6,0x53,0xE6,0x53,0xE6,
    0x53,0xE6,0x53,0xE6,0x53,0xE6,0x53,0xE6,0x53,0xE6,0x53,0xE6,0x53,0xE6,0x53,0xE6,
    0x53,0xE6,0x53,0xE6,0x53,0xE6,0x53,0xE6,0x53,0xE6,0x53,0xE6,0x53,0xE6,0x53,0xE6,
    0x53,0xE6,0x53,0xE6,0x53,0xE6,0x53,0xE6,0x53,0xE6,0x53,0xE6,0x53,0xE6,0x53,0xE6,
    0x53,0xE6,0x53,0xE6,0x53,0xE6,0x53,0xE6,0x53,0xE6,0x53,0xE6,0x53,0xE6,0x53,0xE6,
    0x53,0xE6,0x53,0xE6,0x53,0xE6,0x53,0xE6,0x53,0xE6,0x53,0xE6,0x53,0xE6,0x53,0xE6,
    0x53,0xE6,0x53,0xE6,0x53,0xE6,0x53,0xE6,0x53,0xE6,0x53,0xE6,0x53,0xE6,0x53,0xE6,
    0x53,0xE6,0x53,0xE6,0x53,0xE6,0x53,0xE6,0x53,0xE6,0x53,0xE6,0x53,0xE6,0x53,0xE6,
    0x53,0xE6,0x53,0xE6,0x53,0xE6,0x53,0xE6,0x53,0xE6,0x53,0xE6,0x53,0xE6,0x53,0xE6,
    0x53,0xE6,0x53,0xE6,0x53,0xE6,0x53,0xE6,0x53,0xE6,0x53,0xE6,0x53,0xE6,0x53,0xE6,
    0x53,0xE6,0x53,0xE6,0x53,0xE6,0x53,0xE6,0x53,0xE6,0x53,0xE6,0x53,0xE6,0x53,0xE6,
    0x53,0xE6,0x53,0xE6,0x53,0xE6,0x53,0xE6,0x53,0xE6,0x53,0xE6,0x53,0xE6,0x53,0xE6,
    0x53,0xE6,0x53,0xE6,0x53,0xE6,0x53,0xE6,0x53,0xE6,0x53,0xE6,0x53,0xE6,0x53,0xE6,
    0x53,0xE6,0x53,0xE6,0x53,0xE6,0x53,0xE6,0x53,0xE6,0x53,0xE6,0x53,0xE6,0x53,0xE6,
    0x53,0xE6,0x53,0xE6,0x53,0xE6,0x53,0xE6,0x53,0xE6,0x53,0xE6,0x53,0xE6,0x53,0xE6,
    0x53,0xE6,0x53,0xE6,0x53,0xE6,0x53,0xE6,0x53,0xE6,0x53,0xE6,0x53,0xE6,0x53,0xE6,
    0x53,0xE6,0x53,0xE6,0x53,0xE6,0x53,0xE6,0x53,0xE6,0x53,0xE6,0x53,0xE6,0x53,0xE6,
    0x53,0xE6,0x53,0xE6,0x53,0xE6,0x53,0xE6,0x53,0xE6,0x53,0xE6,0x53,0xE6,0x53,0xE6,
    0x53,0xE6,0x53,0xE6,0x53,0xE6,0x53,0xE6,0x53,0xE6,0x53,0xE6,0x53,0xE6,0x53,0xE6,
    0x53,0xE6,0x53,0xE6,0x53,0xE6,0x53,0xE6,0x53,0xE6,0x53,0xE6,0x53,0xE6,0x53,0xE6,
    0x53,0xE6,0x53,0xE6,0x53,0xE6,0x53,0xE6,0x53,0xE6,0x53,0xE6,0x53,0xE6,0x53,0xE6,
    0x53,0xE6,0x53,0xE6,0x53,0xE6,0x53,0xE6,0x53,0xE6,0x53,0xE6,0x53,0xE6,0x53,0xE6,
    0x53,0xE6,0x53,0xE6,0x53,0xE6,0x53,0xE6,0x32,0xE6,0x53,0xEE,0x94,0xF6,0x32,0xE6,
    0x53,0xEE,0x52,0xE6,0x52,0xE6,0x73,0xEE,0xB1,0xCD,0xCB,0x8B,0x73,0xEE,0x93,0xF6,
    0xAE,0xAC,0x00,0x00,0x00,0x00,0x00,0x00,0x00,0x00,0x00,0x00,0x82,0x10,0x8D,0xAC,
    0x61,0x10,0x41,0x08,0x20,0x00,0x20,0x00,0xE6,0x49,0x03,0x21,0x0C,0x94,0xD4,0xFE,
    0x52,0xE6,0xE9,0x6A,0xEC,0x93,0x20,0x08,0x61,0x10,0x8A,0x83,0x20,0x00,0xAB,0x8B,
    0xE6,0x49,0x00,0x00,0x20,0x00,0x00,0x00,0x00,0x00,0x00,0x00,0xAB,0x83,0xD1,0xD5,
    0x32,0xE6,0x09,0x73,0x32,0xE6,0x53,0xE6,0x53,0xE6,0x32,0xE6,0x93,0xF6,0x70,0xCD,
    0xC5,0x41,0xCE,0xAC,0xD4,0xF6,0x73,0xEE,0x32,0xE6,0x53,0xE6,0x53,0xE6,0x53,0xE6,
    0x53,0xE6,0x53,0xE6,0x53,0xE6,0x53,0xE6,0x53,0xE6,0x53,0xE6,0x53,0xE6,0x53,0xE6,
    0x53,0xE6,0x53,0xE6,0x53,0xE6,0x53,0xE6,0x53,0xE6,0x53,0xE6,0x53,0xE6,0x53,0xE6,
    0x53,0xE6,0x53,0xE6,0x53,0xE6,0x53,0xE6,0x53,0xE6,0x53,0xE6,0x53,0xE6,0x53,0xE6,
    0x53,0xE6,0x53,0xE6,0x53,0xE6,0x53,0xE6,0x53,0xE6,0x53,0xE6,0x53,0xE6,0x53,0xE6,
    0x53,0xE6,0x53,0xE6,0x53,0xE6,0x53,0xE6,0x53,0xE6,0x53,0xE6,0x53,0xE6,0x53,0xE6,
    0x53,0xE6,0x53,0xE6,0x53,0xE6,0x53,0xE6,0x53,0xE6,0x53,0xE6,0x53,0xE6,0x53,0xE6,
    0x53,0xE6,0x53,0xE6,0x53,0xE6,0x53,0xE6,0x53,0xE6,0x53,0xE6,0x53,0xE6,0x53,0xE6,
    0x53,0xE6,0x53,0xE6,0x53,0xE6,0x53,0xE6,0x53,0xE6,0x53,0xE6,0x53,0xE6,0x53,0xE6,
    0x53,0xE6,0x53,0xE6,0x53,0xE6,0x53,0xE6,0x53,0xE6,0x53,0xE6,0x53,0xE6,0x53,0xE6,
    0x53,0xE6,0x53,0xE6,0x53,0xE6,0x53,0xE6,0x53,0xE6,0x53,0xE6,0x53,0xE6,0x53,0xE6,
    0x53,0xE6,0x53,0xE6,0x53,0xE6,0x53,0xE6,0x53,0xE6,0x53,0xE6,0x53,0xE6,0x53,0xE6,
    0x53,0xE6,0x53,0xE6,0x53,0xE6,0x53,0xE6,0x53,0xE6,0x53,0xE6,0x53,0xE6,0x53,0xE6,
    0x53,0xE6,0x53,0xE6,0x53,0xE6,0x53,0xE6,0x53,0xE6,0x53,0xE6,0x53,0xE6,0x53,0xE6,
    0x53,0xE6,0x53,0xE6,0x53,0xE6,0x53,0xE6,0x53,0xE6,0x53,0xE6,0x53,0xE6,0x53,0xE6,
    0x53,0xE6,0x53,0xE6,0x53,0xE6,0x53,0xE6,0x53,0xE6,0x53,0xE6,0x53,0xE6,0x53,0xE6,
    0x53,0xE6,0x53,0xE6,0x53,0xE6,0x53,0xE6,0x53,0xE6,0x53,0xE6,0x53,0xE6,0x53,0xE6,
    0x53,0xE6,0x53,0xE6,0x53,0xE6,0x53,0xE6,0x53,0xE6,0x53,0xE6,0x53,0xE6,0x53,0xE6,
    0x53,0xE6,0x53,0xE6,0x53,0xE6,0x53,0xE6,0x53,0xE6,0x53,0xE6,0x53,0xE6,0x53,0xE6,
    0x53,0xE6,0x53,0xE6,0x53,0xE6,0x53,0xE6,0x53,0xE6,0x53,0xE6,0x53,0xE6,0x53,0xE6,
    0x53,0xE6,0x53,0xE6,0x53,0xE6,0x53,0xE6,0x53,0xE6,0x53,0xE6,0x53,0xE6,0x53,0xE6,
    0x53,0xE6,0x53,0xE6,0x53,0xE6,0x53,0xE6,0x53,0xE6,0x53,0xE6,0x53,0xE6,0x53,0xE6,
    0x53,0xE6,0x53,0xE6,0x53,0xE6,0x53,0xE6,0x53,0xE6,0x53,0xE6,0x53,0xE6,0x53,0xE6,
    0x53,0xE6,0x53,0xE6,0x52,0xE6,0x32,0xE6,0xB4,0xF6,0x73,0xEE,0x09,0x73,0x64,0x31,
    0x53,0xE6,0x53,0xEE,0x53,0xE6,0x32,0xE6,0xB4,0xF6,0x8D,0xA4,0x2F,0xBD,0x73,0xEE,
    0xB4,0xF6,0x06,0x4A,0x00,0x00,0x20,0x00,0x00,0x00,0x20,0x00,0x00,0x00,0xE9,0x6A,
    0x8A,0x83,0x00,0x00,0x41,0x08,0x20,0x08,0xA2,0x18,0x06,0x4A,0xE3,0x20,0x12,0xDE,
    0x6D,0xA4,0x09,0x6B,0xC5,0x41,0x00,0x00,0x29,0x73,0x06,0x4A,0x44,0x31,0xEC,0x93,
    0x00,0x00,0x20,0x00,0x00,0x00,0x00,0x00,0x20,0x00,0x26,0x52,0xAE,0xAC,0x73,0xEE,
    0xCB,0x8B,0xAE,0xAC,0xB4,0xF6,0x32,0xE6,0x53,0xE6,0x52,0xE6,0x93,0xEE,0x26,0x4A,
    0x00,0x00,0x00,0x00,0x87,0x5A,0xD1,0xD5,0xB4,0xF6,0x52,0xE6,0x32,0xE6,0x53,0xE6,
    0x53,0xE6,0x53,0xE6,0x53,0xE6,0x53,0xE6,0x53,0xE6,0x53,0xE6,0x53,0xE6,0x53,0xE6,
    0x53,0xE6,0x53,0xE6,0x53,0xE6,0x53,0xE6,0x53,0xE6,0x53,0xE6,0x53,0xE6,0x53,0xE6,
    0x53,0xE6,0x53,0xE6,0x53,0xE6,0x53,0xE6,0x53,0xE6,0x53,0xE6,0x53,0xE6,0x53,0xE6,
    0x53,0xE6,0x53,0xE6,0x53,0xE6,0x53,0xE6,0x53,0xE6,0x53,0xE6,0x53,0xE6,0x53,0xE6,
    0x53,0xE6,0x53,0xE6,0x53,0xE6,0x53,0xE6,0x53,0xE6,0x53,0xE6,0x53,0xE6,0x53,0xE6,
    0x53,0xE6,0x53,0xE6,0x53,0xE6,0x53,0xE6,0x53,0xE6,0x53,0xE6,0x53,0xE6,0x53,0xE6,
    0x53,0xE6,0x53,0xE6,0x53,0xE6,0x53,0xE6,0x53,0xE6,0x53,0xE6,0x53,0xE6,0x53,0xE6,
    0x53,0xE6,0x53,0xE6,0x53,0xE6,0x53,0xE6,0x53,0xE6,0x53,0xE6,0x53,0xE6,0x53,0xE6,
    0x53,0xE6,0x53,0xE6,0x53,0xE6,0x53,0xE6,0x53,0xE6,0x53,0xE6,0x53,0xE6,0x53,0xE6,
    0x53,0xE6,0x53,0xE6,0x53,0xE6,0x53,0xE6,0x53,0xE6,0x53,0xE6,0x53,0xE6,0x53,0xE6,
    0x53,0xE6,0x53,0xE6,0x53,0xE6,0x53,0xE6,0x53,0xE6,0x53,0xE6,0x53,0xE6,0x53,0xE6,
    0x53,0xE6,0x53,0xE6,0x53,0xE6,0x53,0xE6,0x53,0xE6,0x53,0xE6,0x53,0xE6,0x53,0xE6,
    0x53,0xE6,0x53,0xE6,0x53,0xE6,0x53,0xE6,0x53,0xE6,0x53,0xE6,0x53,0xE6,0x53,0xE6,
    0x53,0xE6,0x53,0xE6,0x53,0xE6,0x53,0xE6,0x53,0xE6,0x53,0xE6,0x53,0xE6,0x53,0xE6,
    0x53,0xE6,0x53,0xE6,0x53,0xE6,0x53,0xE6,0x53,0xE6,0x53,0xE6,0x53,0xE6,0x53,0xE6,
    0x53,0xE6,0x53,0xE6,0x53,0xE6,0x53,0xE6,0x53,0xE6,0x53,0xE6,0x53,0xE6,0x53,0xE6,
    0x53,0xE6,0x53,0xE6,0x53,0xE6,0x53,0xE6,0x53,0xE6,0x53,0xE6,0x53,0xE6,0x53,0xE6,
    0x53,0xE6,0x53,0xE6,0x53,0xE6,0x53,0xE6,0x53,0xE6,0x53,0xE6,0x53,0xE6,0x53,0xE6,
    0x53,0xE6,0x53,0xE6,0x53,0xE6,0x53,0xE6,0x53,0xE6,0x53,0xE6,0x53,0xE6,0x53,0xE6,
    0x53,0xE6,0x53,0xE6,0x53,0xE6,0x53,0xE6,0x53,0xE6,0x53,0xE6,0x53,0xE6,0x53,0xE6,
    0x53,0xE6,0x53,0xE6,0x53,0xE6,0x53,0xE6,0x53,0xE6,0x53,0xE6,0x53,0xE6,0x53,0xE6,
    0x53,0xE6,0x53,0xE6,0x53,0xE6,0x53,0xE6,0x53,0xE6,0x53,0xE6,0x53,0xE6,0x53,0xE6,
    0x53,0xE6,0x32,0xE6,0x73,0xEE,0xB4,0xF6,0xEE,0xB4,0x44,0x31,0x00,0x00,0x00,0x00,
    0x6A,0x83,0xB4,0xF6,0x32,0xE6,0x53,0xE6,0x53,0xE6,0x52,0xE6,0x0C,0x94,0x32,0xE6,
    0x93,0xF6,0x2F,0xBD,0x00,0x00,0x00,0x00,0x00,0x00,0x00,0x00,0x00,0x00,0x20,0x08,
    0x2F,0xBD,0x23,0x29,0x00,0x00,0x20,0x08,0x00,0x00,0xA5,0x41,0xC2,0x20,0x4A,0x7B,
    0xC8,0x62,0x29,0x73,0x00,0x00,0xE3,0x20,0x0C,0x94,0x20,0x00,0x6A,0x7B,0x85,0x39,
    0x00,0x00,0x20,0x00,0x00,0x00,0x20,0x00,0x44,0x31,0x2C,0x9C,0x91,0xCD,0x90,0xCD,
    0x6A,0x7B,0x94,0xF6,0x32,0xE6,0x53,0xE6,0x32,0xE6,0x93,0xEE,0x4F,0xC5,0x00,0x00,
    0x00,0x00,0x20,0x00,0x00,0x00,0x82,0x10,0xEB,0x93,0x73,0xEE,0x94,0xF6,0x52,0xE6,
    0x53,0xE6,0x53,0xE6,0x53,0xE6,0x53,0xE6,0x53,0xE6,0x53,0xE6,0x53,0xE6,0x53,0xE6,
    0x53,0xE6,0x53,0xE6,0x53,0xE6,0x53,0xE6,0x53,0xE6,0x53,0xE6,0x53,0xE6,0x53,0xE6,
    0x53,0xE6,0x53,0xE6,0x53,0xE6,0x53,0xE6,0x53,0xE6,0x53,0xE6,0x53,0xE6,0x53,0xE6,
    0x53,0xE6,0x53,0xE6,0x53,0xE6,0x53,0xE6,0x53,0xE6,0x53,0xE6,0x53,0xE6,0x53,0xE6,
    0x53,0xE6,0x53,0xE6,0x53,0xE6,0x53,0xE6,0x53,0xE6,0x53,0xE6,0x53,0xE6,0x53,0xE6,
    0x53,0xE6,0x53,0xE6,0x53,0xE6,0x53,0xE6,0x53,0xE6,0x53,0xE6,0x53,0xE6,0x53,0xE6,
    0x53,0xE6,0x53,0xE6,0x53,0xE6,0x53,0xE6,0x53,0xE6,0x53,0xE6,0x53,0xE6,0x53,0xE6,
    0x53,0xE6,0x53,0xE6,0x53,0xE6,0x53,0xE6,0x53,0xE6,0x53,0xE6,0x53,0xE6,0x53,0xE6,
    0x53,0xE6,0x53,0xE6,0x53,0xE6,0x53,0xE6,0x53,0xE6,0x53,0xE6,0x53,0xE6,0x53,0xE6,
    0x53,0xE6,0x53,0xE6,0x53,0xE6,0x53,0xE6,0x53,0xE6,0x53,0xE6,0x53,0xE6,0x53,0xE6,
    0x53,0xE6,0x53,0xE6,0x53,0xE6,0x53,0xE6,0x53,0xE6,0x53,0xE6,0x53,0xE6,0x53,0xE6,
    0x53,0xE6,0x53,0xE6,0x53,0xE6,0x53,0xE6,0x53,0xE6,0x53,0xE6,0x53,0xE6,0x53,0xE6,
    0x53,0xE6,0x53,0xE6,0x53,0xE6,0x53,0xE6,0x53,0xE6,0x53,0xE6,0x53,0xE6,0x53,0xE6,
    0x53,0xE6,0x53,0xE6,0x53,0xE6,0x53,0xE6,0x53,0xE6,0x53,0xE6,0x53,0xE6,0x53,0xE6,
    0x53,0xE6,0x53,0xE6,0x53,0xE6,0x53,0xE6,0x53,0xE6,0x53,0xE6,0x53,0xE6,0x53,0xE6,
    0x53,0xE6,0x53,0xE6,0x53,0xE6,0x53,0xE6,0x53,0xE6,0x53,0xE6,0x53,0xE6,0x53,0xE6,
    0x53,0xE6,0x53,0xE6,0x53,0xE6,0x53,0xE6,0x53,0xE6,0x53,0xE6,0x53,0xE6,0x53,0xE6,
    0x53,0xE6,0x53,0xE6,0x53,0xE6,0x53,0xE6,0x53,0xE6,0x53,0xE6,0x53,0xE6,0x53,0xE6,
    0x53,0xE6,0x53,0xE6,0x53,0xE6,0x53,0xE6,0x53,0xE6,0x53,0xE6,0x53,0xE6,0x53,0xE6,
    0x53,0xE6,0x53,0xE6,0x53,0xE6,0x53,0xE6,0x53,0xE6,0x53,0xE6,0x53,0xE6,0x53,0xE6,
    0x53,0xE6,0x53,0xE6,0x53,0xE6,0x53,0xE6,0x53,0xE6,0x53,0xE6,0x53,0xE6,0x53,0xE6,
    0x53,0xE6,0x53,0xE6,0x53,0xE6,0x53,0xE6,0x53,0xE6,0x53,0xE6,0x53,0xE6,0x53,0xE6,
    0x53,0xE6,0xB4,0xF6,0xD1,0xD5,0x88,0x5A,0x00,0x00,0x00,0x00,0x20,0x08,0x00,0x00,
    0x44,0x31,0x53,0xE6,0x53,0xE6,0x53,0xE6,0x32,0xE6,0x93,0xEE,0x50,0xC5,0xCE,0xB4,
    0x73,0xEE,0xB4,0xF6,0x87,0x5A,0x00,0x00,0x20,0x00,0x00,0x00,0x20,0x00,0x00,0x00,
    0x88,0x5A,0xAB,0x8B,0x41,0x08,0x64,0x31,0x00,0x00,0x61,0x10,0x26,0x52,0x26,0x52,
    0x0C,0x94,0x85,0x39,0x00,0x00,0xE9,0x6A,0xA5,0x39,0x84,0x39,0x6A,0x7B,0x00,0x00,
    0x00,0x00,0x00,0x00,0x00,0x00,0x41,0x08,0x09,0x6B,0x50,0xC5,0x93,0xEE,0x6A,0x7B,
    0x70,0xCD,0x93,0xEE,0x52,0xE6,0x53,0xE6,0x53,0xE6,0x52,0xE6,0x53,0xEE,0x0F,0xB5,
    0x64,0x39,0x00,0x00,0x00,0x00,0x00,0x00,0x00,0x00,0x85,0x39,0xEF,0xB4,0x73,0xEE,
    0x52,0xE6,0x53,0xE6,0x53,0xE6,0x53,0xE6,0x53,0xE6,0x53,0xE6,0x53,0xE6,0x53,0xE6,
    0x53,0xE6,0x53,0xE6,0x53,0xE6,0x53,0xE6,0x53,0xE6,0x53,0xE6,0x53,0xE6,0x53,0xE6,
    0x53,0xE6,0x53,0xE6,0x53,0xE6,0x53,0xE6,0x53,0xE6,0x53,0xE6,0x53,0xE6,0x53,0xE6,
    0x53,0xE6,0x53,0xE6,0x53,0xE6,0x53,0xE6,0x53,0xE6,0x53,0xE6,0x53,0xE6,0x53,0xE6,
    0x53,0xE6,0x53,0xE6,0x53,0xE6,0x53,0xE6,0x53,0xE6,0x53,0xE6,0x53,0xE6,0x53,0xE6,
    0x53,0xE6,0x53,0xE6,0x53,0xE6,0x53,0xE6,0x53,0xE6,0x53,0xE6,0x53,0xE6,0x53,0xE6,
    0x53,0xE6,0x53,0xE6,0x53,0xE6,0x53,0xE6,0x53,0xE6,0x53,0xE6,0x53,0xE6,0x53,0xE6,
    0x53,0xE6,0x53,0xE6,0x53,0xE6,0x53,0xE6,0x53,0xE6,0x53,0xE6,0x53,0xE6,0x53,0xE6,
    0x53,0xE6,0x53,0xE6,0x53,0xE6,0x53,0xE6,0x53,0xE6,0x53,0xE6,0x53,0xE6,0x53,0xE6,
    0x53,0xE6,0x53,0xE6,0x53,0xE6,0x53,0xE6,0x53,0xE6,0x53,0xE6,0x53,0xE6,0x53,0xE6,
    0x53,0xE6,0x53,0xE6,0x53,0xE6,0x53,0xE6,0x53,0xE6,0x53,0xE6,0x53,0xE6,0x53,0xE6,
    0x53,0xE6,0x53,0xE6,0x53,0xE6,0x53,0xE6,0x53,0xE6,0x53,0xE6,0x53,0xE6,0x53,0xE6,
    0x53,0xE6,0x53,0xE6,0x53,0xE6,0x53,0xE6,0x53,0xE6,0x53,0xE6,0x53,0xE6,0x53,0xE6,
    0x53,0xE6,0x53,0xE6,0x53,0xE6,0x53,0xE6,0x53,0xE6,0x53,0xE6,0x53,0xE6,0x53,0xE6,
    0x53,0xE6,0x53,0xE6,0x53,0xE6,0x53,0xE6,0x53,0xE6,0x53,0xE6,0x53,0xE6,0x53,0xE6,
    0x53,0xE6,0x53,0xE6,0x53,0xE6,0x53,0xE6,0x53,0xE6,0x53,0xE6,0x53,0xE6,0x53,0xE6,
    0x53,0xE6,0x53,0xE6,0x53,0xE6,0x53,0xE6,0x53,0xE6,0x53,0xE6,0x53,0xE6,0x53,0xE6,
    0x53,0xE6,0x53,0xE6,0x53,0xE6,0x53,0xE6,0x53,0xE6,0x53,0xE6,0x53,0xE6,0x53,0xE6,
    0x53,0xE6,0x53,0xE6,0x53,0xE6,0x53,0xE6,0x53,0xE6,0x53,0xE6,0x53,0xE6,0x53,0xE6,
    0x53,0xE6,0x53,0xE6,0x53,0xE6,0x53,0xE6,0x53,0xE6,0x53,0xE6,0x53,0xE6,0x53,0xE6,
    0x53,0xE6,0x53,0xE6,0x53,0xE6,0x53,0xE6,0x53,0xE6,0x53,0xE6,0x53,0xE6,0x53,0xE6,
    0x53,0xE6,0x53,0xE6,0x53,0xE6,0x53,0xE6,0x53,0xE6,0x53,0xE6,0x53,0xE6,0x53,0xE6,
    0x53,0xE6,0x0C,0x94,0x82,0x18,0x00,0x00,0x20,0x00,0x00,0x00,0x20,0x08,0xC8,0x6A,
    0x12,0xDE,0x53,0xEE,0x53,0xE6,0x53,0xE6,0x53,0xE6,0x52,0xE6,0x93,0xEE,0x8D,0xAC,
    0xF1,0xDD,0x93,0xEE,0xB1,0xD5,0x41,0x08,0x00,0x00,0x00,0x00,0x00,0x00,0x00,0x00,
    0x41,0x08,0x6D,0xA4,0x03,0x21,0xA5,0x39,0x00,0x00,0x00,0x00,0x44,0x31,0x64,0x31,
    0x09,0x73,0x00,0x00,0x21,0x08,0x64,0x31,0x00,0x00,0xCB,0x8B,0x44,0x31,0x00,0x00,
    0x00,0x00,0x00,0x00,0x00,0x00,0x61,0x10,0x6D,0xA4,0x73,0xEE,0x0F,0xBD,0xAB,0x83,
    0xB4,0xF6,0x32,0xE6,0x53,0xE6,0x53,0xE6,0x53,0xE6,0x53,0xE6,0x53,0xE6,0x94,0xF6,
    0x73,0xEE,0xEB,0x8B,0x81,0x10,0x00,0x00,0x20,0x08,0x00,0x00,0x00,0x00,0x8D,0xA4,
    0xB4,0xF6,0x32,0xE6,0x53,0xE6,0x53,0xE6,0x53,0xE6,0x53,0xE6,0x53,0xE6,0x53,0xE6,
    0x53,0xE6,0x53,0xE6,0x53,0xE6,0x53,0xE6,0x53,0xE6,0x53,0xE6,0x53,0xE6,0x53,0xE6,
    0x53,0xE6,0x53,0xE6,0x53,0xE6,0x53,0xE6,0x53,0xE6,0x53,0xE6,0x53,0xE6,0x53,0xE6,
    0x53,0xE6,0x53,0xE6,0x53,0xE6,0x53,0xE6,0x53,0xE6,0x53,0xE6,0x53,0xE6,0x53,0xE6,
    0x53,0xE6,0x53,0xE6,0x53,0xE6,0x53,0xE6,0x53,0xE6,0x53,0xE6,0x53,0xE6,0x53,0xE6,
    0x53,0xE6,0x53,0xE6,0x53,0xE6,0x53,0xE6,0x53,0xE6,0x53,0xE6,0x53,0xE6,0x53,0xE6,
    0x53,0xE6,0x53,0xE6,0x53,0xE6,0x53,0xE6,0x53,0xE6,0x53,0xE6,0x53,0xE6,0x53,0xE6,
    0x53,0xE6,0x53,0xE6,0x53,0xE6,0x53,0xE6,0x53,0xE6,0x53,0xE6,0x53,0xE6,0x53,0xE6,
    0x53,0xE6,0x53,0xE6,0x53,0xE6,0x53,0xE6,0x53,0xE6,0x53,0xE6,0x53,0xE6,0x53,0xE6,
    0x53,0xE6,0x53,0xE6,0x53,0xE6,0x53,0xE6,0x53,0xE6,0x53,0xE6,0x53,0xE6,0x53,0xE6,
    0x53,0xE6,0x53,0xE6,0x53,0xE6,0x53,0xE6,0x53,0xE6,0x53,0xE6,0x53,0xE6,0x53,0xE6,
    0x53,0xE6,0x53,0xE6,0x53,0xE6,0x53,0xE6,0x53,0xE6,0x53,0xE6,0x53,0xE6,0x53,0xE6,
    0x53,0xE6,0x53,0xE6,0x53,0xE6,0x53,0xE6,0x53,0xE6,0x53,0xE6,0x53,0xE6,0x53,0xE6,
    0x53,0xE6,0x53,0xE6,0x53,0xE6,0x53,0xE6,0x53,0xE6,0x53,0xE6,0x53,0xE6,0x53,0xE6,
    0x53,0xE6,0x53,0xE6,0x53,0xE6,0x53,0xE6,0x53,0xE6,0x53,0xE6,0x53,0xE6,0x53,0xE6,
    0x53,0xE6,0x53,0xE6,0x53,0xE6,0x53,0xE6,0x53,0xE6,0x53,0xE6,0x53,0xE6,0x53,0xE6,
    0x53,0xE6,0x53,0xE6,0x53,0xE6,0x53,0xE6,0x53,0xE6,0x53,0xE6,0x53,0xE6,0x53,0xE6,
    0x53,0xE6,0x53,0xE6,0x53,0xE6,0x53,0xE6,0x53,0xE6,0x53,0xE6,0x53,0xE6,0x53,0xE6,
    0x53,0xE6,0x53,0xE6,0x53,0xE6,0x53,0xE6,0x53,0xE6,0x53,0xE6,0x53,0xE6,0x53,0xE6,
    0x53,0xE6,0x53,0xE6,0x53,0xE6,0x53,0xE6,0x53,0xE6,0x53,0xE6,0x53,0xE6,0x53,0xE6,
    0x53,0xE6,0x52,0xE6,0x32,0xE6,0x32,0xE6,0x32,0xE6,0x52,0xE6,0x53,0xE6,0x53,0xE6,
    0x53,0xE6,0x53,0xE6,0x53,0xE6,0x53,0xE6,0x53,0xE6,0x53,0xE6,0x32,0xE6,0x94,0xF6,
    0xA8,0x62,0x00,0x00,0x00,0x00,0x00,0x00,0x00,0x00,0xC5,0x41,0x2F,0xBD,0xB4,0xF6,
    0x73,0xEE,0x52,0xE6,0x53,0xE6,0x53,0xE6,0x53,0xE6,0x52,0xE6,0x73,0xEE,0xB1,0xD5,
    0xCE,0xB4,0x73,0xEE,0xB4,0xF6,0xC8,0x6A,0x00,0x00,0x20,0x00,0x00,0x00,0x20,0x00,
    0x00,0x00,0xA8,0x62,0x6A,0x7B,0x00,0x00,0x00,0x00,0x00,0x00,0x21,0x08,0xE5,0x41,
    0x85,0x39,0x00,0x00,0x21,0x08,0x00,0x00,0x84,0x39,0xEB,0x8B,0x00,0x00,0x00,0x00,
    0x00,0x00,0x00,0x00,0x00,0x00,0x26,0x4A,0x50,0xC5,0x73,0xEE,0x6A,0x7B,0xD1,0xD5,
    0x73,0xEE,0x53,0xE6,0x53,0xE6,0x53,0xE6,0x53,0xE6,0x53,0xE6,0x53,0xE6,0x32,0xE6,
    0x52,0xE6,0xB4,0xF6,0xB1,0xD5,0x87,0x5A,0x00,0x00,0x00,0x00,0x03,0x21,0xF2,0xDD,
    0x73,0xEE,0x52,0xE6,0x53,0xE6,0x53,0xE6,0x53,0xE6,0x53,0xE6,0x53,0xE6,0x53,0xE6,
    0x53,0xE6,0x32,0xE6,0x32,0xE6,0x52,0xE6,0x53,0xE6,0x53,0xE6,0x53,0xE6,0x53,0xE6,
    0x53,0xE6,0x53,0xE6,0x32,0xE6,0x32,0xE6,0x32,0xE6,0x32,0xE6,0x32,0xE6,0x53,0xE6,
    0x53,0xE6,0x53,0xE6,0x53,0xE6,0x53,0xE6,0x53,0xE6,0x53,0xE6,0x53,0xE6,0x53,0xE6,
    0x53,0xE6,0x53,0xE6,0x53,0xE6,0x53,0xE6,0x53,0xE6,0x53,0xE6,0x53,0xE6,0x53,0xE6,
    0x53,0xE6,0x53,0xE6,0x53,0xE6,0x53,0xE6,0x53,0xE6,0x53,0xE6,0x53,0xE6,0x53,0xE6,
    0x53,0xE6,0x53,0xE6,0x53,0xE6,0x53,0xE6,0x53,0xE6,0x53,0xE6,0x53,0xE6,0x53,0xE6,
    0x53,0xE6,0x53,0xE6,0x53,0xE6,0x53,0xE6,0x53,0xE6,0x53,0xE6,0x53,0xE6,0x53,0xE6,
    0x53,0xE6,0x53,0xE6,0x53,0xE6,0x53,0xE6,0x53,0xE6,0x53,0xE6,0x53,0xE6,0x53,0xE6,
    0x53,0xE6,0x53,0xE6,0x53,0xE6,0x53,0xE6,0x53,0xE6,0x53,0xE6,0x53,0xE6,0x53,0xE6,
    0x53,0xE6,0x53,0xE6,0x53,0xE6,0x53,0xE6,0x53,0xE6,0x53,0xE6,0x53,0xE6,0x53,0xE6,
    0x53,0xE6,0x53,0xE6,0x53,0xE6,0x53,0xE6,0x53,0xE6,0x53,0xE6,0x53,0xE6,0x53,0xE6,
    0x53,0xE6,0x53,0xE6,0x53,0xE6,0x53,0xE6,0x53,0xE6,0x53,0xE6,0x53,0xE6,0x53,0xE6,
    0x53,0xE6,0x53,0xE6,0x53,0xE6,0x53,0xE6,0x53,0xE6,0x53,0xE6,0x53,0xE6,0x53,0xE6,
    0x53,0xE6,0x53,0xE6,0x53,0xE6,0x53,0xE6,0x53,0xE6,0x53,0xE6,0x53,0xE6,0x53,0xE6,
    0x53,0xE6,0x53,0xE6,0x53,0xE6,0x53,0xE6,0x53,0xE6,0x53,0xE6,0x53,0xE6,0x53,0xE6,
    0x53,0xE6,0x53,0xE6,0x53,0xE6,0x53,0xE6,0x53,0xE6,0x53,0xE6,0x53,0xE6,0x53,0xE6,
    0x53,0xE6,0x53,0xE6,0x53,0xE6,0x53,0xE6,0x53,0xE6,0x53,0xE6,0x53,0xE6,0x53,0xE6,
    0x53,0xE6,0x53,0xE6,0x53,0xE6,0x53,0xE6,0x53,0xE6,0x53,0xE6,0x53,0xE6,0x53,0xE6,
    0x53,0xE6,0x53,0xE6,0x53,0xE6,0x53,0xE6,0x53,0xE6,0x53,0xE6,0x53,0xE6,0x53,0xE6,
    0x32,0xE6,0x53,0xEE,0x93,0xEE,0xB4,0xF6,0x93,0xF6,0x73,0xEE,0x32,0xE6,0x32,0xE6,
    0x53,0xE6,0x53,0xE6,0x53,0xE6,0x53,0xE6,0x53,0xE6,0x53,0xE6,0x32,0xE6,0x93,0xF6,
    0xCE,0xB4,0x20,0x00,0x00,0x00,0xA2,0x18,0xEC,0x93,0x93,0xEE,0x93,0xF6,0x32,0xE6,
    0x52,0xE6,0x53,0xE6,0x53,0xE6,0x53,0xE6,0x53,0xE6,0x53,0xE6,0x52,0xE6,0x73,0xEE,
    0xCE,0xB4,0xD1,0xD5,0x93,0xEE,0xB1,0xD5,0x61,0x10,0x00,0x00,0x00,0x00,0x00,0x00,
    0x00,0x00,0x41,0x08,0x6D,0xA4,0x41,0x08,0x00,0x00,0x61,0x10,0x00,0x00,0xA5,0x41,
    0x41,0x08,0x00,0x00,0x20,0x00,0x41,0x08,0xEB,0x8B,0x44,0x29,0x00,0x00,0x00,0x00,
    0x00,0x00,0x00,0x00,0x61,0x10,0xEC,0x93,0x32,0xE6,0xCE,0xB4,0x0C,0x94,0xB4,0xF6,
    0x32,0xE6,0x53,0xE6,0x53,0xE6,0x53,0xE6,0x53,0xE6,0x53,0xE6,0x53,0xE6,0x53,0xE6,
    0x53,0xE6,0x32,0xE6,0x73,0xEE,0xB4,0xF6,0xCE,0xAC,0x44,0x29,0x6D,0xA4,0xD4,0xFE,
    0x32,0xE6,0x53,0xE6,0x53,0xE6,0x53,0xE6,0x53,0xE6,0x53,0xE6,0x53,0xE6,0x53,0xE6,
    0x32,0xE6,0x93,0xEE,0xB4,0xF6,0x73,0xEE,0x52,0xE6,0x53,0xE6,0x53,0xE6,0x53,0xE6,
    0x52,0xE6,0x52,0xE6,0x94,0xF6,0xB4,0xF6,0xD4,0xF6,0xB4,0xF6,0x93,0xEE,0x32,0xE6,
    0x53,0xE6,0x53,0xE6,0x53,0xE6,0x53,0xE6,0x53,0xE6,0x53,0xE6,0x53,0xE6,0x53,0xE6,
    0x53,0xE6,0x53,0xE6,0x53,0xE6,0x53,0xE6,0x53,0xE6,0x53,0xE6,0x53,0xE6,0x53,0xE6,
    0x53,0xE6,0x53,0xE6,0x53,0xE6,0x53,0xE6,0x53,0xE6,0x53,0xE6,0x53,0xE6,0x53,0xE6,
    0x53,0xE6,0x53,0xE6,0x53,0xE6,0x53,0xE6,0x53,0xE6,0x53,0xE6,0x53,0xE6,0x53,0xE6,
    0x53,0xE6,0x53,0xE6,0x53,0xE6,0x53,0xE6,0x53,0xE6,0x53,0xE6,0x53,0xE6,0x53,0xE6,
    0x53,0xE6,0x53,0xE6,0x53,0xE6,0x53,0xE6,0x53,0xE6,0x53,0xE6,0x53,0xE6,0x53,0xE6,
    0x53,0xE6,0x53,0xE6,0x53,0xE6,0x53,0xE6,0x53,0xE6,0x53,0xE6,0x53,0xE6,0x53,0xE6,
    0x53,0xE6,0x53,0xE6,0x53,0xE6,0x53,0xE6,0x53,0xE6,0x53,0xE6,0x53,0xE6,0x53,0xE6,
    0x53,0xE6,0x53,0xE6,0x53,0xE6,0x53,0xE6,0x53,0xE6,0x53,0xE6,0x53,0xE6,0x53,0xE6,
    0x53,0xE6,0x53,0xE6,0x53,0xE6,0x53,0xE6,0x53,0xE6,0x53,0xE6,0x53,0xE6,0x53,0xE6,
    0x53,0xE6,0x53,0xE6,0x53,0xE6,0x53,0xE6,0x53,0xE6,0x53,0xE6,0x53,0xE6,0x53,0xE6,
    0x53,0xE6,0x53,0xE6,0x53,0xE6,0x53,0xE6,0x53,0xE6,0x53,0xE6,0x53,0xE6,0x53,0xE6,
    0x53,0xE6,0x53,0xE6,0x53,0xE6,0x53,0xE6,0x53,0xE6,0x53,0xE6,0x53,0xE6,0x53,0xE6,
    0x53,0xE6,0x53,0xE6,0x53,0xE6,0x53,0xE6,0x53,0xE6,0x53,0xE6,0x53,0xE6,0x53,0xE6,
    0x53,0xE6,0x53,0xE6,0x53,0xE6,0x53,0xE6,0x53,0xE6,0x53,0xE6,0x53,0xE6,0x53,0xE6,
    0x53,0xE6,0x53,0xE6,0x53,0xE6,0x53,0xE6,0x53,0xE6,0x53,0xE6,0x53,0xE6,0x53,0xE6,
    0x53,0xE6,0x53,0xE6,0x53,0xE6,0x53,0xE6,0x53,0xE6,0x53,0xE6,0x32,0xE6,0x53,0xEE,
    0xB4,0xF6,0x32,0xE6,0x70,0xC5,0x8D,0xAC,0x2F,0xBD,0xD1,0xD5,0x94,0xF6,0x93,0xEE,
    0x32,0xE6,0x53,0xE6,0x53,0xE6,0x53,0xE6,0x53,0xE6,0x53,0xE6,0x53,0xE6,0x32,0xE6,
    0xD4,0xF6,0xA8,0x62,0x46,0x52,0xF2,0xDD,0xB4,0xF6,0x52,0xE6,0x32,0xE6,0x53,0xE6,
    0x53,0xE6,0x53,0xE6,0x53,0xE6,0x53,0xE6,0x53,0xE6,0x53,0xE6,0x53,0xE6,0x73,0xEE,
    0xF2,0xDD,0xEE,0xB4,0x53,0xEE,0xB4,0xF6,0x09,0x73,0x00,0x00,0x20,0x00,0x00,0x00,
    0x20,0x00,0x00,0x00,0xA8,0x62,0x09,0x73,0x00,0x00,0x20,0x00,0x00,0x00,0x00,0x00,
    0x00,0x00,0x41,0x08,0x61,0x10,0x03,0x29,0xAB,0x83,0x00,0x00,0x00,0x00,0x00,0x00,
    0x00,0x00,0x00,0x00,0x67,0x5A,0x70,0xC5,0x32,0xE6,0x4A,0x7B,0xF2,0xDD,0x73,0xEE,
    0x53,0xE6,0x53,0xE6,0x53,0xE6,0x53,0xE6,0x53,0xE6,0x53,0xE6,0x53,0xE6,0x53,0xE6,
    0x53,0xE6,0x53,0xE6,0x52,0xE6,0x32,0xE6,0xB4,0xF6,0x32,0xE6,0x53,0xE6,0x53,0xE6,
    0x53,0xE6,0x53,0xE6,0x53,0xE6,0x53,0xE6,0x53,0xE6,0x53,0xE6,0x53,0xE6,0x32,0xE6,
    0x93,0xF6,0x2F,0xBD,0xCB,0x8B,0xB1,0xCD,0x73,0xEE,0x52,0xE6,0x53,0xE6,0x32,0xE6,
    0x73,0xEE,0x73,0xEE,0xCE,0xAC,0x4A,0x7B,0x26,0x52,0x8A,0x83,0x4F,0xC5,0xB4,0xF6,
    0x52,0xE6,0x53,0xE6,0x53,0xE6,0x53,0xE6,0x53,0xE6,0x53,0xE6,0x53,0xE6,0x53,0xE6,
    0x53,0xE6,0x53,0xE6,0x53,0xE6,0x53,0xE6,0x53,0xE6,0x53,0xE6,0x53,0xE6,0x53,0xE6,
    0x53,0xE6,0x53,0xE6,0x53,0xE6,0x53,0xE6,0x53,0xE6,0x53,0xE6,0x53,0xE6,0x53,0xE6,
    0x53,0xE6,0x53,0xE6,0x53,0xE6,0x53,0xE6,0x53,0xE6,0x53,0xE6,0x53,0xE6,0x53,0xE6,
    0x53,0xE6,0x53,0xE6,0x53,0xE6,0x53,0xE6,0x53,0xE6,0x53,0xE6,0x53,0xE6,0x53,0xE6,
    0x53,0xE6,0x53,0xE6,0x53,0xE6,0x53,0xE6,0x53,0xE6,0x53,0xE6,0x53,0xE6,0x53,0xE6,
    0x53,0xE6,0x53,0xE6,0x53,0xE6,0x53,0xE6,0x53,0xE6,0x53,0xE6,0x53,0xE6,0x53,0xE6,
    0x53,0xE6,0x53,0xE6,0x53,0xE6,0x53,0xE6,0x53,0xE6,0x53,0xE6,0x53,0xE6,0x53,0xE6,
    0x53,0xE6,0x53,0xE6,0x53,0xE6,0x53,0xE6,0x53,0xE6,0x53,0xE6,0x53,0xE6,0x53,0xE6,
    0x53,0xE6,0x53,0xE6,0x53,0xE6,0x53,0xE6,0x53,0xE6,0x53,0xE6,0x53,0xE6,0x53,0xE6,
    0x53,0xE6,0x53,0xE6,0x53,0xE6,0x53,0xE6,0x53,0xE6,0x53,0xE6,0x53,0xE6,0x53,0xE6,
    0x53,0xE6,0x53,0xE6,0x53,0xE6,0x53,0xE6,0x53,0xE6,0x53,0xE6,0x53,0xE6,0x53,0xE6,
    0x53,0xE6,0x53,0xE6,0x53,0xE6,0x53,0xE6,0x53,0xE6,0x53,0xE6,0x53,0xE6,0x53,0xE6,
    0x53,0xE6,0x53,0xE6,0x53,0xE6,0x53,0xE6,0x53,0xE6,0x53,0xE6,0x53,0xE6,0x53,0xE6,
    0x53,0xE6,0x53,0xE6,0x53,0xE6,0x53,0xE6,0x53,0xE6,0x53,0xE6,0x53,0xE6,0x53,0xE6,
    0x53,0xE6,0x53,0xE6,0x53,0xE6,0x53,0xE6,0x53,0xE6,0x53,0xE6,0x53,0xE6,0x53,0xE6,
    0x53,0xE6,0x53,0xE6,0x53,0xE6,0x53,0xE6,0x53,0xE6,0x32,0xE6,0x73,0xEE,0x52,0xE6,
    0x29,0x73,0x61,0x10,0x00,0x00,0x00,0x00,0x00,0x00,0x61,0x10,0x06,0x4A,0x2F,0xBD,
    0x94,0xF6,0x32,0xE6,0x53,0xE6,0x53,0xE6,0x53,0xE6,0x53,0xE6,0x53,0xE6,0x53,0xE6,
    0x53,0xE6,0x53,0xE6,0x93,0xEE,0x73,0xEE,0x32,0xE6,0x53,0xE6,0x53,0xE6,0x53,0xE6,
    0x53,0xE6,0x53,0xE6,0x53,0xE6,0x53,0xE6,0x53,0xE6,0x53,0xE6,0x53,0xE6,0x32,0xE6,
    0x93,0xEE,0xAE,0xAC,0xB1,0xCD,0x93,0xF6,0xD1,0xD5,0x61,0x10,0x00,0x00,0x00,0x00,
    0x00,0x00,0x00,0x00,0x61,0x10,0x8D,0xA4,0x81,0x10,0x20,0x08,0x00,0x00,0x20,0x00,
    0x00,0x00,0x82,0x18,0xE3,0x20,0x6A,0x7B,0x64,0x31,0x00,0x00,0x00,0x00,0x00,0x00,
    0x00,0x00,0x61,0x08,0xAE,0xAC,0x32,0xE6,0x8D,0xAC,0x0C,0x94,0xB4,0xF6,0x32,0xE6,
    0x53,0xE6,0x53,0xE6,0x53,0xE6,0x53,0xE6,0x53,0xE6,0x53,0xE6,0x53,0xE6,0x53,0xE6,
    0x53,0xE6,0x53,0xE6,0x53,0xE6,0x53,0xE6,0x32,0xE6,0x53,0xE6,0x53,0xE6,0x53,0xE6,
    0x53,0xE6,0x53,0xE6,0x53,0xE6,0x53,0xE6,0x53,0xE6,0x53,0xE6,0x32,0xE6,0xB4,0xF6,
    0xD1,0xD5,0xA2,0x18,0x00,0x00,0x8D,0xA4,0xB4,0xF6,0x32,0xE6,0x52,0xE6,0x73,0xEE,
    0x32,0xE6,0xE5,0x41,0x00,0x00,0x00,0x00,0x61,0x08,0x00,0x00,0x00,0x00,0x29,0x73,
    0xB4,0xF6,0x32,0xE6,0x53,0xE6,0x53,0xE6,0x53,0xE6,0x53,0xE6,0x53,0xE6,0x53,0xE6,
    0x53,0xE6,0x53,0xE6,0x53,0xE6,0x53,0xE6,0x53,0xE6,0x53,0xE6,0x53,0xE6,0x53,0xE6,
    0x53,0xE6,0x53,0xE6,0x53,0xE6,0x53,0xE6,0x53,0xE6,0x53,0xE6,0x53,0xE6,0x53,0xE6,
    0x53,0xE6,0x53,0xE6,0x53,0xE6,0x53,0xE6,0x53,0xE6,0x53,0xE6,0x53,0xE6,0x53,0xE6,
    0x53,0xE6,0x53,0xE6,0x53,0xE6,0x53,0xE6,0x53,0xE6,0x53,0xE6,0x53,0xE6,0x53,0xE6,
    0x53,0xE6,0x53,0xE6,0x53,0xE6,0x53,0xE6,0x53,0xE6,0x53,0xE6,0x53,0xE6,0x53,0xE6,
    0x53,0xE6,0x53,0xE6,0x53,0xE6,0x53,0xE6,0x53,0xE6,0x53,0xE6,0x53,0xE6,0x53,0xE6,
    0x53,0xE6,0x53,0xE6,0x53,0xE6,0x53,0xE6,0x53,0xE6,0x53,0xE6,0x53,0xE6,0x53,0xE6,
    0x53,0xE6,0x53,0xE6,0x53,0xE6,0x53,0xE6,0x53,0xE6,0x53,0xE6,0x53,0xE6,0x53,0xE6,
    0x53,0xE6,0x53,0xE6,0x53,0xE6,0x53,0xE6,0x53,0xE6,0x53,0xE6,0x53,0xE6,0x53,0xE6,
    0x53,0xE6,0x53,0xE6,0x53,0xE6,0x53,0xE6,0x53,0xE6,0x53,0xE6,0x53,0xE6,0x53,0xE6,
    0x53,0xE6,0x53,0xE6,0x53,0xE6,0x53,0xE6,0x53,0xE6,0x53,0xE6,0x53,0xE6,0x53,0xE6,
    0x53,0xE6,0x53,0xE6,0x53,0xE6,0x53,0xE6,0x53,0xE6,0x53,0xE6,0x53,0xE6,0x53,0xE6,
    0x53,0xE6,0x53,0xE6,0x53,0xE6,0x53,0xE6,0x53,0xE6,0x53,0xE6,0x53,0xE6,0x53,0xE6,
    0x53,0xE6,0x53,0xE6,0x53,0xE6,0x53,0xE6,0x53,0xE6,0x53,0xE6,0x53,0xE6,0x53,0xE6,
    0x53,0xE6,0x53,0xE6,0x53,0xE6,0x53,0xE6,0x53,0xE6,0x53,0xE6,0x53,0xE6,0x53,0xE6,
    0x53,0xE6,0x53,0xE6,0x53,0xE6,0x53,0xE6,0x52,0xE6,0x53,0xEE,0x32,0xE6,0xA5,0x39,
    0x00,0x00,0x06,0x4A,0x6D,0xA4,0x6D,0xA4,0xE5,0x41,0x00,0x00,0x00,0x00,0x41,0x08,
    0xCE,0xB4,0x94,0xF6,0x32,0xE6,0x53,0xE6,0x53,0xE6,0x53,0xE6,0x53,0xE6,0x53,0xE6,
    0x53,0xE6,0x53,0xE6,0x52,0xE6,0x52,0xE6,0x53,0xE6,0x53,0xE6,0x53,0xE6,0x53,0xE6,
    0x53,0xE6,0x53,0xE6,0x53,0xE6,0x53,0xE6,0x53,0xE6,0x53,0xE6,0x53,0xE6,0x53,0xE6,
    0x73,0xEE,0xF2,0xDD,0xCE,0xAC,0x73,0xEE,0xB4,0xF6,0xE9,0x6A,0x00,0x00,0x20,0x00,
    0x00,0x00,0x20,0x00,0x00,0x00,0x09,0x73,0xAB,0x8B,0x00,0x00,0x00,0x00,0x00,0x00,
    0x00,0x00,0x41,0x08,0x64,0x31,0x2C,0x94,0x00,0x00,0x00,0x00,0x00,0x00,0x20,0x00,
    0x00,0x00,0x67,0x5A,0x12,0xDE,0x32,0xE6,0x29,0x73,0x12,0xDE,0x53,0xEE,0x53,0xE6,
    0x53,0xE6,0x53,0xE6,0x53,0xE6,0x53,0xE6,0x53,0xE6,0x53,0xE6,0x53,0xE6,0x53,0xE6,
    0x53,0xE6,0x53,0xE6,0x53,0xE6,0x53,0xE6,0x53,0xE6,0x53,0xE6,0x53,0xE6,0x53,0xE6,
    0x53,0xE6,0x53,0xE6,0x53,0xE6,0x53,0xE6,0x53,0xE6,0x52,0xE6,0xB4,0xF6,0x0F,0xBD,
    0x03,0x21,0x00,0x00,0x20,0x00,0xAD,0xAC,0xB4,0xF6,0x32,0xE6,0x53,0xE6,0x53,0xEE,
    0xA5,0x39,0x00,0x00,0x61,0x10,0xEE,0xB4,0x93,0xEE,0xEB,0x8B,0x00,0x00,0x00,0x00,
    0x29,0x73,0xB4,0xF6,0x32,0xE6,0x53,0xE6,0x53,0xE6,0x53,0xE6,0x53,0xE6,0x53,0xE6,
    0x53,0xE6,0x53,0xE6,0x53,0xE6,0x53,0xE6,0x53,0xE6,0x53,0xE6,0x53,0xE6,0x53,0xE6,
    0x53,0xE6,0x53,0xE6,0x53,0xE6,0x53,0xE6,0x53,0xE6,0x53,0xE6,0x53,0xE6,0x53,0xE6,
    0x53,0xE6,0x53,0xE6,0x53,0xE6,0x53,0xE6,0x53,0xE6,0x53,0xE6,0x53,0xE6,0x53,0xE6,
    0x53,0xE6,0x53,0xE6,0x53,0xE6,0x53,0xE6,0x53,0xE6,0x53,0xE6,0x53,0xE6,0x53,0xE6,
    0x53,0xE6,0x53,0xE6,0x53,0xE6,0x53,0xE6,0x53,0xE6,0x53,0xE6,0x53,0xE6,0x53,0xE6,
    0x53,0xE6,0x53,0xE6,0x53,0xE6,0x53,0xE6,0x53,0xE6,0x53,0xE6,0x53,0xE6,0x53,0xE6,
    0x53,0xE6,0x53,0xE6,0x53,0xE6,0x53,0xE6,0x53,0xE6,0x53,0xE6,0x53,0xE6,0x53,0xE6,
    0x53,0xE6,0x53,0xE6,0x53,0xE6,0x53,0xE6,0x53,0xE6,0x53,0xE6,0x53,0xE6,0x53,0xE6,
    0x53,0xE6,0x53,0xE6,0x53,0xE6,0x53,0xE6,0x53,0xE6,0x53,0xE6,0x53,0xE6,0x53,0xE6,
    0x53,0xE6,0x53,0xE6,0x53,0xE6,0x53,0xE6,0x53,0xE6,0x53,0xE6,0x53,0xE6,0x53,0xE6,
    0x53,0xE6,0x53,0xE6,0x53,0xE6,0x53,0xE6,0x53,0xE6,0x53,0xE6,0x53,0xE6,0x53,0xE6,
    0x53,0xE6,0x53,0xE6,0x53,0xE6,0x53,0xE6,0x53,0xE6,0x53,0xE6,0x53,0xE6,0x53,0xE6,
    0x53,0xE6,0x53,0xE6,0x53,0xE6,0x53,0xE6,0x53,0xE6,0x53,0xE6,0x53,0xE6,0x53,0xE6,
    0x53,0xE6,0x53,0xE6,0x53,0xE6,0x53,0xE6,0x53,0xE6,0x53,0xE6,0x53,0xE6,0x53,0xE6,
    0x53,0xE6,0x53,0xE6,0x53,0xE6,0x53,0xE6,0x53,0xE6,0x53,0xE6,0x53,0xE6,0x53,0xE6,
    0x53,0xE6,0x53,0xE6,0x53,0xE6,0x53,0xE6,0x32,0xE6,0xB4,0xF6,0xA8,0x62,0x00,0x00,
    0x84,0x39,0xD4,0xFE,0xB4,0xF6,0xD4,0xF6,0x53,0xEE,0x03,0x21,0x20,0x00,0x00,0x00,
    0xC2,0x18,0x32,0xE6,0x53,0xEE,0x52,0xE6,0x53,0xE6,0x53,0xE6,0x53,0xE6,0x53,0xE6,
    0x53,0xE6,0x53,0xE6,0x53,0xE6,0x53,0xE6,0x53,0xE6,0x53,0xE6,0x53,0xE6,0x53,0xE6,
    0x53,0xE6,0x53,0xE6,0x53,0xE6,0x53,0xE6,0x53,0xE6,0x53,0xE6,0x53,0xE6,0x53,0xE6,
    0x32,0xE6,0x93,0xEE,0x0F,0xB5,0xB1,0xCD,0x93,0xF6,0xB1,0xD5,0x61,0x10,0x00,0x00,
    0x00,0x00,0x00,0x00,0x00,0x00,0x81,0x10,0x91,0xCD,0xC2,0x20,0x00,0x00,0x00,0x00,
    0x41,0x08,0x41,0x08,0xE9,0x6A,0xC5,0x41,0x00,0x00,0x20,0x08,0x00,0x00,0x00,0x00,
    0x21,0x08,0x6D,0xA4,0x32,0xE6,0xCE,0xAC,0x4D,0x9C,0xB4,0xF6,0x32,0xE6,0x53,0xE6,
    0x53,0xE6,0x53,0xE6,0x53,0xE6,0x53,0xE6,0x53,0xE6,0x53,0xE6,0x53,0xE6,0x53,0xE6,
    0x53,0xE6,0x53,0xE6,0x53,0xE6,0x53,0xE6,0x53,0xE6,0x53,0xE6,0x53,0xE6,0x53,0xE6,
    0x53,0xE6,0x53,0xE6,0x53,0xE6,0x53,0xE6,0x32,0xE6,0x93,0xEE,0x67,0x5A,0x00,0x00,
    0x00,0x00,0x20,0x00,0x00,0x00,0x8D,0xAC,0xB4,0xF6,0x12,0xDE,0xB4,0xF6,0x8A,0x83,
    0x00,0x00,0x00,0x00,0x87,0x5A,0xF4,0xFE,0x32,0xE6,0xB4,0xF6,0x64,0x31,0x00,0x00,
    0x00,0x00,0x2F,0xBD,0x93,0xEE,0x32,0xE6,0x53,0xE6,0x53,0xE6,0x53,0xE6,0x53,0xE6,
    0x53,0xE6,0x53,0xE6,0x53,0xE6,0x53,0xE6,0x53,0xE6,0x53,0xE6,0x53,0xE6,0x53,0xE6,
    0x53,0xE6,0x53,0xE6,0x53,0xE6,0x53,0xE6,0x53,0xE6,0x53,0xE6,0x53,0xE6,0x53,0xE6,
    0x53,0xE6,0x53,0xE6,0x53,0xE6,0x53,0xE6,0x53,0xE6,0x53,0xE6,0x53,0xE6,0x53,0xE6,
    0x53,0xE6,0x53,0xE6,0x53,0xE6,0x53,0xE6,0x53,0xE6,0x53,0xE6,0x53,0xE6,0x53,0xE6,
    0x53,0xE6,0x53,0xE6,0x53,0xE6,0x53,0xE6,0x53,0xE6,0x53,0xE6,0x53,0xE6,0x53,0xE6,
    0x53,0xE6,0x53,0xE6,0x53,0xE6,0x53,0xE6,0x53,0xE6,0x53,0xE6,0x53,0xE6,0x53,0xE6,
    0x53,0xE6,0x53,0xE6,0x53,0xE6,0x53,0xE6,0x53,0xE6,0x53,0xE6,0x53,0xE6,0x53,0xE6,
    0x53,0xE6,0x53,0xE6,0x53,0xE6,0x53,0xE6,0x53,0xE6,0x53,0xE6,0x53,0xE6,0x53,0xE6,
    0x53,0xE6,0x53,0xE6,0x53,0xE6,0x53,0xE6,0x53,0xE6,0x53,0xE6,0x53,0xE6,0x53,0xE6,
    0x53,0xE6,0x53,0xE6,0x53,0xE6,0x53,0xE6,0x53,0xE6,0x53,0xE6,0x53,0xE6,0x53,0xE6,
    0x53,0xE6,0x53,0xE6,0x53,0xE6,0x53,0xE6,0x53,0xE6,0x53,0xE6,0x53,0xE6,0x53,0xE6,
    0x53,0xE6,0x53,0xE6,0x53,0xE6,0x53,0xE6,0x53,0xE6,0x53,0xE6,0x53,0xE6,0x53,0xE6,
    0x53,0xE6,0x53,0xE6,0x53,0xE6,0x53,0xE6,0x53,0xE6,0x53,0xE6,0x53,0xE6,0x53,0xE6,
    0x53,0xE6,0x53,0xE6,0x53,0xE6,0x53,0xE6,0x53,0xE6,0x53,0xE6,0x53,0xE6,0x53,0xE6,
    0x53,0xE6,0x53,0xE6,0x53,0xE6,0x53,0xE6,0x53,0xE6,0x53,0xE6,0x53,0xE6,0x53,0xE6,
    0x53,0xE6,0x53,0xE6,0x53,0xE6,0x52,0xE6,0x53,0xEE,0x12,0xDE,0xA2,0x18,0x20,0x00,
    0x81,0x10,0x0F,0xBD,0x73,0xEE,0x12,0xDE,0xD4,0xF6,0xC8,0x6A,0x00,0x00,0x20,0x08,
    0x00,0x00,0x8D,0xAC,0xB4,0xF6,0x32,0xE6,0x53,0xE6,0x53,0xE6,0x53,0xE6,0x53,0xE6,
    0x53,0xE6,0x53,0xE6,0x53,0xE6,0x53,0xE6,0x53,0xE6,0x53,0xE6,0x53,0xE6,0x53,0xE6,
    0x53,0xE6,0x53,0xE6,0x53,0xE6,0x53,0xE6,0x53,0xE6,0x53,0xE6,0x53,0xE6,0x53,0xE6,
    0x53,0xE6,0x73,0xEE,0xD1,0xD5,0x8D,0xA4,0x73,0xEE,0xB4,0xF6,0xC8,0x62,0x00,0x00,
    0x20,0x00,0x00,0x00,0x20,0x00,0x00,0x00,0x2C,0x9C,0xCB,0x8B,0x00,0x00,0x21,0x08,
    0x20,0x00,0x23,0x29,0x0C,0x94,0x00,0x00,0x41,0x08,0x00,0x00,0x20,0x00,0x00,0x00,
    0xE6,0x49,0x70,0xCD,0xF2,0xDD,0x6A,0x83,0x12,0xDE,0x53,0xEE,0x53,0xE6,0x53,0xE6,
    0x53,0xE6,0x32,0xE6,0x52,0xE6,0x53,0xE6,0x53,0xE6,0x53,0xE6,0x53,0xE6,0x53,0xE6,
    0x53,0xE6,0x53,0xE6,0x53,0xE6,0x53,0xE6,0x53,0xE6,0x53,0xE6,0x53,0xE6,0x53,0xE6,
    0x53,0xE6,0x53,0xE6,0x53,0xE6,0x53,0xE6,0x52,0xE6,0x73,0xEE,0x6A,0x7B,0xA5,0x39,
    0x00,0x00,0x20,0x00,0x00,0x00,0x8D,0xAC,0xB4,0xF6,0x52,0xE6,0x32,0xE6,0xC2,0x18,
    0x00,0x00,0x00,0x00,0x2C,0x9C,0xB4,0xF6,0x12,0xDE,0xB4,0xF6,0xC8,0x6A,0x00,0x00,
    0x00,0x00,0x47,0x52,0xB4,0xF6,0x32,0xE6,0x53,0xE6,0x53,0xE6,0x53,0xE6,0x53,0xE6,
    0x53,0xE6,0x53,0xE6,0x53,0xE6,0x53,0xE6,0x53,0xE6,0x53,0xE6,0x53,0xE6,0x53,0xE6,
    0x53,0xE6,0x53,0xE6,0x53,0xE6,0x53,0xE6,0x53,0xE6,0x53,0xE6,0x53,0xE6,0x53,0xE6,
    0x53,0xE6,0x53,0xE6,0x53,0xE6,0x53,0xE6,0x53,0xE6,0x53,0xE6,0x53,0xE6,0x53,0xE6,
    0x53,0xE6,0x53,0xE6,0x53,0xE6,0x53,0xE6,0x53,0xE6,0x53,0xE6,0x53,0xE6,0x53,0xE6,
    0x53,0xE6,0x53,0xE6,0x53,0xE6,0x53,0xE6,0x53,0xE6,0x53,0xE6,0x53,0xE6,0x53,0xE6,
    0x53,0xE6,0x53,0xE6,0x53,0xE6,0x53,0xE6,0x53,0xE6,0x53,0xE6,0x53,0xE6,0x53,0xE6,
    0x53,0xE6,0x53,0xE6,0x53,0xE6,0x53,0xE6,0x53,0xE6,0x53,0xE6,0x53,0xE6,0x53,0xE6,
    0x53,0xE6,0x53,0xE6,0x53,0xE6,0x53,0xE6,0x53,0xE6,0x53,0xE6,0x53,0xE6,0x53,0xE6,
    0x53,0xE6,0x53,0xE6,0x53,0xE6,0x53,0xE6,0x53,0xE6,0x53,0xE6,0x53,0xE6,0x53,0xE6,
    0x53,0xE6,0x53,0xE6,0x53,0xE6,0x53,0xE6,0x53,0xE6,0x53,0xE6,0x53,0xE6,0x53,0xE6,
    0x53,0xE6,0x53,0xE6,0x53,0xE6,0x53,0xE6,0x53,0xE6,0x53,0xE6,0x53,0xE6,0x53,0xE6,
    0x53,0xE6,0x53,0xE6,0x53,0xE6,0x53,0xE6,0x53,0xE6,0x53,0xE6,0x53,0xE6,0x53,0xE6,
    0x53,0xE6,0x53,0xE6,0x53,0xE6,0x53,0xE6,0x53,0xE6,0x53,0xE6,0x53,0xE6,0x53,0xE6,
    0x53,0xE6,0x53,0xE6,0x53,0xE6,0x53,0xE6,0x53,0xE6,0x53,0xE6,0x53,0xE6,0x53,0xE6,
    0x53,0xE6,0x53,0xE6,0x53,0xE6,0x53,0xE6,0x53,0xE6,0x53,0xE6,0x53,0xE6,0x53,0xE6,
    0x53,0xE6,0x53,0xE6,0x53,0xE6,0x52,0xE6,0x53,0xEE,0x32,0xE6,0x82,0x10,0x00,0x00,
    0x00,0x00,0xAB,0x8B,0xD4,0xF6,0x12,0xDE,0xB4,0xF6,0xE9,0x6A,0x00,0x00,0x41,0x08,
    0x00,0x00,0xAB,0x83,0xB4,0xF6,0x32,0xE6,0x53,0xE6,0x53,0xE6,0x53,0xE6,0x53,0xE6,
    0x53,0xE6,0x53,0xE6,0x53,0xE6,0x53,0xE6,0x53,0xE6,0x53,0xE6,0x53,0xE6,0x53,0xE6,
    0x53,0xE6,0x53,0xE6,0x53,0xE6,0x53,0xE6,0x53,0xE6,0x32,0xE6,0x32,0xE6,0x53,0xE6,
    0x53,0xE6,0x32,0xE6,0x93,0xEE,0xEE,0xB4,0xB1,0xD5,0xB4,0xF6,0x50,0xC5,0x20,0x00,
    0x00,0x00,0x00,0x00,0x00,0x00,0x00,0x00,0x84,0x39,0x91,0xCD,0x41,0x08,0xA2,0x18,
    0x00,0x00,0x87,0x5A,0x47,0x52,0x00,0x00,0x41,0x08,0x00,0x00,0x00,0x00,0x20,0x00,
    0x6D,0xA4,0x52,0xE6,0xCE,0xB4,0xEC,0x93,0xB4,0xF6,0x32,0xE6,0x53,0xE6,0x53,0xE6,
    0x53,0xE6,0xD4,0xF6,0x73,0xEE,0x32,0xE6,0x52,0xE6,0x53,0xE6,0x53,0xE6,0x53,0xE6,
    0x53,0xE6,0x53,0xE6,0x53,0xE6,0x53,0xE6,0x53,0xE6,0x53,0xE6,0x53,0xE6,0x53,0xE6,
    0x53,0xE6,0x53,0xE6,0x53,0xE6,0x53,0xE6,0x53,0xE6,0x32,0xE6,0xF4,0xFE,0xB1,0xD5,
    0x20,0x00,0x00,0x00,0x00,0x00,0x8D,0xAC,0x93,0xF6,0x93,0xEE,0xAE,0xAC,0x00,0x00,
    0x00,0x00,0x00,0x00,0x0F,0xBD,0x93,0xF6,0x32,0xE6,0xB4,0xF6,0xAB,0x8B,0x00,0x00,
    0x00,0x00,0x81,0x10,0xF2,0xDD,0x73,0xEE,0x52,0xE6,0x53,0xE6,0x53,0xE6,0x53,0xE6,
    0x53,0xE6,0x53,0xE6,0x53,0xE6,0x53,0xE6,0x53,0xE6,0x53,0xE6,0x53,0xE6,0x53,0xE6,
    0x53,0xE6,0x53,0xE6,0x53,0xE6,0x53,0xE6,0x53,0xE6,0x53,0xE6,0x53,0xE6,0x53,0xE6,
    0x53,0xE6,0x53,0xE6,0x53,0xE6,0x53,0xE6,0x53,0xE6,0x53,0xE6,0x53,0xE6,0x53,0xE6,
    0x53,0xE6,0x53,0xE6,0x53,0xE6,0x53,0xE6,0x53,0xE6,0x53,0xE6,0x53,0xE6,0x53,0xE6,
    0x53,0xE6,0x53,0xE6,0x53,0xE6,0x53,0xE6,0x53,0xE6,0x53,0xE6,0x53,0xE6,0x53,0xE6,
    0x53,0xE6,0x53,0xE6,0x53,0xE6,0x53,0xE6,0x53,0xE6,0x53,0xE6,0x53,0xE6,0x53,0xE6,
    0x53,0xE6,0x53,0xE6,0x53,0xE6,0x53,0xE6,0x53,0xE6,0x53,0xE6,0x53,0xE6,0x53,0xE6,
    0x53,0xE6,0x53,0xE6,0x53,0xE6,0x53,0xE6,0x53,0xE6,0x53,0xE6,0x53,0xE6,0x53,0xE6,
    0x53,0xE6,0x53,0xE6,0x53,0xE6,0x53,0xE6,0x53,0xE6,0x53,0xE6,0x53,0xE6,0x53,0xE6,
    0x53,0xE6,0x53,0xE6,0x53,0xE6,0x53,0xE6,0x53,0xE6,0x53,0xE6,0x53,0xE6,0x53,0xE6,
    0x53,0xE6,0x53,0xE6,0x53,0xE6,0x53,0xE6,0x53,0xE6,0x53,0xE6,0x53,0xE6,0x53,0xE6,
    0x53,0xE6,0x53,0xE6,0x53,0xE6,0x53,0xE6,0x53,0xE6,0x53,0xE6,0x53,0xE6,0x53,0xE6,
    0x53,0xE6,0x53,0xE6,0x53,0xE6,0x53,0xE6,0x53,0xE6,0x53,0xE6,0x53,0xE6,0x53,0xE6,
    0x53,0xE6,0x53,0xE6,0x53,0xE6,0x53,0xE6,0x53,0xE6,0x53,0xE6,0x53,0xE6,0x53,0xE6,
    0x53,0xE6,0x53,0xE6,0x53,0xE6,0x53,0xE6,0x53,0xE6,0x53,0xE6,0x53,0xE6,0x53,0xE6,
    0x53,0xE6,0x53,0xE6,0x53,0xE6,0x53,0xE6,0x32,0xE6,0x93,0xEE,0x8D,0xA4,0x23,0x29,
    0xC5,0x41,0xD1,0xD5,0x73,0xEE,0x32,0xE6,0xB4,0xF6,0xA8,0x62,0x00,0x00,0x20,0x08,
    0x00,0x00,0x6D,0xA4,0xB4,0xF6,0x32,0xE6,0x53,0xE6,0x53,0xE6,0x53,0xE6,0x53,0xE6,
    0x53,0xE6,0x53,0xE6,0x53,0xE6,0x53,0xE6,0x53,0xE6,0x53,0xE6,0x53,0xE6,0x53,0xE6,
    0x53,0xE6,0x53,0xE6,0x53,0xE6,0x32,0xE6,0x32,0xE6,0xB4,0xF6,0xB4,0xF6,0x52,0xE6,
    0x53,0xE6,0x53,0xE6,0x73,0xEE,0xB1,0xCD,0xAE,0xAC,0x73,0xEE,0x93,0xF6,0x26,0x4A,
    0x00,0x00,0x20,0x00,0x00,0x00,0x00,0x00,0x00,0x00,0x0F,0xBD,0xE6,0x49,0x41,0x08,
    0x00,0x00,0xAB,0x8B,0x61,0x10,0x00,0x00,0x00,0x00,0x20,0x00,0x00,0x00,0x84,0x39,
    0x70,0xCD,0x53,0xE6,0xAB,0x83,0xB1,0xD5,0x73,0xEE,0x52,0xE6,0x53,0xE6,0x53,0xEE,
    0x32,0xE6,0xAB,0x83,0xB1,0xD5,0xD4,0xFE,0x73,0xEE,0x32,0xE6,0x32,0xE6,0x53,0xE6,
    0x53,0xE6,0x53,0xE6,0x53,0xE6,0x53,0xE6,0x53,0xE6,0x53,0xE6,0x53,0xE6,0x53,0xE6,
    0x53,0xE6,0x53,0xE6,0x53,0xE6,0x53,0xE6,0x53,0xE6,0x52,0xE6,0x73,0xEE,0x90,0xCD,
    0x20,0x08,0x00,0x00,0x00,0x00,0x8D,0xAC,0x93,0xEE,0xB4,0xF6,0x4A,0x7B,0x00,0x00,
    0x00,0x00,0x61,0x10,0xD1,0xD5,0x73,0xEE,0x32,0xE6,0xB4,0xF6,0xAE,0xAC,0x00,0x00,
    0x20,0x00,0x00,0x00,0xCE,0xAC,0x94,0xF6,0x32,0xE6,0x53,0xE6,0x53,0xE6,0x53,0xE6,
    0x53,0xE6,0x53,0xE6,0x53,0xE6,0x53,0xE6,0x53,0xE6,0x53,0xE6,0x53,0xE6,0x53,0xE6,
    0x53,0xE6,0x53,0xE6,0x53,0xE6,0x53,0xE6,0x53,0xE6,0x53,0xE6,0x53,0xE6,0x53,0xE6,
    0x53,0xE6,0x53,0xE6,0x53,0xE6,0x53,0xE6,0x53,0xE6,0x53,0xE6,0x53,0xE6,0x53,0xE6,
    0x53,0xE6,0x53,0xE6,0x53,0xE6,0x53,0xE6,0x53,0xE6,0x53,0xE6,0x53,0xE6,0x53,0xE6,
    0x53,0xE6,0x53,0xE6,0x53,0xE6,0x53,0xE6,0x53,0xE6,0x53,0xE6,0x53,0xE6,0x53,0xE6,
    0x53,0xE6,0x53,0xE6,0x53,0xE6,0x53,0xE6,0x53,0xE6,0x53,0xE6,0x53,0xE6,0x53,0xE6,
    0x53,0xE6,0x53,0xE6,0x53,0xE6,0x53,0xE6,0x53,0xE6,0x53,0xE6,0x53,0xE6,0x53,0xE6,
    0x53,0xE6,0x53,0xE6,0x53,0xE6,0x53,0xE6,0x53,0xE6,0x53,0xE6,0x53,0xE6,0x53,0xE6,
    0x53,0xE6,0x53,0xE6,0x53,0xE6,0x53,0xE6,0x53,0xE6,0x53,0xE6,0x53,0xE6,0x53,0xE6,
    0x53,0xE6,0x53,0xE6,0x53,0xE6,0x53,0xE6,0x53,0xE6,0x53,0xE6,0x53,0xE6,0x53,0xE6,
    0x53,0xE6,0x53,0xE6,0x53,0xE6,0x53,0xE6,0x53,0xE6,0x53,0xE6,0x53,0xE6,0x53,0xE6,
    0x53,0xE6,0x53,0xE6,0x53,0xE6,0x53,0xE6,0x53,0xE6,0x53,0xE6,0x53,0xE6,0x53,0xE6,
    0x53,0xE6,0x53,0xE6,0x53,0xE6,0x53,0xE6,0x53,0xE6,0x53,0xE6,0x53,0xE6,0x53,0xE6,
    0x53,0xE6,0x53,0xE6,0x53,0xE6,0x53,0xE6,0x53,0xE6,0x53,0xE6,0x53,0xE6,0x53,0xE6,
    0x53,0xE6,0x53,0xE6,0x53,0xE6,0x53,0xE6,0x53,0xE6,0x53,0xE6,0x53,0xE6,0x53,0xE6,
    0x53,0xE6,0x53,0xE6,0x53,0xE6,0x53,0xE6,0x53,0xE6,0x52,0xE6,0x93,0xF6,0x53,0xEE,
    0x93,0xEE,0x73,0xEE,0x52,0xE6,0x53,0xE6,0x53,0xEE,0xE3,0x20,0x00,0x00,0x00,0x00,
    0x61,0x10,0xD1,0xD5,0x73,0xEE,0x52,0xE6,0x53,0xE6,0x53,0xE6,0x53,0xE6,0x53,0xE6,
    0x53,0xE6,0x53,0xE6,0x53,0xE6,0x53,0xE6,0x53,0xE6,0x53,0xE6,0x53,0xE6,0x53,0xE6,
    0x53,0xE6,0x32,0xE6,0x53,0xE6,0xB4,0xF6,0xB4,0xF6,0x4D,0x9C,0x4D,0x9C,0x93,0xEE,
    0x32,0xE6,0x53,0xE6,0x52,0xE6,0x73,0xEE,0xCE,0xB4,0xF1,0xDD,0xB4,0xF6,0xCE,0xB4,
    0x00,0x00,0x00,0x00,0x00,0x00,0x20,0x00,0x00,0x00,0xA8,0x62,0x8D,0xAC,0xE3,0x20,
    0x64,0x31,0x09,0x6B,0x00,0x00,0x20,0x00,0x00,0x00,0x00,0x00,0x00,0x00,0x4A,0x7B,
    0x70,0xC5,0x50,0xC5,0xEC,0x93,0xB4,0xF6,0x32,0xE6,0x53,0xE6,0x52,0xE6,0x53,0xEE,
    0x12,0xDE,0x64,0x31,0x61,0x10,0xA8,0x62,0x90,0xCD,0xD4,0xF6,0x93,0xF6,0x53,0xE6,
    0x53,0xE6,0x53,0xE6,0x53,0xE6,0x53,0xE6,0x53,0xE6,0x53,0xE6,0x53,0xE6,0x53,0xE6,
    0x53,0xE6,0x53,0xE6,0x53,0xE6,0x53,0xE6,0x53,0xE6,0x52,0xE6,0x73,0xEE,0x90,0xCD,
    0x20,0x08,0x00,0x00,0x00,0x00,0x8D,0xAC,0x93,0xF6,0xB4,0xF6,0x67,0x52,0x00,0x00,
    0x00,0x00,0xA2,0x18,0x12,0xDE,0x53,0xEE,0x32,0xE6,0xB4,0xF6,0xAE,0xAC,0x00,0x00,
    0x20,0x08,0x00,0x00,0x2C,0x9C,0xB4,0xF6,0x32,0xE6,0x53,0xE6,0x53,0xE6,0x53,0xE6,
    0x53,0xE6,0x53,0xE6,0x53,0xE6,0x53,0xE6,0x53,0xE6,0x53,0xE6,0x53,0xE6,0x53,0xE6,
    0x53,0xE6,0x53,0xE6,0x53,0xE6,0x53,0xE6,0x53,0xE6,0x53,0xE6,0x53,0xE6,0x53,0xE6,
    0x53,0xE6,0x53,0xE6,0x53,0xE6,0x53,0xE6,0x53,0xE6,0x53,0xE6,0x53,0xE6,0x53,0xE6,
    0x53,0xE6,0x53,0xE6,0x53,0xE6,0x53,0xE6,0x53,0xE6,0x53,0xE6,0x53,0xE6,0x53,0xE6,
    0x53,0xE6,0x53,0xE6,0x53,0xE6,0x53,0xE6,0x53,0xE6,0x53,0xE6,0x53,0xE6,0x53,0xE6,
    0x53,0xE6,0x53,0xE6,0x53,0xE6,0x53,0xE6,0x53,0xE6,0x53,0xE6,0x53,0xE6,0x53,0xE6,
    0x53,0xE6,0x53,0xE6,0x53,0xE6,0x53,0xE6,0x53,0xE6,0x53,0xE6,0x53,0xE6,0x53,0xE6,
    0x53,0xE6,0x53,0xE6,0x53,0xE6,0x53,0xE6,0x53,0xE6,0x53,0xE6,0x53,0xE6,0x53,0xE6,
    0x53,0xE6,0x53,0xE6,0x53,0xE6,0x53,0xE6,0x53,0xE6,0x53,0xE6,0x53,0xE6,0x53,0xE6,
    0x53,0xE6,0x53,0xE6,0x53,0xE6,0x53,0xE6,0x53,0xE6,0x53,0xE6,0x53,0xE6,0x53,0xE6,
    0x53,0xE6,0x53,0xE6,0x53,0xE6,0x53,0xE6,0x53,0xE6,0x53,0xE6,0x53,0xE6,0x53,0xE6,
    0x53,0xE6,0x53,0xE6,0x53,0xE6,0x53,0xE6,0x53,0xE6,0x53,0xE6,0x53,0xE6,0x53,0xE6,
    0x53,0xE6,0x53,0xE6,0x53,0xE6,0x53,0xE6,0x53,0xE6,0x53,0xE6,0x53,0xE6,0x53,0xE6,
    0x53,0xE6,0x53,0xE6,0x53,0xE6,0x53,0xE6,0x53,0xE6,0x53,0xE6,0x53,0xE6,0x53,0xE6,
    0x53,0xE6,0x53,0xE6,0x53,0xE6,0x53,0xE6,0x53,0xE6,0x53,0xE6,0x53,0xE6,0x53,0xE6,
    0x53,0xE6,0x53,0xE6,0x53,0xE6,0x53,0xE6,0x53,0xE6,0x53,0xE6,0x32,0xE6,0x53,0xE6,
    0x52,0xE6,0x53,0xE6,0x32,0xE6,0xD4,0xFE,0xAB,0x83,0x00,0x00,0x20,0x08,0x00,0x00,
    0x8B,0x83,0xB4,0xF6,0x32,0xE6,0x53,0xE6,0x53,0xE6,0x53,0xE6,0x53,0xE6,0x53,0xE6,
    0x53,0xE6,0x53,0xE6,0x53,0xE6,0x53,0xE6,0x53,0xE6,0x53,0xE6,0x53,0xE6,0x53,0xE6,
    0x53,0xEE,0xB4,0xF6,0x73,0xEE,0x8D,0xA4,0x64,0x31,0x20,0x08,0x29,0x73,0x93,0xF6,
    0x32,0xE6,0x53,0xE6,0x52,0xE6,0x73,0xEE,0x91,0xCD,0x2F,0xBD,0x73,0xEE,0x73,0xEE,
    0x44,0x31,0x00,0x00,0x00,0x00,0x00,0x00,0x00,0x00,0x41,0x08,0x90,0xCD,0x44,0x29,
    0x6A,0x7B,0x84,0x39,0x00,0x00,0x00,0x00,0x00,0x00,0x00,0x00,0xE3,0x20,0x8D,0xA4,
    0xB1,0xD5,0xCB,0x8B,0x50,0xC5,0x93,0xEE,0x52,0xE6,0x53,0xE6,0x53,0xE6,0x52,0xE6,
    0x53,0xEE,0x93,0xF6,0xCE,0xB4,0xA5,0x41,0x20,0x08,0x06,0x4A,0x2F,0xBD,0x53,0xE6,
    0x53,0xE6,0x53,0xE6,0x53,0xE6,0x53,0xE6,0x53,0xE6,0x53,0xE6,0x53,0xE6,0x53,0xE6,
    0x53,0xE6,0x53,0xE6,0x53,0xE6,0x53,0xE6,0x53,0xE6,0x52,0xE6,0x73,0xEE,0x90,0xCD,
    0x20,0x08,0x00,0x00,0x00,0x00,0x8D,0xAC,0x93,0xF6,0x93,0xEE,0x06,0x4A,0x00,0x00,
    0x00,0x00,0x82,0x18,0x12,0xDE,0x53,0xEE,0x32,0xE6,0xB4,0xF6,0xAE,0xAC,0x00,0x00,
    0x20,0x08,0x00,0x00,0x29,0x73,0xB4,0xF6,0x32,0xE6,0x53,0xE6,0x53,0xE6,0x53,0xE6,
    0x53,0xE6,0x53,0xE6,0x53,0xE6,0x53,0xE6,0x53,0xE6,0x53,0xE6,0x53,0xE6,0x53,0xE6,
    0x53,0xE6,0x53,0xE6,0x53,0xE6,0x53,0xE6,0x53,0xE6,0x53,0xE6,0x53,0xE6,0x53,0xE6,
    0x53,0xE6,0x53,0xE6,0x53,0xE6,0x53,0xE6,0x53,0xE6,0x53,0xE6,0x53,0xE6,0x53,0xE6,
    0x53,0xE6,0x53,0xE6,0x53,0xE6,0x53,0xE6,0x53,0xE6,0x53,0xE6,0x53,0xE6,0x53,0xE6,
    0x53,0xE6,0x53,0xE6,0x53,0xE6,0x53,0xE6,0x53,0xE6,0x53,0xE6,0x53,0xE6,0x53,0xE6,
    0x53,0xE6,0x53,0xE6,0x53,0xE6,0x53,0xE6,0x53,0xE6,0x53,0xE6,0x53,0xE6,0x53,0xE6,
    0x53,0xE6,0x53,0xE6,0x53,0xE6,0x53,0xE6,0x53,0xE6,0x53,0xE6,0x53,0xE6,0x53,0xE6,
    0x53,0xE6,0x53,0xE6,0x53,0xE6,0x53,0xE6,0x53,0xE6,0x53,0xE6,0x53,0xE6,0x53,0xE6,
    0x53,0xE6,0x53,0xE6,0x53,0xE6,0x53,0xE6,0x53,0xE6,0x53,0xE6,0x53,0xE6,0x53,0xE6,
    0x53,0xE6,0x53,0xE6,0x53,0xE6,0x53,0xE6,0x53,0xE6,0x53,0xE6,0x53,0xE6,0x53,0xE6,
    0x53,0xE6,0x53,0xE6,0x53,0xE6,0x53,0xE6,0x53,0xE6,0x53,0xE6,0x53,0xE6,0x53,0xE6,
    0x53,0xE6,0x53,0xE6,0x53,0xE6,0x53,0xE6,0x53,0xE6,0x53,0xE6,0x53,0xE6,0x53,0xE6,
    0x53,0xE6,0x53,0xE6,0x53,0xE6,0x53,0xE6,0x53,0xE6,0x53,0xE6,0x53,0xE6,0x53,0xE6,
    0x53,0xE6,0x53,0xE6,0x53,0xE6,0x53,0xE6,0x53,0xE6,0x53,0xE6,0x53,0xE6,0x53,0xE6,
    0x53,0xE6,0x53,0xE6,0x53,0xE6,0x53,0xE6,0x53,0xE6,0x53,0xE6,0x53,0xE6,0x53,0xE6,
    0x53,0xE6,0x53,0xE6,0x53,0xE6,0x53,0xE6,0x53,0xE6,0x53,0xE6,0x53,0xE6,0x53,0xE6,
    0x53,0xE6,0x32,0xE6,0xD4,0xF6,0xEE,0xB4,0x41,0x08,0x00,0x00,0x00,0x00,0x29,0x73,
    0xB4,0xF6,0x52,0xE6,0x53,0xE6,0x53,0xE6,0x53,0xE6,0x53,0xE6,0x53,0xE6,0x53,0xE6,
    0x53,0xE6,0x53,0xE6,0x53,0xE6,0x53,0xE6,0x53,0xE6,0x53,0xE6,0x53,0xE6,0x53,0xE6,
    0x12,0xDE,0xEB,0x8B,0xE3,0x20,0x82,0x18,0x29,0x73,0xD1,0xD5,0xB4,0xF6,0x52,0xE6,
    0x53,0xE6,0x53,0xE6,0x53,0xE6,0x53,0xE6,0x53,0xE6,0x2F,0xBD,0x32,0xE6,0xB4,0xF6,
    0xAB,0x8B,0x00,0x00,0x20,0x00,0x00,0x00,0x00,0x00,0x00,0x00,0xCB,0x8B,0xE9,0x6A,
    0x2C,0x9C,0x21,0x08,0x21,0x08,0x00,0x00,0x20,0x00,0x00,0x00,0xE9,0x6A,0x90,0xCD,
    0x90,0xCD,0x8A,0x83,0x73,0xEE,0x52,0xE6,0x53,0xE6,0x53,0xE6,0x53,0xE6,0x53,0xE6,
    0x53,0xE6,0x32,0xE6,0x94,0xF6,0xD4,0xF6,0x0F,0xBD,0xA5,0x41,0xE3,0x20,0x12,0xDE,
    0x53,0xEE,0x53,0xE6,0x53,0xE6,0x53,0xE6,0x53,0xE6,0x53,0xE6,0x53,0xE6,0x53,0xE6,
    0x53,0xE6,0x53,0xE6,0x53,0xE6,0x53,0xE6,0x53,0xE6,0x52,0xE6,0x73,0xEE,0x90,0xCD,
    0x20,0x08,0x00,0x00,0x00,0x00,0x8D,0xAC,0xB4,0xF6,0x53,0xEE,0x64,0x31,0x00,0x00,
    0x00,0x00,0x82,0x18,0x12,0xDE,0x53,0xEE,0x32,0xE6,0xB4,0xF6,0xAE,0xAC,0x00,0x00,
    0x20,0x08,0x00,0x00,0xA8,0x62,0xD4,0xF6,0x32,0xE6,0x53,0xE6,0x53,0xE6,0x53,0xE6,
    0x53,0xE6,0x53,0xE6,0x53,0xE6,0x53,0xE6,0x53,0xE6,0x53,0xE6,0x53,0xE6,0x53,0xE6,
    0x53,0xE6,0x53,0xE6,0x53,0xE6,0x53,0xE6,0x53,0xE6,0x53,0xE6,0x53,0xE6,0x53,0xE6,
    0x53,0xE6,0x53,0xE6,0x53,0xE6,0x53,0xE6,0x53,0xE6,0x53,0xE6,0x53,0xE6,0x53,0xE6,
    0x53,0xE6,0x53,0xE6,0x53,0xE6,0x53,0xE6,0x53,0xE6,0x53,0xE6,0x53,0xE6,0x53,0xE6,
    0x53,0xE6,0x53,0xE6,0x53,0xE6,0x53,0xE6,0x53,0xE6,0x53,0xE6,0x53,0xE6,0x53,0xE6,
    0x53,0xE6,0x53,0xE6,0x53,0xE6,0x53,0xE6,0x53,0xE6,0x53,0xE6,0x53,0xE6,0x53,0xE6,
    0x53,0xE6,0x53,0xE6,0x53,0xE6,0x53,0xE6,0x53,0xE6,0x53,0xE6,0x53,0xE6,0x53,0xE6,
    0x53,0xE6,0x53,0xE6,0x53,0xE6,0x53,0xE6,0x53,0xE6,0x53,0xE6,0x53,0xE6,0x53,0xE6,
    0x53,0xE6,0x53,0xE6,0x53,0xE6,0x53,0xE6,0x53,0xE6,0x53,0xE6,0x53,0xE6,0x53,0xE6,
    0x53,0xE6,0x53,0xE6,0x53,0xE6,0x53,0xE6,0x53,0xE6,0x53,0xE6,0x53,0xE6,0x53,0xE6,
    0x53,0xE6,0x53,0xE6,0x53,0xE6,0x53,0xE6,0x53,0xE6,0x53,0xE6,0x53,0xE6,0x53,0xE6,
    0x53,0xE6,0x53,0xE6,0x53,0xE6,0x53,0xE6,0x53,0xE6,0x53,0xE6,0x53,0xE6,0x53,0xE6,
    0x53,0xE6,0x53,0xE6,0x53,0xE6,0x53,0xE6,0x53,0xE6,0x53,0xE6,0x53,0xE6,0x53,0xE6,
    0x53,0xE6,0x53,0xE6,0x53,0xE6,0x53,0xE6,0x53,0xE6,0x53,0xE6,0x53,0xE6,0x53,0xE6,
    0x53,0xE6,0x53,0xE6,0x53,0xE6,0x53,0xE6,0x53,0xE6,0x53,0xE6,0x53,0xE6,0x53,0xE6,
    0x53,0xE6,0x53,0xE6,0x53,0xE6,0x53,0xE6,0x53,0xE6,0x53,0xE6,0x53,0xE6,0x53,0xE6,
    0x32,0xE6,0xB4,0xF6,0x2F,0xBD,0x81,0x10,0x00,0x00,0x41,0x08,0xCB,0x8B,0xB4,0xF6,
    0x32,0xE6,0x53,0xE6,0x53,0xE6,0x53,0xE6,0x53,0xE6,0x53,0xE6,0x53,0xE6,0x53,0xE6,
    0x53,0xE6,0x53,0xE6,0x53,0xE6,0x53,0xE6,0x53,0xE6,0x53,0xE6,0x32,0xE6,0xB4,0xF6,
    0x0C,0x94,0x61,0x10,0x6A,0x7B,0x32,0xE6,0xD4,0xFE,0x73,0xEE,0x32,0xE6,0x53,0xE6,
    0x53,0xE6,0x53,0xE6,0x53,0xE6,0x52,0xE6,0x73,0xEE,0x91,0xCD,0xB1,0xCD,0x93,0xF6,
    0xD1,0xD5,0x61,0x10,0x00,0x00,0x00,0x00,0x00,0x00,0x00,0x00,0xA5,0x41,0x6D,0xA4,
    0xC5,0x41,0xA2,0x18,0x41,0x08,0x00,0x00,0x00,0x00,0x61,0x10,0xCE,0xB4,0x52,0xE6,
    0xAE,0xAC,0xCE,0xB4,0x94,0xF6,0x32,0xE6,0x53,0xE6,0x53,0xE6,0x53,0xE6,0x53,0xE6,
    0x53,0xE6,0x53,0xE6,0x32,0xE6,0x32,0xE6,0x94,0xF6,0xB4,0xF6,0xF1,0xDD,0x53,0xE6,
    0x53,0xE6,0x53,0xE6,0x53,0xE6,0x53,0xE6,0x53,0xE6,0x53,0xE6,0x53,0xE6,0x53,0xE6,
    0x53,0xE6,0x53,0xE6,0x53,0xE6,0x53,0xE6,0x53,0xE6,0x52,0xE6,0x73,0xEE,0x90,0xCD,
    0x20,0x08,0x00,0x00,0x00,0x00,0x8D,0xAC,0x93,0xF6,0x93,0xF6,0x26,0x4A,0x00,0x00,
    0x00,0x00,0x82,0x18,0x12,0xDE,0x53,0xEE,0x32,0xE6,0xB4,0xF6,0xAE,0xAC,0x00,0x00,
    0x20,0x08,0x00,0x00,0x09,0x73,0xB4,0xF6,0x32,0xE6,0x53,0xE6,0x53,0xE6,0x53,0xE6,
    0x53,0xE6,0x53,0xE6,0x53,0xE6,0x53,0xE6,0x53,0xE6,0x53,0xE6,0x53,0xE6,0x53,0xE6,
    0x53,0xE6,0x53,0xE6,0x53,0xE6,0x53,0xE6,0x53,0xE6,0x53,0xE6,0x53,0xE6,0x53,0xE6,
    0x53,0xE6,0x53,0xE6,0x53,0xE6,0x53,0xE6,0x53,0xE6,0x53,0xE6,0x53,0xE6,0x53,0xE6,
    0x53,0xE6,0x53,0xE6,0x53,0xE6,0x53,0xE6,0x53,0xE6,0x53,0xE6,0x53,0xE6,0x53,0xE6,
    0x53,0xE6,0x53,0xE6,0x53,0xE6,0x53,0xE6,0x53,0xE6,0x53,0xE6,0x53,0xE6,0x53,0xE6,
    0x53,0xE6,0x53,0xE6,0x53,0xE6,0x53,0xE6,0x53,0xE6,0x53,0xE6,0x53,0xE6,0x53,0xE6,
    0x53,0xE6,0x53,0xE6,0x53,0xE6,0x53,0xE6,0x53,0xE6,0x53,0xE6,0x53,0xE6,0x53,0xE6,
    0x53,0xE6,0x53,0xE6,0x53,0xE6,0x53,0xE6,0x53,0xE6,0x53,0xE6,0x53,0xE6,0x53,0xE6,
    0x53,0xE6,0x53,0xE6,0x53,0xE6,0x53,0xE6,0x53,0xE6,0x53,0xE6,0x53,0xE6,0x53,0xE6,
    0x53,0xE6,0x53,0xE6,0x53,0xE6,0x53,0xE6,0x53,0xE6,0x53,0xE6,0x53,0xE6,0x53,0xE6,
    0x53,0xE6,0x53,0xE6,0x53,0xE6,0x53,0xE6,0x53,0xE6,0x53,0xE6,0x53,0xE6,0x53,0xE6,
    0x53,0xE6,0x53,0xE6,0x53,0xE6,0x53,0xE6,0x53,0xE6,0x53,0xE6,0x53,0xE6,0x53,0xE6,
    0x53,0xE6,0x53,0xE6,0x53,0xE6,0x53,0xE6,0x53,0xE6,0x53,0xE6,0x53,0xE6,0x53,0xE6,
    0x53,0xE6,0x53,0xE6,0x53,0xE6,0x53,0xE6,0x53,0xE6,0x53,0xE6,0x53,0xE6,0x53,0xE6,
    0x53,0xE6,0x53,0xE6,0x53,0xE6,0x53,0xE6,0x53,0xE6,0x53,0xE6,0x53,0xE6,0x53,0xE6,
    0x53,0xE6,0x53,0xE6,0x53,0xE6,0x53,0xE6,0x53,0xE6,0x53,0xE6,0x53,0xE6,0x32,0xE6,
    0xB4,0xF6,0x2F,0xBD,0x61,0x10,0x00,0x00,0x84,0x39,0x50,0xC5,0xD4,0xF6,0x32,0xE6,
    0x32,0xE6,0x32,0xE6,0x53,0xE6,0x53,0xE6,0x53,0xE6,0x53,0xE6,0x53,0xE6,0x53,0xE6,
    0x53,0xE6,0x53,0xE6,0x53,0xE6,0x53,0xE6,0x53,0xE6,0x53,0xE6,0x53,0xE6,0x53,0xEE,
    0x12,0xDE,0x12,0xDE,0xD4,0xFE,0x53,0xEE,0x32,0xE6,0x52,0xE6,0x53,0xE6,0x53,0xE6,
    0x53,0xE6,0x53,0xE6,0x53,0xE6,0x53,0xE6,0x53,0xE6,0x32,0xE6,0x2F,0xBD,0x53,0xE6,
    0xB4,0xF6,0x67,0x5A,0x00,0x00,0x20,0x00,0x00,0x00,0x00,0x00,0x20,0x08,0xAE,0xAC,
    0x00,0x00,0x20,0x08,0x00,0x00,0x20,0x00,0x00,0x00,0x26,0x4A,0x90,0xCD,0x12,0xDE,
    0x2C,0x9C,0x32,0xE6,0x53,0xE6,0x53,0xE6,0x53,0xE6,0x53,0xE6,0x53,0xE6,0x53,0xE6,
    0x53,0xE6,0x53,0xE6,0x53,0xE6,0x53,0xE6,0x32,0xE6,0x32,0xE6,0x73,0xEE,0x53,0xE6,
    0x53,0xE6,0x53,0xE6,0x53,0xE6,0x53,0xE6,0x53,0xE6,0x53,0xE6,0x53,0xE6,0x53,0xE6,
    0x53,0xE6,0x53,0xE6,0x53,0xE6,0x53,0xE6,0x53,0xE6,0x52,0xE6,0x73,0xEE,0x90,0xCD,
    0x20,0x08,0x00,0x00,0x00,0x00,0x8D,0xAC,0x93,0xF6,0xB4,0xF6,0x67,0x5A,0x00,0x00,
    0x00,0x00,0xA2,0x18,0x12,0xDE,0x53,0xEE,0x32,0xE6,0xB4,0xF6,0xAE,0xAC,0x00,0x00,
    0x20,0x08,0x00,0x00,0x2C,0x94,0xB4,0xF6,0x32,0xE6,0x53,0xE6,0x53,0xE6,0x53,0xE6,
    0x53,0xE6,0x53,0xE6,0x53,0xE6,0x53,0xE6,0x53,0xE6,0x53,0xE6,0x53,0xE6,0x53,0xE6,
    0x53,0xE6,0x53,0xE6,0x53,0xE6,0x53,0xE6,0x53,0xE6,0x53,0xE6,0x53,0xE6,0x53,0xE6,
    0x53,0xE6,0x53,0xE6,0x53,0xE6,0x53,0xE6,0x53,0xE6,0x53,0xE6,0x53,0xE6,0x53,0xE6,
    0x53,0xE6,0x53,0xE6,0x53,0xE6,0x53,0xE6,0x53,0xE6,0x53,0xE6,0x53,0xE6,0x53,0xE6,
    0x53,0xE6,0x53,0xE6,0x53,0xE6,0x53,0xE6,0x53,0xE6,0x53,0xE6,0x53,0xE6,0x53,0xE6,
    0x53,0xE6,0x53,0xE6,0x53,0xE6,0x53,0xE6,0x53,0xE6,0x53,0xE6,0x53,0xE6,0x53,0xE6,
    0x53,0xE6,0x53,0xE6,0x53,0xE6,0x53,0xE6,0x53,0xE6,0x53,0xE6,0x53,0xE6,0x53,0xE6,
    0x53,0xE6,0x53,0xE6,0x53,0xE6,0x53,0xE6,0x53,0xE6,0x53,0xE6,0x53,0xE6,0x53,0xE6,
    0x53,0xE6,0x53,0xE6,0x53,0xE6,0x53,0xE6,0x53,0xE6,0x53,0xE6,0x53,0xE6,0x53,0xE6,
    0x53,0xE6,0x53,0xE6,0x53,0xE6,0x53,0xE6,0x53,0xE6,0x53,0xE6,0x53,0xE6,0x53,0xE6,
    0x53,0xE6,0x53,0xE6,0x53,0xE6,0x53,0xE6,0x53,0xE6,0x53,0xE6,0x53,0xE6,0x53,0xE6,
    0x53,0xE6,0x53,0xE6,0x53,0xE6,0x53,0xE6,0x53,0xE6,0x53,0xE6,0x53,0xE6,0x53,0xE6,
    0x53,0xE6,0x53,0xE6,0x53,0xE6,0x53,0xE6,0x53,0xE6,0x53,0xE6,0x53,0xE6,0x53,0xE6,
    0x53,0xE6,0x53,0xE6,0x53,0xE6,0x53,0xE6,0x53,0xE6,0x53,0xE6,0x53,0xE6,0x53,0xE6,
    0x53,0xE6,0x53,0xE6,0x53,0xE6,0x53,0xE6,0x53,0xE6,0x53,0xE6,0x53,0xE6,0x53,0xE6,
    0x53,0xE6,0x53,0xE6,0x53,0xE6,0x53,0xE6,0x53,0xE6,0x53,0xE6,0x32,0xE6,0x93,0xF6,
    0x2F,0xBD,0x61,0x10,0x00,0x00,0x29,0x73,0x73,0xEE,0x93,0xEE,0x32,0xE6,0x32,0xE6,
    0xB4,0xF6,0x93,0xF6,0x52,0xE6,0x53,0xE6,0x53,0xE6,0x53,0xE6,0x53,0xE6,0x53,0xE6,
    0x53,0xE6,0x53,0xE6,0x53,0xE6,0x53,0xE6,0x53,0xE6,0x53,0xE6,0x53,0xE6,0x53,0xE6,
    0x53,0xEE,0x73,0xEE,0x32,0xE6,0x52,0xE6,0x53,0xE6,0x53,0xE6,0x53,0xE6,0x53,0xE6,
    0x53,0xE6,0x53,0xE6,0x53,0xE6,0x53,0xE6,0x52,0xE6,0x73,0xEE,0x70,0xCD,0xF2,0xDD,
    0xB4,0xF6,0xCE,0xAC,0x00,0x00,0x00,0x00,0x00,0x00,0x00,0x00,0x00,0x00,0x09,0x6B,
    0x00,0x00,0x00,0x00,0x00,0x00,0x00,0x00,0x00,0x00,0x0C,0x94,0x12,0xDE,0x2F,0xBD,
    0x8D,0xAC,0x93,0xF6,0x32,0xE6,0x53,0xE6,0x53,0xE6,0x53,0xE6,0x53,0xE6,0x53,0xE6,
    0x53,0xE6,0x53,0xE6,0x53,0xE6,0x53,0xE6,0x53,0xE6,0x53,0xE6,0x52,0xE6,0x53,0xE6,
    0x53,0xE6,0x53,0xE6,0x53,0xE6,0x53,0xE6,0x53,0xE6,0x53,0xE6,0x53,0xE6,0x53,0xE6,
    0x53,0xE6,0x53,0xE6,0x53,0xE6,0x53,0xE6,0x53,0xE6,0x52,0xE6,0x73,0xEE,0x90,0xCD,
    0x20,0x08,0x00,0x00,0x00,0x00,0x8D,0xAC,0x93,0xEE,0xB4,0xF6,0x4A,0x7B,0x00,0x00,
    0x00,0x00,0x41,0x08,0xB1,0xCD,0x73,0xEE,0x32,0xE6,0xB4,0xF6,0x8D,0xA4,0x00,0x00,
    0x20,0x00,0x00,0x00,0xEF,0xB4,0x93,0xF6,0x32,0xE6,0x53,0xE6,0x53,0xE6,0x53,0xE6,
    0x53,0xE6,0x53,0xE6,0x53,0xE6,0x53,0xE6,0x53,0xE6,0x53,0xE6,0x53,0xE6,0x53,0xE6,
    0x53,0xE6,0x53,0xE6,0x53,0xE6,0x53,0xE6,0x53,0xE6,0x53,0xE6,0x53,0xE6,0x53,0xE6,
    0x53,0xE6,0x53,0xE6,0x53,0xE6,0x53,0xE6,0x53,0xE6,0x53,0xE6,0x53,0xE6,0x53,0xE6,
    0x53,0xE6,0x53,0xE6,0x53,0xE6,0x53,0xE6,0x53,0xE6,0x53,0xE6,0x53,0xE6,0x53,0xE6,
    0x53,0xE6,0x53,0xE6,0x53,0xE6,0x53,0xE6,0x53,0xE6,0x53,0xE6,0x53,0xE6,0x53,0xE6,
    0x53,0xE6,0x53,0xE6,0x53,0xE6,0x53,0xE6,0x53,0xE6,0x53,0xE6,0x53,0xE6,0x53,0xE6,
    0x53,0xE6,0x53,0xE6,0x53,0xE6,0x53,0xE6,0x53,0xE6,0x53,0xE6,0x53,0xE6,0x53,0xE6,
    0x53,0xE6,0x53,0xE6,0x53,0xE6,0x53,0xE6,0x53,0xE6,0x53,0xE6,0x53,0xE6,0x53,0xE6,
    0x53,0xE6,0x53,0xE6,0x53,0xE6,0x53,0xE6,0x53,0xE6,0x53,0xE6,0x53,0xE6,0x53,0xE6,
    0x53,0xE6,0x53,0xE6,0x53,0xE6,0x53,0xE6,0x53,0xE6,0x53,0xE6,0x53,0xE6,0x53,0xE6,
    0x53,0xE6,0x53,0xE6,0x53,0xE6,0x53,0xE6,0x53,0xE6,0x53,0xE6,0x53,0xE6,0x53,0xE6,
    0x53,0xE6,0x53,0xE6,0x53,0xE6,0x53,0xE6,0x53,0xE6,0x53,0xE6,0x53,0xE6,0x53,0xE6,
    0x53,0xE6,0x53,0xE6,0x53,0xE6,0x53,0xE6,0x53,0xE6,0x53,0xE6,0x53,0xE6,0x53,0xE6,
    0x53,0xE6,0x53,0xE6,0x53,0xE6,0x53,0xE6,0x53,0xE6,0x53,0xE6,0x53,0xE6,0x53,0xE6,
    0x53,0xE6,0x53,0xE6,0x53,0xE6,0x53,0xE6,0x53,0xE6,0x53,0xE6,0x53,0xE6,0x53,0xE6,
    0x53,0xE6,0x53,0xE6,0x53,0xE6,0x53,0xE6,0x53,0xE6,0x32,0xE6,0x73,0xEE,0xB1,0xD5,
    0x81,0x10,0x00,0x00,0x2C,0x9C,0xB4,0xF6,0x32,0xE6,0x12,0xDE,0x32,0xE6,0x93,0xF6,
    0x4D,0x9C,0xAE,0xAC,0x93,0xEE,0x52,0xE6,0x53,0xE6,0x53,0xE6,0x53,0xE6,0x53,0xE6,
    0x53,0xE6,0x53,0xE6,0x53,0xE6,0x53,0xE6,0x53,0xE6,0x53,0xE6,0x53,0xE6,0x53,0xE6,
    0x53,0xE6,0x52,0xE6,0x53,0xE6,0x53,0xE6,0x53,0xE6,0x53,0xE6,0x53,0xE6,0x53,0xE6,
    0x53,0xE6,0x53,0xE6,0x53,0xE6,0x53,0xE6,0x53,0xE6,0x53,0xEE,0x12,0xDE,0xB1,0xD5,
    0x73,0xEE,0x53,0xE6,0x03,0x29,0x00,0x00,0x00,0x00,0x00,0x00,0x00,0x00,0xA2,0x18,
    0x00,0x00,0x00,0x00,0x00,0x00,0x00,0x00,0x03,0x29,0x90,0xCD,0x53,0xE6,0x2C,0x9C,
    0x90,0xCD,0x73,0xEE,0x53,0xE6,0x53,0xE6,0x53,0xE6,0x53,0xE6,0x53,0xE6,0x53,0xE6,
    0x53,0xE6,0x53,0xE6,0x53,0xE6,0x53,0xE6,0x53,0xE6,0x53,0xE6,0x53,0xE6,0x53,0xE6,
    0x53,0xE6,0x53,0xE6,0x53,0xE6,0x53,0xE6,0x53,0xE6,0x53,0xE6,0x53,0xE6,0x53,0xE6,
    0x53,0xE6,0x53,0xE6,0x53,0xE6,0x53,0xE6,0x53,0xE6,0x52,0xE6,0x73,0xEE,0x90,0xCD,
    0x20,0x08,0x00,0x00,0x00,0x00,0x8D,0xAC,0x93,0xF6,0x93,0xEE,0xCE,0xB4,0x00,0x00,
    0x00,0x00,0x00,0x00,0x0F,0xB5,0x93,0xF6,0x12,0xE6,0xB4,0xF6,0x8A,0x83,0x00,0x00,
    0x00,0x00,0x82,0x18,0x12,0xDE,0x53,0xEE,0x53,0xE6,0x53,0xE6,0x53,0xE6,0x53,0xE6,
    0x53,0xE6,0x53,0xE6,0x53,0xE6,0x53,0xE6,0x53,0xE6,0x53,0xE6,0x53,0xE6,0x53,0xE6,
    0x53,0xE6,0x53,0xE6,0x53,0xE6,0x53,0xE6,0x53,0xE6,0x53,0xE6,0x53,0xE6,0x53,0xE6,
    0x53,0xE6,0x53,0xE6,0x53,0xE6,0x53,0xE6,0x53,0xE6,0x53,0xE6,0x53,0xE6,0x53,0xE6,
    0x53,0xE6,0x53,0xE6,0x53,0xE6,0x53,0xE6,0x53,0xE6,0x53,0xE6,0x53,0xE6,0x53,0xE6,
    0x53,0xE6,0x53,0xE6,0x53,0xE6,0x53,0xE6,0x53,0xE6,0x53,0xE6,0x53,0xE6,0x53,0xE6,
    0x53,0xE6,0x53,0xE6,0x53,0xE6,0x53,0xE6,0x53,0xE6,0x53,0xE6,0x53,0xE6,0x53,0xE6,
    0x53,0xE6,0x53,0xE6,0x53,0xE6,0x53,0xE6,0x53,0xE6,0x53,0xE6,0x53,0xE6,0x53,0xE6,
    0x53,0xE6,0x53,0xE6,0x53,0xE6,0x53,0xE6,0x53,0xE6,0x53,0xE6,0x53,0xE6,0x53,0xE6,
    0x53,0xE6,0x53,0xE6,0x53,0xE6,0x53,0xE6,0x53,0xE6,0x53,0xE6,0x53,0xE6,0x53,0xE6,
    0x53,0xE6,0x53,0xE6,0x53,0xE6,0x53,0xE6,0x53,0xE6,0x53,0xE6,0x53,0xE6,0x53,0xE6,
    0x53,0xE6,0x53,0xE6,0x53,0xE6,0x53,0xE6,0x53,0xE6,0x53,0xE6,0x53,0xE6,0x53,0xE6,
    0x53,0xE6,0x53,0xE6,0x53,0xE6,0x53,0xE6,0x53,0xE6,0x53,0xE6,0x53,0xE6,0x53,0xE6,
    0x53,0xE6,0x53,0xE6,0x53,0xE6,0x53,0xE6,0x53,0xE6,0x53,0xE6,0x53,0xE6,0x53,0xE6,
    0x53,0xE6,0x53,0xE6,0x53,0xE6,0x53,0xE6,0x53,0xE6,0x53,0xE6,0x53,0xE6,0x53,0xE6,
    0x53,0xE6,0x53,0xE6,0x53,0xE6,0x53,0xE6,0x53,0xE6,0x53,0xE6,0x53,0xE6,0x53,0xE6,
    0x53,0xE6,0x53,0xE6,0x53,0xE6,0x53,0xE6,0x53,0xE6,0x53,0xE6,0x73,0xEE,0x64,0x31,
    0x20,0x00,0xCE,0xAC,0x56,0xFF,0xB4,0xF6,0xD4,0xF6,0xB4,0xF6,0xD4,0xFE,0x53,0xEE,
    0x41,0x08,0x87,0x5A,0xD4,0xFE,0x32,0xE6,0x53,0xE6,0x53,0xE6,0x53,0xE6,0x53,0xE6,
    0x53,0xE6,0x53,0xE6,0x53,0xE6,0x53,0xE6,0x53,0xE6,0x53,0xE6,0x53,0xE6,0x53,0xE6,
    0x53,0xE6,0x53,0xE6,0x53,0xE6,0x53,0xE6,0x53,0xE6,0x53,0xE6,0x53,0xE6,0x53,0xE6,
    0x53,0xE6,0x53,0xE6,0x53,0xE6,0x53,0xE6,0x53,0xE6,0x53,0xE6,0x53,0xE6,0x70,0xCD,
    0x32,0xE6,0xD4,0xF6,0x4A,0x7B,0x00,0x00,0x20,0x00,0x00,0x00,0x00,0x00,0x00,0x00,
    0x00,0x00,0x00,0x00,0x20,0x00,0x00,0x00,0xE9,0x6A,0x52,0xE6,0xD1,0xD5,0x0C,0x94,
    0x73,0xEE,0x52,0xE6,0x53,0xE6,0x53,0xE6,0x53,0xE6,0x53,0xE6,0x53,0xE6,0x53,0xE6,
    0x53,0xE6,0x53,0xE6,0x53,0xE6,0x53,0xE6,0x53,0xE6,0x53,0xE6,0x53,0xE6,0x53,0xE6,
    0x53,0xE6,0x53,0xE6,0x53,0xE6,0x53,0xE6,0x53,0xE6,0x53,0xE6,0x53,0xE6,0x53,0xE6,
    0x53,0xE6,0x53,0xE6,0x53,0xE6,0x53,0xE6,0x53,0xE6,0x52,0xE6,0x73,0xEE,0x90,0xCD,
    0x20,0x08,0x00,0x00,0x00,0x00,0x8D,0xA4,0x93,0xF6,0x52,0xE6,0x32,0xE6,0xE3,0x20,
    0x00,0x00,0x00,0x00,0x6D,0xA4,0x94,0xF6,0x12,0xDE,0xB4,0xF6,0xA8,0x62,0x00,0x00,
    0x00,0x00,0x88,0x5A,0xB4,0xF6,0x32,0xE6,0x53,0xE6,0x53,0xE6,0x53,0xE6,0x53,0xE6,
    0x53,0xE6,0x53,0xE6,0x53,0xE6,0x53,0xE6,0x53,0xE6,0x53,0xE6,0x53,0xE6,0x53,0xE6,
    0x53,0xE6,0x53,0xE6,0x53,0xE6,0x53,0xE6,0x53,0xE6,0x53,0xE6,0x53,0xE6,0x53,0xE6,
    0x53,0xE6,0x53,0xE6,0x53,0xE6,0x53,0xE6,0x53,0xE6,0x53,0xE6,0x53,0xE6,0x53,0xE6,
    0x53,0xE6,0x53,0xE6,0x53,0xE6,0x53,0xE6,0x53,0xE6,0x53,0xE6,0x53,0xE6,0x53,0xE6,
    0x53,0xE6,0x53,0xE6,0x53,0xE6,0x53,0xE6,0x53,0xE6,0x53,0xE6,0x53,0xE6,0x53,0xE6,
    0x53,0xE6,0x53,0xE6,0x53,0xE6,0x53,0xE6,0x53,0xE6,0x53,0xE6,0x53,0xE6,0x53,0xE6,
    0x53,0xE6,0x53,0xE6,0x53,0xE6,0x53,0xE6,0x53,0xE6,0x53,0xE6,0x53,0xE6,0x53,0xE6,
    0x53,0xE6,0x53,0xE6,0x53,0xE6,0x53,0xE6,0x53,0xE6,0x53,0xE6,0x53,0xE6,0x53,0xE6,
    0x53,0xE6,0x53,0xE6,0x53,0xE6,0x53,0xE6,0x53,0xE6,0x53,0xE6,0x53,0xE6,0x53,0xE6,
    0x53,0xE6,0x53,0xE6,0x53,0xE6,0x53,0xE6,0x53,0xE6,0x53,0xE6,0x53,0xE6,0x53,0xE6,
    0x53,0xE6,0x53,0xE6,0x53,0xE6,0x53,0xE6,0x53,0xE6,0x53,0xE6,0x53,0xE6,0x53,0xE6,
    0x53,0xE6,0x53,0xE6,0x53,0xE6,0x53,0xE6,0x53,0xE6,0x53,0xE6,0x53,0xE6,0x53,0xE6,
    0x53,0xE6,0x53,0xE6,0x53,0xE6,0x53,0xE6,0x53,0xE6,0x53,0xE6,0x53,0xE6,0x53,0xE6,
    0x53,0xE6,0x53,0xE6,0x53,0xE6,0x53,0xE6,0x53,0xE6,0x53,0xE6,0x53,0xE6,0x53,0xE6,
    0x53,0xE6,0x53,0xE6,0x53,0xE6,0x53,0xE6,0x53,0xE6,0x53,0xE6,0x53,0xE6,0x53,0xE6,
    0x53,0xE6,0x53,0xE6,0x53,0xE6,0x53,0xE6,0x32,0xE6,0xD4,0xF6,0xAB,0x8B,0x00,0x00,
    0xA2,0x18,0x29,0x73,0xE9,0x6A,0xE9,0x6A,0xE9,0x6A,0xE9,0x6A,0x09,0x73,0x64,0x31,
    0x00,0x00,0x0C,0x94,0xB4,0xF6,0x32,0xE6,0x53,0xE6,0x53,0xE6,0x53,0xE6,0x53,0xE6,
    0x53,0xE6,0x53,0xE6,0x53,0xE6,0x53,0xE6,0x53,0xE6,0x53,0xE6,0x53,0xE6,0x53,0xE6,
    0x53,0xE6,0x53,0xE6,0x53,0xE6,0x53,0xE6,0x53,0xE6,0x53,0xE6,0x53,0xE6,0x53,0xE6,
    0x53,0xE6,0x53,0xE6,0x53,0xE6,0x53,0xE6,0x53,0xE6,0x52,0xE6,0x73,0xEE,0x90,0xCD,
    0xB1,0xD5,0x94,0xF6,0x70,0xC5,0x20,0x08,0x00,0x00,0x00,0x00,0x00,0x00,0x00,0x00,
    0x00,0x00,0x00,0x00,0x00,0x00,0x20,0x00,0x8D,0xA4,0x73,0xEE,0xCE,0xB4,0xAE,0xAC,
    0x94,0xF6,0x32,0xE6,0x53,0xE6,0x53,0xE6,0x53,0xE6,0x53,0xE6,0x53,0xE6,0x53,0xE6,
    0x53,0xE6,0x53,0xE6,0x53,0xE6,0x53,0xE6,0x53,0xE6,0x53,0xE6,0x53,0xE6,0x53,0xE6,
    0x53,0xE6,0x53,0xE6,0x53,0xE6,0x53,0xE6,0x53,0xE6,0x53,0xE6,0x53,0xE6,0x53,0xE6,
    0x53,0xE6,0x53,0xE6,0x53,0xE6,0x53,0xE6,0x53,0xE6,0x32,0xE6,0xB4,0xF6,0xD1,0xD5,
    0x20,0x08,0x00,0x00,0x00,0x00,0xCE,0xB4,0xF5,0xFE,0x12,0xDE,0xB4,0xF6,0xEB,0x8B,
    0x00,0x00,0x20,0x00,0x87,0x5A,0xF5,0xFE,0x73,0xEE,0x73,0xEE,0x03,0x29,0x00,0x00,
    0x41,0x08,0x90,0xCD,0x73,0xEE,0x32,0xE6,0x53,0xE6,0x53,0xE6,0x53,0xE6,0x53,0xE6,
    0x53,0xE6,0x53,0xE6,0x53,0xE6,0x53,0xE6,0x53,0xE6,0x53,0xE6,0x53,0xE6,0x53,0xE6,
    0x53,0xE6,0x53,0xE6,0x53,0xE6,0x53,0xE6,0x53,0xE6,0x53,0xE6,0x53,0xE6,0x53,0xE6,
    0x53,0xE6,0x53,0xE6,0x53,0xE6,0x53,0xE6,0x53,0xE6,0x53,0xE6,0x53,0xE6,0x53,0xE6,
    0x53,0xE6,0x53,0xE6,0x53,0xE6,0x53,0xE6,0x53,0xE6,0x53,0xE6,0x53,0xE6,0x53,0xE6,
    0x53,0xE6,0x53,0xE6,0x53,0xE6,0x53,0xE6,0x53,0xE6,0x53,0xE6,0x53,0xE6,0x53,0xE6,
    0x53,0xE6,0x53,0xE6,0x53,0xE6,0x53,0xE6,0x53,0xE6,0x53,0xE6,0x53,0xE6,0x53,0xE6,
    0x53,0xE6,0x53,0xE6,0x53,0xE6,0x53,0xE6,0x53,0xE6,0x53,0xE6,0x53,0xE6,0x53,0xE6,
    0x53,0xE6,0x53,0xE6,0x53,0xE6,0x53,0xE6,0x53,0xE6,0x53,0xE6,0x53,0xE6,0x53,0xE6,
    0x53,0xE6,0x53,0xE6,0x53,0xE6,0x53,0xE6,0x53,0xE6,0x53,0xE6,0x53,0xE6,0x53,0xE6,
    0x53,0xE6,0x53,0xE6,0x53,0xE6,0x53,0xE6,0x53,0xE6,0x53,0xE6,0x53,0xE6,0x53,0xE6,
    0x53,0xE6,0x53,0xE6,0x53,0xE6,0x53,0xE6,0x53,0xE6,0x53,0xE6,0x53,0xE6,0x53,0xE6,
    0x53,0xE6,0x53,0xE6,0x53,0xE6,0x53,0xE6,0x53,0xE6,0x53,0xE6,0x53,0xE6,0x53,0xE6,
    0x53,0xE6,0x53,0xE6,0x53,0xE6,0x53,0xE6,0x53,0xE6,0x53,0xE6,0x53,0xE6,0x53,0xE6,
    0x53,0xE6,0x53,0xE6,0x53,0xE6,0x53,0xE6,0x53,0xE6,0x53,0xE6,0x53,0xE6,0x53,0xE6,
    0x53,0xE6,0x53,0xE6,0x53,0xE6,0x53,0xE6,0x53,0xE6,0x53,0xE6,0x53,0xE6,0x53,0xE6,
    0x53,0xE6,0x53,0xE6,0x53,0xE6,0x52,0xE6,0x53,0xEE,0x32,0xE6,0xE3,0x20,0x20,0x00,
    0x00,0x00,0x00,0x00,0x00,0x00,0x00,0x00,0x00,0x00,0x00,0x00,0x00,0x00,0x00,0x00,
    0x20,0x08,0x2F,0xBD,0x93,0xF6,0x32,0xE6,0x53,0xE6,0x53,0xE6,0x53,0xE6,0x53,0xE6,
    0x53,0xE6,0x53,0xE6,0x53,0xE6,0x53,0xE6,0x53,0xE6,0x53,0xE6,0x53,0xE6,0x53,0xE6,
    0x53,0xE6,0x53,0xE6,0x53,0xE6,0x53,0xE6,0x53,0xE6,0x53,0xE6,0x53,0xE6,0x53,0xE6,
    0x53,0xE6,0x53,0xE6,0x53,0xE6,0x53,0xE6,0x53,0xE6,0x53,0xE6,0x53,0xEE,0xF2,0xDD,
    0x70,0xC5,0x53,0xEE,0x93,0xEE,0xA5,0x39,0x00,0x00,0x00,0x00,0x41,0x08,0x00,0x00,
    0x00,0x00,0x00,0x00,0x00,0x00,0x44,0x31,0x4F,0xC5,0x32,0xE6,0xCB,0x8B,0xD1,0xD5,
    0x73,0xEE,0x53,0xE6,0x53,0xE6,0x53,0xE6,0x53,0xE6,0x53,0xE6,0x53,0xE6,0x53,0xE6,
    0x53,0xE6,0x53,0xE6,0x53,0xE6,0x53,0xE6,0x53,0xE6,0x53,0xE6,0x53,0xE6,0x53,0xE6,
    0x53,0xE6,0x53,0xE6,0x53,0xE6,0x53,0xE6,0x53,0xE6,0x53,0xE6,0x53,0xE6,0x53,0xE6,
    0x53,0xE6,0x53,0xE6,0x53,0xE6,0x53,0xE6,0x53,0xE6,0x53,0xE6,0xB1,0xD5,0xA8,0x62,
    0x00,0x00,0x00,0x00,0x00,0x00,0x26,0x52,0x70,0xCD,0x32,0xE6,0x52,0xE6,0x93,0xEE,
    0x26,0x4A,0x00,0x00,0x21,0x08,0x4D,0x9C,0xD1,0xD5,0x29,0x73,0x00,0x00,0x00,0x00,
    0xEC,0x93,0xB4,0xF6,0x32,0xE6,0x53,0xE6,0x53,0xE6,0x53,0xE6,0x53,0xE6,0x53,0xE6,
    0x53,0xE6,0x53,0xE6,0x53,0xE6,0x53,0xE6,0x53,0xE6,0x53,0xE6,0x53,0xE6,0x53,0xE6,
    0x53,0xE6,0x53,0xE6,0x53,0xE6,0x53,0xE6,0x53,0xE6,0x53,0xE6,0x53,0xE6,0x53,0xE6,
    0x53,0xE6,0x53,0xE6,0x53,0xE6,0x53,0xE6,0x53,0xE6,0x53,0xE6,0x53,0xE6,0x53,0xE6,
    0x53,0xE6,0x53,0xE6,0x53,0xE6,0x53,0xE6,0x53,0xE6,0x53,0xE6,0x53,0xE6,0x53,0xE6,
    0x53,0xE6,0x53,0xE6,0x53,0xE6,0x53,0xE6,0x53,0xE6,0x53,0xE6,0x53,0xE6,0x53,0xE6,
    0x53,0xE6,0x53,0xE6,0x53,0xE6,0x53,0xE6,0x53,0xE6,0x53,0xE6,0x53,0xE6,0x53,0xE6,
    0x53,0xE6,0x53,0xE6,0x53,0xE6,0x53,0xE6,0x53,0xE6,0x53,0xE6,0x53,0xE6,0x53,0xE6,
    0x53,0xE6,0x53,0xE6,0x53,0xE6,0x53,0xE6,0x53,0xE6,0x53,0xE6,0x53,0xE6,0x53,0xE6,
    0x53,0xE6,0x53,0xE6,0x53,0xE6,0x53,0xE6,0x53,0xE6,0x53,0xE6,0x53,0xE6,0x53,0xE6,
    0x53,0xE6,0x53,0xE6,0x53,0xE6,0x53,0xE6,0x53,0xE6,0x53,0xE6,0x53,0xE6,0x53,0xE6,
    0x53,0xE6,0x53,0xE6,0x53,0xE6,0x53,0xE6,0x53,0xE6,0x53,0xE6,0x53,0xE6,0x53,0xE6,
    0x53,0xE6,0x53,0xE6,0x53,0xE6,0x53,0xE6,0x53,0xE6,0x53,0xE6,0x53,0xE6,0x53,0xE6,
    0x53,0xE6,0x53,0xE6,0x53,0xE6,0x53,0xE6,0x53,0xE6,0x53,0xE6,0x53,0xE6,0x53,0xE6,
    0x53,0xE6,0x53,0xE6,0x53,0xE6,0x53,0xE6,0x53,0xE6,0x53,0xE6,0x53,0xE6,0x53,0xE6,
    0x53,0xE6,0x53,0xE6,0x53,0xE6,0x53,0xE6,0x53,0xE6,0x53,0xE6,0x53,0xE6,0x53,0xE6,
    0x53,0xE6,0x53,0xE6,0x53,0xE6,0x32,0xE6,0x93,0xF6,0xEE,0xB4,0x00,0x00,0x00,0x00,
    0x00,0x00,0x00,0x00,0x00,0x00,0x00,0x00,0x00,0x00,0x00,0x00,0x00,0x00,0x00,0x00,
    0x20,0x00,0xD1,0xD5,0x73,0xEE,0x52,0xE6,0x53,0xE6,0x53,0xE6,0x53,0xE6,0x53,0xE6,
    0x53,0xE6,0x53,0xE6,0x53,0xE6,0x53,0xE6,0x53,0xE6,0x53,0xE6,0x53,0xE6,0x53,0xE6,
    0x53,0xE6,0x53,0xE6,0x53,0xE6,0x53,0xE6,0x53,0xE6,0x53,0xE6,0x53,0xE6,0x53,0xE6,
    0x53,0xE6,0x53,0xE6,0x53,0xE6,0x53,0xE6,0x53,0xE6,0x53,0xE6,0x53,0xE6,0x53,0xEE,
    0xD1,0xD5,0x32,0xE6,0xB4,0xF6,0xCB,0x8B,0x00,0x00,0x20,0x00,0x00,0x00,0x00,0x00,
    0x00,0x00,0x20,0x00,0x00,0x00,0x09,0x6B,0xB1,0xD5,0xB1,0xCD,0xAB,0x83,0x93,0xEE,
    0x32,0xE6,0x53,0xE6,0x53,0xE6,0x53,0xE6,0x32,0xE6,0x32,0xE6,0x53,0xE6,0x53,0xE6,
    0x53,0xE6,0x53,0xE6,0x53,0xE6,0x53,0xE6,0x53,0xE6,0x53,0xE6,0x53,0xE6,0x53,0xE6,
    0x53,0xE6,0x53,0xE6,0x53,0xE6,0x53,0xE6,0x53,0xE6,0x53,0xE6,0x53,0xE6,0x53,0xE6,
    0x53,0xE6,0x53,0xE6,0x53,0xE6,0x53,0xE6,0x52,0xE6,0x93,0xEE,0x85,0x39,0x00,0x00,
    0x41,0x08,0x41,0x08,0x41,0x08,0x00,0x00,0xC2,0x18,0x32,0xE6,0x53,0xE6,0x53,0xE6,
    0x53,0xEE,0xC8,0x6A,0x21,0x08,0x00,0x00,0x00,0x00,0x00,0x00,0xE3,0x20,0x2C,0x94,
    0xB4,0xF6,0x32,0xE6,0x53,0xE6,0x53,0xE6,0x53,0xE6,0x53,0xE6,0x53,0xE6,0x53,0xE6,
    0x53,0xE6,0x53,0xE6,0x53,0xE6,0x53,0xE6,0x53,0xE6,0x53,0xE6,0x53,0xE6,0x53,0xE6,
    0x53,0xE6,0x53,0xE6,0x53,0xE6,0x53,0xE6,0x53,0xE6,0x53,0xE6,0x53,0xE6,0x53,0xE6,
    0x53,0xE6,0x53,0xE6,0x53,0xE6,0x53,0xE6,0x53,0xE6,0x53,0xE6,0x53,0xE6,0x53,0xE6,
    0x53,0xE6,0x53,0xE6,0x53,0xE6,0x53,0xE6,0x53,0xE6,0x53,0xE6,0x53,0xE6,0x53,0xE6,
    0x53,0xE6,0x53,0xE6,0x53,0xE6,0x53,0xE6,0x53,0xE6,0x53,0xE6,0x53,0xE6,0x53,0xE6,
    0x53,0xE6,0x53,0xE6,0x53,0xE6,0x53,0xE6,0x53,0xE6,0x53,0xE6,0x53,0xE6,0x53,0xE6,
    0x53,0xE6,0x53,0xE6,0x53,0xE6,0x53,0xE6,0x53,0xE6,0x53,0xE6,0x53,0xE6,0x53,0xE6,
    0x53,0xE6,0x53,0xE6,0x53,0xE6,0x53,0xE6,0x53,0xE6,0x53,0xE6,0x53,0xE6,0x53,0xE6,
    0x53,0xE6,0x53,0xE6,0x53,0xE6,0x53,0xE6,0x53,0xE6,0x53,0xE6,0x53,0xE6,0x53,0xE6,
    0x53,0xE6,0x53,0xE6,0x53,0xE6,0x53,0xE6,0x53,0xE6,0x53,0xE6,0x53,0xE6,0x53,0xE6,
    0x53,0xE6,0x53,0xE6,0x53,0xE6,0x53,0xE6,0x53,0xE6,0x53,0xE6,0x53,0xE6,0x53,0xE6,
    0x53,0xE6,0x53,0xE6,0x53,0xE6,0x53,0xE6,0x53,0xE6,0x53,0xE6,0x53,0xE6,0x53,0xE6,
    0x53,0xE6,0x53,0xE6,0x53,0xE6,0x53,0xE6,0x53,0xE6,0x53,0xE6,0x53,0xE6,0x53,0xE6,
    0x53,0xE6,0x53,0xE6,0x53,0xE6,0x53,0xE6,0x53,0xE6,0x53,0xE6,0x53,0xE6,0x53,0xE6,
    0x53,0xE6,0x53,0xE6,0x53,0xE6,0x53,0xE6,0x53,0xE6,0x53,0xE6,0x53,0xE6,0x53,0xE6,
    0x53,0xE6,0x53,0xE6,0x53,0xE6,0x32,0xE6,0x93,0xEE,0x2F,0xBD,0x64,0x31,0xA5,0x39,
    0xA5,0x39,0xE5,0x41,0xC5,0x41,0x85,0x39,0x85,0x39,0xA5,0x39,0xE5,0x41,0xA5,0x41,
    0xE9,0x6A,0x73,0xEE,0x52,0xE6,0x53,0xE6,0x53,0xE6,0x53,0xE6,0x53,0xE6,0x53,0xE6,
    0x53,0xE6,0x53,0xE6,0x53,0xE6,0x53,0xE6,0x53,0xE6,0x53,0xE6,0x53,0xE6,0x53,0xE6,
    0x53,0xE6,0x53,0xE6,0x53,0xE6,0x53,0xE6,0x53,0xE6,0x53,0xE6,0x53,0xE6,0x53,0xE6,
    0x53,0xE6,0x53,0xE6,0x32,0xE6,0x32,0xE6,0x53,0xE6,0x53,0xE6,0x53,0xE6,0x53,0xEE,
    0xF2,0xDD,0x12,0xDE,0x93,0xEE,0x70,0xCD,0x20,0x08,0x00,0x00,0x00,0x00,0x00,0x00,
    0x00,0x00,0x00,0x00,0x20,0x08,0x6D,0xA4,0x12,0xDE,0xAE,0xAC,0xAE,0xAC,0xB4,0xF6,
    0x32,0xE6,0x53,0xE6,0x53,0xE6,0x53,0xEE,0xD4,0xFE,0x93,0xEE,0x53,0xE6,0x32,0xE6,
    0x32,0xE6,0x53,0xE6,0x53,0xE6,0x53,0xE6,0x53,0xE6,0x53,0xE6,0x53,0xE6,0x53,0xE6,
    0x53,0xE6,0x53,0xE6,0x53,0xE6,0x53,0xE6,0x53,0xE6,0x53,0xE6,0x53,0xE6,0x53,0xE6,
    0x53,0xE6,0x53,0xE6,0x53,0xE6,0x53,0xE6,0x53,0xE6,0x53,0xE6,0xD1,0xD5,0xB1,0xD5,
    0xB1,0xD5,0xB1,0xCD,0xB1,0xD5,0xB1,0xD5,0xB1,0xD5,0x52,0xE6,0x53,0xE6,0x52,0xE6,
    0x53,0xE6,0xB4,0xF6,0x70,0xCD,0x4D,0x9C,0xEC,0x93,0xCE,0xAC,0x12,0xDE,0xB4,0xF6,
    0x32,0xE6,0x53,0xE6,0x53,0xE6,0x53,0xE6,0x53,0xE6,0x53,0xE6,0x53,0xE6,0x53,0xE6,
    0x53,0xE6,0x53,0xE6,0x53,0xE6,0x53,0xE6,0x53,0xE6,0x53,0xE6,0x53,0xE6,0x53,0xE6,
    0x53,0xE6,0x53,0xE6,0x53,0xE6,0x53,0xE6,0x53,0xE6,0x53,0xE6,0x53,0xE6,0x53,0xE6,
    0x53,0xE6,0x53,0xE6,0x53,0xE6,0x53,0xE6,0x53,0xE6,0x53,0xE6,0x53,0xE6,0x53,0xE6,
    0x53,0xE6,0x53,0xE6,0x53,0xE6,0x53,0xE6,0x53,0xE6,0x53,0xE6,0x53,0xE6,0x53,0xE6,
    0x53,0xE6,0x53,0xE6,0x53,0xE6,0x53,0xE6,0x53,0xE6,0x53,0xE6,0x53,0xE6,0x53,0xE6,
    0x53,0xE6,0x53,0xE6,0x53,0xE6,0x53,0xE6,0x53,0xE6,0x53,0xE6,0x53,0xE6,0x53,0xE6,
    0x53,0xE6,0x53,0xE6,0x53,0xE6,0x53,0xE6,0x53,0xE6,0x53,0xE6,0x53,0xE6,0x53,0xE6,
    0x53,0xE6,0x53,0xE6,0x53,0xE6,0x53,0xE6,0x53,0xE6,0x53,0xE6,0x53,0xE6,0x53,0xE6,
    0x53,0xE6,0x53,0xE6,0x53,0xE6,0x53,0xE6,0x53,0xE6,0x53,0xE6,0x53,0xE6,0x53,0xE6,
    0x53,0xE6,0x53,0xE6,0x53,0xE6,0x53,0xE6,0x53,0xE6,0x53,0xE6,0x53,0xE6,0x53,0xE6,
    0x53,0xE6,0x53,0xE6,0x53,0xE6,0x53,0xE6,0x53,0xE6,0x53,0xE6,0x53,0xE6,0x53,0xE6,
    0x53,0xE6,0x53,0xE6,0x53,0xE6,0x53,0xE6,0x53,0xE6,0x53,0xE6,0x53,0xE6,0x53,0xE6,
    0x53,0xE6,0x53,0xE6,0x53,0xE6,0x53,0xE6,0x53,0xE6,0x53,0xE6,0x53,0xE6,0x53,0xE6,
    0x53,0xE6,0x53,0xE6,0x53,0xE6,0x53,0xE6,0x53,0xE6,0x53,0xE6,0x53,0xE6,0x53,0xE6,
    0x53,0xE6,0x53,0xE6,0x53,0xE6,0x53,0xE6,0x53,0xE6,0x53,0xE6,0x53,0xE6,0x53,0xE6,
    0x53,0xE6,0x53,0xE6,0x53,0xE6,0x53,0xE6,0x53,0xE6,0x53,0xEE,0x73,0xEE,0x93,0xEE,
    0x93,0xEE,0x93,0xF6,0x93,0xF6,0x93,0xEE,0x93,0xEE,0x93,0xEE,0x93,0xF6,0x93,0xEE,
    0x93,0xF6,0x53,0xE6,0x53,0xE6,0x53,0xE6,0x53,0xE6,0x53,0xE6,0x53,0xE6,0x53,0xE6,
    0x53,0xE6,0x53,0xE6,0x53,0xE6,0x53,0xE6,0x53,0xE6,0x53,0xE6,0x53,0xE6,0x53,0xE6,
    0x53,0xE6,0x53,0xE6,0x53,0xE6,0x53,0xE6,0x53,0xE6,0x53,0xE6,0x52,0xE6,0x32,0xE6,
    0x32,0xE6,0x53,0xEE,0xB4,0xF6,0xB4,0xF6,0x52,0xE6,0x53,0xE6,0x53,0xE6,0x73,0xEE,
    0xF2,0xDD,0x0F,0xBD,0x73,0xEE,0x73,0xEE,0x84,0x39,0x00,0x00,0x00,0x00,0x00,0x00,
    0x00,0x00,0x00,0x00,0x44,0x31,0x2F,0xBD,0x12,0xDE,0x2D,0x9C,0xD1,0xD5,0x73,0xEE,
    0x53,0xE6,0x52,0xE6,0x73,0xEE,0xF1,0xDD,0x6A,0x7B,0x2F,0xBD,0x93,0xEE,0xD4,0xFE,
    0x94,0xF6,0x53,0xEE,0x53,0xE6,0x53,0xE6,0x53,0xE6,0x53,0xE6,0x53,0xE6,0x53,0xE6,
    0x53,0xE6,0x53,0xE6,0x53,0xE6,0x53,0xE6,0x53,0xE6,0x53,0xE6,0x53,0xE6,0x53,0xE6,
    0x53,0xE6,0x53,0xE6,0x53,0xE6,0x53,0xE6,0x53,0xE6,0x53,0xE6,0x73,0xEE,0x73,0xEE,
    0x73,0xEE,0x73,0xEE,0x73,0xEE,0x73,0xEE,0x73,0xEE,0x53,0xE6,0x53,0xE6,0x53,0xE6,
    0x53,0xE6,0x32,0xE6,0x73,0xEE,0xB4,0xF6,0xB4,0xF6,0xB4,0xF6,0x53,0xEE,0x32,0xE6,
    0x53,0xE6,0x53,0xE6,0x53,0xE6,0x53,0xE6,0x53,0xE6,0x53,0xE6,0x53,0xE6,0x53,0xE6,
    0x53,0xE6,0x53,0xE6,0x53,0xE6,0x53,0xE6,0x53,0xE6,0x53,0xE6,0x53,0xE6,0x53,0xE6,
    0x53,0xE6,0x53,0xE6,0x53,0xE6,0x53,0xE6,0x53,0xE6,0x53,0xE6,0x53,0xE6,0x53,0xE6,
    0x53,0xE6,0x53,0xE6,0x53,0xE6,0x53,0xE6,0x53,0xE6,0x53,0xE6,0x53,0xE6,0x53,0xE6,
    0x53,0xE6,0x53,0xE6,0x53,0xE6,0x53,0xE6,0x53,0xE6,0x53,0xE6,0x53,0xE6,0x53,0xE6,
    0x53,0xE6,0x53,0xE6,0x53,0xE6,0x53,0xE6,0x53,0xE6,0x53,0xE6,0x53,0xE6,0x53,0xE6,
    0x53,0xE6,0x53,0xE6,0x53,0xE6,0x53,0xE6,0x53,0xE6,0x53,0xE6,0x53,0xE6,0x53,0xE6,
    0x53,0xE6,0x53,0xE6,0x53,0xE6,0x53,0xE6,0x53,0xE6,0x53,0xE6,0x53,0xE6,0x53,0xE6,
    0x53,0xE6,0x53,0xE6,0x53,0xE6,0x53,0xE6,0x53,0xE6,0x53,0xE6,0x53,0xE6,0x53,0xE6,
    0x53,0xE6,0x53,0xE6,0x53,0xE6,0x53,0xE6,0x53,0xE6,0x53,0xE6,0x53,0xE6,0x53,0xE6,
    0x53,0xE6,0x53,0xE6,0x53,0xE6,0x53,0xE6,0x53,0xE6,0x53,0xE6,0x53,0xE6,0x53,0xE6,
    0x53,0xE6,0x53,0xE6,0x53,0xE6,0x53,0xE6,0x53,0xE6,0x53,0xE6,0x53,0xE6,0x53,0xE6,
    0x53,0xE6,0x53,0xE6,0x53,0xE6,0x53,0xE6,0x53,0xE6,0x53,0xE6,0x53,0xE6,0x53,0xE6,
    0x53,0xE6,0x53,0xE6,0x53,0xE6,0x53,0xE6,0x53,0xE6,0x53,0xE6,0x53,0xE6,0x53,0xE6,
    0x53,0xE6,0x53,0xE6,0x53,0xE6,0x53,0xE6,0x53,0xE6,0x53,0xE6,0x53,0xE6,0x53,0xE6,
    0x53,0xE6,0x53,0xE6,0x53,0xE6,0x53,0xE6,0x53,0xE6,0x53,0xE6,0x53,0xE6,0x53,0xE6,
    0x53,0xE6,0x53,0xE6,0x53,0xE6,0x53,0xE6,0x53,0xE6,0x53,0xE6,0x52,0xE6,0x52,0xE6,
    0x32,0xE6,0x32,0xE6,0x32,0xE6,0x52,0xE6,0x52,0xE6,0x32,0xE6,0x32,0xE6,0x32,0xE6,
    0x32,0xE6,0x53,0xE6,0x53,0xE6,0x53,0xE6,0x53,0xE6,0x53,0xE6,0x53,0xE6,0x53,0xE6,
    0x53,0xE6,0x53,0xE6,0x53,0xE6,0x53,0xE6,0x53,0xE6,0x53,0xE6,0x53,0xE6,0x53,0xE6,
    0x53,0xE6,0x53,0xE6,0x53,0xE6,0x53,0xE6,0x53,0xE6,0x53,0xE6,0x73,0xEE,0xB4,0xF6,
    0xD4,0xFE,0x32,0xE6,0x2C,0x9C,0x4D,0x9C,0x93,0xEE,0x32,0xE6,0x53,0xE6,0x53,0xE6,
    0x53,0xE6,0x4F,0xC5,0x32,0xE6,0xD4,0xF6,0x8A,0x83,0x00,0x00,0x20,0x00,0x00,0x00,
    0x20,0x00,0x00,0x00,0xA8,0x62,0x91,0xCD,0xD1,0xD5,0x0C,0x94,0x73,0xEE,0x52,0xE6,
    0x53,0xE6,0x52,0xE6,0x73,0xEE,0xB1,0xCD,0x64,0x31,0x61,0x10,0x03,0x21,0xA8,0x62,
    0xCE,0xB4,0x32,0xE6,0x53,0xEE,0x53,0xE6,0x53,0xE6,0x53,0xE6,0x53,0xE6,0x53,0xE6,
    0x53,0xE6,0x53,0xE6,0x53,0xE6,0x53,0xE6,0x53,0xE6,0x53,0xE6,0x53,0xE6,0x53,0xE6,
    0x53,0xE6,0x53,0xE6,0x53,0xE6,0x53,0xE6,0x53,0xE6,0x53,0xE6,0x52,0xE6,0x52,0xE6,
    0x52,0xE6,0x52,0xE6,0x52,0xE6,0x52,0xE6,0x52,0xE6,0x53,0xE6,0x53,0xE6,0x53,0xE6,
    0x53,0xE6,0x53,0xE6,0x52,0xE6,0x32,0xE6,0x32,0xE6,0x32,0xE6,0x52,0xE6,0x53,0xE6,
    0x53,0xE6,0x53,0xE6,0x53,0xE6,0x53,0xE6,0x53,0xE6,0x53,0xE6,0x53,0xE6,0x53,0xE6,
    0x53,0xE6,0x53,0xE6,0x53,0xE6,0x53,0xE6,0x53,0xE6,0x53,0xE6,0x53,0xE6,0x53,0xE6,
    0x53,0xE6,0x53,0xE6,0x53,0xE6,0x53,0xE6,0x53,0xE6,0x53,0xE6,0x53,0xE6,0x53,0xE6,
    0x53,0xE6,0x53,0xE6,0x53,0xE6,0x53,0xE6,0x53,0xE6,0x53,0xE6,0x53,0xE6,0x53,0xE6,
    0x53,0xE6,0x53,0xE6,0x53,0xE6,0x53,0xE6,0x53,0xE6,0x53,0xE6,0x53,0xE6,0x53,0xE6,
    0x53,0xE6,0x53,0xE6,0x53,0xE6,0x53,0xE6,0x53,0xE6,0x53,0xE6,0x53,0xE6,0x53,0xE6,
    0x53,0xE6,0x53,0xE6,0x53,0xE6,0x53,0xE6,0x53,0xE6,0x53,0xE6,0x53,0xE6,0x53,0xE6,
    0x53,0xE6,0x53,0xE6,0x53,0xE6,0x53,0xE6,0x53,0xE6,0x53,0xE6,0x53,0xE6,0x53,0xE6,
    0x53,0xE6,0x53,0xE6,0x53,0xE6,0x53,0xE6,0x53,0xE6,0x53,0xE6,0x53,0xE6,0x53,0xE6,
    0x53,0xE6,0x53,0xE6,0x53,0xE6,0x53,0xE6,0x53,0xE6,0x53,0xE6,0x53,0xE6,0x53,0xE6,
    0x53,0xE6,0x53,0xE6,0x53,0xE6,0x53,0xE6,0x53,0xE6,0x53,0xE6,0x53,0xE6,0x53,0xE6,
    0x53,0xE6,0x53,0xE6,0x53,0xE6,0x53,0xE6,0x53,0xE6,0x53,0xE6,0x53,0xE6,0x53,0xE6,
    0x53,0xE6,0x53,0xE6,0x53,0xE6,0x53,0xE6,0x53,0xE6,0x53,0xE6,0x53,0xE6,0x53,0xE6,
    0x53,0xE6,0x53,0xE6,0x53,0xE6,0x53,0xE6,0x53,0xE6,0x53,0xE6,0x53,0xE6,0x53,0xE6,
    0x53,0xE6,0x53,0xE6,0x53,0xE6,0x53,0xE6,0x53,0xE6,0x53,0xE6,0x53,0xE6,0x53,0xE6,
    0x53,0xE6,0x53,0xE6,0x53,0xE6,0x53,0xE6,0x53,0xE6,0x53,0xE6,0x53,0xE6,0x53,0xE6,
    0x53,0xE6,0x53,0xE6,0x53,0xE6,0x53,0xE6,0x53,0xE6,0x53,0xE6,0x53,0xE6,0x53,0xE6,
    0x53,0xE6,0x53,0xE6,0x53,0xE6,0x53,0xE6,0x53,0xE6,0x53,0xE6,0x53,0xE6,0x53,0xE6,
    0x53,0xE6,0x53,0xE6,0x53,0xE6,0x53,0xE6,0x53,0xE6,0x53,0xE6,0x53,0xE6,0x53,0xE6,
    0x53,0xE6,0x53,0xE6,0x53,0xE6,0x53,0xE6,0x53,0xE6,0x53,0xE6,0x53,0xE6,0x53,0xE6,
    0x53,0xE6,0x53,0xE6,0x53,0xE6,0x53,0xE6,0x53,0xE6,0x73,0xEE,0xB1,0xD5,0x0C,0x94,
    0x06,0x4A,0x81,0x10,0x61,0x10,0x29,0x73,0x93,0xF6,0x32,0xE6,0x53,0xE6,0x53,0xE6,
    0x73,0xEE,0xD1,0xD5,0xF2,0xDD,0x93,0xEE,0x50,0xC5,0x20,0x08,0x00,0x00,0x00,0x00,
    0x00,0x00,0x00,0x00,0x4D,0x9C,0x32,0xE6,0x2F,0xBD,0xCE,0xB4,0x93,0xF6,0x32,0xE6,
    0x53,0xE6,0x53,0xE6,0x52,0xE6,0x73,0xEE,0xB4,0xF6,0xB1,0xD5,0xCB,0x8B,0xA5,0x39,
    0x61,0x10,0xA2,0x18,0x91,0xCD,0x73,0xEE,0x52,0xE6,0x53,0xE6,0x53,0xE6,0x53,0xE6,
    0x53,0xE6,0x53,0xE6,0x53,0xE6,0x53,0xE6,0x53,0xE6,0x53,0xE6,0x53,0xE6,0x53,0xE6,
    0x53,0xE6,0x53,0xE6,0x53,0xE6,0x53,0xE6,0x53,0xE6,0x53,0xE6,0x53,0xE6,0x53,0xE6,
    0x53,0xE6,0x53,0xE6,0x53,0xE6,0x53,0xE6,0x53,0xE6,0x53,0xE6,0x53,0xE6,0x53,0xE6,
    0x53,0xE6,0x53,0xE6,0x53,0xE6,0x53,0xE6,0x53,0xE6,0x53,0xE6,0x53,0xE6,0x53,0xE6,
    0x53,0xE6,0x53,0xE6,0x53,0xE6,0x53,0xE6,0x53,0xE6,0x53,0xE6,0x53,0xE6,0x53,0xE6,
    0x53,0xE6,0x53,0xE6,0x53,0xE6,0x53,0xE6,0x53,0xE6,0x53,0xE6,0x53,0xE6,0x53,0xE6,
    0x53,0xE6,0x53,0xE6,0x53,0xE6,0x53,0xE6,0x53,0xE6,0x53,0xE6,0x53,0xE6,0x53,0xE6,
    0x53,0xE6,0x53,0xE6,0x53,0xE6,0x53,0xE6,0x53,0xE6,0x53,0xE6,0x53,0xE6,0x53,0xE6,
    0x53,0xE6,0x53,0xE6,0x53,0xE6,0x53,0xE6,0x53,0xE6,0x53,0xE6,0x53,0xE6,0x53,0xE6,
    0x53,0xE6,0x53,0xE6,0x53,0xE6,0x53,0xE6,0x53,0xE6,0x53,0xE6,0x53,0xE6,0x53,0xE6,
    0x53,0xE6,0x53,0xE6,0x53,0xE6,0x53,0xE6,0x53,0xE6,0x53,0xE6,0x53,0xE6,0x53,0xE6,
    0x53,0xE6,0x53,0xE6,0x53,0xE6,0x53,0xE6,0x53,0xE6,0x53,0xE6,0x53,0xE6,0x53,0xE6,
    0x53,0xE6,0x53,0xE6,0x53,0xE6,0x53,0xE6,0x53,0xE6,0x53,0xE6,0x53,0xE6,0x53,0xE6,
    0x53,0xE6,0x53,0xE6,0x53,0xE6,0x53,0xE6,0x53,0xE6,0x53,0xE6,0x53,0xE6,0x53,0xE6,
    0x53,0xE6,0x53,0xE6,0x53,0xE6,0x53,0xE6,0x53,0xE6,0x53,0xE6,0x53,0xE6,0x53,0xE6,
    0x53,0xE6,0x53,0xE6,0x53,0xE6,0x53,0xE6,0x53,0xE6,0x53,0xE6,0x53,0xE6,0x53,0xE6,
    0x53,0xE6,0x53,0xE6,0x53,0xE6,0x53,0xE6,0x53,0xE6,0x53,0xE6,0x53,0xE6,0x53,0xE6,
    0x53,0xE6,0x53,0xE6,0x53,0xE6,0x53,0xE6,0x53,0xE6,0x53,0xE6,0x53,0xE6,0x53,0xE6,
    0x53,0xE6,0x53,0xE6,0x53,0xE6,0x53,0xE6,0x53,0xE6,0x53,0xE6,0x53,0xE6,0x53,0xE6,
    0x53,0xE6,0x53,0xE6,0x53,0xE6,0x53,0xE6,0x53,0xE6,0x53,0xE6,0x53,0xE6,0x53,0xE6,
    0x53,0xE6,0x53,0xE6,0x53,0xE6,0x53,0xE6,0x53,0xE6,0x53,0xE6,0x53,0xE6,0x53,0xE6,
    0x53,0xE6,0x53,0xE6,0x53,0xE6,0x53,0xE6,0x53,0xE6,0x53,0xE6,0x53,0xE6,0x53,0xE6,
    0x53,0xE6,0x53,0xE6,0x53,0xE6,0x53,0xE6,0x53,0xE6,0x53,0xE6,0x53,0xE6,0x53,0xE6,
    0x53,0xE6,0x53,0xE6,0x53,0xE6,0x53,0xE6,0x53,0xE6,0x53,0xE6,0x53,0xE6,0x53,0xE6,
    0x53,0xE6,0x53,0xE6,0x53,0xE6,0x32,0xE6,0xB4,0xF6,0x4A,0x7B,0x41,0x08,0xE3,0x20,
    0x67,0x5A,0x8D,0xA4,0x32,0xE6,0x93,0xF6,0x52,0xE6,0x53,0xE6,0x53,0xE6,0x53,0xE6,
    0x53,0xEE,0x12,0xDE,0xD1,0xD5,0x53,0xE6,0x53,0xE6,0x44,0x31,0x00,0x00,0x00,0x00,
    0x00,0x00,0xC2,0x20,0x70,0xC5,0x53,0xE6,0xAE,0xAC,0xD1,0xD5,0x73,0xEE,0x53,0xE6,
    0x53,0xE6,0x53,0xE6,0x53,0xE6,0x53,0xE6,0x32,0xE6,0x73,0xEE,0xD4,0xF6,0xD4,0xF6,
    0xF1,0xDD,0x8D,0xA4,0x12,0xDE,0x53,0xEE,0x53,0xE6,0x53,0xE6,0x53,0xE6,0x53,0xE6,
    0x53,0xE6,0x53,0xE6,0x53,0xE6,0x53,0xE6,0x53,0xE6,0x53,0xE6,0x53,0xE6,0x53,0xE6,
    0x53,0xE6,0x53,0xE6,0x53,0xE6,0x53,0xE6,0x53,0xE6,0x53,0xE6,0x53,0xE6,0x53,0xE6,
    0x53,0xE6,0x53,0xE6,0x53,0xE6,0x53,0xE6,0x53,0xE6,0x53,0xE6,0x53,0xE6,0x53,0xE6,
    0x53,0xE6,0x53,0xE6,0x53,0xE6,0x53,0xE6,0x53,0xE6,0x53,0xE6,0x53,0xE6,0x53,0xE6,
    0x53,0xE6,0x53,0xE6,0x53,0xE6,0x53,0xE6,0x53,0xE6,0x53,0xE6,0x53,0xE6,0x53,0xE6,
    0x53,0xE6,0x53,0xE6,0x53,0xE6,0x53,0xE6,0x53,0xE6,0x53,0xE6,0x53,0xE6,0x53,0xE6,
    0x53,0xE6,0x53,0xE6,0x53,0xE6,0x53,0xE6,0x53,0xE6,0x53,0xE6,0x53,0xE6,0x53,0xE6,
    0x53,0xE6,0x53,0xE6,0x53,0xE6,0x53,0xE6,0x53,0xE6,0x53,0xE6,0x53,0xE6,0x53,0xE6,
    0x53,0xE6,0x53,0xE6,0x53,0xE6,0x53,0xE6,0x53,0xE6,0x53,0xE6,0x53,0xE6,0x53,0xE6,
    0x53,0xE6,0x53,0xE6,0x53,0xE6,0x53,0xE6,0x53,0xE6,0x53,0xE6,0x53,0xE6,0x53,0xE6,
    0x53,0xE6,0x53,0xE6,0x53,0xE6,0x53,0xE6,0x53,0xE6,0x53,0xE6,0x53,0xE6,0x53,0xE6,
    0x53,0xE6,0x53,0xE6,0x53,0xE6,0x53,0xE6,0x53,0xE6,0x53,0xE6,0x53,0xE6,0x53,0xE6,
    0x53,0xE6,0x53,0xE6,0x53,0xE6,0x53,0xE6,0x53,0xE6,0x53,0xE6,0x53,0xE6,0x53,0xE6,
    0x53,0xE6,0x53,0xE6,0x53,0xE6,0x53,0xE6,0x53,0xE6,0x53,0xE6,0x53,0xE6,0x53,0xE6,
    0x53,0xE6,0x53,0xE6,0x53,0xE6,0x53,0xE6,0x53,0xE6,0x53,0xE6,0x53,0xE6,0x53,0xE6,
    0x53,0xE6,0x53,0xE6,0x53,0xE6,0x53,0xE6,0x53,0xE6,0x53,0xE6,0x53,0xE6,0x53,0xE6,
    0x53,0xE6,0x53,0xE6,0x53,0xE6,0x53,0xE6,0x53,0xE6,0x53,0xE6,0x53,0xE6,0x53,0xE6,
    0x53,0xE6,0x53,0xE6,0x53,0xE6,0x53,0xE6,0x53,0xE6,0x53,0xE6,0x53,0xE6,0x53,0xE6,
    0x53,0xE6,0x53,0xE6,0x53,0xE6,0x53,0xE6,0x53,0xE6,0x53,0xE6,0x53,0xE6,0x53,0xE6,
    0x53,0xE6,0x53,0xE6,0x53,0xE6,0x53,0xE6,0x53,0xE6,0x53,0xE6,0x53,0xE6,0x53,0xE6,
    0x53,0xE6,0x53,0xE6,0x53,0xE6,0x53,0xE6,0x53,0xE6,0x53,0xE6,0x53,0xE6,0x53,0xE6,
    0x53,0xE6,0x53,0xE6,0x53,0xE6,0x53,0xE6,0x53,0xE6,0x53,0xE6,0x53,0xE6,0x53,0xE6,
    0x53,0xE6,0x53,0xE6,0x53,0xE6,0x53,0xE6,0x53,0xE6,0x53,0xE6,0x53,0xE6,0x53,0xE6,
    0x53,0xE6,0x53,0xE6,0x53,0xE6,0x53,0xE6,0x53,0xE6,0x53,0xE6,0x53,0xE6,0x53,0xE6,
    0x53,0xE6,0x53,0xE6,0x53,0xE6,0x52,0xE6,0x73,0xEE,0x2F,0xBD,0xEE,0xB4,0x73,0xEE,
    0xD4,0xFE,0xB4,0xF6,0x53,0xEE,0x32,0xE6,0x53,0xE6,0x53,0xE6,0x53,0xE6,0x53,0xE6,
    0x53,0xE6,0x53,0xE6,0xB1,0xD5,0x32,0xE6,0xB4,0xF6,0x09,0x73,0x00,0x00,0x20,0x00,
    0x00,0x00,0x26,0x52,0xB1,0xD5,0xF2,0xDD,0xAE,0xAC,0x52,0xE6,0x53,0xE6,0x53,0xE6,
    0x53,0xE6,0x53,0xE6,0x53,0xE6,0x53,0xE6,0x53,0xE6,0x52,0xE6,0x32,0xE6,0x32,0xE6,
    0x73,0xEE,0xB4,0xF6,0x53,0xEE,0x53,0xE6,0x53,0xE6,0x53,0xE6,0x53,0xE6,0x53,0xE6,
    0x53,0xE6,0x53,0xE6,0x53,0xE6,0x53,0xE6,0x53,0xE6,0x53,0xE6,0x53,0xE6,0x53,0xE6,
    0x53,0xE6,0x53,0xE6,0x53,0xE6,0x53,0xE6,0x53,0xE6,0x53,0xE6,0x53,0xE6,0x53,0xE6,
    0x53,0xE6,0x53,0xE6,0x53,0xE6,0x53,0xE6,0x53,0xE6,0x53,0xE6,0x53,0xE6,0x53,0xE6,
    0x53,0xE6,0x53,0xE6,0x53,0xE6,0x53,0xE6,0x53,0xE6,0x53,0xE6,0x53,0xE6,0x53,0xE6,
    0x53,0xE6,0x53,0xE6,0x53,0xE6,0x53,0xE6,0x53,0xE6,0x53,0xE6,0x53,0xE6,0x53,0xE6,
    0x53,0xE6,0x53,0xE6,0x53,0xE6,0x53,0xE6,0x53,0xE6,0x53,0xE6,0x53,0xE6,0x53,0xE6,
    0x53,0xE6,0x53,0xE6,0x53,0xE6,0x53,0xE6,0x53,0xE6,0x53,0xE6,0x53,0xE6,0x53,0xE6,
    0x53,0xE6,0x53,0xE6,0x53,0xE6,0x53,0xE6,0x53,0xE6,0x53,0xE6,0x53,0xE6,0x53,0xE6,
    0x53,0xE6,0x53,0xE6,0x53,0xE6,0x53,0xE6,0x53,0xE6,0x53,0xE6,0x53,0xE6,0x53,0xE6,
    0x53,0xE6,0x53,0xE6,0x53,0xE6,0x53,0xE6,0x53,0xE6,0x53,0xE6,0x53,0xE6,0x53,0xE6,
    0x53,0xE6,0x53,0xE6,0x53,0xE6,0x53,0xE6,0x53,0xE6,0x53,0xE6,0x53,0xE6,0x53,0xE6,
    0x53,0xE6,0x53,0xE6,0x53,0xE6,0x53,0xE6,0x53,0xE6,0x53,0xE6,0x53,0xE6,0x53,0xE6,
    0x53,0xE6,0x53,0xE6,0x53,0xE6,0x53,0xE6,0x53,0xE6,0x53,0xE6,0x53,0xE6,0x53,0xE6,
    0x53,0xE6,0x53,0xE6,0x53,0xE6,0x53,0xE6,0x53,0xE6,0x53,0xE6,0x53,0xE6,0x53,0xE6,
    0x53,0xE6,0x53,0xE6,0x53,0xE6,0x53,0xE6,0x53,0xE6,0x53,0xE6,0x53,0xE6,0x53,0xE6,
    0x53,0xE6,0x53,0xE6,0x53,0xE6,0x53,0xE6,0x53,0xE6,0x53,0xE6,0x53,0xE6,0x53,0xE6,
    0x53,0xE6,0x53,0xE6,0x53,0xE6,0x53,0xE6,0x53,0xE6,0x53,0xE6,0x53,0xE6,0x53,0xE6,
    0x53,0xE6,0x53,0xE6,0x53,0xE6,0x53,0xE6,0x53,0xE6,0x53,0xE6,0x53,0xE6,0x53,0xE6,
    0x53,0xE6,0x53,0xE6,0x53,0xE6,0x53,0xE6,0x53,0xE6,0x53,0xE6,0x53,0xE6,0x53,0xE6,
    0x53,0xE6,0x53,0xE6,0x53,0xE6,0x53,0xE6,0x53,0xE6,0x53,0xE6,0x53,0xE6,0x53,0xE6,
    0x53,0xE6,0x53,0xE6,0x53,0xE6,0x53,0xE6,0x53,0xE6,0x53,0xE6,0x53,0xE6,0x53,0xE6,
    0x53,0xE6,0x53,0xE6,0x53,0xE6,0x53,0xE6,0x53,0xE6,0x53,0xE6,0x53,0xE6,0x53,0xE6,
    0x53,0xE6,0x53,0xE6,0x53,0xE6,0x53,0xE6,0x53,0xE6,0x53,0xE6,0x53,0xE6,0x53,0xE6,
    0x53,0xE6,0x53,0xE6,0x53,0xE6,0x53,0xE6,0x53,0xE6,0x53,0xE6,0x53,0xE6,0x53,0xE6,
    0x53,0xE6,0x53,0xE6,0x53,0xE6,0x53,0xE6,0x52,0xE6,0x93,0xEE,0x93,0xF6,0x53,0xE6,
    0x32,0xE6,0x32,0xE6,0x53,0xE6,0x53,0xE6,0x53,0xE6,0x53,0xE6,0x53,0xE6,0x53,0xE6,
    0x53,0xE6,0x53,0xEE,0xD1,0xD5,0x12,0xDE,0xB4,0xF6,0xCE,0xAC,0x00,0x00,0x00,0x00,
    0x00,0x00,0x4A,0x7B,0xD1,0xD5,0xB1,0xD5,0xEE,0xB4,0x93,0xEE,0x52,0xE6,0x53,0xE6,
    0x53,0xE6,0x53,0xE6,0x53,0xE6,0x53,0xE6,0x53,0xE6,0x53,0xE6,0x53,0xE6,0x53,0xE6,
    0x52,0xE6,0x32,0xE6,0x53,0xE6,0x53,0xE6,0x53,0xE6,0x53,0xE6,0x53,0xE6,0x53,0xE6,
    0x53,0xE6,0x53,0xE6,0x53,0xE6,0x53,0xE6,0x53,0xE6,0x53,0xE6,0x53,0xE6,0x53,0xE6,
    0x53,0xE6,0x53,0xE6,0x53,0xE6,0x53,0xE6,0x53,0xE6,0x53,0xE6,0x53,0xE6,0x53,0xE6,
    0x53,0xE6,0x53,0xE6,0x53,0xE6,0x53,0xE6,0x53,0xE6,0x53,0xE6,0x53,0xE6,0x53,0xE6,
    0x53,0xE6,0x53,0xE6,0x53,0xE6,0x53,0xE6,0x53,0xE6,0x53,0xE6,0x53,0xE6,0x53,0xE6,
    0x53,0xE6,0x53,0xE6,0x53,0xE6,0x53,0xE6,0x53,0xE6,0x53,0xE6,0x53,0xE6,0x53,0xE6,
    0x53,0xE6,0x53,0xE6,0x53,0xE6,0x53,0xE6,0x53,0xE6,0x53,0xE6,0x53,0xE6,0x53,0xE6,
    0x53,0xE6,0x53,0xE6,0x53,0xE6,0x53,0xE6,0x53,0xE6,0x53,0xE6,0x53,0xE6,0x53,0xE6,
    0x53,0xE6,0x53,0xE6,0x53,0xE6,0x53,0xE6,0x53,0xE6,0x53,0xE6,0x53,0xE6,0x53,0xE6,
    0x53,0xE6,0x53,0xE6,0x53,0xE6,0x53,0xE6,0x53,0xE6,0x53,0xE6,0x53,0xE6,0x53,0xE6,
    0x53,0xE6,0x53,0xE6,0x53,0xE6,0x53,0xE6,0x53,0xE6,0x53,0xE6,0x53,0xE6,0x53,0xE6,
    0x53,0xE6,0x53,0xE6,0x53,0xE6,0x53,0xE6,0x53,0xE6,0x53,0xE6,0x53,0xE6,0x53,0xE6,
    0x53,0xE6,0x53,0xE6,0x53,0xE6,0x53,0xE6,0x53,0xE6,0x53,0xE6,0x53,0xE6,0x53,0xE6,
    0x53,0xE6,0x53,0xE6,0x53,0xE6,0x53,0xE6,0x53,0xE6,0x53,0xE6,0x53,0xE6,0x53,0xE6,
    0x53,0xE6,0x53,0xE6,0x53,0xE6,0x53,0xE6,0x53,0xE6,0x53,0xE6,0x53,0xE6,0x53,0xE6,
    0x53,0xE6,0x53,0xE6,0x53,0xE6,0x53,0xE6,0x53,0xE6,0x53,0xE6,0x53,0xE6,0x53,0xE6,
    0x53,0xE6,0x53,0xE6,0x53,0xE6,0x53,0xE6,0x53,0xE6,0x53,0xE6,0x53,0xE6,0x53,0xE6,
    0x53,0xE6,0x53,0xE6,0x53,0xE6,0x53,0xE6,0x53,0xE6,0x53,0xE6,0x53,0xE6,0x53,0xE6,
    0x53,0xE6,0x53,0xE6,0x53,0xE6,0x53,0xE6,0x53,0xE6,0x53,0xE6,0x53,0xE6,0x53,0xE6,
    0x53,0xE6,0x53,0xE6,0x53,0xE6,0x53,0xE6,0x53,0xE6,0x53,0xE6,0x53,0xE6,0x53,0xE6,
    0x53,0xE6,0x53,0xE6,0x53,0xE6,0x53,0xE6,0x53,0xE6,0x53,0xE6,0x53,0xE6,0x53,0xE6,
    0x53,0xE6,0x53,0xE6,0x53,0xE6,0x53,0xE6,0x53,0xE6,0x53,0xE6,0x53,0xE6,0x53,0xE6,
    0x53,0xE6,0x53,0xE6,0x53,0xE6,0x53,0xE6,0x53,0xE6,0x53,0xE6,0x53,0xE6,0x53,0xE6,
    0x53,0xE6,0x53,0xE6,0x53,0xE6,0x53,0xE6,0x53,0xE6,0x53,0xE6,0x53,0xE6,0x53,0xE6,
    0x53,0xE6,0x53,0xE6,0x53,0xE6,0x53,0xE6,0x53,0xE6,0x53,0xE6,0x53,0xE6,0x53,0xE6,
    0x53,0xE6,0x53,0xE6,0x53,0xE6,0x53,0xE6,0x53,0xE6,0x52,0xE6,0x32,0xE6,0x53,0xE6,
    0x53,0xE6,0x53,0xE6,0x53,0xE6,0x53,0xE6,0x53,0xE6,0x53,0xE6,0x53,0xE6,0x53,0xE6,
    0x53,0xE6,0x53,0xEE,0x12,0xDE,0xF2,0xDD,0x73,0xEE,0xF2,0xDD,0x82,0x10,0x00,0x00,
    0x21,0x08,0x4D,0x9C,0xF1,0xDD,0x70,0xCD,0x70,0xCD,0x73,0xEE,0x52,0xE6,0x53,0xE6,
    0x53,0xE6,0x53,0xE6,0x53,0xE6,0x53,0xE6,0x53,0xE6,0x53,0xE6,0x53,0xE6,0x53,0xE6,
    0x53,0xE6,0x53,0xE6,0x53,0xE6,0x53,0xE6,0x53,0xE6,0x53,0xE6,0x53,0xE6,0x53,0xE6,
    0x53,0xE6,0x53,0xE6,0x53,0xE6,0x53,0xE6,0x53,0xE6,0x53,0xE6,0x53,0xE6,0x53,0xE6,
    0x53,0xE6,0x53,0xE6,0x53,0xE6,0x53,0xE6,0x53,0xE6,0x53,0xE6,0x53,0xE6,0x53,0xE6,
    0x53,0xE6,0x53,0xE6,0x53,0xE6,0x53,0xE6,0x53,0xE6,0x53,0xE6,0x53,0xE6,0x53,0xE6,
    0x53,0xE6,0x53,0xE6,0x53,0xE6,0x53,0xE6,0x53,0xE6,0x53,0xE6,0x53,0xE6,0x53,0xE6,
    0x53,0xE6,0x53,0xE6,0x53,0xE6,0x53,0xE6,0x53,0xE6,0x53,0xE6,0x53,0xE6,0x53,0xE6,
    0x53,0xE6,0x53,0xE6,0x53,0xE6,0x53,0xE6,0x53,0xE6,0x53,0xE6,0x53,0xE6,0x53,0xE6,
    0x53,0xE6,0x53,0xE6,0x53,0xE6,0x53,0xE6,0x53,0xE6,0x53,0xE6,0x53,0xE6,0x53,0xE6,
    0x53,0xE6,0x53,0xE6,0x53,0xE6,0x53,0xE6,0x53,0xE6,0x53,0xE6,0x53,0xE6,0x53,0xE6,
    0x53,0xE6,0x53,0xE6,0x53,0xE6,0x53,0xE6,0x53,0xE6,0x53,0xE6,0x53,0xE6,0x53,0xE6,
    0x53,0xE6,0x53,0xE6,0x53,0xE6,0x53,0xE6,0x53,0xE6,0x53,0xE6,0x53,0xE6,0x53,0xE6,
    0x53,0xE6,0x53,0xE6,0x53,0xE6,0x53,0xE6,0x53,0xE6,0x53,0xE6,0x53,0xE6,0x53,0xE6,
    0x53,0xE6,0x53,0xE6,0x53,0xE6,0x53,0xE6,0x53,0xE6,0x53,0xE6,0x53,0xE6,0x53,0xE6,
    0x53,0xE6,0x53,0xE6,0x53,0xE6,0x53,0xE6,0x53,0xE6,0x53,0xE6,0x53,0xE6,0x53,0xE6,
    0x53,0xE6,0x53,0xE6,0x53,0xE6,0x53,0xE6,0x53,0xE6,0x53,0xE6,0x53,0xE6,0x53,0xE6,
    0x53,0xE6,0x53,0xE6,0x53,0xE6,0x53,0xE6,0x53,0xE6,0x53,0xE6,0x53,0xE6,0x53,0xE6,
    0x53,0xE6,0x53,0xE6,0x53,0xE6,0x53,0xE6,0x53,0xE6,0x53,0xE6,0x53,0xE6,0x53,0xE6,
    0x53,0xE6,0x53,0xE6,0x53,0xE6,0x53,0xE6,0x53,0xE6,0x53,0xE6,0x53,0xE6,0x53,0xE6,
    0x53,0xE6,0x53,0xE6,0x53,0xE6,0x53,0xE6,0x53,0xE6,0x53,0xE6,0x53,0xE6,0x53,0xE6,
    0x53,0xE6,0x53,0xE6,0x53,0xE6,0x53,0xE6,0x53,0xE6,0x53,0xE6,0x53,0xE6,0x53,0xE6,
    0x53,0xE6,0x53,0xE6,0x53,0xE6,0x53,0xE6,0x53,0xE6,0x53,0xE6,0x53,0xE6,0x53,0xE6,
    0x53,0xE6,0x53,0xE6,0x53,0xE6,0x53,0xE6,0x53,0xE6,0x53,0xE6,0x53,0xE6,0x53,0xE6,
    0x53,0xE6,0x53,0xE6,0x53,0xE6,0x53,0xE6,0x53,0xE6,0x53,0xE6,0x53,0xE6,0x53,0xE6,
    0x53,0xE6,0x53,0xE6,0x53,0xE6,0x53,0xE6,0x53,0xE6,0x53,0xE6,0x53,0xE6,0x53,0xE6,
    0x53,0xE6,0x53,0xE6,0x53,0xE6,0x53,0xE6,0x53,0xE6,0x53,0xE6,0x53,0xE6,0x53,0xE6,
    0x53,0xE6,0x53,0xE6,0x53,0xE6,0x53,0xE6,0x53,0xE6,0x53,0xE6,0x53,0xE6,0x53,0xE6,
    0x53,0xE6,0x53,0xE6,0x53,0xE6,0x53,0xE6,0x53,0xE6,0x53,0xE6,0x53,0xE6,0x53,0xE6,
    0x53,0xE6,0x53,0xE6,0x32,0xE6,0xF2,0xDD,0x52,0xE6,0x94,0xF6,0xE5,0x41,0x00,0x00,
    0x03,0x21,0x0F,0xBD,0x12,0xDE,0x2F,0xBD,0x12,0xDE,0x53,0xEE,0x53,0xE6,0x53,0xE6,
    0x53,0xE6,0x53,0xE6,0x53,0xE6,0x53,0xE6,0x53,0xE6,0x53,0xE6,0x53,0xE6,0x53,0xE6,
    0x53,0xE6,0x53,0xE6,0x53,0xE6,0x53,0xE6,0x53,0xE6,0x53,0xE6,0x53,0xE6,0x53,0xE6,
    0x53,0xE6,0x53,0xE6,0x53,0xE6,0x53,0xE6,0x53,0xE6,0x53,0xE6,0x53,0xE6,0x53,0xE6,
    0x53,0xE6,0x53,0xE6,0x53,0xE6,0x53,0xE6,0x53,0xE6,0x53,0xE6,0x53,0xE6,0x53,0xE6,
    0x53,0xE6,0x53,0xE6,0x53,0xE6,0x53,0xE6,0x53,0xE6,0x53,0xE6,0x53,0xE6,0x53,0xE6,
    0x53,0xE6,0x53,0xE6,0x53,0xE6,0x53,0xE6,0x53,0xE6,0x53,0xE6,0x53,0xE6,0x53,0xE6,
    0x53,0xE6,0x53,0xE6,0x53,0xE6,0x53,0xE6,0x53,0xE6,0x53,0xE6,0x53,0xE6,0x53,0xE6,
    0x53,0xE6,0x53,0xE6,0x53,0xE6,0x53,0xE6,0x53,0xE6,0x53,0xE6,0x53,0xE6,0x53,0xE6,
    0x53,0xE6,0x53,0xE6,0x53,0xE6,0x53,0xE6,0x53,0xE6,0x53,0xE6,0x53,0xE6,0x53,0xE6,
    0x53,0xE6,0x53,0xE6,0x53,0xE6,0x53,0xE6,0x53,0xE6,0x53,0xE6,0x53,0xE6,0x53,0xE6,
    0x53,0xE6,0x53,0xE6,0x53,0xE6,0x53,0xE6,0x53,0xE6,0x53,0xE6,0x53,0xE6,0x53,0xE6,
    0x53,0xE6,0x53,0xE6,0x53,0xE6,0x53,0xE6,0x53,0xE6,0x53,0xE6,0x53,0xE6,0x53,0xE6,
    0x53,0xE6,0x53,0xE6,0x53,0xE6,0x53,0xE6,0x53,0xE6,0x53,0xE6,0x53,0xE6,0x53,0xE6,
    0x53,0xE6,0x53,0xE6,0x53,0xE6,0x53,0xE6,0x53,0xE6,0x53,0xE6,0x53,0xE6,0x53,0xE6,
    0x53,0xE6,0x53,0xE6,0x53,0xE6,0x53,0xE6,0x53,0xE6,0x53,0xE6,0x53,0xE6,0x53,0xE6,
    0x53,0xE6,0x53,0xE6,0x53,0xE6,0x53,0xE6,0x53,0xE6,0x53,0xE6,0x53,0xE6,0x53,0xE6,
    0x53,0xE6,0x53,0xE6,0x53,0xE6,0x53,0xE6,0x53,0xE6,0x53,0xE6,0x53,0xE6,0x53,0xE6,
    0x53,0xE6,0x53,0xE6,0x53,0xE6,0x53,0xE6,0x53,0xE6,0x53,0xE6,0x53,0xE6,0x53,0xE6,
    0x53,0xE6,0x53,0xE6,0x53,0xE6,0x53,0xE6,0x53,0xE6,0x53,0xE6,0x53,0xE6,0x53,0xE6,
    0x53,0xE6,0x53,0xE6,0x53,0xE6,0x53,0xE6,0x53,0xE6,0x53,0xE6,0x53,0xE6,0x53,0xE6,
    0x53,0xE6,0x53,0xE6,0x53,0xE6,0x53,0xE6,0x53,0xE6,0x53,0xE6,0x53,0xE6,0x53,0xE6,
    0x53,0xE6,0x53,0xE6,0x53,0xE6,0x53,0xE6,0x53,0xE6,0x53,0xE6,0x53,0xE6,0x53,0xE6,
    0x53,0xE6,0x53,0xE6,0x53,0xE6,0x53,0xE6,0x53,0xE6,0x53,0xE6,0x53,0xE6,0x53,0xE6,
    0x53,0xE6,0x53,0xE6,0x53,0xE6,0x53,0xE6,0x53,0xE6,0x53,0xE6,0x53,0xE6,0x53,0xE6,
    0x53,0xE6,0x53,0xE6,0x53,0xE6,0x53,0xE6,0x53,0xE6,0x53,0xE6,0x53,0xE6,0x53,0xE6,
    0x53,0xE6,0x53,0xE6,0x53,0xE6,0x53,0xE6,0x53,0xE6,0x53,0xE6,0x53,0xE6,0x53,0xE6,
    0x53,0xE6,0x53,0xE6,0x53,0xE6,0x53,0xE6,0x53,0xE6,0x53,0xE6,0x53,0xE6,0x53,0xE6,
    0x53,0xE6,0x53,0xE6,0x53,0xE6,0x53,0xE6,0x53,0xE6,0x53,0xE6,0x53,0xE6,0x53,0xE6,
    0x53,0xE6,0x53,0xE6,0x53,0xE6,0xF2,0xDD,0x32,0xE6,0xD4,0xFE,0x6A,0x83,0x00,0x00,
    0x47,0x52,0xD1,0xD5,0xD1,0xD5,0xCE,0xAC,0x53,0xE6,0x53,0xE6,0x53,0xE6,0x53,0xE6,
    0x53,0xE6,0x53,0xE6,0x53,0xE6,0x53,0xE6,0x53,0xE6,0x53,0xE6,0x53,0xE6,0x53,0xE6,
    0x53,0xE6,0x53,0xE6,0x53,0xE6,0x53,0xE6,0x53,0xE6,0x53,0xE6,0x53,0xE6,0x53,0xE6,
    0x53,0xE6,0x53,0xE6,0x53,0xE6,0x53,0xE6,0x53,0xE6,0x53,0xE6,0x53,0xE6,0x53,0xE6,
    0x53,0xE6,0x53,0xE6,0x53,0xE6,0x53,0xE6,0x53,0xE6,0x53,0xE6,0x53,0xE6,0x53,0xE6,
    0x53,0xE6,0x53,0xE6,0x53,0xE6,0x53,0xE6,0x53,0xE6,0x53,0xE6,0x53,0xE6,0x53,0xE6,
    0x53,0xE6,0x53,0xE6,0x53,0xE6,0x53,0xE6,0x53,0xE6,0x53,0xE6,0x53,0xE6,0x53,0xE6,
    0x53,0xE6,0x53,0xE6,0x53,0xE6,0x53,0xE6,0x53,0xE6,0x53,0xE6,0x53,0xE6,0x53,0xE6,
    0x53,0xE6,0x53,0xE6,0x53,0xE6,0x53,0xE6,0x53,0xE6,0x53,0xE6,0x53,0xE6,0x53,0xE6,
    0x53,0xE6,0x53,0xE6,0x53,0xE6,0x53,0xE6,0x53,0xE6,0x53,0xE6,0x53,0xE6,0x53,0xE6,
    0x53,0xE6,0x53,0xE6,0x53,0xE6,0x53,0xE6,0x53,0xE6,0x53,0xE6,0x53,0xE6,0x53,0xE6,
    0x53,0xE6,0x53,0xE6,0x53,0xE6,0x53,0xE6,0x53,0xE6,0x53,0xE6,0x53,0xE6,0x53,0xE6,
    0x53,0xE6,0x53,0xE6,0x53,0xE6,0x53,0xE6,0x53,0xE6,0x53,0xE6,0x53,0xE6,0x53,0xE6,
    0x53,0xE6,0x53,0xE6,0x53,0xE6,0x53,0xE6,0x53,0xE6,0x53,0xE6,0x53,0xE6,0x53,0xE6,
    0x53,0xE6,0x53,0xE6,0x53,0xE6,0x53,0xE6,0x53,0xE6,0x53,0xE6,0x53,0xE6,0x53,0xE6,
    0x53,0xE6,0x53,0xE6,0x53,0xE6,0x53,0xE6,0x53,0xE6,0x53,0xE6,0x53,0xE6,0x53,0xE6,
    0x53,0xE6,0x53,0xE6,0x53,0xE6,0x53,0xE6,0x53,0xE6,0x53,0xE6,0x53,0xE6,0x53,0xE6,
    0x53,0xE6,0x53,0xE6,0x53,0xE6,0x53,0xE6,0x53,0xE6,0x53,0xE6,0x53,0xE6,0x53,0xE6,
    0x53,0xE6,0x53,0xE6,0x53,0xE6,0x53,0xE6,0x53,0xE6,0x53,0xE6,0x53,0xE6,0x53,0xE6,
    0x53,0xE6,0x53,0xE6,0x53,0xE6,0x53,0xE6,0x53,0xE6,0x53,0xE6,0x53,0xE6,0x53,0xE6,
    0x53,0xE6,0x53,0xE6,0x53,0xE6,0x53,0xE6,0x53,0xE6,0x53,0xE6,0x53,0xE6,0x53,0xE6,
    0x53,0xE6,0x53,0xE6,0x53,0xE6,0x53,0xE6,0x53,0xE6,0x53,0xE6,0x53,0xE6,0x53,0xE6,
    0x53,0xE6,0x53,0xE6,0x53,0xE6,0x53,0xE6,0x53,0xE6,0x53,0xE6,0x53,0xE6,0x53,0xE6,
    0x53,0xE6,0x53,0xE6,0x53,0xE6,0x53,0xE6,0x53,0xE6,0x53,0xE6,0x53,0xE6,0x53,0xE6,
    0x53,0xE6,0x53,0xE6,0x53,0xE6,0x53,0xE6,0x53,0xE6,0x53,0xE6,0x53,0xE6,0x53,0xE6,
    0x53,0xE6,0x53,0xE6,0x53,0xE6,0x53,0xE6,0x53,0xE6,0x53,0xE6,0x53,0xE6,0x53,0xE6,
    0x53,0xE6,0x53,0xE6,0x53,0xE6,0x53,0xE6,0x53,0xE6,0x53,0xE6,0x53,0xE6,0x53,0xE6,
    0x53,0xE6,0x53,0xE6,0x53,0xE6,0x53,0xE6,0x53,0xE6,0x53,0xE6,0x53,0xE6,0x53,0xE6,
    0x53,0xE6,0x53,0xE6,0x53,0xE6,0x53,0xE6,0x53,0xE6,0x53,0xE6,0x53,0xE6,0x53,0xE6,
    0x53,0xE6,0x53,0xE6,0x53,0xEE,0x12,0xDE,0x12,0xDE,0xB4,0xF6,0xEE,0xB4,0x00,0x00,
    0x6A,0x83,0xF1,0xD5,0x50,0xC5,0xAE,0xAC,0x93,0xEE,0x32,0xE6,0x53,0xE6,0x53,0xE6,
    0x53,0xE6,0x53,0xE6,0x53,0xE6,0x53,0xE6,0x53,0xE6,0x53,0xE6,0x53,0xE6,0x53,0xE6,
    0x53,0xE6,0x53,0xE6,0x53,0xE6,0x53,0xE6,0x53,0xE6,0x53,0xE6,0x53,0xE6,0x53,0xE6,
    0x53,0xE6,0x53,0xE6,0x53,0xE6,0x53,0xE6,0x53,0xE6,0x53,0xE6,0x53,0xE6,0x53,0xE6,
    0x53,0xE6,0x53,0xE6,0x53,0xE6,0x53,0xE6,0x53,0xE6,0x53,0xE6,0x53,0xE6,0x53,0xE6,
    0x53,0xE6,0x53,0xE6,0x53,0xE6,0x53,0xE6,0x53,0xE6,0x53,0xE6,0x53,0xE6,0x53,0xE6,
    0x53,0xE6,0x53,0xE6,0x53,0xE6,0x53,0xE6,0x53,0xE6,0x53,0xE6,0x53,0xE6,0x53,0xE6,
    0x53,0xE6,0x53,0xE6,0x53,0xE6,0x53,0xE6,0x53,0xE6,0x53,0xE6,0x53,0xE6,0x53,0xE6,
    0x53,0xE6,0x53,0xE6,0x53,0xE6,0x53,0xE6,0x53,0xE6,0x53,0xE6,0x53,0xE6,0x53,0xE6,
    0x53,0xE6,0x53,0xE6,0x53,0xE6,0x53,0xE6,0x53,0xE6,0x53,0xE6,0x53,0xE6,0x53,0xE6,
    0x53,0xE6,0x53,0xE6,0x53,0xE6,0x53,0xE6,0x53,0xE6,0x53,0xE6,0x53,0xE6,0x53,0xE6,
    0x53,0xE6,0x53,0xE6,0x53,0xE6,0x53,0xE6,0x53,0xE6,0x53,0xE6,0x53,0xE6,0x53,0xE6,
    0x53,0xE6,0x53,0xE6,0x53,0xE6,0x53,0xE6,0x53,0xE6,0x53,0xE6,0x53,0xE6,0x53,0xE6,
    0x53,0xE6,0x53,0xE6,0x53,0xE6,0x53,0xE6,0x53,0xE6,0x53,0xE6,0x53,0xE6,0x53,0xE6,
    0x53,0xE6,0x53,0xE6,0x53,0xE6,0x53,0xE6,0x53,0xE6,0x53,0xE6,0x53,0xE6,0x53,0xE6,
    0x53,0xE6,0x53,0xE6,0x53,0xE6,0x53,0xE6,0x53,0xE6,0x53,0xE6,0x53,0xE6,0x53,0xE6,
    0x53,0xE6,0x53,0xE6,0x53,0xE6,0x53,0xE6,0x53,0xE6,0x53,0xE6,0x53,0xE6,0x53,0xE6,
    0x53,0xE6,0x53,0xE6,0x53,0xE6,0x53,0xE6,0x53,0xE6,0x53,0xE6,0x53,0xE6,0x53,0xE6,
    0x53,0xE6,0x53,0xE6,0x53,0xE6,0x53,0xE6,0x53,0xE6,0x53,0xE6,0x53,0xE6,0x53,0xE6,
    0x53,0xE6,0x53,0xE6,0x53,0xE6,0x53,0xE6,0x53,0xE6,0x53,0xE6,0x53,0xE6,0x53,0xE6,
    0x53,0xE6,0x53,0xE6,0x53,0xE6,0x53,0xE6,0x53,0xE6,0x53,0xE6,0x53,0xE6,0x53,0xE6,
    0x53,0xE6,0x53,0xE6,0x53,0xE6,0x53,0xE6,0x53,0xE6,0x53,0xE6,0x53,0xE6,0x53,0xE6,
    0x53,0xE6,0x53,0xE6,0x53,0xE6,0x53,0xE6,0x53,0xE6,0x53,0xE6,0x53,0xE6,0x53,0xE6,
    0x53,0xE6,0x53,0xE6,0x53,0xE6,0x53,0xE6,0x53,0xE6,0x53,0xE6,0x53,0xE6,0x53,0xE6,
    0x53,0xE6,0x53,0xE6,0x53,0xE6,0x53,0xE6,0x53,0xE6,0x53,0xE6,0x53,0xE6,0x53,0xE6,
    0x53,0xE6,0x53,0xE6,0x53,0xE6,0x53,0xE6,0x53,0xE6,0x53,0xE6,0x53,0xE6,0x53,0xE6,
    0x53,0xE6,0x53,0xE6,0x53,0xE6,0x53,0xE6,0x53,0xE6,0x53,0xE6,0x53,0xE6,0x53,0xE6,
    0x53,0xE6,0x53,0xE6,0x53,0xE6,0x53,0xE6,0x53,0xE6,0x53,0xE6,0x53,0xE6,0x53,0xE6,
    0x53,0xE6,0x53,0xE6,0x53,0xE6,0x53,0xE6,0x53,0xE6,0x53,0xE6,0x53,0xE6,0x53,0xE6,
    0x53,0xE6,0x53,0xE6,0x53,0xE6,0x32,0xE6,0x12,0xDE,0x73,0xEE,0xD1,0xD5,0x81,0x10,
    0x8D,0xAC,0xD1,0xD5,0x0F,0xBD,0x4F,0xBD,0x93,0xEE,0x52,0xE6,0x53,0xE6,0x53,0xE6,
    0x53,0xE6,0x53,0xE6,0x53,0xE6,0x53,0xE6,0x53,0xE6,0x53,0xE6,0x53,0xE6,0x53,0xE6,
    0x53,0xE6,0x53,0xE6,0x53,0xE6,0x53,0xE6,0x53,0xE6,0x53,0xE6,0x53,0xE6,0x53,0xE6,
    0x53,0xE6,0x53,0xE6,0x53,0xE6,0x53,0xE6,0x53,0xE6,0x53,0xE6,0x53,0xE6,0x53,0xE6,
    0x53,0xE6,0x53,0xE6,0x53,0xE6,0x53,0xE6,0x53,0xE6,0x53,0xE6,0x53,0xE6,0x53,0xE6,
    0x53,0xE6,0x53,0xE6,0x53,0xE6,0x53,0xE6,0x53,0xE6,0x53,0xE6,0x53,0xE6,0x53,0xE6,
    0x53,0xE6,0x53,0xE6,0x53,0xE6,0x53,0xE6,0x53,0xE6,0x53,0xE6,0x53,0xE6,0x53,0xE6,
    0x53,0xE6,0x53,0xE6,0x53,0xE6,0x53,0xE6,0x53,0xE6,0x53,0xE6,0x53,0xE6,0x53,0xE6,
    0x53,0xE6,0x53,0xE6,0x53,0xE6,0x53,0xE6,0x53,0xE6,0x53,0xE6,0x53,0xE6,0x53,0xE6,
    0x53,0xE6,0x53,0xE6,0x53,0xE6,0x53,0xE6,0x53,0xE6,0x53,0xE6,0x53,0xE6,0x53,0xE6,
    0x53,0xE6,0x53,0xE6,0x53,0xE6,0x53,0xE6,0x53,0xE6,0x53,0xE6,0x53,0xE6,0x53,0xE6,
    0x53,0xE6,0x53,0xE6,0x53,0xE6,0x53,0xE6,0x53,0xE6,0x53,0xE6,0x53,0xE6,0x53,0xE6,
    0x53,0xE6,0x53,0xE6,0x53,0xE6,0x53,0xE6,0x53,0xE6,0x53,0xE6,0x53,0xE6,0x53,0xE6,
    0x53,0xE6,0x53,0xE6,0x53,0xE6,0x53,0xE6,0x53,0xE6,0x53,0xE6,0x53,0xE6,0x53,0xE6,
    0x53,0xE6,0x53,0xE6,0x53,0xE6,0x53,0xE6,0x53,0xE6,0x53,0xE6,0x53,0xE6,0x53,0xE6,
    0x53,0xE6,0x53,0xE6,0x53,0xE6,0x53,0xE6,0x53,0xE6,0x53,0xE6,0x53,0xE6,0x53,0xE6,
    0x53,0xE6,0x53,0xE6,0x53,0xE6,0x53,0xE6,0x53,0xE6,0x53,0xE6,0x53,0xE6,0x53,0xE6,
    0x53,0xE6,0x53,0xE6,0x53,0xE6,0x53,0xE6,0x53,0xE6,0x53,0xE6,0x53,0xE6,0x53,0xE6,
    0x53,0xE6,0x53,0xE6,0x53,0xE6,0x53,0xE6,0x53,0xE6,0x53,0xE6,0x53,0xE6,0x53,0xE6,
    0x53,0xE6,0x53,0xE6,0x53,0xE6,0x53,0xE6,0x53,0xE6,0x53,0xE6,0x53,0xE6,0x53,0xE6,
    0x53,0xE6,0x53,0xE6,0x53,0xE6,0x53,0xE6,0x53,0xE6,0x53,0xE6,0x53,0xE6,0x53,0xE6,
    0x53,0xE6,0x53,0xE6,0x53,0xE6,0x53,0xE6,0x53,0xE6,0x53,0xE6,0x53,0xE6,0x53,0xE6,
    0x53,0xE6,0x53,0xE6,0x53,0xE6,0x53,0xE6,0x53,0xE6,0x53,0xE6,0x53,0xE6,0x53,0xE6,
    0x53,0xE6,0x53,0xE6,0x53,0xE6,0x53,0xE6,0x53,0xE6,0x53,0xE6,0x53,0xE6,0x53,0xE6,
    0x53,0xE6,0x53,0xE6,0x53,0xE6,0x53,0xE6,0x53,0xE6,0x53,0xE6,0x53,0xE6,0x53,0xE6,
    0x53,0xE6,0x53,0xE6,0x53,0xE6,0x53,0xE6,0x53,0xE6,0x53,0xE6,0x53,0xE6,0x53,0xE6,
    0x53,0xE6,0x53,0xE6,0x53,0xE6,0x53,0xE6,0x53,0xE6,0x53,0xE6,0x53,0xE6,0x53,0xE6,
    0x53,0xE6,0x53,0xE6,0x53,0xE6,0x53,0xE6,0x53,0xE6,0x53,0xE6,0x53,0xE6,0x53,0xE6,
    0x53,0xE6,0x53,0xE6,0x53,0xE6,0x53,0xE6,0x53,0xE6,0x53,0xE6,0x53,0xE6,0x53,0xE6,
    0x53,0xE6,0x53,0xE6,0x53,0xE6,0x32,0xE6,0x32,0xE6,0x53,0xE6,0x73,0xEE,0xA5,0x39,
    0x90,0xCD,0xF2,0xDD,0xEE,0xB4,0xD1,0xD5,0x73,0xEE,0x53,0xE6,0x53,0xE6,0x53,0xE6,
    0x53,0xE6,0x53,0xE6,0x53,0xE6,0x53,0xE6,0x53,0xE6,0x53,0xE6,0x53,0xE6,0x53,0xE6,
    0x53,0xE6,0x53,0xE6,0x53,0xE6,0x53,0xE6,0x53,0xE6,0x53,0xE6,0x53,0xE6,0x53,0xE6,
    0x53,0xE6,0x53,0xE6,0x53,0xE6,0x53,0xE6,0x53,0xE6,0x53,0xE6,0x53,0xE6,0x53,0xE6,
    0x53,0xE6,0x53,0xE6,0x53,0xE6,0x53,0xE6,0x53,0xE6,0x53,0xE6,0x53,0xE6,0x53,0xE6,
    0x53,0xE6,0x53,0xE6,0x53,0xE6,0x53,0xE6,0x53,0xE6,0x53,0xE6,0x53,0xE6,0x53,0xE6,
    0x53,0xE6,0x53,0xE6,0x53,0xE6,0x53,0xE6,0x53,0xE6,0x53,0xE6,0x53,0xE6,0x53,0xE6,
    0x53,0xE6,0x53,0xE6,0x53,0xE6,0x53,0xE6,0x53,0xE6,0x53,0xE6,0x53,0xE6,0x53,0xE6,
    0x53,0xE6,0x53,0xE6,0x53,0xE6,0x53,0xE6,0x53,0xE6,0x53,0xE6,0x53,0xE6,0x53,0xE6,
    0x53,0xE6,0x53,0xE6,0x53,0xE6,0x53,0xE6,0x53,0xE6,0x53,0xE6,0x53,0xE6,0x53,0xE6,
    0x53,0xE6,0x53,0xE6,0x53,0xE6,0x53,0xE6,0x53,0xE6,0x53,0xE6,0x53,0xE6,0x53,0xE6,
    0x53,0xE6,0x53,0xE6,0x53,0xE6,0x53,0xE6,0x53,0xE6,0x53,0xE6,0x53,0xE6,0x53,0xE6,
    0x53,0xE6,0x53,0xE6,0x53,0xE6,0x53,0xE6,0x53,0xE6,0x53,0xE6,0x53,0xE6,0x53,0xE6,
    0x53,0xE6,0x53,0xE6,0x53,0xE6,0x53,0xE6,0x53,0xE6,0x53,0xE6,0x53,0xE6,0x53,0xE6,
    0x53,0xE6,0x53,0xE6,0x53,0xE6,0x53,0xE6,0x53,0xE6,0x53,0xE6,0x53,0xE6,0x53,0xE6,
    0x53,0xE6,0x53,0xE6,0x53,0xE6,0x53,0xE6,0x53,0xE6,0x53,0xE6,0x53,0xE6,0x53,0xE6,
    0x53,0xE6,0x53,0xE6,0x53,0xE6,0x53,0xE6,0x53,0xE6,0x53,0xE6,0x53,0xE6,0x53,0xE6,
    0x53,0xE6,0x53,0xE6,0x53,0xE6,0x53,0xE6,0x53,0xE6,0x53,0xE6,0x53,0xE6,0x53,0xE6,
    0x53,0xE6,0x53,0xE6,0x53,0xE6,0x53,0xE6,0x53,0xE6,0x53,0xE6,0x53,0xE6,0x53,0xE6,
    0x53,0xE6,0x53,0xE6,0x53,0xE6,0x53,0xE6,0x53,0xE6,0x53,0xE6,0x53,0xE6,0x53,0xE6,
    0x53,0xE6,0x53,0xE6,0x53,0xE6,0x53,0xE6,0x53,0xE6,0x53,0xE6,0x53,0xE6,0x53,0xE6,
    0x53,0xE6,0x53,0xE6,0x53,0xE6,0x53,0xE6,0x53,0xE6,0x53,0xE6,0x53,0xE6,0x53,0xE6,
    0x53,0xE6,0x53,0xE6,0x53,0xE6,0x53,0xE6,0x53,0xE6,0x53,0xE6,0x53,0xE6,0x53,0xE6,
    0x53,0xE6,0x53,0xE6,0x53,0xE6,0x53,0xE6,0x53,0xE6,0x53,0xE6,0x53,0xE6,0x53,0xE6,
    0x53,0xE6,0x53,0xE6,0x53,0xE6,0x53,0xE6,0x53,0xE6,0x53,0xE6,0x53,0xE6,0x53,0xE6,
    0x53,0xE6,0x53,0xE6,0x53,0xE6,0x53,0xE6,0x53,0xE6,0x53,0xE6,0x53,0xE6,0x53,0xE6,
    0x53,0xE6,0x53,0xE6,0x53,0xE6,0x53,0xE6,0x53,0xE6,0x53,0xE6,0x53,0xE6,0x53,0xE6,
    0x53,0xE6,0x53,0xE6,0x53,0xE6,0x53,0xE6,0x53,0xE6,0x53,0xE6,0x53,0xE6,0x53,0xE6,
    0x53,0xE6,0x53,0xE6,0x53,0xE6,0x53,0xE6,0x53,0xE6,0x53,0xE6,0x53,0xE6,0x53,0xE6,
    0x53,0xE6,0x53,0xE6,0x53,0xE6,0x53,0xE6,0x32,0xE6,0x32,0xE6,0xB4,0xF6,0x09,0x6B,
    0xB1,0xD5,0x32,0xE6,0xCE,0xB4,0x32,0xE6,0x53,0xE6,0x53,0xE6,0x53,0xE6,0x53,0xE6,
    0x32,0xE6,0x32,0xE6,0x32,0xE6,0x32,0xE6,0x52,0xE6,0x53,0xE6,0x53,0xE6,0x53,0xE6,
    0x53,0xE6,0x53,0xE6,0x53,0xE6,0x53,0xE6,0x53,0xE6,0x53,0xE6,0x53,0xE6,0x53,0xE6,
    0x53,0xE6,0x53,0xE6,0x53,0xE6,0x53,0xE6,0x53,0xE6,0x53,0xE6,0x53,0xE6,0x53,0xE6,
    0x53,0xE6,0x53,0xE6,0x53,0xE6,0x53,0xE6,0x53,0xE6,0x53,0xE6,0x53,0xE6,0x53,0xE6,
    0x53,0xE6,0x53,0xE6,0x53,0xE6,0x53,0xE6,0x53,0xE6,0x53,0xE6,0x53,0xE6,0x53,0xE6,
    0x53,0xE6,0x53,0xE6,0x53,0xE6,0x53,0xE6,0x53,0xE6,0x53,0xE6,0x53,0xE6,0x53,0xE6,
    0x53,0xE6,0x53,0xE6,0x53,0xE6,0x53,0xE6,0x53,0xE6,0x53,0xE6,0x53,0xE6,0x53,0xE6,
    0x53,0xE6,0x53,0xE6,0x53,0xE6,0x53,0xE6,0x53,0xE6,0x53,0xE6,0x53,0xE6,0x53,0xE6,
    0x53,0xE6,0x53,0xE6,0x53,0xE6,0x53,0xE6,0x53,0xE6,0x53,0xE6,0x53,0xE6,0x53,0xE6,
    0x53,0xE6,0x53,0xE6,0x53,0xE6,0x53,0xE6,0x53,0xE6,0x53,0xE6,0x53,0xE6,0x53,0xE6,
    0x53,0xE6,0x53,0xE6,0x53,0xE6,0x53,0xE6,0x53,0xE6,0x53,0xE6,0x53,0xE6,0x53,0xE6,
    0x53,0xE6,0x53,0xE6,0x53,0xE6,0x53,0xE6,0x53,0xE6,0x53,0xE6,0x53,0xE6,0x53,0xE6,
    0x53,0xE6,0x53,0xE6,0x53,0xE6,0x53,0xE6,0x53,0xE6,0x53,0xE6,0x53,0xE6,0x53,0xE6,
    0x53,0xE6,0x53,0xE6,0x53,0xE6,0x53,0xE6,0x53,0xE6,0x53,0xE6,0x53,0xE6,0x53,0xE6,
    0x53,0xE6,0x53,0xE6,0x53,0xE6,0x53,0xE6,0x53,0xE6,0x53,0xE6,0x53,0xE6,0x53,0xE6,
    0x53,0xE6,0x53,0xE6,0x53,0xE6,0x53,0xE6,0x53,0xE6,0x53,0xE6,0x53,0xE6,0x53,0xE6,
    0x53,0xE6,0x53,0xE6,0x53,0xE6,0x53,0xE6,0x53,0xE6,0x53,0xE6,0x53,0xE6,0x53,0xE6,
    0x53,0xE6,0x53,0xE6,0x53,0xE6,0x53,0xE6,0x53,0xE6,0x53,0xE6,0x53,0xE6,0x53,0xE6,
    0x53,0xE6,0x53,0xE6,0x53,0xE6,0x53,0xE6,0x53,0xE6,0x53,0xE6,0x53,0xE6,0x53,0xE6,
    0x53,0xE6,0x53,0xE6,0x53,0xE6,0x53,0xE6,0x53,0xE6,0x53,0xE6,0x53,0xE6,0x53,0xE6,
    0x53,0xE6,0x53,0xE6,0x53,0xE6,0x53,0xE6,0x53,0xE6,0x53,0xE6,0x53,0xE6,0x53,0xE6,
    0x53,0xE6,0x53,0xE6,0x53,0xE6,0x53,0xE6,0x53,0xE6,0x53,0xE6,0x53,0xE6,0x53,0xE6,
    0x53,0xE6,0x53,0xE6,0x53,0xE6,0x53,0xE6,0x53,0xE6,0x53,0xE6,0x53,0xE6,0x53,0xE6,
    0x53,0xE6,0x53,0xE6,0x53,0xE6,0x53,0xE6,0x53,0xE6,0x53,0xE6,0x53,0xE6,0x53,0xE6,
    0x53,0xE6,0x53,0xE6,0x53,0xE6,0x53,0xE6,0x53,0xE6,0x53,0xE6,0x53,0xE6,0x53,0xE6,
    0x53,0xE6,0x53,0xE6,0x53,0xE6,0x53,0xE6,0x53,0xE6,0x53,0xE6,0x53,0xE6,0x53,0xE6,
    0x53,0xE6,0x53,0xE6,0x53,0xE6,0x53,0xE6,0x53,0xE6,0x53,0xE6,0x53,0xE6,0x53,0xE6,
    0x53,0xE6,0x53,0xE6,0x52,0xE6,0x32,0xE6,0x32,0xE6,0x32,0xE6,0x32,0xE6,0x53,0xE6,
    0x53,0xE6,0x53,0xE6,0x53,0xE6,0x53,0xE6,0x52,0xE6,0x32,0xE6,0x94,0xF6,0x4D,0x9C,
    0xD1,0xD5,0xF2,0xDD,0xAE,0xAC,0x73,0xEE,0x52,0xE6,0x53,0xE6,0x53,0xE6,0x52,0xE6,
    0x93,0xF6,0xD4,0xFE,0xD4,0xFE,0xB4,0xF6,0x73,0xEE,0x53,0xE6,0x32,0xE6,0x53,0xE6,
    0x53,0xE6,0x53,0xE6,0x53,0xE6,0x53,0xE6,0x53,0xE6,0x53,0xE6,0x53,0xE6,0x53,0xE6,
    0x53,0xE6,0x53,0xE6,0x53,0xE6,0x53,0xE6,0x53,0xE6,0x53,0xE6,0x53,0xE6,0x53,0xE6,
    0x53,0xE6,0x53,0xE6,0x53,0xE6,0x53,0xE6,0x53,0xE6,0x53,0xE6,0x53,0xE6,0x53,0xE6,
    0x53,0xE6,0x53,0xE6,0x53,0xE6,0x53,0xE6,0x53,0xE6,0x53,0xE6,0x53,0xE6,0x53,0xE6,
    0x53,0xE6,0x53,0xE6,0x53,0xE6,0x53,0xE6,0x53,0xE6,0x53,0xE6,0x53,0xE6,0x53,0xE6,
    0x53,0xE6,0x53,0xE6,0x53,0xE6,0x53,0xE6,0x53,0xE6,0x53,0xE6,0x53,0xE6,0x53,0xE6,
    0x53,0xE6,0x53,0xE6,0x53,0xE6,0x53,0xE6,0x53,0xE6,0x53,0xE6,0x53,0xE6,0x53,0xE6,
    0x53,0xE6,0x53,0xE6,0x53,0xE6,0x53,0xE6,0x53,0xE6,0x53,0xE6,0x53,0xE6,0x53,0xE6,
    0x53,0xE6,0x53,0xE6,0x53,0xE6,0x53,0xE6,0x53,0xE6,0x53,0xE6,0x53,0xE6,0x53,0xE6,
    0x53,0xE6,0x53,0xE6,0x53,0xE6,0x53,0xE6,0x53,0xE6,0x53,0xE6,0x53,0xE6,0x53,0xE6,
    0x53,0xE6,0x53,0xE6,0x53,0xE6,0x53,0xE6,0x53,0xE6,0x53,0xE6,0x53,0xE6,0x53,0xE6,
    0x53,0xE6,0x53,0xE6,0x53,0xE6,0x53,0xE6,0x53,0xE6,0x53,0xE6,0x53,0xE6,0x53,0xE6,
    0x53,0xE6,0x53,0xE6,0x53,0xE6,0x53,0xE6,0x53,0xE6,0x53,0xE6,0x53,0xE6,0x53,0xE6,
    0x53,0xE6,0x53,0xE6,0x53,0xE6,0x53,0xE6,0x53,0xE6,0x53,0xE6,0x53,0xE6,0x53,0xE6,
    0x53,0xE6,0x53,0xE6,0x53,0xE6,0x53,0xE6,0x53,0xE6,0x53,0xE6,0x53,0xE6,0x53,0xE6,
    0x53,0xE6,0x53,0xE6,0x53,0xE6,0x53,0xE6,0x53,0xE6,0x53,0xE6,0x53,0xE6,0x53,0xE6,
    0x53,0xE6,0x53,0xE6,0x53,0xE6,0x53,0xE6,0x53,0xE6,0x53,0xE6,0x53,0xE6,0x53,0xE6,
    0x53,0xE6,0x53,0xE6,0x53,0xE6,0x53,0xE6,0x53,0xE6,0x53,0xE6,0x53,0xE6,0x53,0xE6,
    0x53,0xE6,0x53,0xE6,0x53,0xE6,0x53,0xE6,0x53,0xE6,0x53,0xE6,0x53,0xE6,0x53,0xE6,
    0x53,0xE6,0x53,0xE6,0x53,0xE6,0x53,0xE6,0x53,0xE6,0x53,0xE6,0x53,0xE6,0x53,0xE6,
    0x53,0xE6,0x53,0xE6,0x53,0xE6,0x53,0xE6,0x53,0xE6,0x53,0xE6,0x53,0xE6,0x53,0xE6,
    0x53,0xE6,0x53,0xE6,0x53,0xE6,0x53,0xE6,0x53,0xE6,0x53,0xE6,0x53,0xE6,0x53,0xE6,
    0x53,0xE6,0x53,0xE6,0x53,0xE6,0x53,0xE6,0x53,0xE6,0x53,0xE6,0x53,0xE6,0x53,0xE6,
    0x53,0xE6,0x53,0xE6,0x53,0xE6,0x53,0xE6,0x53,0xE6,0x53,0xE6,0x53,0xE6,0x53,0xE6,
    0x53,0xE6,0x53,0xE6,0x53,0xE6,0x53,0xE6,0x53,0xE6,0x53,0xE6,0x53,0xE6,0x53,0xE6,
    0x53,0xE6,0x53,0xE6,0x53,0xE6,0x53,0xE6,0x53,0xE6,0x53,0xE6,0x53,0xE6,0x53,0xE6,
    0x52,0xE6,0x32,0xE6,0x53,0xEE,0x93,0xF6,0xB4,0xF6,0xD4,0xFE,0xD4,0xFE,0x73,0xEE,
    0x53,0xE6,0x53,0xE6,0x53,0xE6,0x53,0xEE,0x12,0xDE,0x32,0xE6,0x73,0xEE,0x90,0xCD,
    0x12,0xDE,0xB1,0xD5,0x2F,0xBD,0x73,0xEE,0x52,0xE6,0x53,0xE6,0x32,0xE6,0xB4,0xF6,
    0x8A,0x83,0xE5,0x41,0x6A,0x7B,0x8D,0xAC,0xB1,0xCD,0x53,0xEE,0xB4,0xF6,0x53,0xE6,
    0x53,0xE6,0x53,0xE6,0x53,0xE6,0x53,0xE6,0x53,0xE6,0x53,0xE6,0x53,0xE6,0x53,0xE6,
    0x53,0xE6,0x53,0xE6,0x53,0xE6,0x53,0xE6,0x53,0xE6,0x53,0xE6,0x53,0xE6,0x53,0xE6,
    0x53,0xE6,0x53,0xE6,0x53,0xE6,0x53,0xE6,0x53,0xE6,0x53,0xE6,0x53,0xE6,0x53,0xE6,
    0x53,0xE6,0x53,0xE6,0x53,0xE6,0x53,0xE6,0x53,0xE6,0x53,0xE6,0x53,0xE6,0x53,0xE6,
    0x53,0xE6,0x53,0xE6,0x53,0xE6,0x53,0xE6,0x53,0xE6,0x53,0xE6,0x53,0xE6,0x53,0xE6,
    0x53,0xE6,0x53,0xE6,0x53,0xE6,0x53,0xE6,0x53,0xE6,0x53,0xE6,0x53,0xE6,0x53,0xE6,
    0x53,0xE6,0x53,0xE6,0x53,0xE6,0x53,0xE6,0x53,0xE6,0x53,0xE6,0x53,0xE6,0x53,0xE6,
    0x53,0xE6,0x53,0xE6,0x53,0xE6,0x53,0xE6,0x53,0xE6,0x53,0xE6,0x53,0xE6,0x53,0xE6,
    0x53,0xE6,0x53,0xE6,0x53,0xE6,0x53,0xE6,0x53,0xE6,0x53,0xE6,0x53,0xE6,0x53,0xE6,
    0x53,0xE6,0x53,0xE6,0x53,0xE6,0x53,0xE6,0x53,0xE6,0x53,0xE6,0x53,0xE6,0x53,0xE6,
    0x53,0xE6,0x53,0xE6,0x53,0xE6,0x53,0xE6,0x53,0xE6,0x53,0xE6,0x53,0xE6,0x53,0xE6,
    0x53,0xE6,0x53,0xE6,0x53,0xE6,0x53,0xE6,0x53,0xE6,0x53,0xE6,0x53,0xE6,0x53,0xE6,
    0x53,0xE6,0x53,0xE6,0x53,0xE6,0x53,0xE6,0x53,0xE6,0x53,0xE6,0x53,0xE6,0x53,0xE6,
    0x53,0xE6,0x53,0xE6,0x53,0xE6,0x53,0xE6,0x53,0xE6,0x53,0xE6,0x53,0xE6,0x53,0xE6,
    0x53,0xE6,0x53,0xE6,0x53,0xE6,0x53,0xE6,0x53,0xE6,0x53,0xE6,0x53,0xE6,0x53,0xE6,
    0x53,0xE6,0x53,0xE6,0x53,0xE6,0x53,0xE6,0x53,0xE6,0x53,0xE6,0x53,0xE6,0x53,0xE6,
    0x53,0xE6,0x53,0xE6,0x53,0xE6,0x53,0xE6,0x53,0xE6,0x53,0xE6,0x53,0xE6,0x53,0xE6,
    0x53,0xE6,0x53,0xE6,0x53,0xE6,0x53,0xE6,0x53,0xE6,0x53,0xE6,0x53,0xE6,0x53,0xE6,
    0x53,0xE6,0x53,0xE6,0x53,0xE6,0x53,0xE6,0x53,0xE6,0x53,0xE6,0x53,0xE6,0x53,0xE6,
    0x53,0xE6,0x53,0xE6,0x53,0xE6,0x53,0xE6,0x53,0xE6,0x53,0xE6,0x53,0xE6,0x53,0xE6,
    0x53,0xE6,0x53,0xE6,0x53,0xE6,0x53,0xE6,0x53,0xE6,0x53,0xE6,0x53,0xE6,0x53,0xE6,
    0x53,0xE6,0x53,0xE6,0x53,0xE6,0x53,0xE6,0x53,0xE6,0x53,0xE6,0x53,0xE6,0x53,0xE6,
    0x53,0xE6,0x53,0xE6,0x53,0xE6,0x53,0xE6,0x53,0xE6,0x53,0xE6,0x53,0xE6,0x53,0xE6,
    0x53,0xE6,0x53,0xE6,0x53,0xE6,0x53,0xE6,0x53,0xE6,0x53,0xE6,0x53,0xE6,0x53,0xE6,
    0x53,0xE6,0x53,0xE6,0x53,0xE6,0x53,0xE6,0x53,0xE6,0x53,0xE6,0x53,0xE6,0x53,0xE6,
    0x53,0xE6,0x53,0xE6,0x53,0xE6,0x53,0xE6,0x53,0xE6,0x53,0xE6,0x53,0xE6,0x52,0xE6,
    0x73,0xEE,0xB4,0xF6,0x12,0xDE,0x2F,0xBD,0x0C,0x94,0xE9,0x6A,0xC5,0x41,0x91,0xCD,
    0x73,0xEE,0x52,0xE6,0x53,0xE6,0x53,0xE6,0x52,0xE6,0x53,0xE6,0x53,0xE6,0x53,0xE6,
    0x32,0xE6,0x91,0xCD,0xB1,0xCD,0x73,0xEE,0x52,0xE6,0x53,0xE6,0x32,0xE6,0x93,0xF6,
    0x0C,0x94,0x47,0x52,0x23,0x29,0x61,0x10,0x61,0x10,0xA2,0x18,0x87,0x5A,0x73,0xEE,
    0x52,0xE6,0x53,0xE6,0x53,0xE6,0x53,0xE6,0x53,0xE6,0x53,0xE6,0x53,0xE6,0x53,0xE6,
    0x53,0xE6,0x53,0xE6,0x53,0xE6,0x53,0xE6,0x53,0xE6,0x53,0xE6,0x53,0xE6,0x53,0xE6,
    0x53,0xE6,0x53,0xE6,0x53,0xE6,0x53,0xE6,0x53,0xE6,0x53,0xE6,0x53,0xE6,0x53,0xE6,
    0x53,0xE6,0x53,0xE6,0x53,0xE6,0x53,0xE6,0x53,0xE6,0x53,0xE6,0x53,0xE6,0x53,0xE6,
    0x53,0xE6,0x53,0xE6,0x53,0xE6,0x53,0xE6,0x53,0xE6,0x53,0xE6,0x53,0xE6,0x53,0xE6,
    0x53,0xE6,0x53,0xE6,0x53,0xE6,0x53,0xE6,0x53,0xE6,0x53,0xE6,0x53,0xE6,0x53,0xE6,
    0x53,0xE6,0x53,0xE6,0x53,0xE6,0x53,0xE6,0x53,0xE6,0x53,0xE6,0x53,0xE6,0x53,0xE6,
    0x53,0xE6,0x53,0xE6,0x53,0xE6,0x53,0xE6,0x53,0xE6,0x53,0xE6,0x53,0xE6,0x53,0xE6,
    0x53,0xE6,0x53,0xE6,0x53,0xE6,0x53,0xE6,0x53,0xE6,0x53,0xE6,0x53,0xE6,0x53,0xE6,
    0x53,0xE6,0x53,0xE6,0x53,0xE6,0x53,0xE6,0x53,0xE6,0x53,0xE6,0x53,0xE6,0x53,0xE6,
    0x53,0xE6,0x53,0xE6,0x53,0xE6,0x53,0xE6,0x53,0xE6,0x53,0xE6,0x53,0xE6,0x53,0xE6,
    0x53,0xE6,0x53,0xE6,0x53,0xE6,0x53,0xE6,0x53,0xE6,0x53,0xE6,0x53,0xE6,0x53,0xE6,
    0x53,0xE6,0x53,0xE6,0x53,0xE6,0x53,0xE6,0x53,0xE6,0x53,0xE6,0x53,0xE6,0x53,0xE6,
    0x53,0xE6,0x53,0xE6,0x53,0xE6,0x53,0xE6,0x53,0xE6,0x53,0xE6,0x53,0xE6,0x53,0xE6,
    0x53,0xE6,0x53,0xE6,0x53,0xE6,0x53,0xE6,0x53,0xE6,0x53,0xE6,0x53,0xE6,0x53,0xE6,
    0x53,0xE6,0x53,0xE6,0x53,0xE6,0x53,0xE6,0x53,0xE6,0x53,0xE6,0x53,0xE6,0x53,0xE6,
    0x53,0xE6,0x53,0xE6,0x53,0xE6,0x53,0xE6,0x53,0xE6,0x53,0xE6,0x53,0xE6,0x53,0xE6,
    0x53,0xE6,0x53,0xE6,0x53,0xE6,0x53,0xE6,0x53,0xE6,0x53,0xE6,0x53,0xE6,0x53,0xE6,
    0x53,0xE6,0x53,0xE6,0x53,0xE6,0x53,0xE6,0x53,0xE6,0x53,0xE6,0x53,0xE6,0x53,0xE6,
    0x53,0xE6,0x53,0xE6,0x53,0xE6,0x53,0xE6,0x53,0xE6,0x53,0xE6,0x53,0xE6,0x53,0xE6,
    0x53,0xE6,0x53,0xE6,0x53,0xE6,0x53,0xE6,0x53,0xE6,0x53,0xE6,0x53,0xE6,0x53,0xE6,
    0x53,0xE6,0x53,0xE6,0x53,0xE6,0x53,0xE6,0x53,0xE6,0x53,0xE6,0x53,0xE6,0x53,0xE6,
    0x53,0xE6,0x53,0xE6,0x53,0xE6,0x53,0xE6,0x53,0xE6,0x53,0xE6,0x53,0xE6,0x53,0xE6,
    0x53,0xE6,0x53,0xE6,0x53,0xE6,0x53,0xE6,0x53,0xE6,0x53,0xE6,0x53,0xE6,0x53,0xE6,
    0x53,0xE6,0x53,0xE6,0x53,0xE6,0x53,0xE6,0x53,0xE6,0x53,0xE6,0x53,0xE6,0x53,0xE6,
    0x53,0xE6,0x53,0xE6,0x53,0xE6,0x53,0xE6,0x53,0xE6,0x53,0xE6,0x32,0xE6,0x93,0xF6,
    0xEE,0xB4,0x44,0x31,0x81,0x10,0x41,0x08,0xA2,0x18,0x85,0x39,0xA8,0x62,0xB1,0xD5,
    0x73,0xEE,0x52,0xE6,0x53,0xE6,0x53,0xE6,0x53,0xE6,0x53,0xE6,0x53,0xE6,0x53,0xE6,
    0x52,0xE6,0x70,0xC5,0xF2,0xDD,0x73,0xEE,0x53,0xE6,0x53,0xE6,0x53,0xE6,0x52,0xE6,
    0xB4,0xF6,0xD4,0xFE,0x94,0xF6,0x12,0xDE,0x50,0xC5,0x0C,0x94,0xEB,0x8B,0x73,0xEE,
    0x52,0xE6,0x53,0xE6,0x53,0xE6,0x53,0xE6,0x53,0xE6,0x53,0xE6,0x53,0xE6,0x53,0xE6,
    0x53,0xE6,0x53,0xE6,0x53,0xE6,0x53,0xE6,0x53,0xE6,0x53,0xE6,0x53,0xE6,0x53,0xE6,
    0x53,0xE6,0x53,0xE6,0x53,0xE6,0x53,0xE6,0x53,0xE6,0x53,0xE6,0x53,0xE6,0x53,0xE6,
    0x53,0xE6,0x53,0xE6,0x53,0xE6,0x53,0xE6,0x53,0xE6,0x53,0xE6,0x53,0xE6,0x53,0xE6,
    0x53,0xE6,0x53,0xE6,0x53,0xE6,0x53,0xE6,0x53,0xE6,0x53,0xE6,0x53,0xE6,0x53,0xE6,
    0x53,0xE6,0x53,0xE6,0x53,0xE6,0x53,0xE6,0x53,0xE6,0x53,0xE6,0x53,0xE6,0x53,0xE6,
    0x53,0xE6,0x53,0xE6,0x53,0xE6,0x53,0xE6,0x53,0xE6,0x53,0xE6,0x53,0xE6,0x53,0xE6,
    0x53,0xE6,0x53,0xE6,0x53,0xE6,0x53,0xE6,0x53,0xE6,0x53,0xE6,0x53,0xE6,0x53,0xE6,
    0x53,0xE6,0x53,0xE6,0x53,0xE6,0x53,0xE6,0x53,0xE6,0x53,0xE6,0x53,0xE6,0x53,0xE6,
    0x53,0xE6,0x53,0xE6,0x53,0xE6,0x53,0xE6,0x53,0xE6,0x53,0xE6,0x53,0xE6,0x53,0xE6,
    0x53,0xE6,0x53,0xE6,0x53,0xE6,0x53,0xE6,0x53,0xE6,0x53,0xE6,0x53,0xE6,0x53,0xE6,
    0x53,0xE6,0x53,0xE6,0x53,0xE6,0x53,0xE6,0x53,0xE6,0x53,0xE6,0x53,0xE6,0x53,0xE6,
    0x53,0xE6,0x53,0xE6,0x53,0xE6,0x53,0xE6,0x53,0xE6,0x53,0xE6,0x53,0xE6,0x53,0xE6,
    0x53,0xE6,0x53,0xE6,0x53,0xE6,0x53,0xE6,0x53,0xE6,0x53,0xE6,0x53,0xE6,0x53,0xE6,
    0x53,0xE6,0x53,0xE6,0x53,0xE6,0x53,0xE6,0x53,0xE6,0x53,0xE6,0x53,0xE6,0x53,0xE6,
    0x53,0xE6,0x53,0xE6,0x53,0xE6,0x53,0xE6,0x53,0xE6,0x53,0xE6,0x53,0xE6,0x53,0xE6,
    0x53,0xE6,0x53,0xE6,0x53,0xE6,0x53,0xE6,0x53,0xE6,0x53,0xE6,0x53,0xE6,0x53,0xE6,
    0x53,0xE6,0x53,0xE6,0x53,0xE6,0x53,0xE6,0x53,0xE6,0x53,0xE6,0x53,0xE6,0x53,0xE6,
    0x53,0xE6,0x53,0xE6,0x53,0xE6,0x53,0xE6,0x53,0xE6,0x53,0xE6,0x53,0xE6,0x53,0xE6,
    0x53,0xE6,0x53,0xE6,0x53,0xE6,0x53,0xE6,0x53,0xE6,0x53,0xE6,0x53,0xE6,0x53,0xE6,
    0x53,0xE6,0x53,0xE6,0x53,0xE6,0x53,0xE6,0x53,0xE6,0x53,0xE6,0x53,0xE6,0x53,0xE6,
    0x53,0xE6,0x53,0xE6,0x53,0xE6,0x53,0xE6,0x53,0xE6,0x53,0xE6,0x53,0xE6,0x53,0xE6,
    0x53,0xE6,0x53,0xE6,0x53,0xE6,0x53,0xE6,0x53,0xE6,0x53,0xE6,0x53,0xE6,0x53,0xE6,
    0x53,0xE6,0x53,0xE6,0x53,0xE6,0x53,0xE6,0x53,0xE6,0x53,0xE6,0x53,0xE6,0x53,0xE6,
    0x53,0xE6,0x53,0xE6,0x53,0xE6,0x53,0xE6,0x53,0xE6,0x53,0xE6,0x53,0xE6,0x53,0xE6,
    0x53,0xE6,0x53,0xE6,0x53,0xE6,0x53,0xE6,0x53,0xE6,0x53,0xE6,0x52,0xE6,0x93,0xEE,
    0x2F,0xBD,0x6A,0x7B,0xAE,0xAC,0xB1,0xD5,0x53,0xE6,0xB4,0xF6,0xD4,0xFE,0x73,0xEE,
    0x53,0xE6,0x53,0xE6,0x53,0xE6,0x53,0xE6,0x53,0xE6,0x53,0xE6,0x53,0xE6,0x52,0xE6,
    0x53,0xE6,0x0F,0xB5,0x12,0xDE,0x53,0xEE,0x53,0xE6,0x53,0xE6,0x53,0xE6,0x53,0xE6,
    0x32,0xE6,0x32,0xE6,0x52,0xE6,0x73,0xEE,0x93,0xEE,0xB4,0xF6,0xB4,0xF6,0x53,0xE6,
    0x53,0xE6,0x53,0xE6,0x53,0xE6,0x53,0xE6,0x53,0xE6,0x53,0xE6,0x53,0xE6,0x53,0xE6,
    0x53,0xE6,0x53,0xE6,0x53,0xE6,0x53,0xE6,0x53,0xE6,0x53,0xE6,0x53,0xE6,0x53,0xE6,
    0x53,0xE6,0x53,0xE6,0x53,0xE6,0x53,0xE6,0x53,0xE6,0x53,0xE6,0x53,0xE6,0x53,0xE6,
    0x53,0xE6,0x53,0xE6,0x53,0xE6,0x53,0xE6,0x53,0xE6,0x53,0xE6,0x53,0xE6,0x53,0xE6,
    0x53,0xE6,0x53,0xE6,0x53,0xE6,0x53,0xE6,0x53,0xE6,0x53,0xE6,0x53,0xE6,0x53,0xE6,
    0x53,0xE6,0x53,0xE6,0x53,0xE6,0x53,0xE6,0x53,0xE6,0x53,0xE6,0x53,0xE6,0x53,0xE6,
    0x53,0xE6,0x53,0xE6,0x53,0xE6,0x53,0xE6,0x53,0xE6,0x53,0xE6,0x53,0xE6,0x53,0xE6,
    0x53,0xE6,0x53,0xE6,0x53,0xE6,0x53,0xE6,0x53,0xE6,0x53,0xE6,0x53,0xE6,0x53,0xE6,
    0x53,0xE6,0x53,0xE6,0x53,0xE6,0x53,0xE6,0x53,0xE6,0x53,0xE6,0x53,0xE6,0x53,0xE6,
    0x53,0xE6,0x53,0xE6,0x53,0xE6,0x53,0xE6,0x53,0xE6,0x53,0xE6,0x53,0xE6,0x53,0xE6,
    0x53,0xE6,0x53,0xE6,0x53,0xE6,0x53,0xE6,0x53,0xE6,0x53,0xE6,0x53,0xE6,0x53,0xE6,
    0x53,0xE6,0x53,0xE6,0x53,0xE6,0x53,0xE6,0x53,0xE6,0x53,0xE6,0x53,0xE6,0x53,0xE6,
    0x53,0xE6,0x53,0xE6,0x53,0xE6,0x53,0xE6,0x53,0xE6,0x53,0xE6,0x53,0xE6,0x53,0xE6,
    0x53,0xE6,0x53,0xE6,0x53,0xE6,0x53,0xE6,0x53,0xE6,0x53,0xE6,0x53,0xE6,0x53,0xE6,
    0x53,0xE6,0x53,0xE6,0x53,0xE6,0x53,0xE6,0x53,0xE6,0x53,0xE6,0x53,0xE6,0x53,0xE6,
    0x53,0xE6,0x53,0xE6,0x53,0xE6,0x53,0xE6,0x53,0xE6,0x53,0xE6,0x53,0xE6,0x53,0xE6,
    0x53,0xE6,0x53,0xE6,0x53,0xE6,0x53,0xE6,0x53,0xE6,0x53,0xE6,0x53,0xE6,0x53,0xE6,
    0x53,0xE6,0x53,0xE6,0x53,0xE6,0x53,0xE6,0x53,0xE6,0x53,0xE6,0x53,0xE6,0x53,0xE6,
    0x53,0xE6,0x53,0xE6,0x53,0xE6,0x53,0xE6,0x53,0xE6,0x53,0xE6,0x53,0xE6,0x53,0xE6,
    0x53,0xE6,0x53,0xE6,0x53,0xE6,0x53,0xE6,0x53,0xE6,0x53,0xE6,0x53,0xE6,0x53,0xE6,
    0x53,0xE6,0x53,0xE6,0x53,0xE6,0x53,0xE6,0x53,0xE6,0x53,0xE6,0x53,0xE6,0x53,0xE6,
    0x53,0xE6,0x53,0xE6,0x53,0xE6,0x53,0xE6,0x53,0xE6,0x53,0xE6,0x53,0xE6,0x53,0xE6,
    0x53,0xE6,0x53,0xE6,0x53,0xE6,0x53,0xE6,0x53,0xE6,0x53,0xE6,0x53,0xE6,0x53,0xE6,
    0x53,0xE6,0x53,0xE6,0x53,0xE6,0x53,0xE6,0x53,0xE6,0x53,0xE6,0x53,0xE6,0x53,0xE6,
    0x53,0xE6,0x53,0xE6,0x53,0xE6,0x53,0xE6,0x53,0xE6,0x53,0xE6,0x53,0xE6,0x53,0xE6,
    0x53,0xE6,0x53,0xE6,0x53,0xE6,0x53,0xE6,0x53,0xE6,0x53,0xE6,0x53,0xE6,0x52,0xE6,
    0x73,0xEE,0xD4,0xFE,0xB4,0xF6,0x73,0xEE,0x53,0xE6,0x32,0xE6,0x32,0xE6,0x53,0xE6,
    0x53,0xE6,0x53,0xE6,0x53,0xE6,0x53,0xE6,0x53,0xE6,0x53,0xE6,0x53,0xE6,0x32,0xE6,
    0x32,0xE6,0xCE,0xB4,0x53,0xE6,0x53,0xE6,0x53,0xE6,0x53,0xE6,0x53,0xE6,0x53,0xE6,
    0x53,0xE6,0x53,0xE6,0x53,0xE6,0x52,0xE6,0x32,0xE6,0x32,0xE6,0x32,0xE6,0x53,0xE6,
    0x53,0xE6,0x53,0xE6,0x53,0xE6,0x53,0xE6,0x53,0xE6,0x53,0xE6,0x53,0xE6,0x53,0xE6,
    0x53,0xE6,0x53,0xE6,0x53,0xE6,0x53,0xE6,0x53,0xE6,0x53,0xE6,0x53,0xE6,0x53,0xE6,
    0x53,0xE6,0x53,0xE6,0x53,0xE6,0x53,0xE6,0x53,0xE6,0x53,0xE6,0x53,0xE6,0x53,0xE6,
    0x53,0xE6,0x53,0xE6,0x53,0xE6,0x53,0xE6,0x53,0xE6,0x53,0xE6,0x53,0xE6,0x53,0xE6,
    0x53,0xE6,0x53,0xE6,0x53,0xE6,0x53,0xE6,0x53,0xE6,0x53,0xE6,0x53,0xE6,0x53,0xE6,
    0x53,0xE6,0x53,0xE6,0x53,0xE6,0x53,0xE6,0x53,0xE6,0x53,0xE6,0x53,0xE6,0x53,0xE6,
    0x53,0xE6,0x53,0xE6,0x53,0xE6,0x53,0xE6,0x53,0xE6,0x53,0xE6,0x53,0xE6,0x53,0xE6,
    0x53,0xE6,0x53,0xE6,0x53,0xE6,0x53,0xE6,0x53,0xE6,0x53,0xE6,0x53,0xE6,0x53,0xE6,
    0x53,0xE6,0x53,0xE6,0x53,0xE6,0x53,0xE6,0x53,0xE6,0x53,0xE6,0x53,0xE6,0x53,0xE6,
    0x53,0xE6,0x53,0xE6,0x53,0xE6,0x53,0xE6,0x53,0xE6,0x53,0xE6,0x53,0xE6,0x53,0xE6,
    0x53,0xE6,0x53,0xE6,0x53,0xE6,0x53,0xE6,0x53,0xE6,0x53,0xE6,0x53,0xE6,0x53,0xE6,
    0x53,0xE6,0x53,0xE6,0x53,0xE6,0x53,0xE6,0x53,0xE6,0x53,0xE6,0x53,0xE6,0x53,0xE6,
    0x53,0xE6,0x53,0xE6,0x53,0xE6,0x53,0xE6,0x53,0xE6,0x53,0xE6,0x53,0xE6,0x53,0xE6,
    0x53,0xE6,0x53,0xE6,0x53,0xE6,0x53,0xE6,0x53,0xE6,0x53,0xE6,0x53,0xE6,0x53,0xE6,
    0x53,0xE6,0x53,0xE6,0x53,0xE6,0x53,0xE6,0x53,0xE6,0x53,0xE6,0x53,0xE6,0x53,0xE6,
    0x53,0xE6,0x53,0xE6,0x53,0xE6,0x53,0xE6,0x53,0xE6,0x53,0xE6,0x53,0xE6,0x53,0xE6,
    0x53,0xE6,0x53,0xE6,0x53,0xE6,0x53,0xE6,0x53,0xE6,0x53,0xE6,0x53,0xE6,0x53,0xE6,
    0x53,0xE6,0x53,0xE6,0x53,0xE6,0x53,0xE6,0x53,0xE6,0x53,0xE6,0x53,0xE6,0x53,0xE6,
    0x53,0xE6,0x53,0xE6,0x53,0xE6,0x53,0xE6,0x53,0xE6,0x53,0xE6,0x53,0xE6,0x53,0xE6,
    0x53,0xE6,0x53,0xE6,0x53,0xE6,0x53,0xE6,0x53,0xE6,0x53,0xE6,0x53,0xE6,0x53,0xE6,
    0x53,0xE6,0x53,0xE6,0x53,0xE6,0x53,0xE6,0x53,0xE6,0x53,0xE6,0x53,0xE6,0x53,0xE6,
    0x53,0xE6,0x53,0xE6,0x53,0xE6,0x53,0xE6,0x53,0xE6,0x53,0xE6,0x53,0xE6,0x53,0xE6,
    0x53,0xE6,0x53,0xE6,0x53,0xE6,0x53,0xE6,0x53,0xE6,0x53,0xE6,0x53,0xE6,0x53,0xE6,
    0x53,0xE6,0x53,0xE6,0x53,0xE6,0x53,0xE6,0x53,0xE6,0x53,0xE6,0x53,0xE6,0x53,0xE6,
    0x53,0xE6,0x53,0xE6,0x53,0xE6,0x53,0xE6,0x53,0xE6,0x53,0xE6,0x53,0xE6,0x53,0xE6,
    0x53,0xE6,0x53,0xE6,0x53,0xE6,0x53,0xE6,0x53,0xE6,0x53,0xE6,0x53,0xE6,0x53,0xE6,
    0x52,0xE6,0x32,0xE6,0x32,0xE6,0x52,0xE6,0x53,0xE6,0x53,0xE6,0x53,0xE6,0x53,0xE6,
    0x53,0xE6,0x53,0xE6,0x53,0xE6,0x53,0xE6,0x53,0xE6,0x32,0xE6,0x53,0xE6,0x32,0xE6,
    0xF1,0xDD,0xEE,0xB4,0x73,0xEE,0x52,0xE6,0x53,0xE6,0x53,0xE6,0x53,0xE6,0x53,0xE6,
    0x53,0xE6,0x53,0xE6,0x53,0xE6,0x53,0xE6,0x53,0xE6,0x53,0xE6,0x53,0xE6,0x53,0xE6,
    0x53,0xE6,0x53,0xE6,0x53,0xE6,0x53,0xE6,0x53,0xE6,0x53,0xE6,0x53,0xE6,0x53,0xE6,
    0x53,0xE6,0x53,0xE6,0x53,0xE6,0x53,0xE6,0x53,0xE6,0x53,0xE6,0x53,0xE6,0x53,0xE6,
    0x53,0xE6,0x53,0xE6,0x53,0xE6,0x53,0xE6,0x53,0xE6,0x53,0xE6,0x53,0xE6,0x53,0xE6,
    0x53,0xE6,0x53,0xE6,0x53,0xE6,0x53,0xE6,0x53,0xE6,0x53,0xE6,0x53,0xE6,0x53,0xE6,
    0x53,0xE6,0x53,0xE6,0x53,0xE6,0x53,0xE6,0x53,0xE6,0x53,0xE6,0x53,0xE6,0x53,0xE6,
    0x53,0xE6,0x53,0xE6,0x53,0xE6,0x53,0xE6,0x53,0xE6,0x53,0xE6,0x53,0xE6,0x53,0xE6,
    0x53,0xE6,0x53,0xE6,0x53,0xE6,0x53,0xE6,0x53,0xE6,0x53,0xE6,0x53,0xE6,0x53,0xE6,
    0x53,0xE6,0x53,0xE6,0x53,0xE6,0x53,0xE6,0x53,0xE6,0x53,0xE6,0x53,0xE6,0x53,0xE6,
    0x53,0xE6,0x53,0xE6,0x53,0xE6,0x53,0xE6,0x53,0xE6,0x53,0xE6,0x53,0xE6,0x53,0xE6,
    0x53,0xE6,0x53,0xE6,0x53,0xE6,0x53,0xE6,0x53,0xE6,0x53,0xE6,0x53,0xE6,0x53,0xE6,
    0x53,0xE6,0x53,0xE6,0x53,0xE6,0x53,0xE6,0x53,0xE6,0x53,0xE6,0x53,0xE6,0x53,0xE6,
    0x53,0xE6,0x53,0xE6,0x53,0xE6,0x53,0xE6,0x53,0xE6,0x53,0xE6,0x53,0xE6,0x53,0xE6,
    0x53,0xE6,0x53,0xE6,0x53,0xE6,0x53,0xE6,0x53,0xE6,0x53,0xE6,0x53,0xE6,0x53,0xE6,
    0x53,0xE6,0x53,0xE6,0x53,0xE6,0x53,0xE6,0x53,0xE6,0x53,0xE6,0x53,0xE6,0x53,0xE6,
    0x53,0xE6,0x53,0xE6,0x53,0xE6,0x53,0xE6,0x53,0xE6,0x53,0xE6,0x53,0xE6,0x53,0xE6,
    0x53,0xE6,0x53,0xE6,0x53,0xE6,0x53,0xE6,0x53,0xE6,0x53,0xE6,0x53,0xE6,0x53,0xE6,
    0x53,0xE6,0x53,0xE6,0x53,0xE6,0x53,0xE6,0x53,0xE6,0x53,0xE6,0x53,0xE6,0x53,0xE6,
    0x53,0xE6,0x53,0xE6,0x53,0xE6,0x53,0xE6,0x53,0xE6,0x53,0xE6,0x53,0xE6,0x53,0xE6,
    0x53,0xE6,0x53,0xE6,0x53,0xE6,0x53,0xE6,0x53,0xE6,0x53,0xE6,0x53,0xE6,0x53,0xE6,
    0x53,0xE6,0x53,0xE6,0x53,0xE6,0x53,0xE6,0x53,0xE6,0x53,0xE6,0x53,0xE6,0x53,0xE6,
    0x53,0xE6,0x53,0xE6,0x53,0xE6,0x53,0xE6,0x53,0xE6,0x53,0xE6,0x53,0xE6,0x53,0xE6,
    0x53,0xE6,0x53,0xE6,0x53,0xE6,0x53,0xE6,0x53,0xE6,0x53,0xE6,0x53,0xE6,0x53,0xE6,
    0x53,0xE6,0x53,0xE6,0x53,0xE6,0x53,0xE6,0x53,0xE6,0x53,0xE6,0x53,0xE6,0x53,0xE6,
    0x53,0xE6,0x53,0xE6,0x53,0xE6,0x53,0xE6,0x53,0xE6,0x53,0xE6,0x53,0xE6,0x53,0xE6,
    0x53,0xE6,0x53,0xE6,0x53,0xE6,0x53,0xE6,0x53,0xE6,0x53,0xE6,0x53,0xE6,0x53,0xE6,
    0x53,0xE6,0x53,0xE6,0x53,0xE6,0x53,0xE6,0x53,0xE6,0x53,0xE6,0x53,0xE6,0x53,0xE6,
    0x53,0xE6,0x53,0xE6,0x53,0xE6,0x53,0xE6,0x53,0xE6,0x53,0xE6,0x53,0xE6,0x53,0xE6,
    0x53,0xE6,0x53,0xE6,0x53,0xE6,0x53,0xE6,0x53,0xE6,0x52,0xE6,0x53,0xE6,0x53,0xE6,
    0x90,0xCD,0xCE,0xB4,0x93,0xEE,0x32,0xE6,0x53,0xE6,0x53,0xE6,0x53,0xE6,0x53,0xE6,
    0x53,0xE6,0x53,0xE6,0x53,0xE6,0x53,0xE6,0x53,0xE6,0x53,0xE6,0x53,0xE6,0x53,0xE6,
    0x53,0xE6,0x53,0xE6,0x53,0xE6,0x53,0xE6,0x53,0xE6,0x53,0xE6,0x53,0xE6,0x53,0xE6,
    0x53,0xE6,0x53,0xE6,0x53,0xE6,0x53,0xE6,0x53,0xE6,0x53,0xE6,0x53,0xE6,0x53,0xE6,
    0x53,0xE6,0x53,0xE6,0x53,0xE6,0x53,0xE6,0x53,0xE6,0x53,0xE6,0x53,0xE6,0x53,0xE6,
    0x53,0xE6,0x53,0xE6,0x53,0xE6,0x53,0xE6,0x53,0xE6,0x53,0xE6,0x53,0xE6,0x53,0xE6,
    0x53,0xE6,0x53,0xE6,0x53,0xE6,0x53,0xE6,0x53,0xE6,0x53,0xE6,0x53,0xE6,0x53,0xE6,
    0x53,0xE6,0x53,0xE6,0x53,0xE6,0x53,0xE6,0x53,0xE6,0x53,0xE6,0x53,0xE6,0x53,0xE6,
    0x53,0xE6,0x53,0xE6,0x53,0xE6,0x53,0xE6,0x53,0xE6,0x53,0xE6,0x53,0xE6,0x53,0xE6,
    0x53,0xE6,0x53,0xE6,0x53,0xE6,0x53,0xE6,0x53,0xE6,0x53,0xE6,0x53,0xE6,0x53,0xE6,
    0x53,0xE6,0x53,0xE6,0x53,0xE6,0x53,0xE6,0x53,0xE6,0x53,0xE6,0x53,0xE6,0x53,0xE6,
    0x53,0xE6,0x53,0xE6,0x53,0xE6,0x53,0xE6,0x53,0xE6,0x53,0xE6,0x53,0xE6,0x53,0xE6,
    0x53,0xE6,0x53,0xE6,0x53,0xE6,0x53,0xE6,0x53,0xE6,0x53,0xE6,0x53,0xE6,0x53,0xE6,
    0x53,0xE6,0x53,0xE6,0x53,0xE6,0x53,0xE6,0x53,0xE6,0x53,0xE6,0x53,0xE6,0x53,0xE6,
    0x53,0xE6,0x53,0xE6,0x53,0xE6,0x53,0xE6,0x53,0xE6,0x53,0xE6,0x53,0xE6,0x53,0xE6,
    0x53,0xE6,0x53,0xE6,0x53,0xE6,0x53,0xE6,0x53,0xE6,0x53,0xE6,0x53,0xE6,0x53,0xE6,
    0x53,0xE6,0x53,0xE6,0x53,0xE6,0x53,0xE6,0x53,0xE6,0x53,0xE6,0x53,0xE6,0x53,0xE6,
    0x53,0xE6,0x53,0xE6,0x53,0xE6,0x53,0xE6,0x53,0xE6,0x53,0xE6,0x53,0xE6,0x53,0xE6,
    0x53,0xE6,0x53,0xE6,0x53,0xE6,0x53,0xE6,0x53,0xE6,0x53,0xE6,0x53,0xE6,0x53,0xE6,
    0x53,0xE6,0x53,0xE6,0x53,0xE6,0x53,0xE6,0x53,0xE6,0x53,0xE6,0x53,0xE6,0x53,0xE6,
    0x53,0xE6,0x53,0xE6,0x53,0xE6,0x53,0xE6,0x53,0xE6,0x53,0xE6,0x53,0xE6,0x53,0xE6,
    0x53,0xE6,0x53,0xE6,0x53,0xE6,0x53,0xE6,0x53,0xE6,0x53,0xE6,0x53,0xE6,0x53,0xE6,
    0x53,0xE6,0x53,0xE6,0x53,0xE6,0x53,0xE6,0x53,0xE6,0x53,0xE6,0x53,0xE6,0x53,0xE6,
    0x53,0xE6,0x53,0xE6,0x53,0xE6,0x53,0xE6,0x53,0xE6,0x53,0xE6,0x53,0xE6,0x53,0xE6,
    0x53,0xE6,0x53,0xE6,0x53,0xE6,0x53,0xE6,0x53,0xE6,0x53,0xE6,0x53,0xE6,0x53,0xE6,
    0x53,0xE6,0x53,0xE6,0x53,0xE6,0x53,0xE6,0x53,0xE6,0x53,0xE6,0x53,0xE6,0x53,0xE6,
    0x53,0xE6,0x53,0xE6,0x53,0xE6,0x53,0xE6,0x53,0xE6,0x53,0xE6,0x53,0xE6,0x53,0xE6,
    0x53,0xE6,0x53,0xE6,0x53,0xE6,0x53,0xE6,0x53,0xE6,0x53,0xE6,0x53,0xE6,0x53,0xE6,
    0x53,0xE6,0x53,0xE6,0x53,0xE6,0x53,0xE6,0x53,0xE6,0x53,0xE6,0x53,0xE6,0x53,0xE6,
    0x53,0xE6,0x53,0xE6,0x53,0xE6,0x53,0xE6,0x53,0xE6,0x52,0xE6,0x52,0xE6,0x53,0xE6,
    0x2F,0xBD,0x2F,0xBD,0x93,0xEE,0x52,0xE6,0x53,0xE6,0x53,0xE6,0x53,0xE6,0x53,0xE6,
    0x53,0xE6,0x53,0xE6,0x53,0xE6,0x53,0xE6,0x53,0xE6,0x53,0xE6,0x53,0xE6,0x53,0xE6,
    0x53,0xE6,0x53,0xE6,0x53,0xE6,0x53,0xE6,0x53,0xE6,0x53,0xE6,0x53,0xE6,0x53,0xE6,
    0x53,0xE6,0x53,0xE6,0x53,0xE6,0x53,0xE6,0x53,0xE6,0x32,0xE6,0x32,0xE6,0x32,0xE6,
    0x32,0xE6,0x52,0xE6,0x53,0xE6,0x53,0xE6,0x53,0xE6,0x53,0xE6,0x53,0xE6,0x53,0xE6,
    0x53,0xE6,0x53,0xE6,0x53,0xE6,0x53,0xE6,0x53,0xE6,0x53,0xE6,0x53,0xE6,0x53,0xE6,
    0x53,0xE6,0x53,0xE6,0x53,0xE6,0x53,0xE6,0x53,0xE6,0x53,0xE6,0x53,0xE6,0x53,0xE6,
    0x53,0xE6,0x53,0xE6,0x53,0xE6,0x53,0xE6,0x53,0xE6,0x53,0xE6,0x53,0xE6,0x53,0xE6,
    0x53,0xE6,0x53,0xE6,0x53,0xE6,0x53,0xE6,0x53,0xE6,0x53,0xE6,0x53,0xE6,0x53,0xE6,
    0x53,0xE6,0x53,0xE6,0x53,0xE6,0x53,0xE6,0x53,0xE6,0x53,0xE6,0x53,0xE6,0x53,0xE6,
    0x53,0xE6,0x53,0xE6,0x53,0xE6,0x53,0xE6,0x53,0xE6,0x53,0xE6,0x53,0xE6,0x53,0xE6,
    0x53,0xE6,0x53,0xE6,0x53,0xE6,0x53,0xE6,0x53,0xE6,0x53,0xE6,0x53,0xE6,0x53,0xE6,
    0x53,0xE6,0x53,0xE6,0x53,0xE6,0x53,0xE6,0x53,0xE6,0x53,0xE6,0x53,0xE6,0x53,0xE6,
    0x53,0xE6,0x53,0xE6,0x53,0xE6,0x53,0xE6,0x53,0xE6,0x53,0xE6,0x53,0xE6,0x53,0xE6,
    0x53,0xE6,0x53,0xE6,0x53,0xE6,0x53,0xE6,0x53,0xE6,0x53,0xE6,0x53,0xE6,0x53,0xE6,
    0x53,0xE6,0x53,0xE6,0x53,0xE6,0x53,0xE6,0x53,0xE6,0x53,0xE6,0x53,0xE6,0x53,0xE6,
    0x53,0xE6,0x53,0xE6,0x53,0xE6,0x53,0xE6,0x53,0xE6,0x53,0xE6,0x53,0xE6,0x53,0xE6,
    0x53,0xE6,0x53,0xE6,0x53,0xE6,0x53,0xE6,0x53,0xE6,0x53,0xE6,0x53,0xE6,0x53,0xE6,
    0x53,0xE6,0x53,0xE6,0x53,0xE6,0x53,0xE6,0x53,0xE6,0x53,0xE6,0x53,0xE6,0x53,0xE6,
    0x53,0xE6,0x53,0xE6,0x53,0xE6,0x53,0xE6,0x53,0xE6,0x53,0xE6,0x53,0xE6,0x53,0xE6,
    0x53,0xE6,0x53,0xE6,0x53,0xE6,0x53,0xE6,0x53,0xE6,0x53,0xE6,0x53,0xE6,0x53,0xE6,
    0x53,0xE6,0x53,0xE6,0x53,0xE6,0x53,0xE6,0x53,0xE6,0x53,0xE6,0x53,0xE6,0x53,0xE6,
    0x53,0xE6,0x53,0xE6,0x53,0xE6,0x53,0xE6,0x53,0xE6,0x53,0xE6,0x53,0xE6,0x53,0xE6,
    0x53,0xE6,0x53,0xE6,0x53,0xE6,0x53,0xE6,0x53,0xE6,0x53,0xE6,0x53,0xE6,0x53,0xE6,
    0x53,0xE6,0x53,0xE6,0x53,0xE6,0x53,0xE6,0x53,0xE6,0x53,0xE6,0x53,0xE6,0x53,0xE6,
    0x53,0xE6,0x53,0xE6,0x53,0xE6,0x53,0xE6,0x53,0xE6,0x53,0xE6,0x53,0xE6,0x32,0xE6,
    0x32,0xE6,0x32,0xE6,0x32,0xE6,0x32,0xE6,0x53,0xE6,0x53,0xE6,0x53,0xE6,0x53,0xE6,
    0x53,0xE6,0x53,0xE6,0x53,0xE6,0x53,0xE6,0x53,0xE6,0x53,0xE6,0x53,0xE6,0x53,0xE6,
    0x53,0xE6,0x53,0xE6,0x53,0xE6,0x53,0xE6,0x53,0xE6,0x53,0xE6,0x53,0xE6,0x53,0xE6,
    0x53,0xE6,0x53,0xE6,0x53,0xE6,0x53,0xE6,0x53,0xE6,0x52,0xE6,0x32,0xE6,0x53,0xE6,
    0xAE,0xAC,0x2F,0xBD,0x93,0xEE,0x52,0xE6,0x53,0xE6,0x53,0xE6,0x53,0xE6,0x53,0xE6,
    0x53,0xE6,0x53,0xE6,0x53,0xE6,0x53,0xE6,0x53,0xE6,0x53,0xE6,0x53,0xE6,0x53,0xE6,
    0x53,0xE6,0x53,0xE6,0x53,0xE6,0x53,0xE6,0x53,0xE6,0x53,0xE6,0x53,0xE6,0x53,0xE6,
    0x53,0xE6,0x53,0xE6,0x53,0xE6,0x32,0xE6,0x53,0xE6,0xB4,0xF6,0xD4,0xF6,0xD4,0xFE,
    0xB4,0xF6,0x73,0xEE,0x32,0xE6,0x53,0xE6,0x53,0xE6,0x53,0xE6,0x53,0xE6,0x53,0xE6,
    0x53,0xE6,0x53,0xE6,0x53,0xE6,0x53,0xE6,0x53,0xE6,0x53,0xE6,0x53,0xE6,0x53,0xE6,
    0x53,0xE6,0x53,0xE6,0x53,0xE6,0x53,0xE6,0x53,0xE6,0x53,0xE6,0x53,0xE6,0x53,0xE6,
    0x53,0xE6,0x53,0xE6,0x53,0xE6,0x53,0xE6,0x53,0xE6,0x53,0xE6,0x53,0xE6,0x53,0xE6,
    0x53,0xE6,0x53,0xE6,0x53,0xE6,0x53,0xE6,0x53,0xE6,0x53,0xE6,0x53,0xE6,0x53,0xE6,
    0x53,0xE6,0x53,0xE6,0x53,0xE6,0x53,0xE6,0x53,0xE6,0x53,0xE6,0x53,0xE6,0x53,0xE6,
    0x53,0xE6,0x53,0xE6,0x53,0xE6,0x53,0xE6,0x53,0xE6,0x53,0xE6,0x53,0xE6,0x53,0xE6,
    0x53,0xE6,0x53,0xE6,0x53,0xE6,0x53,0xE6,0x53,0xE6,0x53,0xE6,0x53,0xE6,0x53,0xE6,
    0x53,0xE6,0x53,0xE6,0x53,0xE6,0x53,0xE6,0x53,0xE6,0x53,0xE6,0x53,0xE6,0x53,0xE6,
    0x53,0xE6,0x53,0xE6,0x53,0xE6,0x53,0xE6,0x53,0xE6,0x53,0xE6,0x53,0xE6,0x53,0xE6,
    0x53,0xE6,0x53,0xE6,0x53,0xE6,0x53,0xE6,0x53,0xE6,0x53,0xE6,0x53,0xE6,0x52,0xE6,
    0x53,0xE6,0x53,0xE6,0x53,0xE6,0x53,0xE6,0x53,0xE6,0x53,0xE6,0x53,0xE6,0x53,0xE6,
    0x53,0xE6,0x53,0xE6,0x53,0xE6,0x53,0xE6,0x53,0xE6,0x53,0xE6,0x53,0xE6,0x53,0xE6,
    0x53,0xE6,0x53,0xE6,0x53,0xE6,0x53,0xE6,0x53,0xE6,0x53,0xE6,0x53,0xE6,0x53,0xE6,
    0x53,0xE6,0x53,0xE6,0x53,0xE6,0x53,0xE6,0x53,0xE6,0x53,0xE6,0x53,0xE6,0x53,0xE6,
    0x53,0xE6,0x53,0xE6,0x53,0xE6,0x53,0xE6,0x53,0xE6,0x53,0xE6,0x53,0xE6,0x53,0xE6,
    0x53,0xE6,0x53,0xE6,0x53,0xE6,0x53,0xE6,0x53,0xE6,0x53,0xE6,0x53,0xE6,0x53,0xE6,
    0x53,0xE6,0x53,0xE6,0x53,0xE6,0x53,0xE6,0x53,0xE6,0x53,0xE6,0x53,0xE6,0x53,0xE6,
    0x53,0xE6,0x53,0xE6,0x53,0xE6,0x53,0xE6,0x53,0xE6,0x53,0xE6,0x53,0xE6,0x53,0xE6,
    0x53,0xE6,0x53,0xE6,0x53,0xE6,0x53,0xE6,0x53,0xE6,0x53,0xE6,0x53,0xE6,0x53,0xE6,
    0x53,0xE6,0x53,0xE6,0x53,0xE6,0x53,0xE6,0x53,0xE6,0x53,0xE6,0x53,0xE6,0x53,0xE6,
    0x53,0xE6,0x53,0xE6,0x53,0xE6,0x53,0xE6,0x53,0xE6,0x52,0xE6,0x32,0xE6,0x93,0xEE,
    0xB4,0xF6,0xB4,0xF6,0xB4,0xF6,0x93,0xEE,0x52,0xE6,0x32,0xE6,0x53,0xE6,0x53,0xE6,
    0x53,0xE6,0x53,0xE6,0x53,0xE6,0x53,0xE6,0x53,0xE6,0x53,0xE6,0x53,0xE6,0x53,0xE6,
    0x53,0xE6,0x53,0xE6,0x53,0xE6,0x53,0xE6,0x53,0xE6,0x53,0xE6,0x53,0xE6,0x53,0xE6,
    0x53,0xE6,0x53,0xE6,0x53,0xE6,0x53,0xE6,0x53,0xE6,0x52,0xE6,0x32,0xE6,0x53,0xE6,
    0x8D,0xA4,0x90,0xCD,0x73,0xEE,0x52,0xE6,0x53,0xE6,0x53,0xE6,0x53,0xE6,0x53,0xE6,
    0x53,0xE6,0x53,0xE6,0x53,0xE6,0x53,0xE6,0x53,0xE6,0x53,0xE6,0x53,0xE6,0x53,0xE6,
    0x53,0xE6,0x53,0xE6,0x53,0xE6,0x53,0xE6,0x53,0xE6,0x53,0xE6,0x53,0xE6,0x53,0xE6,
    0x53,0xE6,0x53,0xE6,0x32,0xE6,0x94,0xF6,0x32,0xE6,0xAE,0xAC,0x29,0x73,0xC8,0x6A,
    0x6D,0xA4,0xD1,0xD5,0xB4,0xF6,0x32,0xE6,0x53,0xE6,0x53,0xE6,0x53,0xE6,0x53,0xE6,
    0x53,0xE6,0x53,0xE6,0x53,0xE6,0x53,0xE6,0x53,0xE6,0x53,0xE6,0x53,0xE6,0x53,0xE6,
    0x53,0xE6,0x53,0xE6,0x53,0xE6,0x53,0xE6,0x53,0xE6,0x53,0xE6,0x53,0xE6,0x53,0xE6,
    0x53,0xE6,0x53,0xE6,0x53,0xE6,0x53,0xE6,0x53,0xE6,0x53,0xE6,0x53,0xE6,0x53,0xE6,
    0x53,0xE6,0x53,0xE6,0x53,0xE6,0x53,0xE6,0x53,0xE6,0x53,0xE6,0x53,0xE6,0x53,0xE6,
    0x53,0xE6,0x53,0xE6,0x53,0xE6,0x53,0xE6,0x53,0xE6,0x53,0xE6,0x53,0xE6,0x53,0xE6,
    0x53,0xE6,0x53,0xE6,0x53,0xE6,0x53,0xE6,0x53,0xE6,0x53,0xE6,0x53,0xE6,0x53,0xE6,
    0x53,0xE6,0x53,0xE6,0x53,0xE6,0x53,0xE6,0x53,0xE6,0x53,0xE6,0x53,0xE6,0x53,0xE6,
    0x53,0xE6,0x53,0xE6,0x53,0xE6,0x53,0xE6,0x53,0xE6,0x53,0xE6,0x53,0xE6,0x53,0xE6,
    0x53,0xE6,0x53,0xE6,0x53,0xE6,0x53,0xE6,0x53,0xE6,0x53,0xE6,0x53,0xE6,0x53,0xE6,
    0x53,0xE6,0x53,0xE6,0x53,0xE6,0x53,0xE6,0x53,0xE6,0x53,0xE6,0x53,0xE6,0x53,0xE6,
    0x53,0xE6,0x53,0xE6,0x53,0xE6,0x53,0xE6,0x53,0xE6,0x53,0xE6,0x53,0xE6,0x53,0xE6,
    0x53,0xE6,0x53,0xE6,0x53,0xE6,0x53,0xE6,0x53,0xE6,0x53,0xE6,0x53,0xE6,0x53,0xE6,
    0x53,0xE6,0x53,0xE6,0x53,0xE6,0x53,0xE6,0x53,0xE6,0x53,0xE6,0x53,0xE6,0x53,0xE6,
    0x53,0xE6,0x53,0xE6,0x53,0xE6,0x53,0xE6,0x53,0xE6,0x53,0xE6,0x53,0xE6,0x53,0xE6,
    0x53,0xE6,0x53,0xE6,0x53,0xE6,0x53,0xE6,0x53,0xE6,0x53,0xE6,0x53,0xE6,0x53,0xE6,
    0x53,0xE6,0x53,0xE6,0x53,0xE6,0x53,0xE6,0x53,0xE6,0x53,0xE6,0x53,0xE6,0x53,0xE6,
    0x53,0xE6,0x53,0xE6,0x53,0xE6,0x53,0xE6,0x53,0xE6,0x53,0xE6,0x53,0xE6,0x53,0xE6,
    0x53,0xE6,0x53,0xE6,0x53,0xE6,0x53,0xE6,0x53,0xE6,0x53,0xE6,0x53,0xE6,0x53,0xE6,
    0x53,0xE6,0x53,0xE6,0x53,0xE6,0x53,0xE6,0x53,0xE6,0x53,0xE6,0x53,0xE6,0x53,0xE6,
    0x53,0xE6,0x53,0xE6,0x53,0xE6,0x53,0xE6,0x53,0xE6,0x53,0xE6,0x53,0xE6,0x53,0xE6,
    0x53,0xE6,0x53,0xE6,0x53,0xE6,0x53,0xE6,0x32,0xE6,0x73,0xEE,0x93,0xF6,0x50,0xC5,
    0x4D,0x9C,0x2C,0x9C,0x4D,0x9C,0x50,0xC5,0x93,0xEE,0x93,0xEE,0x32,0xE6,0x53,0xE6,
    0x53,0xE6,0x53,0xE6,0x53,0xE6,0x53,0xE6,0x53,0xE6,0x53,0xE6,0x53,0xE6,0x53,0xE6,
    0x53,0xE6,0x53,0xE6,0x53,0xE6,0x53,0xE6,0x53,0xE6,0x53,0xE6,0x53,0xE6,0x53,0xE6,
    0x53,0xE6,0x53,0xE6,0x53,0xE6,0x53,0xE6,0x53,0xE6,0x53,0xE6,0x32,0xE6,0x53,0xE6,
    0x4D,0x9C,0xD1,0xD5,0x73,0xEE,0x53,0xE6,0x53,0xE6,0x53,0xE6,0x53,0xE6,0x53,0xE6,
    0x53,0xE6,0x53,0xE6,0x53,0xE6,0x53,0xE6,0x53,0xE6,0x53,0xE6,0x53,0xE6,0x53,0xE6,
    0x53,0xE6,0x53,0xE6,0x53,0xE6,0x53,0xE6,0x53,0xE6,0x53,0xE6,0x53,0xE6,0x53,0xE6,
    0x53,0xE6,0x32,0xE6,0xB4,0xF6,0xAE,0xAC,0x03,0x29,0x00,0x00,0x00,0x00,0x61,0x08,
    0x00,0x00,0xA2,0x18,0xEC,0x93,0xB4,0xF6,0x32,0xE6,0x53,0xE6,0x53,0xE6,0x53,0xE6,
    0x53,0xE6,0x53,0xE6,0x53,0xE6,0x53,0xE6,0x53,0xE6,0x53,0xE6,0x53,0xE6,0x53,0xE6,
    0x53,0xE6,0x53,0xE6,0x53,0xE6,0x53,0xE6,0x53,0xE6,0x53,0xE6,0x53,0xE6,0x53,0xE6,
    0x53,0xE6,0x53,0xE6,0x53,0xE6,0x53,0xE6,0x53,0xE6,0x53,0xE6,0x53,0xE6,0x53,0xE6,
    0x53,0xE6,0x53,0xE6,0x53,0xE6,0x53,0xE6,0x53,0xE6,0x53,0xE6,0x53,0xE6,0x53,0xE6,
    0x53,0xE6,0x53,0xE6,0x53,0xE6,0x53,0xE6,0x53,0xE6,0x53,0xE6,0x53,0xE6,0x53,0xE6,
    0x53,0xE6,0x53,0xE6,0x53,0xE6,0x53,0xE6,0x53,0xE6,0x53,0xE6,0x53,0xE6,0x53,0xE6,
    0x53,0xE6,0x53,0xE6,0x53,0xE6,0x53,0xE6,0x53,0xE6,0x53,0xE6,0x53,0xE6,0x53,0xE6,
    0x53,0xE6,0x53,0xE6,0x53,0xE6,0x53,0xE6,0x53,0xE6,0x53,0xE6,0x53,0xE6,0x53,0xE6,
    0x53,0xE6,0x53,0xE6,0x53,0xE6,0x53,0xE6,0x53,0xE6,0x53,0xE6,0x53,0xE6,0x53,0xE6,
    0x53,0xE6,0x53,0xE6,0x53,0xE6,0x53,0xE6,0x53,0xE6,0x53,0xE6,0x53,0xE6,0x53,0xE6,
    0x53,0xE6,0x53,0xE6,0x53,0xE6,0x53,0xE6,0x53,0xE6,0x53,0xE6,0x53,0xE6,0x52,0xE6,
    0x52,0xE6,0x53,0xE6,0x53,0xE6,0x53,0xE6,0x53,0xE6,0x53,0xE6,0x53,0xE6,0x53,0xE6,
    0x53,0xE6,0x53,0xE6,0x53,0xE6,0x53,0xE6,0x53,0xE6,0x53,0xE6,0x53,0xE6,0x53,0xE6,
    0x53,0xE6,0x53,0xE6,0x53,0xE6,0x53,0xE6,0x53,0xE6,0x53,0xE6,0x53,0xE6,0x53,0xE6,
    0x53,0xE6,0x53,0xE6,0x53,0xE6,0x53,0xE6,0x53,0xE6,0x53,0xE6,0x53,0xE6,0x53,0xE6,
    0x53,0xE6,0x53,0xE6,0x53,0xE6,0x53,0xE6,0x53,0xE6,0x53,0xE6,0x53,0xE6,0x53,0xE6,
    0x53,0xE6,0x53,0xE6,0x53,0xE6,0x53,0xE6,0x53,0xE6,0x53,0xE6,0x53,0xE6,0x53,0xE6,
    0x53,0xE6,0x53,0xE6,0x53,0xE6,0x53,0xE6,0x53,0xE6,0x53,0xE6,0x53,0xE6,0x53,0xE6,
    0x53,0xE6,0x53,0xE6,0x53,0xE6,0x53,0xE6,0x53,0xE6,0x53,0xE6,0x53,0xE6,0x53,0xE6,
    0x53,0xE6,0x53,0xE6,0x53,0xE6,0x53,0xE6,0x53,0xE6,0x53,0xE6,0x53,0xE6,0x53,0xE6,
    0x53,0xE6,0x53,0xE6,0x53,0xE6,0x32,0xE6,0x93,0xEE,0xD1,0xD5,0x06,0x4A,0x00,0x00,
    0x00,0x00,0x00,0x00,0x00,0x00,0x20,0x00,0xC5,0x41,0x70,0xCD,0x93,0xEE,0x32,0xE6,
    0x53,0xE6,0x53,0xE6,0x53,0xE6,0x53,0xE6,0x53,0xE6,0x53,0xE6,0x53,0xE6,0x53,0xE6,
    0x53,0xE6,0x53,0xE6,0x53,0xE6,0x53,0xE6,0x53,0xE6,0x53,0xE6,0x53,0xE6,0x53,0xE6,
    0x53,0xE6,0x53,0xE6,0x53,0xE6,0x53,0xE6,0x53,0xE6,0x53,0xE6,0x32,0xE6,0x53,0xE6,
    0x6D,0xA4,0xF2,0xDD,0x73,0xEE,0x53,0xE6,0x53,0xE6,0x53,0xE6,0x53,0xE6,0x53,0xE6,
    0x53,0xE6,0x53,0xE6,0x53,0xE6,0x53,0xE6,0x53,0xE6,0x53,0xE6,0x53,0xE6,0x53,0xE6,
    0x53,0xE6,0x53,0xE6,0x53,0xE6,0x53,0xE6,0x53,0xE6,0x53,0xE6,0x53,0xE6,0x53,0xE6,
    0x32,0xE6,0x94,0xF6,0x8D,0xA4,0x20,0x00,0x00,0x00,0x64,0x31,0xD1,0xD5,0x73,0xEE,
    0x09,0x6B,0x00,0x00,0x00,0x00,0xAB,0x83,0xB4,0xF6,0x32,0xE6,0x53,0xE6,0x53,0xE6,
    0x53,0xE6,0x53,0xE6,0x53,0xE6,0x53,0xE6,0x53,0xE6,0x53,0xE6,0x53,0xE6,0x53,0xE6,
    0x53,0xE6,0x53,0xE6,0x53,0xE6,0x53,0xE6,0x53,0xE6,0x53,0xE6,0x53,0xE6,0x53,0xE6,
    0x53,0xE6,0x53,0xE6,0x53,0xE6,0x53,0xE6,0x53,0xE6,0x53,0xE6,0x53,0xE6,0x53,0xE6,
    0x53,0xE6,0x53,0xE6,0x53,0xE6,0x53,0xE6,0x53,0xE6,0x53,0xE6,0x53,0xE6,0x53,0xE6,
    0x53,0xE6,0x53,0xE6,0x53,0xE6,0x53,0xE6,0x53,0xE6,0x53,0xE6,0x53,0xE6,0x53,0xE6,
    0x53,0xE6,0x53,0xE6,0x53,0xE6,0x53,0xE6,0x53,0xE6,0x53,0xE6,0x53,0xE6,0x53,0xE6,
    0x53,0xE6,0x53,0xE6,0x53,0xE6,0x53,0xE6,0x53,0xE6,0x53,0xE6,0x53,0xE6,0x53,0xE6,
    0x53,0xE6,0x53,0xE6,0x53,0xE6,0x53,0xE6,0x53,0xE6,0x53,0xE6,0x53,0xE6,0x53,0xE6,
    0x53,0xE6,0x53,0xE6,0x53,0xE6,0x53,0xE6,0x53,0xE6,0x53,0xE6,0x53,0xE6,0x53,0xE6,
    0x53,0xE6,0x53,0xE6,0x53,0xE6,0x53,0xE6,0x53,0xE6,0x73,0xE6,0x94,0xEE,0xB4,0xF6,
    0xB4,0xEE,0x74,0xEE,0x53,0xE6,0x53,0xE6,0x53,0xE6,0x53,0xE6,0x52,0xE6,0x52,0xE6,
    0x52,0xE6,0x53,0xE6,0x53,0xE6,0x53,0xE6,0x53,0xE6,0x53,0xE6,0x53,0xE6,0x53,0xE6,
    0x53,0xE6,0x53,0xE6,0x53,0xE6,0x53,0xE6,0x53,0xE6,0x53,0xE6,0x53,0xE6,0x53,0xE6,
    0x53,0xE6,0x53,0xE6,0x53,0xE6,0x53,0xE6,0x53,0xE6,0x53,0xE6,0x53,0xE6,0x53,0xE6,
    0x53,0xE6,0x53,0xE6,0x53,0xE6,0x53,0xE6,0x53,0xE6,0x53,0xE6,0x53,0xE6,0x53,0xE6,
    0x53,0xE6,0x53,0xE6,0x53,0xE6,0x53,0xE6,0x53,0xE6,0x53,0xE6,0x53,0xE6,0x53,0xE6,
    0x53,0xE6,0x53,0xE6,0x53,0xE6,0x53,0xE6,0x53,0xE6,0x53,0xE6,0x53,0xE6,0x53,0xE6,
    0x53,0xE6,0x53,0xE6,0x53,0xE6,0x53,0xE6,0x53,0xE6,0x53,0xE6,0x53,0xE6,0x53,0xE6,
    0x53,0xE6,0x53,0xE6,0x53,0xE6,0x53,0xE6,0x53,0xE6,0x53,0xE6,0x53,0xE6,0x53,0xE6,
    0x53,0xE6,0x53,0xE6,0x53,0xE6,0x53,0xE6,0x53,0xE6,0x53,0xE6,0x53,0xE6,0x53,0xE6,
    0x53,0xE6,0x53,0xE6,0x52,0xE6,0x73,0xEE,0xF1,0xDD,0x03,0x29,0x00,0x00,0x26,0x52,
    0x90,0xCD,0xF2,0xDD,0x4A,0x7B,0x00,0x00,0x00,0x00,0x82,0x10,0x91,0xCD,0x73,0xEE,
    0x52,0xE6,0x53,0xE6,0x53,0xE6,0x53,0xE6,0x53,0xE6,0x53,0xE6,0x53,0xE6,0x53,0xE6,
    0x53,0xE6,0x53,0xE6,0x53,0xE6,0x53,0xE6,0x53,0xE6,0x53,0xE6,0x53,0xE6,0x53,0xE6,
    0x53,0xE6,0x53,0xE6,0x53,0xE6,0x53,0xE6,0x53,0xE6,0x53,0xE6,0x32,0xE6,0x53,0xE6,
    0x4D,0x9C,0x32,0xE6,0x53,0xE6,0x53,0xE6,0x53,0xE6,0x53,0xE6,0x53,0xE6,0x53,0xE6,
    0x53,0xE6,0x53,0xE6,0x53,0xE6,0x53,0xE6,0x53,0xE6,0x53,0xE6,0x53,0xE6,0x53,0xE6,
    0x53,0xE6,0x53,0xE6,0x53,0xE6,0x53,0xE6,0x53,0xE6,0x53,0xE6,0x53,0xE6,0x53,0xE6,
    0x53,0xEE,0x12,0xDE,0xA2,0x18,0x00,0x00,0x00,0x00,0xCE,0xB4,0xD4,0xFE,0x73,0xEE,
    0x32,0xE6,0xC2,0x18,0x00,0x00,0x00,0x00,0x50,0xC5,0x93,0xEE,0x32,0xE6,0x53,0xE6,
    0x53,0xE6,0x53,0xE6,0x53,0xE6,0x53,0xE6,0x53,0xE6,0x53,0xE6,0x53,0xE6,0x53,0xE6,
    0x53,0xE6,0x53,0xE6,0x53,0xE6,0x53,0xE6,0x53,0xE6,0x53,0xE6,0x53,0xE6,0x53,0xE6,
    0x53,0xE6,0x53,0xE6,0x53,0xE6,0x53,0xE6,0x53,0xE6,0x53,0xE6,0x53,0xE6,0x53,0xE6,
    0x53,0xE6,0x53,0xE6,0x53,0xE6,0x53,0xE6,0x53,0xE6,0x53,0xE6,0x53,0xE6,0x53,0xE6,
    0x53,0xE6,0x53,0xE6,0x53,0xE6,0x53,0xE6,0x53,0xE6,0x53,0xE6,0x53,0xE6,0x53,0xE6,
    0x53,0xE6,0x53,0xE6,0x53,0xE6,0x53,0xE6,0x53,0xE6,0x53,0xE6,0x53,0xE6,0x53,0xE6,
    0x53,0xE6,0x53,0xE6,0x53,0xE6,0x53,0xE6,0x53,0xE6,0x53,0xE6,0x53,0xE6,0x53,0xE6,
    0x53,0xE6,0x53,0xE6,0x53,0xE6,0x53,0xE6,0x53,0xE6,0x53,0xE6,0x53,0xE6,0x53,0xE6,
    0x53,0xE6,0x53,0xE6,0x53,0xE6,0x53,0xE6,0x53,0xE6,0x53,0xE6,0x53,0xE6,0x53,0xE6,
    0x53,0xE6,0x53,0xEE,0x53,0xE6,0x73,0xEE,0xB4,0xF6,0x52,0xEE,0xB0,0xD5,0x4F,0xC5,
    0x4F,0xCD,0xF1,0xDD,0xB5,0xF6,0xB4,0xF6,0x53,0xE6,0x53,0xE6,0x53,0xE6,0x53,0xE6,
    0x53,0xE6,0x53,0xE6,0x53,0xE6,0x53,0xE6,0x53,0xE6,0x53,0xE6,0x53,0xE6,0x53,0xE6,
    0x53,0xE6,0x53,0xE6,0x53,0xE6,0x53,0xE6,0x53,0xE6,0x53,0xE6,0x53,0xE6,0x53,0xE6,
    0x53,0xE6,0x53,0xE6,0x53,0xE6,0x53,0xE6,0x53,0xE6,0x53,0xE6,0x53,0xE6,0x53,0xE6,
    0x53,0xE6,0x53,0xE6,0x53,0xE6,0x53,0xE6,0x53,0xE6,0x53,0xE6,0x53,0xE6,0x53,0xE6,
    0x53,0xE6,0x53,0xE6,0x53,0xE6,0x53,0xE6,0x53,0xE6,0x53,0xE6,0x53,0xE6,0x53,0xE6,
    0x53,0xE6,0x53,0xE6,0x53,0xE6,0x53,0xE6,0x53,0xE6,0x53,0xE6,0x53,0xE6,0x53,0xE6,
    0x53,0xE6,0x53,0xE6,0x53,0xE6,0x53,0xE6,0x53,0xE6,0x53,0xE6,0x53,0xE6,0x53,0xE6,
    0x53,0xE6,0x53,0xE6,0x53,0xE6,0x53,0xE6,0x53,0xE6,0x53,0xE6,0x53,0xE6,0x53,0xE6,
    0x53,0xE6,0x53,0xE6,0x53,0xE6,0x53,0xE6,0x53,0xE6,0x53,0xE6,0x53,0xE6,0x53,0xE6,
    0x53,0xE6,0x53,0xE6,0x32,0xE6,0xD4,0xF6,0xE9,0x6A,0x00,0x00,0x20,0x08,0x6A,0x7B,
    0xF4,0xFE,0x73,0xEE,0x93,0xEE,0x23,0x29,0x20,0x00,0x00,0x00,0x67,0x52,0xB4,0xF6,
    0x32,0xE6,0x53,0xE6,0x53,0xE6,0x53,0xE6,0x53,0xE6,0x53,0xE6,0x53,0xE6,0x53,0xE6,
    0x53,0xE6,0x53,0xE6,0x53,0xE6,0x53,0xE6,0x53,0xE6,0x53,0xE6,0x53,0xE6,0x53,0xE6,
    0x53,0xE6,0x53,0xE6,0x53,0xE6,0x53,0xE6,0x53,0xE6,0x53,0xE6,0x32,0xE6,0x53,0xE6,
    0xEB,0x93,0x53,0xE6,0x53,0xE6,0x53,0xE6,0x53,0xE6,0x53,0xE6,0x52,0xE6,0x52,0xE6,
    0x52,0xE6,0x52,0xE6,0x32,0xE6,0x32,0xE6,0x32,0xE6,0x52,0xE6,0x52,0xE6,0x53,0xE6,
    0x53,0xE6,0x53,0xE6,0x53,0xE6,0x53,0xE6,0x53,0xE6,0x53,0xE6,0x53,0xE6,0x32,0xE6,
    0xB4,0xF6,0x0C,0x94,0x00,0x00,0x00,0x00,0x82,0x10,0xF2,0xDD,0x53,0xEE,0x32,0xE6,
    0x94,0xF6,0xE6,0x49,0x00,0x00,0x00,0x00,0x88,0x5A,0xB4,0xF6,0x32,0xE6,0x53,0xE6,
    0x53,0xE6,0x53,0xE6,0x53,0xE6,0x53,0xE6,0x53,0xE6,0x53,0xE6,0x53,0xE6,0x53,0xE6,
    0x53,0xE6,0x53,0xE6,0x53,0xE6,0x53,0xE6,0x53,0xE6,0x53,0xE6,0x53,0xE6,0x53,0xE6,
    0x53,0xE6,0x53,0xE6,0x53,0xE6,0x53,0xE6,0x53,0xE6,0x53,0xE6,0x53,0xE6,0x53,0xE6,
    0x53,0xE6,0x53,0xE6,0x53,0xE6,0x53,0xE6,0x53,0xE6,0x53,0xE6,0x53,0xE6,0x53,0xE6,
    0x53,0xE6,0x53,0xE6,0x53,0xE6,0x53,0xE6,0x53,0xE6,0x53,0xE6,0x53,0xE6,0x53,0xE6,
    0x53,0xE6,0x53,0xE6,0x53,0xE6,0x53,0xE6,0x53,0xE6,0x53,0xE6,0x53,0xE6,0x53,0xE6,
    0x53,0xE6,0x53,0xE6,0x53,0xE6,0x53,0xE6,0x53,0xE6,0x53,0xE6,0x53,0xE6,0x53,0xE6,
    0x53,0xE6,0x53,0xE6,0x53,0xE6,0x53,0xE6,0x53,0xE6,0x53,0xE6,0x53,0xE6,0x53,0xE6,
    0x53,0xE6,0x53,0xE6,0x53,0xE6,0x53,0xE6,0x53,0xE6,0x53,0xE6,0x53,0xE6,0x53,0xE6,
    0x53,0xEE,0x53,0xE6,0xD5,0xF6,0x11,0xDE,0xA9,0x93,0x65,0x6A,0x86,0x6A,0xC7,0x72,
    0xC7,0x72,0xC6,0x72,0x07,0x83,0x0E,0xC5,0xB3,0xF6,0x53,0xE6,0x53,0xE6,0x53,0xE6,
    0x53,0xE6,0x53,0xE6,0x53,0xE6,0x53,0xE6,0x53,0xE6,0x53,0xE6,0x53,0xE6,0x53,0xE6,
    0x53,0xE6,0x53,0xE6,0x53,0xE6,0x53,0xE6,0x53,0xE6,0x53,0xE6,0x53,0xE6,0x53,0xE6,
    0x53,0xE6,0x53,0xE6,0x53,0xE6,0x53,0xE6,0x53,0xE6,0x53,0xE6,0x53,0xE6,0x53,0xE6,
    0x53,0xE6,0x53,0xE6,0x53,0xE6,0x53,0xE6,0x53,0xE6,0x53,0xE6,0x53,0xE6,0x53,0xE6,
    0x53,0xE6,0x53,0xE6,0x53,0xE6,0x53,0xE6,0x53,0xE6,0x53,0xE6,0x53,0xE6,0x53,0xE6,
    0x53,0xE6,0x53,0xE6,0x53,0xE6,0x53,0xE6,0x53,0xE6,0x53,0xE6,0x53,0xE6,0x53,0xE6,
    0x53,0xE6,0x53,0xE6,0x53,0xE6,0x53,0xE6,0x53,0xE6,0x53,0xE6,0x53,0xE6,0x53,0xE6,
    0x53,0xE6,0x53,0xE6,0x53,0xE6,0x53,0xE6,0x53,0xE6,0x53,0xE6,0x53,0xE6,0x53,0xE6,
    0x53,0xE6,0x53,0xE6,0x53,0xE6,0x53,0xE6,0x53,0xE6,0x53,0xE6,0x53,0xE6,0x53,0xE6,
    0x53,0xE6,0x53,0xE6,0x32,0xE6,0xD4,0xF6,0xA8,0x62,0x00,0x00,0x00,0x00,0x06,0x4A,
    0x94,0xF6,0x12,0xDE,0xB4,0xF6,0x26,0x4A,0x00,0x00,0x00,0x00,0xC2,0x20,0x32,0xE6,
    0x53,0xE6,0x53,0xE6,0x53,0xE6,0x53,0xE6,0x53,0xE6,0x53,0xE6,0x53,0xE6,0x53,0xE6,
    0x52,0xE6,0x32,0xE6,0x52,0xE6,0x32,0xE6,0x32,0xE6,0x32,0xE6,0x32,0xE6,0x32,0xE6,
    0x32,0xE6,0x52,0xE6,0x53,0xE6,0x53,0xE6,0x53,0xE6,0x53,0xE6,0x32,0xE6,0x52,0xE6,
    0x2C,0x9C,0x73,0xEE,0x52,0xE6,0x53,0xE6,0x53,0xE6,0x53,0xE6,0x93,0xEE,0x93,0xEE,
    0x93,0xEE,0x93,0xEE,0x93,0xEE,0x93,0xEE,0x93,0xEE,0x93,0xEE,0x73,0xEE,0x53,0xE6,
    0x53,0xE6,0x53,0xE6,0x53,0xE6,0x53,0xE6,0x53,0xE6,0x53,0xE6,0x53,0xE6,0x32,0xE6,
    0xB4,0xF6,0x87,0x5A,0x00,0x00,0x00,0x00,0xC2,0x18,0x32,0xE6,0x53,0xEE,0x32,0xE6,
    0xB4,0xF6,0xE9,0x6A,0x00,0x00,0x00,0x00,0xC2,0x18,0x32,0xE6,0x53,0xEE,0x53,0xE6,
    0x53,0xE6,0x53,0xE6,0x53,0xE6,0x53,0xE6,0x53,0xE6,0x53,0xE6,0x53,0xE6,0x53,0xE6,
    0x53,0xE6,0x53,0xE6,0x53,0xE6,0x53,0xE6,0x53,0xE6,0x53,0xE6,0x53,0xE6,0x53,0xE6,
    0x53,0xE6,0x53,0xE6,0x53,0xE6,0x53,0xE6,0x53,0xE6,0x53,0xE6,0x53,0xE6,0x53,0xE6,
    0x53,0xE6,0x53,0xE6,0x53,0xE6,0x53,0xE6,0x53,0xE6,0x53,0xE6,0x53,0xE6,0x53,0xE6,
    0x53,0xE6,0x53,0xE6,0x53,0xE6,0x53,0xE6,0x53,0xE6,0x53,0xE6,0x53,0xE6,0x53,0xE6,
    0x53,0xE6,0x53,0xE6,0x53,0xE6,0x53,0xE6,0x53,0xE6,0x53,0xE6,0x53,0xE6,0x53,0xE6,
    0x53,0xE6,0x53,0xE6,0x53,0xE6,0x53,0xE6,0x53,0xE6,0x53,0xE6,0x53,0xE6,0x53,0xE6,
    0x53,0xE6,0x53,0xE6,0x53,0xE6,0x53,0xE6,0x53,0xE6,0x53,0xE6,0x53,0xE6,0x53,0xE6,
    0x53,0xE6,0x53,0xE6,0x53,0xE6,0x53,0xE6,0x53,0xE6,0x53,0xE6,0x53,0xE6,0x53,0xE6,
    0x53,0xE6,0xD5,0xF6,0x4F,0xC5,0x44,0x6A,0xEB,0x93,0x4E,0xC5,0x31,0xDE,0xF5,0xEE,
    0x73,0xE6,0x53,0xDE,0xAD,0xAC,0x45,0x6A,0x27,0x8B,0x73,0xEE,0x74,0xEE,0x53,0xE6,
    0x52,0xE6,0x52,0xE6,0x52,0xE6,0x53,0xE6,0x53,0xE6,0x53,0xE6,0x53,0xE6,0x53,0xE6,
    0x53,0xE6,0x53,0xE6,0x53,0xE6,0x53,0xE6,0x53,0xE6,0x53,0xE6,0x53,0xE6,0x53,0xE6,
    0x53,0xE6,0x53,0xE6,0x53,0xE6,0x53,0xE6,0x53,0xE6,0x53,0xE6,0x53,0xE6,0x53,0xE6,
    0x53,0xE6,0x53,0xE6,0x53,0xE6,0x53,0xE6,0x53,0xE6,0x53,0xE6,0x53,0xE6,0x53,0xE6,
    0x53,0xE6,0x53,0xE6,0x53,0xE6,0x53,0xE6,0x53,0xE6,0x53,0xE6,0x53,0xE6,0x53,0xE6,
    0x53,0xE6,0x53,0xE6,0x53,0xE6,0x53,0xE6,0x53,0xE6,0x53,0xE6,0x53,0xE6,0x53,0xE6,
    0x53,0xE6,0x53,0xE6,0x53,0xE6,0x53,0xE6,0x53,0xE6,0x53,0xE6,0x53,0xE6,0x53,0xE6,
    0x53,0xE6,0x53,0xE6,0x53,0xE6,0x53,0xE6,0x53,0xE6,0x53,0xE6,0x53,0xE6,0x53,0xE6,
    0x53,0xE6,0x53,0xE6,0x53,0xE6,0x53,0xE6,0x53,0xE6,0x53,0xE6,0x53,0xE6,0x53,0xE6,
    0x53,0xE6,0x53,0xE6,0x52,0xE6,0x73,0xEE,0xD1,0xD5,0x67,0x52,0x67,0x5A,0xD1,0xD5,
    0x73,0xEE,0x32,0xE6,0xB4,0xF6,0x06,0x4A,0x00,0x00,0x00,0x00,0xE3,0x20,0x52,0xE6,
    0x53,0xE6,0x53,0xE6,0x53,0xE6,0x53,0xE6,0x53,0xE6,0x53,0xE6,0x53,0xE6,0x53,0xE6,
    0x73,0xEE,0x93,0xEE,0x93,0xEE,0x93,0xEE,0x93,0xEE,0x93,0xEE,0x93,0xEE,0x93,0xEE,
    0x93,0xEE,0x73,0xEE,0x53,0xE6,0x53,0xE6,0x53,0xE6,0x53,0xE6,0x52,0xE6,0x52,0xE6,
    0x4D,0x9C,0x73,0xEE,0x52,0xE6,0x53,0xE6,0x53,0xE6,0x32,0xE6,0x70,0xC5,0x70,0xC5,
    0x70,0xC5,0x70,0xC5,0x70,0xC5,0x70,0xC5,0x70,0xC5,0x70,0xC5,0x70,0xCD,0x32,0xE6,
    0x53,0xE6,0x53,0xE6,0x53,0xE6,0x53,0xE6,0x53,0xE6,0x53,0xE6,0x53,0xE6,0x32,0xE6,
    0xB4,0xF6,0x06,0x4A,0x00,0x00,0x00,0x00,0xC2,0x18,0x32,0xE6,0x53,0xEE,0x32,0xE6,
    0xD4,0xF6,0x09,0x73,0x00,0x00,0x20,0x00,0x00,0x00,0x2F,0xBD,0x93,0xEE,0x32,0xE6,
    0x53,0xE6,0x53,0xE6,0x53,0xE6,0x53,0xE6,0x53,0xE6,0x53,0xE6,0x53,0xE6,0x53,0xE6,
    0x53,0xE6,0x53,0xE6,0x53,0xE6,0x53,0xE6,0x53,0xE6,0x53,0xE6,0x53,0xE6,0x53,0xE6,
    0x53,0xE6,0x53,0xE6,0x53,0xE6,0x53,0xE6,0x53,0xE6,0x53,0xE6,0x53,0xE6,0x53,0xE6,
    0x53,0xE6,0x53,0xE6,0x53,0xE6,0x53,0xE6,0x53,0xE6,0x53,0xE6,0x53,0xE6,0x53,0xE6,
    0x53,0xE6,0x53,0xE6,0x53,0xE6,0x53,0xE6,0x53,0xE6,0x53,0xE6,0x53,0xE6,0x53,0xE6,
    0x53,0xE6,0x53,0xE6,0x53,0xE6,0x53,0xE6,0x53,0xE6,0x53,0xE6,0x53,0xE6,0x53,0xE6,
    0x53,0xE6,0x53,0xE6,0x53,0xE6,0x53,0xE6,0x53,0xE6,0x53,0xE6,0x53,0xE6,0x53,0xE6,
    0x53,0xE6,0x53,0xE6,0x53,0xE6,0x53,0xE6,0x53,0xE6,0x53,0xE6,0x53,0xE6,0x53,0xE6,
    0x53,0xE6,0x53,0xE6,0x53,0xE6,0x53,0xE6,0x53,0xE6,0x52,0xE6,0x53,0xE6,0x53,0xE6,
    0xB4,0xF6,0x0E,0xBD,0x45,0x62,0x13,0xD6,0xF4,0xF6,0x0F,0xDE,0xAD,0xD5,0xEF,0xDD,
    0x30,0xE6,0x51,0xE6,0x30,0xE6,0x30,0xE6,0x2C,0x94,0x89,0x93,0xB4,0xF6,0x53,0xE6,
    0x52,0xE6,0x53,0xE6,0x53,0xE6,0x53,0xE6,0x53,0xE6,0x53,0xE6,0x53,0xE6,0x53,0xE6,
    0x53,0xE6,0x53,0xE6,0x53,0xE6,0x53,0xE6,0x53,0xE6,0x53,0xE6,0x53,0xE6,0x53,0xE6,
    0x53,0xE6,0x53,0xE6,0x53,0xE6,0x53,0xE6,0x53,0xE6,0x53,0xE6,0x53,0xE6,0x53,0xE6,
    0x53,0xE6,0x53,0xE6,0x53,0xE6,0x53,0xE6,0x53,0xE6,0x53,0xE6,0x53,0xE6,0x53,0xE6,
    0x53,0xE6,0x53,0xE6,0x53,0xE6,0x53,0xE6,0x53,0xE6,0x53,0xE6,0x53,0xE6,0x53,0xE6,
    0x53,0xE6,0x53,0xE6,0x53,0xE6,0x53,0xE6,0x53,0xE6,0x53,0xE6,0x53,0xE6,0x53,0xE6,
    0x53,0xE6,0x53,0xE6,0x53,0xE6,0x53,0xE6,0x53,0xE6,0x53,0xE6,0x53,0xE6,0x53,0xE6,
    0x53,0xE6,0x53,0xE6,0x53,0xE6,0x53,0xE6,0x53,0xE6,0x53,0xE6,0x53,0xE6,0x53,0xE6,
    0x53,0xE6,0x53,0xE6,0x53,0xE6,0x53,0xE6,0x53,0xE6,0x53,0xE6,0x53,0xE6,0x53,0xE6,
    0x53,0xE6,0x53,0xE6,0x53,0xE6,0x52,0xE6,0x73,0xEE,0xB4,0xF6,0xB4,0xF6,0x73,0xEE,
    0x32,0xE6,0x73,0xEE,0x53,0xE6,0xC2,0x20,0x20,0x00,0x00,0x00,0x87,0x5A,0xB4,0xF6,
    0x32,0xE6,0x53,0xE6,0x53,0xE6,0x53,0xE6,0x53,0xE6,0x53,0xE6,0x53,0xE6,0x53,0xEE,
    0xD1,0xD5,0x70,0xC5,0x70,0xC5,0x70,0xC5,0x70,0xC5,0x70,0xC5,0x70,0xC5,0x70,0xC5,
    0x50,0xC5,0xD1,0xD5,0x53,0xEE,0x53,0xE6,0x53,0xE6,0x53,0xE6,0x32,0xE6,0x32,0xE6,
    0x4C,0x9C,0x93,0xEE,0x32,0xE6,0x52,0xE6,0x73,0xEE,0xD1,0xD5,0x61,0x10,0x00,0x00,
    0x20,0x00,0x00,0x00,0x00,0x00,0x00,0x00,0x20,0x00,0x00,0x00,0x41,0x08,0xB1,0xCD,
    0x73,0xEE,0x52,0xE6,0x53,0xE6,0x53,0xE6,0x53,0xE6,0x53,0xE6,0x53,0xE6,0x32,0xE6,
    0xB4,0xF6,0x47,0x52,0x00,0x00,0x00,0x00,0x82,0x10,0xF2,0xDD,0x53,0xE6,0x12,0xDE,
    0xB4,0xF6,0x67,0x5A,0x00,0x00,0x20,0x08,0x00,0x00,0x6D,0xA4,0xB4,0xF6,0x32,0xE6,
    0x53,0xE6,0x53,0xE6,0x53,0xE6,0x53,0xE6,0x53,0xE6,0x53,0xE6,0x53,0xE6,0x53,0xE6,
    0x53,0xE6,0x53,0xE6,0x53,0xE6,0x53,0xE6,0x53,0xE6,0x53,0xE6,0x53,0xE6,0x53,0xE6,
    0x53,0xE6,0x53,0xE6,0x53,0xE6,0x53,0xE6,0x53,0xE6,0x53,0xE6,0x53,0xE6,0x53,0xE6,
    0x53,0xE6,0x53,0xE6,0x53,0xE6,0x53,0xE6,0x53,0xE6,0x53,0xE6,0x53,0xE6,0x53,0xE6,
    0x53,0xE6,0x53,0xE6,0x53,0xE6,0x53,0xE6,0x53,0xE6,0x53,0xE6,0x53,0xE6,0x53,0xE6,
    0x53,0xE6,0x53,0xE6,0x53,0xE6,0x53,0xE6,0x53,0xE6,0x53,0xE6,0x53,0xE6,0x53,0xE6,
    0x53,0xE6,0x53,0xE6,0x53,0xE6,0x53,0xE6,0x53,0xE6,0x53,0xE6,0x53,0xE6,0x53,0xE6,
    0x53,0xE6,0x53,0xE6,0x53,0xE6,0x53,0xE6,0x53,0xE6,0x53,0xE6,0x53,0xE6,0x53,0xE6,
    0x53,0xE6,0x53,0xE6,0x53,0xE6,0x53,0xE6,0x53,0xE6,0x53,0xE6,0x52,0xE6,0x73,0xEE,
    0x32,0xE6,0x86,0x6A,0x91,0xC5,0xB3,0xEE,0x10,0xDE,0xB4,0xE6,0x2C,0xC5,0x29,0xB4,
    0x4A,0xB4,0x8A,0xB4,0xEA,0xC4,0x30,0xDE,0x77,0xFF,0xCA,0x93,0x6C,0xAC,0xB4,0xF6,
    0x53,0xE6,0x53,0xE6,0x53,0xE6,0x53,0xE6,0x53,0xE6,0x53,0xE6,0x53,0xE6,0x53,0xE6,
    0x53,0xE6,0x53,0xE6,0x53,0xE6,0x53,0xE6,0x53,0xE6,0x53,0xE6,0x53,0xE6,0x53,0xE6,
    0x53,0xE6,0x53,0xE6,0x53,0xE6,0x53,0xE6,0x53,0xE6,0x53,0xE6,0x53,0xE6,0x53,0xE6,
    0x53,0xE6,0x53,0xE6,0x53,0xE6,0x53,0xE6,0x53,0xE6,0x53,0xE6,0x53,0xE6,0x53,0xE6,
    0x53,0xE6,0x53,0xE6,0x53,0xE6,0x53,0xE6,0x53,0xE6,0x53,0xE6,0x53,0xE6,0x53,0xE6,
    0x53,0xE6,0x53,0xE6,0x53,0xE6,0x53,0xE6,0x53,0xE6,0x53,0xE6,0x53,0xE6,0x53,0xE6,
    0x53,0xE6,0x53,0xE6,0x53,0xE6,0x53,0xE6,0x53,0xE6,0x53,0xE6,0x53,0xE6,0x53,0xE6,
    0x53,0xE6,0x53,0xE6,0x53,0xE6,0x53,0xE6,0x53,0xE6,0x53,0xE6,0x53,0xE6,0x53,0xE6,
    0x53,0xE6,0x53,0xE6,0x53,0xE6,0x53,0xE6,0x53,0xE6,0x53,0xE6,0x53,0xE6,0x53,0xE6,
    0x53,0xE6,0x53,0xE6,0x53,0xE6,0x53,0xE6,0x52,0xE6,0x32,0xE6,0x32,0xE6,0x53,0xEE,
    0x94,0xF6,0x73,0xEE,0x09,0x73,0x00,0x00,0x00,0x00,0x82,0x10,0xB1,0xD5,0x73,0xEE,
    0x52,0xE6,0x53,0xE6,0x53,0xE6,0x53,0xE6,0x53,0xE6,0x53,0xE6,0x32,0xE6,0xD4,0xF6,
    0xE9,0x6A,0x00,0x00,0x20,0x08,0x00,0x00,0x00,0x00,0x00,0x00,0x00,0x00,0x20,0x08,
    0x00,0x00,0xE8,0x6A,0xD4,0xF6,0x32,0xE6,0x53,0xE6,0x73,0xEE,0xB1,0xD5,0xD1,0xD5,
    0xCB,0x8B,0x93,0xF6,0x32,0xE6,0x52,0xE6,0x73,0xEE,0xD1,0xD5,0x41,0x08,0x00,0x00,
    0x00,0x00,0x00,0x00,0x00,0x00,0x00,0x00,0x00,0x00,0x00,0x00,0x21,0x08,0xB1,0xCD,
    0x73,0xEE,0x52,0xE6,0x53,0xE6,0x53,0xE6,0x53,0xE6,0x53,0xE6,0x53,0xE6,0x32,0xE6,
    0xB4,0xF6,0x0C,0x94,0x00,0x00,0x20,0x08,0x00,0x00,0xAE,0xAC,0xD4,0xFE,0x93,0xEE,
    0xF2,0xDD,0xA2,0x18,0x00,0x00,0x20,0x00,0x00,0x00,0x6D,0xA4,0xB4,0xF6,0x32,0xE6,
    0x53,0xE6,0x53,0xE6,0x53,0xE6,0x53,0xE6,0x53,0xE6,0x53,0xE6,0x53,0xE6,0x53,0xE6,
    0x53,0xE6,0x53,0xE6,0x53,0xE6,0x53,0xE6,0x53,0xE6,0x53,0xE6,0x53,0xE6,0x53,0xE6,
    0x53,0xE6,0x53,0xE6,0x53,0xE6,0x53,0xE6,0x53,0xE6,0x53,0xE6,0x53,0xE6,0x53,0xE6,
    0x53,0xE6,0x53,0xE6,0x53,0xE6,0x53,0xE6,0x53,0xE6,0x53,0xE6,0x53,0xE6,0x53,0xE6,
    0x53,0xE6,0x53,0xE6,0x53,0xE6,0x53,0xE6,0x53,0xE6,0x53,0xE6,0x53,0xE6,0x53,0xE6,
    0x53,0xE6,0x53,0xE6,0x53,0xE6,0x53,0xE6,0x53,0xE6,0x53,0xE6,0x53,0xE6,0x53,0xE6,
    0x53,0xE6,0x53,0xE6,0x53,0xE6,0x53,0xE6,0x53,0xE6,0x53,0xE6,0x53,0xE6,0x53,0xE6,
    0x53,0xE6,0x53,0xE6,0x53,0xE6,0x53,0xE6,0x53,0xE6,0x53,0xE6,0x53,0xE6,0x53,0xE6,
    0x53,0xE6,0x53,0xE6,0x53,0xE6,0x53,0xE6,0x53,0xE6,0x53,0xE6,0x32,0xE6,0x93,0xF6,
    0x0A,0xA4,0x4C,0xA4,0xD4,0xEE,0x30,0xDE,0x0C,0xC5,0x92,0xD5,0x14,0xE6,0xA8,0xC3,
    0xA9,0xBB,0x48,0xAB,0x0E,0xCD,0x31,0xE6,0xF0,0xDD,0x73,0xE6,0x69,0x8B,0x12,0xDE,
    0x73,0xEE,0x52,0xE6,0x53,0xE6,0x53,0xE6,0x53,0xE6,0x53,0xE6,0x53,0xE6,0x53,0xE6,
    0x53,0xE6,0x53,0xE6,0x53,0xE6,0x53,0xE6,0x53,0xE6,0x53,0xE6,0x53,0xE6,0x53,0xE6,
    0x53,0xE6,0x53,0xE6,0x53,0xE6,0x53,0xE6,0x53,0xE6,0x53,0xE6,0x53,0xE6,0x53,0xE6,
    0x53,0xE6,0x53,0xE6,0x53,0xE6,0x53,0xE6,0x53,0xE6,0x53,0xE6,0x53,0xE6,0x53,0xE6,
    0x53,0xE6,0x53,0xE6,0x53,0xE6,0x53,0xE6,0x53,0xE6,0x53,0xE6,0x53,0xE6,0x53,0xE6,
    0x53,0xE6,0x53,0xE6,0x53,0xE6,0x53,0xE6,0x53,0xE6,0x53,0xE6,0x53,0xE6,0x53,0xE6,
    0x53,0xE6,0x53,0xE6,0x53,0xE6,0x53,0xE6,0x53,0xE6,0x53,0xE6,0x53,0xE6,0x53,0xE6,
    0x53,0xE6,0x53,0xE6,0x53,0xE6,0x53,0xE6,0x53,0xE6,0x53,0xE6,0x53,0xE6,0x53,0xE6,
    0x53,0xE6,0x53,0xE6,0x53,0xE6,0x53,0xE6,0x53,0xE6,0x53,0xE6,0x53,0xE6,0x53,0xE6,
    0x53,0xE6,0x53,0xE6,0x53,0xE6,0x53,0xE6,0x53,0xE6,0x32,0xE6,0x93,0xEE,0x0F,0xBD,
    0xA5,0x39,0xC2,0x18,0x00,0x00,0x41,0x08,0x88,0x62,0x12,0xDE,0x73,0xEE,0x32,0xE6,
    0x53,0xE6,0x53,0xE6,0x53,0xE6,0x53,0xE6,0x53,0xE6,0x53,0xE6,0x32,0xE6,0xD4,0xF6,
    0xE9,0x6A,0x00,0x00,0x20,0x00,0x00,0x00,0x00,0x00,0x00,0x00,0x00,0x00,0x20,0x00,
    0x00,0x00,0xE8,0x6A,0xD4,0xF6,0x32,0xE6,0x52,0xE6,0x73,0xEE,0x70,0xCD,0x91,0xCD,
    0x8B,0x83,0xB4,0xF6,0x32,0xE6,0x52,0xE6,0x73,0xEE,0xD1,0xD5,0x41,0x08,0x00,0x00,
    0x00,0x00,0x00,0x00,0x00,0x00,0x00,0x00,0x00,0x00,0x00,0x00,0x00,0x00,0xB1,0xD5,
    0x73,0xEE,0x52,0xE6,0x53,0xE6,0x53,0xE6,0x53,0xE6,0x53,0xE6,0x53,0xE6,0x53,0xE6,
    0x53,0xE6,0x32,0xE6,0xE2,0x20,0x00,0x00,0x20,0x08,0x03,0x29,0x50,0xC5,0xF1,0xDD,
    0xC5,0x41,0x00,0x00,0x00,0x00,0x00,0x00,0x00,0x00,0x6D,0xA4,0xB4,0xF6,0x32,0xE6,
    0x53,0xE6,0x53,0xE6,0x53,0xE6,0x53,0xE6,0x53,0xE6,0x53,0xE6,0x53,0xE6,0x53,0xE6,
    0x53,0xE6,0x53,0xE6,0x53,0xE6,0x53,0xE6,0x53,0xE6,0x53,0xE6,0x53,0xE6,0x53,0xE6,
    0x53,0xE6,0x53,0xE6,0x53,0xE6,0x53,0xE6,0x53,0xE6,0x53,0xE6,0x53,0xE6,0x53,0xE6,
    0x53,0xE6,0x53,0xE6,0x53,0xE6,0x53,0xE6,0x53,0xE6,0x53,0xE6,0x53,0xE6,0x53,0xE6,
    0x53,0xE6,0x53,0xE6,0x53,0xE6,0x53,0xE6,0x53,0xE6,0x53,0xE6,0x53,0xE6,0x53,0xE6,
    0x53,0xE6,0x53,0xE6,0x53,0xE6,0x53,0xE6,0x53,0xE6,0x53,0xE6,0x53,0xE6,0x53,0xE6,
    0x53,0xE6,0x53,0xE6,0x53,0xE6,0x53,0xE6,0x53,0xE6,0x53,0xE6,0x53,0xE6,0x53,0xE6,
    0x53,0xE6,0x53,0xE6,0x53,0xE6,0x53,0xE6,0x53,0xE6,0x53,0xE6,0x53,0xE6,0x53,0xE6,
    0x53,0xE6,0x53,0xE6,0x53,0xE6,0x53,0xE6,0x53,0xE6,0x53,0xE6,0x53,0xE6,0x32,0xE6,
    0x27,0x83,0xD1,0xCD,0x72,0xE6,0x6E,0xCD,0x4A,0xBC,0x51,0xDD,0x1A,0xF7,0xB2,0xED,
    0x6C,0xDC,0x8C,0xD4,0x34,0xEE,0x2C,0xC4,0x11,0xDE,0x15,0xF7,0x6C,0xA4,0xAD,0xB4,
    0xB4,0xF6,0x32,0xE6,0x32,0xE6,0x53,0xE6,0x53,0xE6,0x53,0xE6,0x53,0xE6,0x53,0xE6,
    0x53,0xE6,0x53,0xE6,0x53,0xE6,0x53,0xE6,0x53,0xE6,0x53,0xE6,0x53,0xE6,0x53,0xE6,
    0x53,0xE6,0x53,0xE6,0x53,0xE6,0x53,0xE6,0x53,0xE6,0x53,0xE6,0x53,0xE6,0x53,0xE6,
    0x53,0xE6,0x53,0xE6,0x53,0xE6,0x53,0xE6,0x53,0xE6,0x53,0xE6,0x53,0xE6,0x53,0xE6,
    0x53,0xE6,0x53,0xE6,0x53,0xE6,0x53,0xE6,0x53,0xE6,0x53,0xE6,0x53,0xE6,0x53,0xE6,
    0x53,0xE6,0x53,0xE6,0x53,0xE6,0x53,0xE6,0x53,0xE6,0x53,0xE6,0x53,0xE6,0x53,0xE6,
    0x53,0xE6,0x53,0xE6,0x53,0xE6,0x53,0xE6,0x53,0xE6,0x53,0xE6,0x53,0xE6,0x53,0xE6,
    0x53,0xE6,0x53,0xE6,0x53,0xE6,0x53,0xE6,0x53,0xE6,0x53,0xE6,0x53,0xE6,0x53,0xE6,
    0x53,0xE6,0x53,0xE6,0x53,0xE6,0x53,0xE6,0x53,0xE6,0x53,0xE6,0x53,0xE6,0x53,0xE6,
    0x53,0xE6,0x53,0xE6,0x53,0xE6,0x53,0xE6,0x53,0xE6,0x32,0xE6,0x94,0xF6,0xCE,0xAC,
    0xC2,0x18,0xA2,0x18,0x00,0x00,0x21,0x08,0x06,0x4A,0xCE,0xAC,0x94,0xF6,0x32,0xE6,
    0x53,0xE6,0x53,0xE6,0x53,0xE6,0x53,0xE6,0x53,0xE6,0x53,0xE6,0x32,0xE6,0xD4,0xF6,
    0x09,0x73,0x00,0x00,0x00,0x00,0x00,0x00,0x00,0x00,0x00,0x00,0x00,0x00,0x00,0x00,
    0x00,0x00,0xC8,0x6A,0xD4,0xF6,0x32,0xE6,0x52,0xE6,0x73,0xEE,0x90,0xCD,0x90,0xCD,
    0xCB,0x8B,0xB4,0xF6,0x32,0xE6,0x53,0xE6,0x53,0xE6,0x32,0xE6,0x4F,0xBD,0x2F,0xBD,
    0x2F,0xBD,0x0F,0xBD,0x0F,0xB5,0x0F,0xB5,0x0F,0xBD,0xEF,0xB4,0x0F,0xB5,0x32,0xE6,
    0x53,0xE6,0x53,0xE6,0x53,0xE6,0x53,0xE6,0x53,0xE6,0x53,0xE6,0x53,0xE6,0x53,0xE6,
    0x32,0xE6,0x93,0xEE,0x50,0xC5,0xA2,0x18,0x00,0x00,0x00,0x00,0x00,0x00,0x00,0x00,
    0x00,0x00,0x64,0x31,0x00,0x00,0x20,0x00,0x00,0x00,0x8D,0xAC,0xB4,0xF6,0x32,0xE6,
    0x53,0xE6,0x53,0xE6,0x53,0xE6,0x53,0xE6,0x53,0xE6,0x53,0xE6,0x53,0xE6,0x53,0xE6,
    0x53,0xE6,0x53,0xE6,0x53,0xE6,0x53,0xE6,0x53,0xE6,0x53,0xE6,0x53,0xE6,0x53,0xE6,
    0x53,0xE6,0x53,0xE6,0x53,0xE6,0x53,0xE6,0x53,0xE6,0x53,0xE6,0x53,0xE6,0x53,0xE6,
    0x53,0xE6,0x53,0xE6,0x53,0xE6,0x53,0xE6,0x53,0xE6,0x53,0xE6,0x53,0xE6,0x53,0xE6,
    0x53,0xE6,0x53,0xE6,0x53,0xE6,0x53,0xE6,0x53,0xE6,0x53,0xE6,0x53,0xE6,0x53,0xE6,
    0x53,0xE6,0x53,0xE6,0x53,0xE6,0x53,0xE6,0x53,0xE6,0x53,0xE6,0x53,0xE6,0x53,0xE6,
    0x53,0xE6,0x53,0xE6,0x53,0xE6,0x53,0xE6,0x53,0xE6,0x53,0xE6,0x53,0xE6,0x53,0xE6,
    0x53,0xE6,0x53,0xE6,0x53,0xE6,0x53,0xE6,0x53,0xE6,0x53,0xE6,0x53,0xE6,0x53,0xE6,
    0x53,0xE6,0x53,0xE6,0x53,0xE6,0x53,0xE6,0x52,0xE6,0x53,0xE6,0x73,0xEE,0x6F,0xCD,
    0x69,0x8B,0x72,0xE6,0x93,0xE6,0xEB,0xC4,0xCD,0xCC,0x97,0xEE,0xFF,0xFF,0xF9,0xEE,
    0xCD,0xD4,0x91,0xE5,0xCE,0xD4,0x89,0xBB,0x90,0xD5,0x92,0xEE,0xCC,0xBC,0x4C,0xA4,
    0xB4,0xF6,0x32,0xE6,0x53,0xE6,0x53,0xE6,0x53,0xE6,0x53,0xE6,0x53,0xE6,0x53,0xE6,
    0x53,0xE6,0x53,0xE6,0x53,0xE6,0x53,0xE6,0x53,0xE6,0x53,0xE6,0x53,0xE6,0x53,0xE6,
    0x53,0xE6,0x53,0xE6,0x53,0xE6,0x53,0xE6,0x53,0xE6,0x53,0xE6,0x53,0xE6,0x53,0xE6,
    0x53,0xE6,0x53,0xE6,0x53,0xE6,0x53,0xE6,0x53,0xE6,0x53,0xE6,0x53,0xE6,0x53,0xE6,
    0x53,0xE6,0x53,0xE6,0x53,0xE6,0x53,0xE6,0x53,0xE6,0x53,0xE6,0x53,0xE6,0x53,0xE6,
    0x53,0xE6,0x53,0xE6,0x53,0xE6,0x53,0xE6,0x53,0xE6,0x53,0xE6,0x53,0xE6,0x53,0xE6,
    0x53,0xE6,0x53,0xE6,0x53,0xE6,0x53,0xE6,0x53,0xE6,0x53,0xE6,0x53,0xE6,0x53,0xE6,
    0x53,0xE6,0x53,0xE6,0x53,0xE6,0x53,0xE6,0x53,0xE6,0x53,0xE6,0x53,0xE6,0x53,0xE6,
    0x53,0xE6,0x53,0xE6,0x53,0xE6,0x53,0xE6,0x53,0xE6,0x53,0xE6,0x53,0xE6,0x53,0xE6,
    0x53,0xE6,0x53,0xE6,0x53,0xE6,0x53,0xE6,0x53,0xE6,0x53,0xE6,0x53,0xE6,0x53,0xE6,
    0x53,0xE6,0x53,0xE6,0xEC,0x93,0x00,0x00,0x00,0x00,0x00,0x00,0x0C,0x94,0xB4,0xF6,
    0x32,0xE6,0x53,0xE6,0x53,0xE6,0x53,0xE6,0x53,0xE6,0x53,0xE6,0x52,0xE6,0x73,0xEE,
    0xD1,0xD5,0xEF,0xB4,0xEF,0xB4,0xEE,0xB4,0xEE,0xB4,0xEF,0xB4,0x0F,0xB5,0xEF,0xB4,
    0xCE,0xB4,0x91,0xCD,0x73,0xEE,0x52,0xE6,0x53,0xE6,0x53,0xEE,0xF2,0xDD,0x12,0xDE,
    0xCB,0x8B,0xB4,0xF6,0x32,0xE6,0x53,0xE6,0x53,0xE6,0x53,0xE6,0x93,0xEE,0x93,0xEE,
    0x93,0xEE,0x93,0xF6,0x93,0xF6,0x93,0xF6,0x93,0xF6,0x93,0xF6,0x93,0xF6,0x53,0xE6,
    0x53,0xE6,0x53,0xE6,0x53,0xE6,0x53,0xE6,0x53,0xE6,0x53,0xE6,0x53,0xE6,0x53,0xE6,
    0x53,0xE6,0x32,0xE6,0x93,0xEE,0x90,0xCD,0xC8,0x6A,0x44,0x31,0xC2,0x20,0xC5,0x41,
    0x2F,0xBD,0x4A,0x7B,0x00,0x00,0x00,0x00,0x20,0x08,0x91,0xCD,0x73,0xEE,0x52,0xE6,
    0x53,0xE6,0x53,0xE6,0x53,0xE6,0x53,0xE6,0x53,0xE6,0x53,0xE6,0x53,0xE6,0x53,0xE6,
    0x53,0xE6,0x53,0xE6,0x53,0xE6,0x53,0xE6,0x53,0xE6,0x53,0xE6,0x53,0xE6,0x53,0xE6,
    0x53,0xE6,0x53,0xE6,0x53,0xE6,0x53,0xE6,0x53,0xE6,0x53,0xE6,0x53,0xE6,0x53,0xE6,
    0x53,0xE6,0x53,0xE6,0x53,0xE6,0x53,0xE6,0x53,0xE6,0x53,0xE6,0x53,0xE6,0x53,0xE6,
    0x53,0xE6,0x53,0xE6,0x53,0xE6,0x53,0xE6,0x53,0xE6,0x53,0xE6,0x53,0xE6,0x53,0xE6,
    0x53,0xE6,0x53,0xE6,0x53,0xE6,0x53,0xE6,0x53,0xE6,0x53,0xE6,0x53,0xE6,0x53,0xE6,
    0x53,0xE6,0x53,0xE6,0x53,0xE6,0x53,0xE6,0x53,0xE6,0x53,0xE6,0x53,0xE6,0x53,0xE6,
    0x53,0xE6,0x53,0xE6,0x53,0xE6,0x53,0xE6,0x53,0xE6,0x53,0xE6,0x53,0xE6,0x53,0xE6,
    0x53,0xE6,0x53,0xE6,0x53,0xE6,0x53,0xE6,0x53,0xE6,0x32,0xE6,0x73,0xEE,0x2F,0xC5,
    0x0A,0x9C,0x31,0xE6,0xF0,0xDD,0xEB,0xC4,0xAD,0xCC,0x6C,0xD4,0x2F,0xDD,0xCD,0xD4,
    0x88,0xBB,0x30,0xDD,0x92,0xE5,0x4C,0xCC,0x0D,0xCD,0x92,0xE6,0x54,0xD6,0x4C,0xA4,
    0x93,0xEE,0x32,0xE6,0x53,0xE6,0x53,0xE6,0x53,0xE6,0x53,0xE6,0x53,0xE6,0x53,0xE6,
    0x53,0xE6,0x53,0xE6,0x53,0xE6,0x53,0xE6,0x53,0xE6,0x53,0xE6,0x53,0xE6,0x53,0xE6,
    0x53,0xE6,0x53,0xE6,0x53,0xE6,0x53,0xE6,0x53,0xE6,0x53,0xE6,0x53,0xE6,0x53,0xE6,
    0x53,0xE6,0x53,0xE6,0x53,0xE6,0x53,0xE6,0x53,0xE6,0x53,0xE6,0x53,0xE6,0x53,0xE6,
    0x53,0xE6,0x53,0xE6,0x53,0xE6,0x53,0xE6,0x53,0xE6,0x53,0xE6,0x53,0xE6,0x53,0xE6,
    0x53,0xE6,0x53,0xE6,0x53,0xE6,0x53,0xE6,0x53,0xE6,0x53,0xE6,0x53,0xE6,0x53,0xE6,
    0x53,0xE6,0x53,0xE6,0x53,0xE6,0x53,0xE6,0x53,0xE6,0x53,0xE6,0x53,0xE6,0x53,0xE6,
    0x53,0xE6,0x53,0xE6,0x53,0xE6,0x53,0xE6,0x53,0xE6,0x53,0xE6,0x53,0xE6,0x53,0xE6,
    0x53,0xE6,0x53,0xE6,0x53,0xE6,0x53,0xE6,0x53,0xE6,0x53,0xE6,0x53,0xE6,0x53,0xE6,
    0x53,0xE6,0x53,0xE6,0x53,0xE6,0x52,0xE6,0x32,0xE6,0x53,0xE6,0x32,0xE6,0x53,0xE6,
    0x53,0xE6,0x53,0xE6,0xF4,0xFE,0x26,0x52,0x00,0x00,0x20,0x00,0x20,0x08,0x90,0xCD,
    0x73,0xEE,0x52,0xE6,0x53,0xE6,0x53,0xE6,0x53,0xE6,0x53,0xE6,0x53,0xE6,0x52,0xE6,
    0x73,0xEE,0x93,0xF6,0x93,0xF6,0x93,0xF6,0x93,0xF6,0x93,0xF6,0x93,0xF6,0x93,0xF6,
    0x94,0xF6,0x73,0xEE,0x52,0xE6,0x53,0xE6,0x53,0xE6,0x53,0xEE,0x12,0xDE,0x12,0xDE,
    0xCB,0x8B,0x94,0xF6,0x32,0xE6,0x53,0xE6,0x53,0xE6,0x53,0xE6,0x32,0xE6,0x32,0xE6,
    0x32,0xE6,0x32,0xE6,0x32,0xE6,0x32,0xE6,0x32,0xE6,0x32,0xE6,0x32,0xE6,0x53,0xE6,
    0x53,0xE6,0x53,0xE6,0x53,0xE6,0x53,0xE6,0x53,0xE6,0x53,0xE6,0x53,0xE6,0x53,0xE6,
    0x53,0xE6,0x53,0xE6,0x73,0xEE,0xD4,0xFE,0x15,0xFF,0x53,0xE6,0x32,0xE6,0x73,0xEE,
    0x15,0xFF,0xE8,0x6A,0x00,0x00,0x00,0x00,0x23,0x29,0x53,0xEE,0x53,0xE6,0x53,0xE6,
    0x53,0xE6,0x53,0xE6,0x53,0xE6,0x53,0xE6,0x53,0xE6,0x53,0xE6,0x53,0xE6,0x53,0xE6,
    0x53,0xE6,0x53,0xE6,0x53,0xE6,0x53,0xE6,0x53,0xE6,0x53,0xE6,0x53,0xE6,0x53,0xE6,
    0x53,0xE6,0x53,0xE6,0x53,0xE6,0x53,0xE6,0x53,0xE6,0x53,0xE6,0x53,0xE6,0x53,0xE6,
    0x53,0xE6,0x53,0xE6,0x53,0xE6,0x53,0xE6,0x53,0xE6,0x53,0xE6,0x53,0xE6,0x53,0xE6,
    0x53,0xE6,0x53,0xE6,0x53,0xE6,0x53,0xE6,0x53,0xE6,0x53,0xE6,0x53,0xE6,0x53,0xE6,
    0x53,0xE6,0x53,0xE6,0x53,0xE6,0x53,0xE6,0x53,0xE6,0x53,0xE6,0x53,0xE6,0x53,0xE6,
    0x53,0xE6,0x53,0xE6,0x53,0xE6,0x53,0xE6,0x53,0xE6,0x53,0xE6,0x53,0xE6,0x53,0xE6,
    0x53,0xE6,0x53,0xE6,0x53,0xE6,0x53,0xE6,0x53,0xE6,0x53,0xE6,0x53,0xE6,0x53,0xE6,
    0x53,0xE6,0x53,0xE6,0x53,0xE6,0x53,0xE6,0x53,0xE6,0x32,0xE6,0x73,0xEE,0x70,0xCD,
    0x0A,0xA4,0xF0,0xDD,0x8E,0xD5,0xCB,0xBC,0xA9,0xBB,0x4C,0xCC,0xA9,0xBB,0x0A,0xCC,
    0x77,0xE6,0x1A,0xF7,0x97,0xF6,0x0B,0xCC,0x4E,0xD5,0x10,0xDE,0x90,0xCD,0x6C,0xA4,
    0x94,0xEE,0x32,0xE6,0x53,0xE6,0x53,0xE6,0x53,0xE6,0x53,0xE6,0x53,0xE6,0x53,0xE6,
    0x53,0xE6,0x53,0xE6,0x53,0xE6,0x53,0xE6,0x53,0xE6,0x53,0xE6,0x53,0xE6,0x53,0xE6,
    0x53,0xE6,0x53,0xE6,0x53,0xE6,0x53,0xE6,0x53,0xE6,0x53,0xE6,0x53,0xE6,0x53,0xE6,
    0x53,0xE6,0x53,0xE6,0x53,0xE6,0x53,0xE6,0x53,0xE6,0x53,0xE6,0x53,0xE6,0x53,0xE6,
    0x53,0xE6,0x53,0xE6,0x53,0xE6,0x53,0xE6,0x53,0xE6,0x53,0xE6,0x53,0xE6,0x53,0xE6,
    0x53,0xE6,0x53,0xE6,0x53,0xE6,0x53,0xE6,0x53,0xE6,0x53,0xE6,0x53,0xE6,0x53,0xE6,
    0x53,0xE6,0x53,0xE6,0x53,0xE6,0x53,0xE6,0x53,0xE6,0x53,0xE6,0x53,0xE6,0x53,0xE6,
    0x53,0xE6,0x53,0xE6,0x53,0xE6,0x53,0xE6,0x53,0xE6,0x53,0xE6,0x53,0xE6,0x53,0xE6,
    0x53,0xE6,0x53,0xE6,0x53,0xE6,0x53,0xE6,0x53,0xE6,0x53,0xE6,0x53,0xE6,0x53,0xE6,
    0x53,0xE6,0x53,0xE6,0x53,0xE6,0x73,0xEE,0x93,0xEE,0x52,0xE6,0x93,0xF6,0x53,0xE6,
    0x52,0xE6,0x32,0xE6,0xB4,0xF6,0xEC,0x93,0x00,0x00,0x41,0x08,0x00,0x00,0xCB,0x8B,
    0xB4,0xF6,0x32,0xE6,0x53,0xE6,0x53,0xE6,0x53,0xE6,0x53,0xE6,0x53,0xE6,0x53,0xE6,
    0x52,0xE6,0x32,0xE6,0x32,0xE6,0x32,0xE6,0x32,0xE6,0x32,0xE6,0x32,0xE6,0x32,0xE6,
    0x32,0xE6,0x52,0xE6,0x53,0xE6,0x53,0xE6,0x53,0xE6,0x53,0xEE,0x12,0xDE,0x12,0xDE,
    0xCB,0x8B,0x94,0xF6,0x32,0xE6,0x53,0xE6,0x53,0xE6,0x53,0xE6,0x53,0xE6,0x53,0xE6,
    0x53,0xE6,0x53,0xE6,0x53,0xE6,0x53,0xE6,0x53,0xE6,0x53,0xE6,0x53,0xE6,0x53,0xE6,
    0x53,0xE6,0x53,0xE6,0x53,0xE6,0x53,0xE6,0x53,0xE6,0x53,0xE6,0x53,0xE6,0x53,0xE6,
    0x32,0xE6,0x93,0xEE,0xCE,0xB4,0x67,0x5A,0xEC,0x93,0x73,0xEE,0x53,0xE6,0x32,0xE6,
    0x93,0xEE,0xE5,0x41,0x00,0x00,0x00,0x00,0x09,0x73,0xD4,0xFE,0x32,0xE6,0x53,0xE6,
    0x53,0xE6,0x53,0xE6,0x53,0xE6,0x53,0xE6,0x53,0xE6,0x53,0xE6,0x53,0xE6,0x53,0xE6,
    0x53,0xE6,0x53,0xE6,0x53,0xE6,0x53,0xE6,0x53,0xE6,0x53,0xE6,0x53,0xE6,0x53,0xE6,
    0x53,0xE6,0x53,0xE6,0x53,0xE6,0x53,0xE6,0x53,0xE6,0x53,0xE6,0x53,0xE6,0x53,0xE6,
    0x53,0xE6,0x53,0xE6,0x53,0xE6,0x53,0xE6,0x53,0xE6,0x53,0xE6,0x53,0xE6,0x53,0xE6,
    0x53,0xE6,0x53,0xE6,0x53,0xE6,0x53,0xE6,0x53,0xE6,0x53,0xE6,0x53,0xE6,0x53,0xE6,
    0x53,0xE6,0x53,0xE6,0x53,0xE6,0x53,0xE6,0x53,0xE6,0x53,0xE6,0x53,0xE6,0x53,0xE6,
    0x53,0xE6,0x53,0xE6,0x53,0xE6,0x53,0xE6,0x53,0xE6,0x53,0xE6,0x53,0xE6,0x53,0xE6,
    0x53,0xE6,0x53,0xE6,0x53,0xE6,0x53,0xE6,0x53,0xE6,0x53,0xE6,0x53,0xE6,0x53,0xE6,
    0x53,0xE6,0x53,0xE6,0x53,0xE6,0x53,0xE6,0x53,0xE6,0x53,0xE6,0x73,0xEE,0xD1,0xDD,
    0xC9,0x93,0x11,0xDE,0x32,0xDE,0x8E,0xCD,0x4B,0xBC,0x2C,0xC4,0x4B,0xCC,0x2F,0xE5,
    0xDE,0xFF,0x9D,0xFF,0xEF,0xE4,0x6D,0xC4,0xF0,0xDD,0xEF,0xDD,0xEC,0xBC,0x8D,0xAC,
    0xB4,0xF6,0x32,0xE6,0x53,0xE6,0x53,0xE6,0x53,0xE6,0x53,0xE6,0x53,0xE6,0x53,0xE6,
    0x53,0xE6,0x53,0xE6,0x53,0xE6,0x53,0xE6,0x53,0xE6,0x53,0xE6,0x53,0xE6,0x53,0xE6,
    0x53,0xE6,0x53,0xE6,0x53,0xE6,0x53,0xE6,0x53,0xE6,0x53,0xE6,0x53,0xE6,0x53,0xE6,
    0x53,0xE6,0x53,0xE6,0x53,0xE6,0x53,0xE6,0x53,0xE6,0x53,0xE6,0x53,0xE6,0x53,0xE6,
    0x53,0xE6,0x53,0xE6,0x53,0xE6,0x53,0xE6,0x53,0xE6,0x53,0xE6,0x53,0xE6,0x53,0xE6,
    0x53,0xE6,0x53,0xE6,0x53,0xE6,0x53,0xE6,0x53,0xE6,0x53,0xE6,0x53,0xE6,0x53,0xE6,
    0x53,0xE6,0x53,0xE6,0x53,0xE6,0x53,0xE6,0x53,0xE6,0x53,0xE6,0x53,0xE6,0x53,0xE6,
    0x53,0xE6,0x53,0xE6,0x53,0xE6,0x53,0xE6,0x53,0xE6,0x53,0xE6,0x53,0xE6,0x53,0xE6,
    0x53,0xE6,0x53,0xE6,0x53,0xE6,0x53,0xE6,0x53,0xE6,0x53,0xE6,0x53,0xE6,0x53,0xE6,
    0x53,0xE6,0x53,0xE6,0x53,0xE6,0x32,0xE6,0x47,0x52,0xE3,0x20,0x09,0x73,0x73,0xEE,
    0x52,0xE6,0x32,0xE6,0x93,0xF6,0xCE,0xB4,0x00,0x00,0x20,0x08,0x00,0x00,0x6A,0x7B,
    0xB4,0xF6,0x32,0xE6,0x53,0xE6,0x53,0xE6,0x53,0xE6,0x53,0xE6,0x53,0xE6,0x53,0xE6,
    0x53,0xE6,0x53,0xE6,0x53,0xE6,0x53,0xE6,0x53,0xE6,0x53,0xE6,0x53,0xE6,0x53,0xE6,
    0x53,0xE6,0x53,0xE6,0x53,0xE6,0x53,0xE6,0x53,0xE6,0x53,0xE6,0x32,0xE6,0x32,0xE6,
    0x2C,0x94,0x93,0xF6,0x32,0xE6,0x53,0xE6,0x53,0xE6,0x53,0xE6,0x53,0xE6,0x53,0xE6,
    0x53,0xE6,0x53,0xE6,0x53,0xE6,0x53,0xE6,0x53,0xE6,0x53,0xE6,0x53,0xE6,0x53,0xE6,
    0x53,0xE6,0x53,0xE6,0x53,0xE6,0x53,0xE6,0x53,0xE6,0x53,0xE6,0x53,0xE6,0x53,0xE6,
    0x73,0xEE,0xF2,0xDD,0x81,0x10,0x00,0x00,0x00,0x00,0x50,0xC5,0x53,0xEE,0x53,0xE6,
    0xF2,0xDD,0x82,0x10,0x00,0x00,0x21,0x08,0x70,0xCD,0x73,0xEE,0x52,0xE6,0x53,0xE6,
    0x53,0xE6,0x53,0xE6,0x53,0xE6,0x53,0xE6,0x53,0xE6,0x53,0xE6,0x53,0xE6,0x53,0xE6,
    0x53,0xE6,0x53,0xE6,0x53,0xE6,0x53,0xE6,0x53,0xE6,0x53,0xE6,0x53,0xE6,0x53,0xE6,
    0x53,0xE6,0x53,0xE6,0x53,0xE6,0x53,0xE6,0x53,0xE6,0x53,0xE6,0x53,0xE6,0x53,0xE6,
    0x53,0xE6,0x53,0xE6,0x53,0xE6,0x53,0xE6,0x53,0xE6,0x53,0xE6,0x53,0xE6,0x53,0xE6,
    0x53,0xE6,0x53,0xE6,0x53,0xE6,0x53,0xE6,0x53,0xE6,0x53,0xE6,0x53,0xE6,0x53,0xE6,
    0x53,0xE6,0x53,0xE6,0x53,0xE6,0x53,0xE6,0x53,0xE6,0x53,0xE6,0x53,0xE6,0x53,0xE6,
    0x53,0xE6,0x53,0xE6,0x53,0xE6,0x53,0xE6,0x53,0xE6,0x53,0xE6,0x53,0xE6,0x53,0xE6,
    0x53,0xE6,0x53,0xE6,0x53,0xE6,0x53,0xE6,0x53,0xE6,0x53,0xE6,0x53,0xE6,0x53,0xE6,
    0x53,0xE6,0x53,0xE6,0x53,0xE6,0x53,0xE6,0x53,0xE6,0x53,0xE6,0x53,0xE6,0x73,0xEE,
    0xEA,0x9B,0xB0,0xCD,0x31,0xE6,0x6D,0xCD,0xCC,0xBC,0x89,0xBB,0x4B,0xD4,0x0E,0xDD,
    0x76,0xEE,0xBD,0xFF,0x8E,0xCC,0xB0,0xD5,0xCE,0xD5,0x51,0xE6,0x8C,0xAC,0x50,0xC5,
    0xB4,0xF6,0x32,0xE6,0x52,0xE6,0x53,0xE6,0x53,0xE6,0x53,0xE6,0x53,0xE6,0x53,0xE6,
    0x53,0xE6,0x53,0xE6,0x53,0xE6,0x53,0xE6,0x53,0xE6,0x53,0xE6,0x53,0xE6,0x53,0xE6,
    0x53,0xE6,0x53,0xE6,0x53,0xE6,0x53,0xE6,0x53,0xE6,0x53,0xE6,0x53,0xE6,0x53,0xE6,
    0x53,0xE6,0x53,0xE6,0x53,0xE6,0x53,0xE6,0x53,0xE6,0x53,0xE6,0x53,0xE6,0x53,0xE6,
    0x53,0xE6,0x53,0xE6,0x53,0xE6,0x53,0xE6,0x53,0xE6,0x53,0xE6,0x53,0xE6,0x53,0xE6,
    0x53,0xE6,0x53,0xE6,0x53,0xE6,0x53,0xE6,0x53,0xE6,0x53,0xE6,0x53,0xE6,0x53,0xE6,
    0x53,0xE6,0x53,0xE6,0x53,0xE6,0x53,0xE6,0x53,0xE6,0x53,0xE6,0x53,0xE6,0x53,0xE6,
    0x53,0xE6,0x53,0xE6,0x53,0xE6,0x53,0xE6,0x53,0xE6,0x53,0xE6,0x53,0xE6,0x53,0xE6,
    0x53,0xE6,0x53,0xE6,0x53,0xE6,0x53,0xE6,0x53,0xE6,0x53,0xE6,0x53,0xE6,0x53,0xE6,
    0x53,0xE6,0x32,0xE6,0xB4,0xF6,0x2D,0x9C,0x00,0x00,0x00,0x00,0x00,0x00,0xB1,0xD5,
    0x73,0xEE,0x12,0xDE,0xB4,0xF6,0xEC,0x93,0x00,0x00,0x21,0x08,0x00,0x00,0x0C,0x94,
    0xB4,0xF6,0x32,0xE6,0x53,0xE6,0x53,0xE6,0x53,0xE6,0x53,0xE6,0x53,0xE6,0x53,0xE6,
    0x53,0xE6,0x53,0xE6,0x53,0xE6,0x53,0xE6,0x53,0xE6,0x53,0xE6,0x53,0xE6,0x53,0xE6,
    0x53,0xE6,0x53,0xE6,0x53,0xE6,0x53,0xE6,0x53,0xE6,0x53,0xEE,0x12,0xDE,0x12,0xDE,
    0x2C,0x9C,0x93,0xF6,0x32,0xE6,0x53,0xE6,0x53,0xE6,0x53,0xE6,0x53,0xE6,0x53,0xE6,
    0x53,0xE6,0x53,0xE6,0x53,0xE6,0x53,0xE6,0x53,0xE6,0x53,0xE6,0x53,0xE6,0x53,0xE6,
    0x53,0xE6,0x53,0xE6,0x53,0xE6,0x53,0xE6,0x53,0xE6,0x53,0xE6,0x53,0xE6,0x52,0xE6,
    0x73,0xEE,0xB1,0xCD,0x20,0x08,0x20,0x08,0x61,0x10,0xF2,0xDD,0xD4,0xFE,0x15,0xFF,
    0x29,0x73,0x00,0x00,0x00,0x00,0x29,0x73,0xB4,0xF6,0x32,0xE6,0x53,0xE6,0x53,0xE6,
    0x53,0xE6,0x53,0xE6,0x53,0xE6,0x53,0xE6,0x53,0xE6,0x53,0xE6,0x53,0xE6,0x53,0xE6,
    0x53,0xE6,0x53,0xE6,0x53,0xE6,0x53,0xE6,0x53,0xE6,0x53,0xE6,0x53,0xE6,0x53,0xE6,
    0x53,0xE6,0x53,0xE6,0x53,0xE6,0x53,0xE6,0x53,0xE6,0x53,0xE6,0x53,0xE6,0x53,0xE6,
    0x53,0xE6,0x53,0xE6,0x53,0xE6,0x53,0xE6,0x53,0xE6,0x53,0xE6,0x53,0xE6,0x53,0xE6,
    0x53,0xE6,0x53,0xE6,0x53,0xE6,0x53,0xE6,0x53,0xE6,0x53,0xE6,0x53,0xE6,0x53,0xE6,
    0x53,0xE6,0x53,0xE6,0x53,0xE6,0x53,0xE6,0x53,0xE6,0x53,0xE6,0x53,0xE6,0x53,0xE6,
    0x53,0xE6,0x53,0xE6,0x53,0xE6,0x53,0xE6,0x53,0xE6,0x53,0xE6,0x53,0xE6,0x53,0xE6,
    0x53,0xE6,0x53,0xE6,0x53,0xE6,0x53,0xE6,0x53,0xE6,0x53,0xE6,0x53,0xE6,0x53,0xE6,
    0x53,0xE6,0x53,0xE6,0x53,0xE6,0x53,0xE6,0x53,0xE6,0x53,0xE6,0x52,0xE6,0x73,0xEE,
    0x70,0xCD,0xE9,0xA3,0x31,0xDE,0xF0,0xDD,0x2C,0xCD,0xED,0xCC,0x8C,0xCC,0x6C,0xD4,
    0x2F,0xDD,0xB8,0xEE,0x75,0xE6,0xCE,0xD5,0xEF,0xDD,0x31,0xDE,0xCA,0x9B,0x94,0xEE,
    0x32,0xE6,0x53,0xE6,0x52,0xE6,0x53,0xE6,0x53,0xE6,0x53,0xE6,0x53,0xE6,0x53,0xE6,
    0x53,0xE6,0x53,0xE6,0x53,0xE6,0x53,0xE6,0x53,0xE6,0x53,0xE6,0x53,0xE6,0x53,0xE6,
    0x53,0xE6,0x53,0xE6,0x53,0xE6,0x53,0xE6,0x53,0xE6,0x53,0xE6,0x53,0xE6,0x53,0xE6,
    0x53,0xE6,0x53,0xE6,0x53,0xE6,0x53,0xE6,0x53,0xE6,0x53,0xE6,0x53,0xE6,0x53,0xE6,
    0x53,0xE6,0x53,0xE6,0x53,0xE6,0x53,0xE6,0x53,0xE6,0x53,0xE6,0x53,0xE6,0x53,0xE6,
    0x53,0xE6,0x53,0xE6,0x53,0xE6,0x53,0xE6,0x53,0xE6,0x53,0xE6,0x53,0xE6,0x53,0xE6,
    0x53,0xE6,0x53,0xE6,0x53,0xE6,0x53,0xE6,0x53,0xE6,0x53,0xE6,0x53,0xE6,0x53,0xE6,
    0x53,0xE6,0x53,0xE6,0x53,0xE6,0x53,0xE6,0x53,0xE6,0x53,0xE6,0x53,0xE6,0x53,0xE6,
    0x53,0xE6,0x53,0xE6,0x53,0xE6,0x53,0xE6,0x53,0xE6,0x53,0xE6,0x53,0xE6,0x53,0xE6,
    0x53,0xE6,0x32,0xE6,0xB4,0xF6,0x8D,0xA4,0x00,0x00,0x20,0x08,0x84,0x39,0xB4,0xF6,
    0x73,0xEE,0x73,0xEE,0xF4,0xFE,0x06,0x4A,0x00,0x00,0x00,0x00,0x81,0x10,0xF2,0xDD,
    0x73,0xEE,0x53,0xE6,0x53,0xE6,0x53,0xE6,0x53,0xE6,0x53,0xE6,0x53,0xE6,0x53,0xE6,
    0x53,0xE6,0x53,0xE6,0x53,0xE6,0x53,0xE6,0x53,0xE6,0x53,0xE6,0x53,0xE6,0x53,0xE6,
    0x53,0xE6,0x53,0xE6,0x53,0xE6,0x53,0xE6,0x53,0xE6,0x53,0xE6,0x32,0xE6,0x32,0xE6,
    0x2C,0x9C,0x93,0xF6,0x32,0xE6,0x53,0xE6,0x53,0xE6,0x53,0xE6,0x53,0xE6,0x53,0xE6,
    0x53,0xE6,0x53,0xE6,0x53,0xE6,0x53,0xE6,0x53,0xE6,0x53,0xE6,0x53,0xE6,0x53,0xE6,
    0x53,0xE6,0x53,0xE6,0x53,0xE6,0x53,0xE6,0x53,0xE6,0x53,0xE6,0x53,0xE6,0x53,0xE6,
    0x32,0xE6,0x94,0xF6,0xA8,0x62,0x00,0x00,0x00,0x00,0x29,0x73,0xAE,0xAC,0xE9,0x6A,
    0x00,0x00,0x00,0x00,0x47,0x52,0x73,0xEE,0x53,0xE6,0x53,0xE6,0x53,0xE6,0x53,0xE6,
    0x53,0xE6,0x53,0xE6,0x53,0xE6,0x53,0xE6,0x53,0xE6,0x53,0xE6,0x53,0xE6,0x53,0xE6,
    0x53,0xE6,0x53,0xE6,0x53,0xE6,0x53,0xE6,0x53,0xE6,0x53,0xE6,0x53,0xE6,0x53,0xE6,
    0x53,0xE6,0x53,0xE6,0x53,0xE6,0x53,0xE6,0x53,0xE6,0x53,0xE6,0x53,0xE6,0x53,0xE6,
    0x53,0xE6,0x53,0xE6,0x53,0xE6,0x53,0xE6,0x53,0xE6,0x53,0xE6,0x53,0xE6,0x53,0xE6,
    0x53,0xE6,0x53,0xE6,0x53,0xE6,0x53,0xE6,0x53,0xE6,0x53,0xE6,0x53,0xE6,0x53,0xE6,
    0x53,0xE6,0x53,0xE6,0x53,0xE6,0x53,0xE6,0x53,0xE6,0x53,0xE6,0x53,0xE6,0x53,0xE6,
    0x53,0xE6,0x53,0xE6,0x53,0xE6,0x53,0xE6,0x53,0xE6,0x53,0xE6,0x53,0xE6,0x53,0xE6,
    0x53,0xE6,0x53,0xE6,0x53,0xE6,0x53,0xE6,0x53,0xE6,0x53,0xE6,0x53,0xE6,0x53,0xE6,
    0x53,0xE6,0x53,0xE6,0x53,0xE6,0x53,0xE6,0x53,0xE6,0x53,0xE6,0x52,0xE6,0x32,0xE6,
    0xD5,0xF6,0x6C,0xB4,0x4B,0xAC,0x72,0xE6,0x73,0xE6,0x10,0xDE,0x8E,0xD5,0xB0,0xD5,
    0xF1,0xDD,0x52,0xE6,0xEF,0xDD,0xCE,0xD5,0xF4,0xEE,0x2B,0xA4,0xF2,0xD5,0x94,0xEE,
    0x32,0xE6,0x53,0xE6,0x53,0xE6,0x53,0xE6,0x53,0xE6,0x53,0xE6,0x53,0xE6,0x53,0xE6,
    0x53,0xE6,0x53,0xE6,0x53,0xE6,0x53,0xE6,0x53,0xE6,0x53,0xE6,0x53,0xE6,0x53,0xE6,
    0x53,0xE6,0x53,0xE6,0x53,0xE6,0x53,0xE6,0x53,0xE6,0x53,0xE6,0x53,0xE6,0x53,0xE6,
    0x53,0xE6,0x53,0xE6,0x53,0xE6,0x53,0xE6,0x53,0xE6,0x53,0xE6,0x53,0xE6,0x53,0xE6,
    0x53,0xE6,0x53,0xE6,0x53,0xE6,0x53,0xE6,0x53,0xE6,0x53,0xE6,0x53,0xE6,0x53,0xE6,
    0x53,0xE6,0x53,0xE6,0x53,0xE6,0x53,0xE6,0x53,0xE6,0x53,0xE6,0x53,0xE6,0x53,0xE6,
    0x53,0xE6,0x53,0xE6,0x53,0xE6,0x53,0xE6,0x53,0xE6,0x53,0xE6,0x53,0xE6,0x53,0xE6,
    0x53,0xE6,0x53,0xE6,0x53,0xE6,0x53,0xE6,0x53,0xE6,0x53,0xE6,0x53,0xE6,0x53,0xE6,
    0x53,0xE6,0x53,0xE6,0x53,0xE6,0x53,0xE6,0x53,0xE6,0x53,0xE6,0x53,0xE6,0x53,0xE6,
    0x53,0xE6,0x53,0xE6,0x53,0xE6,0x73,0xEE,0x26,0x52,0x00,0x00,0xC2,0x20,0x6D,0xA4,
    0xD1,0xD5,0xB1,0xD5,0x29,0x73,0x00,0x00,0x00,0x00,0x20,0x00,0x8D,0xAC,0xB4,0xF6,
    0x32,0xE6,0x53,0xE6,0x53,0xE6,0x53,0xE6,0x53,0xE6,0x53,0xE6,0x53,0xE6,0x53,0xE6,
    0x53,0xE6,0x53,0xE6,0x53,0xE6,0x53,0xE6,0x53,0xE6,0x53,0xE6,0x53,0xE6,0x53,0xE6,
    0x53,0xE6,0x53,0xE6,0x53,0xE6,0x53,0xE6,0x53,0xE6,0x53,0xE6,0x32,0xE6,0x32,0xE6,
    0x2D,0x9C,0x93,0xEE,0x32,0xE6,0x53,0xE6,0x53,0xE6,0x53,0xE6,0x53,0xE6,0x53,0xE6,
    0x53,0xE6,0x53,0xE6,0x53,0xE6,0x53,0xE6,0x53,0xE6,0x53,0xE6,0x53,0xE6,0x53,0xE6,
    0x53,0xE6,0x53,0xE6,0x53,0xE6,0x53,0xE6,0x53,0xE6,0x53,0xE6,0x53,0xE6,0x53,0xE6,
    0x53,0xE6,0x53,0xE6,0x73,0xEE,0xAB,0x83,0x23,0x29,0x00,0x00,0x00,0x00,0x00,0x00,
    0x64,0x31,0xEC,0x93,0x94,0xF6,0x53,0xE6,0x52,0xE6,0x53,0xE6,0x53,0xE6,0x53,0xE6,
    0x53,0xE6,0x53,0xE6,0x53,0xE6,0x53,0xE6,0x53,0xE6,0x53,0xE6,0x53,0xE6,0x53,0xE6,
    0x53,0xE6,0x53,0xE6,0x53,0xE6,0x53,0xE6,0x53,0xE6,0x53,0xE6,0x53,0xE6,0x53,0xE6,
    0x53,0xE6,0x53,0xE6,0x53,0xE6,0x53,0xE6,0x53,0xE6,0x53,0xE6,0x53,0xE6,0x53,0xE6,
    0x53,0xE6,0x53,0xE6,0x53,0xE6,0x53,0xE6,0x53,0xE6,0x53,0xE6,0x53,0xE6,0x53,0xE6,
    0x53,0xE6,0x53,0xE6,0x53,0xE6,0x53,0xE6,0x53,0xE6,0x53,0xE6,0x53,0xE6,0x53,0xE6,
    0x53,0xE6,0x53,0xE6,0x53,0xE6,0x53,0xE6,0x53,0xE6,0x53,0xE6,0x53,0xE6,0x53,0xE6,
    0x53,0xE6,0x53,0xE6,0x53,0xE6,0x53,0xE6,0x53,0xE6,0x53,0xE6,0x53,0xE6,0x53,0xE6,
    0x53,0xE6,0x53,0xE6,0x53,0xE6,0x53,0xE6,0x53,0xE6,0x53,0xE6,0x53,0xE6,0x53,0xE6,
    0x53,0xE6,0x53,0xE6,0x53,0xE6,0x53,0xE6,0x53,0xE6,0x53,0xE6,0x52,0xE6,0x52,0xE6,
    0x53,0xE6,0x94,0xEE,0x0A,0xA4,0x4B,0xAC,0x93,0xE6,0x15,0xF7,0x72,0xE6,0x51,0xE6,
    0xEF,0xDD,0xCF,0xDD,0xB4,0xEE,0x11,0xDE,0xE9,0x9B,0x50,0xCD,0xD5,0xF6,0x32,0xE6,
    0x53,0xE6,0x52,0xE6,0x53,0xE6,0x53,0xE6,0x53,0xE6,0x53,0xE6,0x53,0xE6,0x53,0xE6,
    0x53,0xE6,0x53,0xE6,0x53,0xE6,0x53,0xE6,0x53,0xE6,0x53,0xE6,0x53,0xE6,0x53,0xE6,
    0x53,0xE6,0x53,0xE6,0x53,0xE6,0x53,0xE6,0x53,0xE6,0x53,0xE6,0x53,0xE6,0x53,0xE6,
    0x53,0xE6,0x53,0xE6,0x53,0xE6,0x53,0xE6,0x53,0xE6,0x53,0xE6,0x53,0xE6,0x53,0xE6,
    0x53,0xE6,0x53,0xE6,0x53,0xE6,0x53,0xE6,0x53,0xE6,0x53,0xE6,0x53,0xE6,0x53,0xE6,
    0x53,0xE6,0x53,0xE6,0x53,0xE6,0x53,0xE6,0x53,0xE6,0x53,0xE6,0x53,0xE6,0x53,0xE6,
    0x53,0xE6,0x53,0xE6,0x53,0xE6,0x53,0xE6,0x53,0xE6,0x53,0xE6,0x53,0xE6,0x53,0xE6,
    0x53,0xE6,0x53,0xE6,0x53,0xE6,0x53,0xE6,0x53,0xE6,0x53,0xE6,0x53,0xE6,0x53,0xE6,
    0x53,0xE6,0x53,0xE6,0x53,0xE6,0x53,0xE6,0x53,0xE6,0x53,0xE6,0x53,0xE6,0x53,0xE6,
    0x53,0xE6,0x53,0xE6,0x52,0xE6,0x73,0xEE,0x73,0xEE,0x29,0x73,0x61,0x10,0x00,0x00,
    0x00,0x00,0x00,0x00,0x00,0x00,0x41,0x08,0xC5,0x41,0x0F,0xB5,0xB4,0xF6,0x32,0xE6,
    0x53,0xE6,0x53,0xE6,0x53,0xE6,0x53,0xE6,0x53,0xE6,0x53,0xE6,0x53,0xE6,0x53,0xE6,
    0x53,0xE6,0x53,0xE6,0x53,0xE6,0x53,0xE6,0x53,0xE6,0x53,0xE6,0x53,0xE6,0x53,0xE6,
    0x53,0xE6,0x53,0xE6,0x53,0xE6,0x53,0xE6,0x53,0xE6,0x53,0xE6,0x32,0xE6,0x32,0xE6,
    0x4D,0x9C,0x73,0xEE,0x52,0xE6,0x53,0xE6,0x53,0xE6,0x53,0xE6,0x53,0xE6,0x53,0xE6,
    0x53,0xE6,0x53,0xE6,0x53,0xE6,0x53,0xE6,0x53,0xE6,0x53,0xE6,0x53,0xE6,0x53,0xE6,
    0x53,0xE6,0x53,0xE6,0x53,0xE6,0x53,0xE6,0x53,0xE6,0x53,0xE6,0x53,0xE6,0x53,0xE6,
    0x53,0xE6,0x53,0xE6,0x53,0xE6,0xB4,0xF6,0x53,0xEE,0x90,0xCD,0x70,0xC5,0xB1,0xCD,
    0x73,0xEE,0xB4,0xF6,0x32,0xE6,0x52,0xE6,0x53,0xE6,0x53,0xE6,0x53,0xE6,0x53,0xE6,
    0x53,0xE6,0x53,0xE6,0x53,0xE6,0x53,0xE6,0x53,0xE6,0x53,0xE6,0x53,0xE6,0x53,0xE6,
    0x53,0xE6,0x53,0xE6,0x53,0xE6,0x53,0xE6,0x53,0xE6,0x53,0xE6,0x53,0xE6,0x53,0xE6,
    0x53,0xE6,0x53,0xE6,0x53,0xE6,0x53,0xE6,0x53,0xE6,0x53,0xE6,0x53,0xE6,0x53,0xE6,
    0x53,0xE6,0x53,0xE6,0x53,0xE6,0x53,0xE6,0x53,0xE6,0x53,0xE6,0x53,0xE6,0x53,0xE6,
    0x53,0xE6,0x53,0xE6,0x53,0xE6,0x53,0xE6,0x53,0xE6,0x53,0xE6,0x53,0xE6,0x53,0xE6,
    0x53,0xE6,0x53,0xE6,0x53,0xE6,0x53,0xE6,0x53,0xE6,0x53,0xE6,0x53,0xE6,0x53,0xE6,
    0x53,0xE6,0x53,0xE6,0x53,0xE6,0x53,0xE6,0x53,0xE6,0x53,0xE6,0x53,0xE6,0x53,0xE6,
    0x53,0xE6,0x53,0xE6,0x53,0xE6,0x53,0xE6,0x53,0xE6,0x53,0xE6,0x53,0xE6,0x53,0xE6,
    0x53,0xE6,0x53,0xE6,0x53,0xE6,0x53,0xE6,0x53,0xE6,0x53,0xE6,0x53,0xE6,0x53,0xE6,
    0x32,0xE6,0x52,0xE6,0x94,0xEE,0xCD,0xBC,0xEA,0x9B,0xED,0xBC,0xF0,0xD5,0x52,0xDE,
    0xEF,0xD5,0x2D,0xC5,0x6C,0xA4,0x2C,0xA4,0xF2,0xD5,0xD5,0xF6,0x32,0xE6,0x53,0xE6,
    0x53,0xE6,0x53,0xE6,0x53,0xE6,0x53,0xE6,0x53,0xE6,0x53,0xE6,0x53,0xE6,0x53,0xE6,
    0x53,0xE6,0x53,0xE6,0x53,0xE6,0x53,0xE6,0x53,0xE6,0x53,0xE6,0x53,0xE6,0x53,0xE6,
    0x53,0xE6,0x53,0xE6,0x53,0xE6,0x53,0xE6,0x53,0xE6,0x53,0xE6,0x53,0xE6,0x53,0xE6,
    0x53,0xE6,0x53,0xE6,0x53,0xE6,0x53,0xE6,0x53,0xE6,0x53,0xE6,0x53,0xE6,0x53,0xE6,
    0x53,0xE6,0x53,0xE6,0x53,0xE6,0x53,0xE6,0x53,0xE6,0x53,0xE6,0x53,0xE6,0x53,0xE6,
    0x53,0xE6,0x53,0xE6,0x53,0xE6,0x53,0xE6,0x53,0xE6,0x53,0xE6,0x53,0xE6,0x53,0xE6,
    0x53,0xE6,0x53,0xE6,0x53,0xE6,0x53,0xE6,0x53,0xE6,0x53,0xE6,0x53,0xE6,0x53,0xE6,
    0x53,0xE6,0x53,0xE6,0x53,0xE6,0x53,0xE6,0x53,0xE6,0x53,0xE6,0x53,0xE6,0x53,0xE6,
    0x53,0xE6,0x53,0xE6,0x53,0xE6,0x53,0xE6,0x53,0xE6,0x53,0xE6,0x53,0xE6,0x53,0xE6,
    0x53,0xE6,0x53,0xE6,0x53,0xE6,0x52,0xE6,0x53,0xE6,0xB4,0xF6,0xF2,0xDD,0x8D,0xA4,
    0xEC,0x93,0xEC,0x93,0x6D,0xA4,0x90,0xCD,0x93,0xEE,0x93,0xF6,0x32,0xE6,0x53,0xE6,
    0x53,0xE6,0x53,0xE6,0x53,0xE6,0x53,0xE6,0x53,0xE6,0x53,0xE6,0x53,0xE6,0x53,0xE6,
    0x53,0xE6,0x53,0xE6,0x53,0xE6,0x53,0xE6,0x53,0xE6,0x53,0xE6,0x53,0xE6,0x53,0xE6,
    0x53,0xE6,0x53,0xE6,0x53,0xE6,0x53,0xE6,0x53,0xE6,0x53,0xE6,0x32,0xE6,0x32,0xE6,
    0x4C,0x9C,0x73,0xEE,0x52,0xE6,0x53,0xE6,0x53,0xE6,0x53,0xE6,0x53,0xE6,0x53,0xE6,
    0x53,0xE6,0x53,0xE6,0x53,0xE6,0x53,0xE6,0x53,0xE6,0x53,0xE6,0x53,0xE6,0x53,0xE6,
    0x53,0xE6,0x53,0xE6,0x53,0xE6,0x53,0xE6,0x53,0xE6,0x53,0xE6,0x53,0xE6,0x53,0xE6,
    0x53,0xE6,0x53,0xE6,0x53,0xE6,0x32,0xE6,0x53,0xE6,0x73,0xEE,0x93,0xEE,0x73,0xEE,
    0x52,0xE6,0x32,0xE6,0x53,0xE6,0x53,0xE6,0x53,0xE6,0x53,0xE6,0x53,0xE6,0x53,0xE6,
    0x53,0xE6,0x53,0xE6,0x53,0xE6,0x53,0xE6,0x53,0xE6,0x53,0xE6,0x53,0xE6,0x53,0xE6,
    0x53,0xE6,0x53,0xE6,0x53,0xE6,0x53,0xE6,0x53,0xE6,0x53,0xE6,0x53,0xE6,0x53,0xE6,
    0x53,0xE6,0x53,0xE6,0x53,0xE6,0x53,0xE6,0x53,0xE6,0x53,0xE6,0x53,0xE6,0x53,0xE6,
    0x53,0xE6,0x53,0xE6,0x53,0xE6,0x53,0xE6,0x53,0xE6,0x53,0xE6,0x53,0xE6,0x53,0xE6,
    0x53,0xE6,0x53,0xE6,0x53,0xE6,0x53,0xE6,0x53,0xE6,0x53,0xE6,0x53,0xE6,0x53,0xE6,
    0x53,0xE6,0x53,0xE6,0x53,0xE6,0x53,0xE6,0x53,0xE6,0x53,0xE6,0x53,0xE6,0x53,0xE6,
    0x53,0xE6,0x53,0xE6,0x53,0xE6,0x53,0xE6,0x53,0xE6,0x53,0xE6,0x53,0xE6,0x53,0xE6,
    0x53,0xE6,0x53,0xE6,0x53,0xE6,0x53,0xE6,0x53,0xE6,0x53,0xE6,0x53,0xE6,0x53,0xE6,
    0x53,0xE6,0x53,0xE6,0x53,0xE6,0x53,0xE6,0x53,0xE6,0x53,0xE6,0x53,0xE6,0x53,0xE6,
    0x53,0xE6,0x52,0xE6,0x53,0xE6,0xD5,0xF6,0x12,0xDE,0xCE,0xB4,0x4B,0xAC,0xEA,0xA3,
    0x0A,0xA4,0x4C,0xA4,0xEF,0xBC,0x94,0xEE,0x94,0xEE,0x32,0xE6,0x52,0xE6,0x52,0xE6,
    0x53,0xE6,0x53,0xE6,0x53,0xE6,0x53,0xE6,0x53,0xE6,0x53,0xE6,0x53,0xE6,0x53,0xE6,
    0x53,0xE6,0x53,0xE6,0x53,0xE6,0x53,0xE6,0x53,0xE6,0x53,0xE6,0x53,0xE6,0x53,0xE6,
    0x53,0xE6,0x53,0xE6,0x53,0xE6,0x53,0xE6,0x53,0xE6,0x53,0xE6,0x53,0xE6,0x53,0xE6,
    0x53,0xE6,0x53,0xE6,0x53,0xE6,0x53,0xE6,0x53,0xE6,0x53,0xE6,0x53,0xE6,0x53,0xE6,
    0x53,0xE6,0x53,0xE6,0x53,0xE6,0x53,0xE6,0x53,0xE6,0x53,0xE6,0x53,0xE6,0x53,0xE6,
    0x53,0xE6,0x53,0xE6,0x53,0xE6,0x53,0xE6,0x53,0xE6,0x53,0xE6,0x53,0xE6,0x53,0xE6,
    0x53,0xE6,0x53,0xE6,0x53,0xE6,0x53,0xE6,0x53,0xE6,0x53,0xE6,0x53,0xE6,0x53,0xE6,
    0x53,0xE6,0x53,0xE6,0x53,0xE6,0x53,0xE6,0x53,0xE6,0x53,0xE6,0x53,0xE6,0x53,0xE6,
    0x53,0xE6,0x53,0xE6,0x53,0xE6,0x53,0xE6,0x53,0xE6,0x53,0xE6,0x53,0xE6,0x53,0xE6,
    0x53,0xE6,0x53,0xE6,0x53,0xE6,0x53,0xE6,0x53,0xE6,0x32,0xE6,0x73,0xEE,0xB4,0xF6,
    0xB4,0xF6,0xB4,0xF6,0xB4,0xF6,0x73,0xEE,0x52,0xE6,0x32,0xE6,0x53,0xE6,0x53,0xE6,
    0x53,0xE6,0x53,0xE6,0x53,0xE6,0x53,0xE6,0x53,0xE6,0x53,0xE6,0x53,0xE6,0x53,0xE6,
    0x53,0xE6,0x53,0xE6,0x53,0xE6,0x53,0xE6,0x53,0xE6,0x53,0xE6,0x53,0xE6,0x53,0xE6,
    0x53,0xE6,0x53,0xE6,0x53,0xE6,0x53,0xE6,0x53,0xE6,0x53,0xE6,0x32,0xE6,0x52,0xE6,
    0x4D,0x9C,0x53,0xE6,0x53,0xE6,0x53,0xE6,0x53,0xE6,0x53,0xE6,0x53,0xE6,0x53,0xE6,
    0x52,0xE6,0x52,0xE6,0x32,0xE6,0x32,0xE6,0x32,0xE6,0x52,0xE6,0x53,0xE6,0x53,0xE6,
    0x53,0xE6,0x53,0xE6,0x53,0xE6,0x53,0xE6,0x53,0xE6,0x53,0xE6,0x53,0xE6,0x53,0xE6,
    0x53,0xE6,0x53,0xE6,0x53,0xE6,0x53,0xE6,0x53,0xE6,0x52,0xE6,0x32,0xE6,0x52,0xE6,
    0x53,0xE6,0x53,0xE6,0x53,0xE6,0x53,0xE6,0x53,0xE6,0x53,0xE6,0x53,0xE6,0x53,0xE6,
    0x53,0xE6,0x53,0xE6,0x53,0xE6,0x53,0xE6,0x53,0xE6,0x53,0xE6,0x53,0xE6,0x53,0xE6,
    0x53,0xE6,0x53,0xE6,0x53,0xE6,0x53,0xE6,0x53,0xE6,0x53,0xE6,0x53,0xE6,0x53,0xE6,
    0x53,0xE6,0x53,0xE6,0x53,0xE6,0x53,0xE6,0x53,0xE6,0x53,0xE6,0x53,0xE6,0x53,0xE6,
    0x53,0xE6,0x53,0xE6,0x53,0xE6,0x53,0xE6,0x53,0xE6,0x53,0xE6,0x53,0xE6,0x53,0xE6,
    0x53,0xE6,0x53,0xE6,0x53,0xE6,0x53,0xE6,0x53,0xE6,0x53,0xE6,0x53,0xE6,0x53,0xE6,
    0x53,0xE6,0x53,0xE6,0x53,0xE6,0x53,0xE6,0x53,0xE6,0x53,0xE6,0x53,0xE6,0x53,0xE6,
    0x53,0xE6,0x53,0xE6,0x53,0xE6,0x53,0xE6,0x53,0xE6,0x53,0xE6,0x53,0xE6,0x53,0xE6,
    0x53,0xE6,0x53,0xE6,0x53,0xE6,0x53,0xE6,0x53,0xE6,0x53,0xE6,0x53,0xE6,0x53,0xE6,
    0x53,0xE6,0x53,0xE6,0x53,0xE6,0x53,0xE6,0x53,0xE6,0x53,0xE6,0x53,0xE6,0x53,0xE6,
    0x53,0xE6,0x53,0xE6,0x53,0xE6,0x32,0xE6,0x73,0xEE,0xB4,0xF6,0x94,0xEE,0x73,0xEE,
    0x73,0xEE,0xB4,0xF6,0x93,0xEE,0x32,0xE6,0x32,0xE6,0x53,0xE6,0x53,0xE6,0x53,0xE6,
    0x53,0xE6,0x53,0xE6,0x53,0xE6,0x53,0xE6,0x53,0xE6,0x53,0xE6,0x53,0xE6,0x53,0xE6,
    0x53,0xE6,0x53,0xE6,0x53,0xE6,0x53,0xE6,0x53,0xE6,0x53,0xE6,0x53,0xE6,0x53,0xE6,
    0x53,0xE6,0x53,0xE6,0x53,0xE6,0x53,0xE6,0x53,0xE6,0x53,0xE6,0x53,0xE6,0x53,0xE6,
    0x53,0xE6,0x53,0xE6,0x53,0xE6,0x53,0xE6,0x53,0xE6,0x53,0xE6,0x53,0xE6,0x53,0xE6,
    0x53,0xE6,0x53,0xE6,0x53,0xE6,0x53,0xE6,0x53,0xE6,0x53,0xE6,0x53,0xE6,0x53,0xE6,
    0x53,0xE6,0x53,0xE6,0x53,0xE6,0x53,0xE6,0x53,0xE6,0x53,0xE6,0x53,0xE6,0x53,0xE6,
    0x53,0xE6,0x53,0xE6,0x53,0xE6,0x53,0xE6,0x53,0xE6,0x53,0xE6,0x53,0xE6,0x53,0xE6,
    0x53,0xE6,0x53,0xE6,0x53,0xE6,0x53,0xE6,0x53,0xE6,0x53,0xE6,0x53,0xE6,0x53,0xE6,
    0x53,0xE6,0x53,0xE6,0x53,0xE6,0x53,0xE6,0x53,0xE6,0x53,0xE6,0x53,0xE6,0x53,0xE6,
    0x53,0xE6,0x53,0xE6,0x53,0xE6,0x53,0xE6,0x53,0xE6,0x53,0xE6,0x52,0xE6,0x32,0xE6,
    0x32,0xE6,0x32,0xE6,0x32,0xE6,0x52,0xE6,0x53,0xE6,0x53,0xE6,0x53,0xE6,0x53,0xE6,
    0x53,0xE6,0x53,0xE6,0x53,0xE6,0x53,0xE6,0x53,0xE6,0x53,0xE6,0x53,0xE6,0x53,0xE6,
    0x53,0xE6,0x53,0xE6,0x32,0xE6,0x32,0xE6,0x32,0xE6,0x52,0xE6,0x52,0xE6,0x53,0xE6,
    0x53,0xE6,0x53,0xE6,0x53,0xE6,0x53,0xE6,0x53,0xE6,0x53,0xE6,0x32,0xE6,0x53,0xE6,
    0xEB,0x8B,0x52,0xE6,0x53,0xE6,0x53,0xE6,0x53,0xE6,0x53,0xE6,0x53,0xE6,0x53,0xE6,
    0x53,0xEE,0x73,0xEE,0x93,0xEE,0xB4,0xF6,0xD4,0xF6,0x73,0xEE,0x52,0xE6,0x53,0xE6,
    0x53,0xE6,0x53,0xE6,0x53,0xE6,0x53,0xE6,0x53,0xE6,0x53,0xE6,0x53,0xE6,0x53,0xE6,
    0x53,0xE6,0x53,0xE6,0x53,0xE6,0x53,0xE6,0x53,0xE6,0x53,0xE6,0x53,0xE6,0x53,0xE6,
    0x53,0xE6,0x53,0xE6,0x53,0xE6,0x53,0xE6,0x53,0xE6,0x53,0xE6,0x53,0xE6,0x53,0xE6,
    0x53,0xE6,0x53,0xE6,0x53,0xE6,0x53,0xE6,0x53,0xE6,0x53,0xE6,0x53,0xE6,0x53,0xE6,
    0x53,0xE6,0x53,0xE6,0x53,0xE6,0x53,0xE6,0x53,0xE6,0x53,0xE6,0x53,0xE6,0x53,0xE6,
    0x53,0xE6,0x53,0xE6,0x53,0xE6,0x53,0xE6,0x53,0xE6,0x53,0xE6,0x53,0xE6,0x53,0xE6,
    0x53,0xE6,0x53,0xE6,0x53,0xE6,0x53,0xE6,0x53,0xE6,0x53,0xE6,0x53,0xE6,0x53,0xE6,
    0x53,0xE6,0x53,0xE6,0x53,0xE6,0x53,0xE6,0x53,0xE6,0x53,0xE6,0x53,0xE6,0x53,0xE6,
    0x53,0xE6,0x53,0xE6,0x53,0xE6,0x53,0xE6,0x53,0xE6,0x53,0xE6,0x53,0xE6,0x53,0xE6,
    0x53,0xE6,0x53,0xE6,0x53,0xE6,0x53,0xE6,0x53,0xE6,0x53,0xE6,0x53,0xE6,0x53,0xE6,
    0x53,0xE6,0x53,0xE6,0x53,0xE6,0x53,0xE6,0x53,0xE6,0x53,0xE6,0x53,0xE6,0x53,0xE6,
    0x53,0xE6,0x53,0xE6,0x53,0xE6,0x53,0xE6,0x53,0xE6,0x53,0xE6,0x53,0xE6,0x53,0xE6,
    0x53,0xE6,0x53,0xE6,0x53,0xE6,0x53,0xE6,0x52,0xE6,0x32,0xE6,0x32,0xE6,0x32,0xE6,
    0x52,0xE6,0x32,0xE6,0x32,0xE6,0x53,0xE6,0x53,0xE6,0x53,0xE6,0x53,0xE6,0x53,0xE6,
    0x53,0xE6,0x53,0xE6,0x53,0xE6,0x53,0xE6,0x53,0xE6,0x53,0xE6,0x53,0xE6,0x53,0xE6,
    0x53,0xE6,0x53,0xE6,0x53,0xE6,0x53,0xE6,0x53,0xE6,0x53,0xE6,0x53,0xE6,0x53,0xE6,
    0x53,0xE6,0x53,0xE6,0x53,0xE6,0x53,0xE6,0x53,0xE6,0x53,0xE6,0x53,0xE6,0x53,0xE6,
    0x53,0xE6,0x53,0xE6,0x53,0xE6,0x53,0xE6,0x53,0xE6,0x53,0xE6,0x53,0xE6,0x53,0xE6,
    0x53,0xE6,0x53,0xE6,0x53,0xE6,0x53,0xE6,0x53,0xE6,0x53,0xE6,0x53,0xE6,0x53,0xE6,
    0x53,0xE6,0x53,0xE6,0x53,0xE6,0x53,0xE6,0x53,0xE6,0x53,0xE6,0x53,0xE6,0x53,0xE6,
    0x53,0xE6,0x53,0xE6,0x53,0xE6,0x53,0xE6,0x53,0xE6,0x53,0xE6,0x53,0xE6,0x53,0xE6,
    0x53,0xE6,0x53,0xE6,0x53,0xE6,0x53,0xE6,0x53,0xE6,0x53,0xE6,0x53,0xE6,0x53,0xE6,
    0x53,0xE6,0x53,0xE6,0x53,0xE6,0x53,0xE6,0x53,0xE6,0x53,0xE6,0x53,0xE6,0x53,0xE6,
    0x53,0xE6,0x53,0xE6,0x53,0xE6,0x53,0xE6,0x53,0xE6,0x53,0xE6,0x53,0xE6,0x53,0xE6,
    0x53,0xE6,0x53,0xE6,0x53,0xE6,0x53,0xE6,0x53,0xE6,0x53,0xE6,0x53,0xE6,0x53,0xE6,
    0x53,0xE6,0x53,0xE6,0x53,0xE6,0x53,0xE6,0x53,0xE6,0x53,0xE6,0x53,0xE6,0x53,0xE6,
    0x53,0xE6,0x53,0xE6,0xB4,0xF6,0xB4,0xF6,0x93,0xEE,0x73,0xEE,0x73,0xEE,0x53,0xE6,
    0x53,0xE6,0x53,0xE6,0x53,0xE6,0x53,0xE6,0x53,0xE6,0x53,0xE6,0x32,0xE6,0x53,0xE6,
    0xAB,0x8B,0x12,0xDE,0x53,0xEE,0x53,0xE6,0x53,0xE6,0x53,0xE6,0x53,0xE6,0x73,0xEE,
    0x12,0xDE,0x70,0xCD,0x50,0xC5,0x2C,0x9C,0xEB,0x8B,0x4F,0xC5,0x73,0xEE,0x52,0xE6,
    0x53,0xE6,0x53,0xE6,0x53,0xE6,0x53,0xE6,0x53,0xE6,0x53,0xE6,0x53,0xE6,0x53,0xE6,
    0x53,0xE6,0x53,0xE6,0x53,0xE6,0x53,0xE6,0x53,0xE6,0x53,0xE6,0x53,0xE6,0x53,0xE6,
    0x53,0xE6,0x53,0xE6,0x53,0xE6,0x53,0xE6,0x53,0xE6,0x53,0xE6,0x53,0xE6,0x53,0xE6,
    0x53,0xE6,0x53,0xE6,0x53,0xE6,0x53,0xE6,0x53,0xE6,0x53,0xE6,0x53,0xE6,0x53,0xE6,
    0x53,0xE6,0x53,0xE6,0x53,0xE6,0x53,0xE6,0x53,0xE6,0x53,0xE6,0x53,0xE6,0x53,0xE6,
    0x53,0xE6,0x53,0xE6,0x53,0xE6,0x53,0xE6,0x53,0xE6,0x53,0xE6,0x53,0xE6,0x53,0xE6,
    0x53,0xE6,0x53,0xE6,0x53,0xE6,0x53,0xE6,0x53,0xE6,0x53,0xE6,0x53,0xE6,0x53,0xE6,
    0x53,0xE6,0x53,0xE6,0x53,0xE6,0x53,0xE6,0x53,0xE6,0x53,0xE6,0x53,0xE6,0x53,0xE6,
    0x53,0xE6,0x53,0xE6,0x53,0xE6,0x53,0xE6,0x53,0xE6,0x53,0xE6,0x53,0xE6,0x53,0xE6,
    0x53,0xE6,0x53,0xE6,0x53,0xE6,0x53,0xE6,0x53,0xE6,0x53,0xE6,0x53,0xE6,0x53,0xE6,
    0x53,0xE6,0x53,0xE6,0x53,0xE6,0x53,0xE6,0x53,0xE6,0x53,0xE6,0x53,0xE6,0x53,0xE6,
    0x53,0xE6,0x53,0xE6,0x53,0xE6,0x53,0xE6,0x53,0xE6,0x53,0xE6,0x53,0xE6,0x53,0xE6,
    0x53,0xE6,0x53,0xE6,0x53,0xE6,0x53,0xE6,0x53,0xE6,0x53,0xE6,0x53,0xE6,0x53,0xE6,
    0x53,0xE6,0x53,0xE6,0x53,0xE6,0x53,0xE6,0x53,0xE6,0x53,0xE6,0x53,0xE6,0x53,0xE6,
    0x53,0xE6,0x53,0xE6,0x53,0xE6,0x53,0xE6,0x53,0xE6,0x53,0xE6,0x53,0xE6,0x53,0xE6,
    0x53,0xE6,0x53,0xE6,0x53,0xE6,0x53,0xE6,0x53,0xE6,0x53,0xE6,0x53,0xE6,0x53,0xE6,
    0x53,0xE6,0x53,0xE6,0x53,0xE6,0x53,0xE6,0x53,0xE6,0x53,0xE6,0x53,0xE6,0x53,0xE6,
    0x53,0xE6,0x53,0xE6,0x53,0xE6,0x53,0xE6,0x53,0xE6,0x53,0xE6,0x53,0xE6,0x53,0xE6,
    0x53,0xE6,0x53,0xE6,0x53,0xE6,0x53,0xE6,0x53,0xE6,0x53,0xE6,0x53,0xE6,0x53,0xE6,
    0x53,0xE6,0x53,0xE6,0x53,0xE6,0x53,0xE6,0x53,0xE6,0x53,0xE6,0x53,0xE6,0x53,0xE6,
    0x53,0xE6,0x53,0xE6,0x53,0xE6,0x53,0xE6,0x53,0xE6,0x53,0xE6,0x53,0xE6,0x53,0xE6,
    0x53,0xE6,0x53,0xE6,0x53,0xE6,0x53,0xE6,0x53,0xE6,0x53,0xE6,0x53,0xE6,0x53,0xE6,
    0x53,0xE6,0x53,0xE6,0x53,0xE6,0x53,0xE6,0x53,0xE6,0x53,0xE6,0x53,0xE6,0x53,0xE6,
    0x53,0xE6,0x53,0xE6,0x53,0xE6,0x53,0xE6,0x53,0xE6,0x53,0xE6,0x53,0xE6,0x53,0xE6,
    0x53,0xE6,0x53,0xE6,0x53,0xE6,0x53,0xE6,0x53,0xE6,0x53,0xE6,0x53,0xE6,0x53,0xE6,
    0x53,0xE6,0x53,0xE6,0x53,0xE6,0x53,0xE6,0x53,0xE6,0x53,0xE6,0x53,0xE6,0x53,0xE6,
    0x53,0xE6,0x53,0xE6,0x4D,0x9C,0x0C,0x94,0x50,0xC5,0x70,0xCD,0x12,0xDE,0x73,0xEE,
    0x53,0xEE,0x53,0xE6,0x53,0xE6,0x53,0xE6,0x53,0xE6,0x53,0xE6,0x12,0xE6,0x53,0xE6,
    0x6A,0x7B,0xB1,0xD5,0x73,0xEE,0x52,0xE6,0x52,0xE6,0x73,0xEE,0xB1,0xD5,0xE3,0x20,
    0xA2,0x18,0x40,0x08,0x61,0x10,0xC2,0x18,0xC2,0x18,0x8D,0xA4,0xB4,0xF6,0x32,0xE6,
    0x53,0xE6,0x53,0xE6,0x53,0xE6,0x53,0xE6,0x53,0xE6,0x53,0xE6,0x53,0xE6,0x53,0xE6,
    0x53,0xE6,0x53,0xE6,0x53,0xE6,0x53,0xE6,0x53,0xE6,0x53,0xE6,0x53,0xE6,0x53,0xE6,
    0x53,0xE6,0x53,0xE6,0x53,0xE6,0x53,0xE6,0x53,0xE6,0x53,0xE6,0x53,0xE6,0x53,0xE6,
    0x53,0xE6,0x53,0xE6,0x53,0xE6,0x53,0xE6,0x53,0xE6,0x53,0xE6,0x53,0xE6,0x53,0xE6,
    0x53,0xE6,0x53,0xE6,0x53,0xE6,0x53,0xE6,0x53,0xE6,0x53,0xE6,0x53,0xE6,0x53,0xE6,
    0x53,0xE6,0x53,0xE6,0x53,0xE6,0x53,0xE6,0x53,0xE6,0x53,0xE6,0x53,0xE6,0x53,0xE6,
    0x53,0xE6,0x53,0xE6,0x53,0xE6,0x53,0xE6,0x53,0xE6,0x53,0xE6,0x53,0xE6,0x53,0xE6,
    0x53,0xE6,0x53,0xE6,0x53,0xE6,0x53,0xE6,0x53,0xE6,0x53,0xE6,0x53,0xE6,0x53,0xE6,
    0x53,0xE6,0x53,0xE6,0x53,0xE6,0x53,0xE6,0x53,0xE6,0x53,0xE6,0x53,0xE6,0x53,0xE6,
    0x53,0xE6,0x53,0xE6,0x53,0xE6,0x53,0xE6,0x53,0xE6,0x53,0xE6,0x53,0xE6,0x53,0xE6,
    0x53,0xE6,0x53,0xE6,0x53,0xE6,0x53,0xE6,0x53,0xE6,0x53,0xE6,0x53,0xE6,0x53,0xE6,
    0x53,0xE6,0x53,0xE6,0x53,0xE6,0x53,0xE6,0x53,0xE6,0x53,0xE6,0x53,0xE6,0x53,0xE6,
    0x53,0xE6,0x53,0xE6,0x53,0xE6,0x53,0xE6,0x53,0xE6,0x53,0xE6,0x53,0xE6,0x53,0xE6,
    0x53,0xE6,0x53,0xE6,0x53,0xE6,0x53,0xE6,0x53,0xE6,0x53,0xE6,0x53,0xE6,0x53,0xE6,
    0x53,0xE6,0x53,0xE6,0x53,0xE6,0x53,0xE6,0x53,0xE6,0x53,0xE6,0x53,0xE6,0x53,0xE6,
    0x53,0xE6,0x53,0xE6,0x53,0xE6,0x53,0xE6,0x53,0xE6,0x53,0xE6,0x53,0xE6,0x53,0xE6,
    0x53,0xE6,0x53,0xE6,0x53,0xE6,0x53,0xE6,0x53,0xE6,0x53,0xE6,0x53,0xE6,0x53,0xE6,
    0x53,0xE6,0x53,0xE6,0x53,0xE6,0x53,0xE6,0x53,0xE6,0x53,0xE6,0x53,0xE6,0x53,0xE6,
    0x53,0xE6,0x53,0xE6,0x53,0xE6,0x53,0xE6,0x53,0xE6,0x53,0xE6,0x53,0xE6,0x53,0xE6,
    0x53,0xE6,0x53,0xE6,0x53,0xE6,0x53,0xE6,0x53,0xE6,0x53,0xE6,0x53,0xE6,0x53,0xE6,
    0x53,0xE6,0x53,0xE6,0x53,0xE6,0x53,0xE6,0x53,0xE6,0x53,0xE6,0x53,0xE6,0x53,0xE6,
    0x53,0xE6,0x53,0xE6,0x53,0xE6,0x53,0xE6,0x53,0xE6,0x53,0xE6,0x53,0xE6,0x53,0xE6,
    0x53,0xE6,0x53,0xE6,0x53,0xE6,0x53,0xE6,0x53,0xE6,0x53,0xE6,0x53,0xE6,0x53,0xE6,
    0x53,0xE6,0x53,0xE6,0x53,0xE6,0x53,0xE6,0x53,0xE6,0x53,0xE6,0x53,0xE6,0x53,0xE6,
    0x53,0xE6,0x53,0xE6,0x53,0xE6,0x53,0xE6,0x53,0xE6,0x53,0xE6,0x53,0xE6,0x53,0xE6,
    0x53,0xE6,0x53,0xE6,0x53,0xE6,0x53,0xE6,0x53,0xE6,0x53,0xE6,0x53,0xE6,0x53,0xE6,
    0x53,0xEE,0x12,0xDE,0x24,0x29,0xA2,0x18,0x61,0x10,0x20,0x08,0x82,0x10,0xC2,0x18,
    0x4D,0x9C,0xB4,0xF6,0x32,0xE6,0x53,0xE6,0x53,0xE6,0x53,0xE6,0x32,0xE6,0x32,0xE6,
    0xEC,0x93,0x90,0xCD,0x73,0xEE,0x52,0xE6,0x53,0xE6,0x53,0xEE,0x32,0xE6,0x0C,0x94,
    0xEE,0xB4,0x70,0xCD,0xB1,0xCD,0x73,0xEE,0x73,0xEE,0x73,0xEE,0x52,0xE6,0x53,0xE6,
    0x53,0xE6,0x53,0xE6,0x53,0xE6,0x53,0xE6,0x53,0xE6,0x53,0xE6,0x53,0xE6,0x53,0xE6,
    0x53,0xE6,0x53,0xE6,0x53,0xE6,0x53,0xE6,0x53,0xE6,0x53,0xE6,0x53,0xE6,0x53,0xE6,
    0x53,0xE6,0x53,0xE6,0x53,0xE6,0x53,0xE6,0x53,0xE6,0x53,0xE6,0x53,0xE6,0x53,0xE6,
    0x53,0xE6,0x53,0xE6,0x53,0xE6,0x53,0xE6,0x53,0xE6,0x53,0xE6,0x53,0xE6,0x53,0xE6,
    0x53,0xE6,0x53,0xE6,0x53,0xE6,0x53,0xE6,0x53,0xE6,0x53,0xE6,0x53,0xE6,0x53,0xE6,
    0x53,0xE6,0x53,0xE6,0x53,0xE6,0x53,0xE6,0x53,0xE6,0x53,0xE6,0x53,0xE6,0x53,0xE6,
    0x53,0xE6,0x53,0xE6,0x53,0xE6,0x53,0xE6,0x53,0xE6,0x53,0xE6,0x53,0xE6,0x53,0xE6,
    0x53,0xE6,0x53,0xE6,0x53,0xE6,0x53,0xE6,0x53,0xE6,0x53,0xE6,0x53,0xE6,0x53,0xE6,
    0x53,0xE6,0x53,0xE6,0x53,0xE6,0x53,0xE6,0x53,0xE6,0x53,0xE6,0x53,0xE6,0x53,0xE6,
    0x53,0xE6,0x53,0xE6,0x53,0xE6,0x53,0xE6,0x53,0xE6,0x53,0xE6,0x53,0xE6,0x53,0xE6,
    0x53,0xE6,0x53,0xE6,0x53,0xE6,0x53,0xE6,0x53,0xE6,0x53,0xE6,0x53,0xE6,0x53,0xE6,
    0x53,0xE6,0x53,0xE6,0x53,0xE6,0x53,0xE6,0x53,0xE6,0x53,0xE6,0x53,0xE6,0x53,0xE6,
    0x53,0xE6,0x53,0xE6,0x53,0xE6,0x53,0xE6,0x53,0xE6,0x53,0xE6,0x53,0xE6,0x53,0xE6,
    0x53,0xE6,0x53,0xE6,0x53,0xE6,0x53,0xE6,0x53,0xE6,0x53,0xE6,0x53,0xE6,0x53,0xE6,
    0x53,0xE6,0x53,0xE6,0x53,0xE6,0x53,0xE6,0x53,0xE6,0x53,0xE6,0x53,0xE6,0x53,0xE6,
    0x53,0xE6,0x53,0xE6,0x53,0xE6,0x53,0xE6,0x53,0xE6,0x53,0xE6,0x53,0xE6,0x53,0xE6,
    0x53,0xE6,0x53,0xE6,0x53,0xE6,0x53,0xE6,0x53,0xE6,0x53,0xE6,0x53,0xE6,0x53,0xE6,
    0x53,0xE6,0x53,0xE6,0x53,0xE6,0x53,0xE6,0x53,0xE6,0x53,0xE6,0x53,0xE6,0x53,0xE6,
    0x53,0xE6,0x53,0xE6,0x53,0xE6,0x53,0xE6,0x53,0xE6,0x53,0xE6,0x53,0xE6,0x53,0xE6,
    0x53,0xE6,0x53,0xE6,0x53,0xE6,0x53,0xE6,0x53,0xE6,0x53,0xE6,0x53,0xE6,0x53,0xE6,
    0x53,0xE6,0x53,0xE6,0x53,0xE6,0x53,0xE6,0x53,0xE6,0x53,0xE6,0x53,0xE6,0x53,0xE6,
    0x53,0xE6,0x53,0xE6,0x53,0xE6,0x53,0xE6,0x53,0xE6,0x53,0xE6,0x53,0xE6,0x53,0xE6,
    0x53,0xE6,0x53,0xE6,0x53,0xE6,0x53,0xE6,0x53,0xE6,0x53,0xE6,0x53,0xE6,0x53,0xE6,
    0x53,0xE6,0x53,0xE6,0x53,0xE6,0x53,0xE6,0x53,0xE6,0x53,0xE6,0x53,0xE6,0x53,0xE6,
    0x53,0xE6,0x53,0xE6,0x53,0xE6,0x53,0xE6,0x53,0xE6,0x53,0xE6,0x53,0xE6,0x53,0xE6,
    0x53,0xE6,0x53,0xE6,0x53,0xE6,0x53,0xE6,0x53,0xE6,0x53,0xE6,0x53,0xE6,0x53,0xE6,
    0x53,0xE6,0x53,0xE6,0x73,0xEE,0x73,0xEE,0x91,0xCD,0x70,0xCD,0xAE,0xAC,0xEB,0x93,
    0x70,0xCD,0x73,0xEE,0x52,0xE6,0x53,0xE6,0x53,0xE6,0x32,0xE6,0xB1,0xD5,0x53,0xE6,
    0x2C,0x9C,0x2F,0xBD,0x93,0xF6,0x52,0xE6,0x53,0xE6,0x53,0xE6,0x53,0xE6,0xB4,0xF6,
    0x94,0xF6,0x93,0xEE,0x73,0xEE,0x53,0xE6,0x53,0xE6,0x52,0xE6,0x53,0xE6,0x53,0xE6,
    0x53,0xE6,0x53,0xE6,0x53,0xE6,0x53,0xE6,0x53,0xE6,0x53,0xE6,0x53,0xE6,0x53,0xE6,
    0x53,0xE6,0x53,0xE6,0x53,0xE6,0x53,0xE6,0x53,0xE6,0x53,0xE6,0x53,0xE6,0x53,0xE6,
    0x53,0xE6,0x53,0xE6,0x53,0xE6,0x53,0xE6,0x53,0xE6,0x53,0xE6,0x53,0xE6,0x53,0xE6,
    0x53,0xE6,0x53,0xE6,0x53,0xE6,0x53,0xE6,0x53,0xE6,0x53,0xE6,0x53,0xE6,0x53,0xE6,
    0x53,0xE6,0x53,0xE6,0x53,0xE6,0x53,0xE6,0x53,0xE6,0x53,0xE6,0x53,0xE6,0x53,0xE6,
    0x53,0xE6,0x53,0xE6,0x53,0xE6,0x53,0xE6,0x53,0xE6,0x53,0xE6,0x53,0xE6,0x53,0xE6,
    0x53,0xE6,0x53,0xE6,0x53,0xE6,0x53,0xE6,0x53,0xE6,0x53,0xE6,0x53,0xE6,0x53,0xE6,
    0x53,0xE6,0x53,0xE6,0x53,0xE6,0x53,0xE6,0x53,0xE6,0x53,0xE6,0x53,0xE6,0x53,0xE6,
    0x53,0xE6,0x53,0xE6,0x53,0xE6,0x53,0xE6,0x53,0xE6,0x53,0xE6,0x53,0xE6,0x53,0xE6,
    0x53,0xE6,0x53,0xE6,0x53,0xE6,0x53,0xE6,0x53,0xE6,0x53,0xE6,0x53,0xE6,0x53,0xE6,
    0x53,0xE6,0x53,0xE6,0x53,0xE6,0x53,0xE6,0x53,0xE6,0x53,0xE6,0x53,0xE6,0x53,0xE6,
    0x53,0xE6,0x53,0xE6,0x53,0xE6,0x53,0xE6,0x53,0xE6,0x53,0xE6,0x53,0xE6,0x53,0xE6,
    0x53,0xE6,0x53,0xE6,0x53,0xE6,0x53,0xE6,0x53,0xE6,0x53,0xE6,0x53,0xE6,0x53,0xE6,
    0x53,0xE6,0x53,0xE6,0x53,0xE6,0x53,0xE6,0x53,0xE6,0x53,0xE6,0x53,0xE6,0x53,0xE6,
    0x53,0xE6,0x53,0xE6,0x53,0xE6,0x53,0xE6,0x53,0xE6,0x53,0xE6,0x53,0xE6,0x53,0xE6,
    0x53,0xE6,0x53,0xE6,0x53,0xE6,0x53,0xE6,0x53,0xE6,0x53,0xE6,0x53,0xE6,0x53,0xE6,
    0x53,0xE6,0x53,0xE6,0x53,0xE6,0x53,0xE6,0x53,0xE6,0x53,0xE6,0x53,0xE6,0x53,0xE6,
    0x53,0xE6,0x53,0xE6,0x53,0xE6,0x53,0xE6,0x53,0xE6,0x53,0xE6,0x53,0xE6,0x53,0xE6,
    0x53,0xE6,0x53,0xE6,0x53,0xE6,0x53,0xE6,0x53,0xE6,0x53,0xE6,0x53,0xE6,0x53,0xE6,
    0x53,0xE6,0x53,0xE6,0x53,0xE6,0x53,0xE6,0x53,0xE6,0x53,0xE6,0x53,0xE6,0x53,0xE6,
    0x53,0xE6,0x53,0xE6,0x53,0xE6,0x53,0xE6,0x53,0xE6,0x53,0xE6,0x53,0xE6,0x53,0xE6,
    0x53,0xE6,0x53,0xE6,0x53,0xE6,0x53,0xE6,0x53,0xE6,0x53,0xE6,0x53,0xE6,0x53,0xE6,
    0x53,0xE6,0x53,0xE6,0x53,0xE6,0x53,0xE6,0x53,0xE6,0x53,0xE6,0x53,0xE6,0x53,0xE6,
    0x53,0xE6,0x53,0xE6,0x53,0xE6,0x53,0xE6,0x53,0xE6,0x53,0xE6,0x53,0xE6,0x53,0xE6,
    0x53,0xE6,0x53,0xE6,0x53,0xE6,0x53,0xE6,0x53,0xE6,0x53,0xE6,0x53,0xE6,0x53,0xE6,
    0x53,0xE6,0x53,0xE6,0x53,0xE6,0x53,0xE6,0x53,0xE6,0x53,0xE6,0x53,0xE6,0x53,0xE6,
    0x53,0xE6,0x53,0xE6,0x53,0xE6,0x53,0xE6,0x73,0xEE,0x93,0xEE,0xB4,0xF6,0xD4,0xF6,
    0x73,0xEE,0x52,0xE6,0x53,0xE6,0x53,0xE6,0x53,0xE6,0x32,0xE6,0xF1,0xDD,0x53,0xEE,
    0x8D,0xA4,0x0F,0xB5,0x93,0xF6,0x32,0xE6,0x53,0xE6,0x53,0xE6,0x53,0xE6,0x32,0xE6,
    0x32,0xE6,0x52,0xE6,0x52,0xE6,0x53,0xE6,0x53,0xE6,0x53,0xE6,0x53,0xE6,0x53,0xE6,
    0x53,0xE6,0x53,0xE6,0x53,0xE6,0x53,0xE6,0x53,0xE6,0x53,0xE6,0x53,0xE6,0x53,0xE6,
    0x53,0xE6,0x53,0xE6,0x53,0xE6,0x53,0xE6,0x53,0xE6,0x53,0xE6,0x53,0xE6,0x53,0xE6,
    0x53,0xE6,0x53,0xE6,0x53,0xE6,0x53,0xE6,0x53,0xE6,0x53,0xE6,0x53,0xE6,0x53,0xE6,
    0x53,0xE6,0x53,0xE6,0x53,0xE6,0x53,0xE6,0x53,0xE6,0x53,0xE6,0x53,0xE6,0x53,0xE6,
    0x53,0xE6,0x53,0xE6,0x53,0xE6,0x53,0xE6,0x53,0xE6,0x53,0xE6,0x53,0xE6,0x53,0xE6,
    0x53,0xE6,0x53,0xE6,0x53,0xE6,0x53,0xE6,0x53,0xE6,0x53,0xE6,0x53,0xE6,0x53,0xE6,
    0x53,0xE6,0x53,0xE6,0x53,0xE6,0x53,0xE6,0x53,0xE6,0x53,0xE6,0x53,0xE6,0x53,0xE6,
    0x53,0xE6,0x53,0xE6,0x53,0xE6,0x53,0xE6,0x53,0xE6,0x53,0xE6,0x53,0xE6,0x53,0xE6,
    0x53,0xE6,0x53,0xE6,0x53,0xE6,0x53,0xE6,0x53,0xE6,0x53,0xE6,0x53,0xE6,0x53,0xE6,
    0x53,0xE6,0x53,0xE6,0x53,0xE6,0x53,0xE6,0x53,0xE6,0x53,0xE6,0x53,0xE6,0x53,0xE6,
    0x53,0xE6,0x53,0xE6,0x53,0xE6,0x53,0xE6,0x53,0xE6,0x53,0xE6,0x53,0xE6,0x53,0xE6,
    0x53,0xE6,0x53,0xE6,0x53,0xE6,0x53,0xE6,0x53,0xE6,0x53,0xE6,0x53,0xE6,0x53,0xE6,
    0x53,0xE6,0x53,0xE6,0x53,0xE6,0x53,0xE6,0x53,0xE6,0x53,0xE6,0x53,0xE6,0x53,0xE6,
    0x53,0xE6,0x53,0xE6,0x53,0xE6,0x53,0xE6,0x53,0xE6,0x53,0xE6,0x53,0xE6,0x53,0xE6,
    0x53,0xE6,0x53,0xE6,0x53,0xE6,0x53,0xE6,0x53,0xE6,0x53,0xE6,0x53,0xE6,0x53,0xE6,
    0x53,0xE6,0x53,0xE6,0x53,0xE6,0x53,0xE6,0x53,0xE6,0x53,0xE6,0x53,0xE6,0x53,0xE6,
    0x53,0xE6,0x53,0xE6,0x53,0xE6,0x53,0xE6,0x53,0xE6,0x53,0xE6,0x53,0xE6,0x53,0xE6,
    0x53,0xE6,0x53,0xE6,0x53,0xE6,0x53,0xE6,0x53,0xE6,0x53,0xE6,0x53,0xE6,0x53,0xE6,
    0x53,0xE6,0x53,0xE6,0x53,0xE6,0x53,0xE6,0x53,0xE6,0x53,0xE6,0x53,0xE6,0x53,0xE6,
    0x53,0xE6,0x53,0xE6,0x53,0xE6,0x53,0xE6,0x53,0xE6,0x53,0xE6,0x53,0xE6,0x53,0xE6,
    0x53,0xE6,0x53,0xE6,0x53,0xE6,0x53,0xE6,0x53,0xE6,0x53,0xE6,0x53,0xE6,0x53,0xE6,
    0x53,0xE6,0x53,0xE6,0x53,0xE6,0x53,0xE6,0x53,0xE6,0x53,0xE6,0x53,0xE6,0x53,0xE6,
    0x53,0xE6,0x53,0xE6,0x53,0xE6,0x53,0xE6,0x53,0xE6,0x53,0xE6,0x53,0xE6,0x53,0xE6,
    0x53,0xE6,0x53,0xE6,0x53,0xE6,0x53,0xE6,0x53,0xE6,0x53,0xE6,0x53,0xE6,0x53,0xE6,
    0x53,0xE6,0x53,0xE6,0x53,0xE6,0x53,0xE6,0x53,0xE6,0x53,0xE6,0x53,0xE6,0x53,0xE6,
    0x53,0xE6,0x53,0xE6,0x53,0xE6,0x53,0xE6,0x53,0xE6,0x53,0xE6,0x53,0xE6,0x53,0xE6,
    0x53,0xE6,0x53,0xE6,0x53,0xE6,0x53,0xE6,0x52,0xE6,0x52,0xE6,0x32,0xE6,0x32,0xE6,
    0x52,0xE6,0x53,0xE6,0x53,0xE6,0x53,0xE6,0x53,0xEE,0xF2,0xDD,0xF1,0xD5,0x53,0xEE,
    0xAE,0xAC,0x6D,0xA4,0xB4,0xF6,0x32,0xE6,0x53,0xE6,0x53,0xE6,0x53,0xE6,0x53,0xE6,
    0x53,0xE6,0x53,0xE6,0x53,0xE6,0x53,0xE6,0x53,0xE6,0x53,0xE6,0x53,0xE6,0x53,0xE6,
    0x53,0xE6,0x53,0xE6,0x53,0xE6,0x53,0xE6,0x53,0xE6,0x53,0xE6,0x53,0xE6,0x53,0xE6,
    0x53,0xE6,0x53,0xE6,0x53,0xE6,0x53,0xE6,0x53,0xE6,0x53,0xE6,0x53,0xE6,0x53,0xE6,
    0x53,0xE6,0x53,0xE6,0x53,0xE6,0x53,0xE6,0x53,0xE6,0x53,0xE6,0x53,0xE6,0x53,0xE6,
    0x53,0xE6,0x53,0xE6,0x53,0xE6,0x53,0xE6,0x53,0xE6,0x53,0xE6,0x53,0xE6,0x53,0xE6,
    0x53,0xE6,0x53,0xE6,0x53,0xE6,0x53,0xE6,0x53,0xE6,0x53,0xE6,0x53,0xE6,0x53,0xE6,
    0x53,0xE6,0x53,0xE6,0x53,0xE6,0x53,0xE6,0x53,0xE6,0x53,0xE6,0x53,0xE6,0x53,0xE6,
    0x53,0xE6,0x53,0xE6,0x53,0xE6,0x53,0xE6,0x53,0xE6,0x53,0xE6,0x53,0xE6,0x53,0xE6,
    0x53,0xE6,0x53,0xE6,0x53,0xE6,0x53,0xE6,0x53,0xE6,0x53,0xE6,0x53,0xE6,0x53,0xE6,
    0x53,0xE6,0x53,0xE6,0x53,0xE6,0x53,0xE6,0x53,0xE6,0x53,0xE6,0x53,0xE6,0x53,0xE6,
    0x53,0xE6,0x53,0xE6,0x53,0xE6,0x53,0xE6,0x53,0xE6,0x53,0xE6,0x53,0xE6,0x53,0xE6,
    0x53,0xE6,0x53,0xE6,0x53,0xE6,0x53,0xE6,0x53,0xE6,0x53,0xE6,0x53,0xE6,0x53,0xE6,
    0x53,0xE6,0x53,0xE6,0x53,0xE6,0x53,0xE6,0x53,0xE6,0x53,0xE6,0x53,0xE6,0x53,0xE6,
    0x53,0xE6,0x53,0xE6,0x53,0xE6,0x53,0xE6,0x53,0xE6,0x53,0xE6,0x53,0xE6,0x53,0xE6,
    0x53,0xE6,0x53,0xE6,0x53,0xE6,0x53,0xE6,0x53,0xE6,0x53,0xE6,0x53,0xE6,0x53,0xE6,
    0x53,0xE6,0x53,0xE6,0x53,0xE6,0x53,0xE6,0x53,0xE6,0x53,0xE6,0x53,0xE6,0x53,0xE6,
    0x53,0xE6,0x53,0xE6,0x53,0xE6,0x53,0xE6,0x53,0xE6,0x53,0xE6,0x53,0xE6,0x53,0xE6,
    0x53,0xE6,0x53,0xE6,0x53,0xE6,0x53,0xE6,0x53,0xE6,0x53,0xE6,0x53,0xE6,0x53,0xE6,
    0x53,0xE6,0x53,0xE6,0x53,0xE6,0x53,0xE6,0x53,0xE6,0x53,0xE6,0x53,0xE6,0x53,0xE6,
    0x53,0xE6,0x53,0xE6,0x53,0xE6,0x53,0xE6,0x53,0xE6,0x53,0xE6,0x53,0xE6,0x53,0xE6,
    0x53,0xE6,0x53,0xE6,0x53,0xE6,0x53,0xE6,0x53,0xE6,0x53,0xE6,0x53,0xE6,0x53,0xE6,
    0x53,0xE6,0x53,0xE6,0x53,0xE6,0x53,0xE6,0x53,0xE6,0x53,0xE6,0x53,0xE6,0x53,0xE6,
    0x53,0xE6,0x53,0xE6,0x53,0xE6,0x53,0xE6,0x53,0xE6,0x53,0xE6,0x53,0xE6,0x53,0xE6,
    0x53,0xE6,0x53,0xE6,0x53,0xE6,0x53,0xE6,0x53,0xE6,0x53,0xE6,0x53,0xE6,0x53,0xE6,
    0x53,0xE6,0x53,0xE6,0x53,0xE6,0x53,0xE6,0x53,0xE6,0x53,0xE6,0x53,0xE6,0x53,0xE6,
    0x53,0xE6,0x53,0xE6,0x53,0xE6,0x53,0xE6,0x53,0xE6,0x53,0xE6,0x53,0xE6,0x53,0xE6,
    0x53,0xE6,0x53,0xE6,0x53,0xE6,0x53,0xE6,0x53,0xE6,0x53,0xE6,0x53,0xE6,0x53,0xE6,
    0x53,0xE6,0x53,0xE6,0x53,0xE6,0x53,0xE6,0x53,0xE6,0x53,0xE6,0x53,0xE6,0x53,0xE6,
    0x53,0xE6,0x53,0xE6,0x53,0xE6,0x53,0xE6,0x53,0xEE,0xF2,0xDD,0x12,0xDE,0x53,0xEE,
    0xEE,0xB4,0x2C,0x9C,0x94,0xF6,0x32,0xE6,0x53,0xE6,0x53,0xE6,0x53,0xE6,0x53,0xE6,
    0x53,0xE6,0x53,0xE6,0x53,0xE6,0x53,0xE6,0x53,0xE6,0x53,0xE6,0x53,0xE6,0x53,0xE6,
    0x53,0xE6,0x53,0xE6,0x53,0xE6,0x53,0xE6,0x53,0xE6,0x53,0xE6,0x53,0xE6,0x53,0xE6,
    0x53,0xE6,0x53,0xE6,0x53,0xE6,0x53,0xE6,0x53,0xE6,0x53,0xE6,0x53,0xE6,0x53,0xE6,
    0x53,0xE6,0x53,0xE6,0x53,0xE6,0x53,0xE6,0x53,0xE6,0x53,0xE6,0x53,0xE6,0x53,0xE6,
    0x53,0xE6,0x53,0xE6,0x53,0xE6,0x53,0xE6,0x53,0xE6,0x53,0xE6,0x53,0xE6,0x53,0xE6,
    0x53,0xE6,0x53,0xE6,0x53,0xE6,0x53,0xE6,0x53,0xE6,0x53,0xE6,0x53,0xE6,0x53,0xE6,
    0x53,0xE6,0x53,0xE6,0x53,0xE6,0x53,0xE6,0x53,0xE6,0x53,0xE6,0x53,0xE6,0x53,0xE6,
    0x53,0xE6,0x53,0xE6,0x53,0xE6,0x53,0xE6,0x53,0xE6,0x53,0xE6,0x53,0xE6,0x53,0xE6,
    0x53,0xE6,0x53,0xE6,0x53,0xE6,0x53,0xE6,0x53,0xE6,0x53,0xE6,0x53,0xE6,0x53,0xE6,
    0x53,0xE6,0x53,0xE6,0x53,0xE6,0x53,0xE6,0x53,0xE6,0x53,0xE6,0x53,0xE6,0x53,0xE6,
    0x53,0xE6,0x53,0xE6,0x53,0xE6,0x53,0xE6,0x53,0xE6,0x53,0xE6,0x53,0xE6,0x53,0xE6,
    0x53,0xE6,0x53,0xE6,0x53,0xE6,0x53,0xE6,0x53,0xE6,0x53,0xE6,0x53,0xE6,0x53,0xE6,
    0x53,0xE6,0x53,0xE6,0x53,0xE6,0x53,0xE6,0x53,0xE6,0x53,0xE6,0x53,0xE6,0x53,0xE6,
    0x53,0xE6,0x53,0xE6,0x53,0xE6,0x53,0xE6,0x53,0xE6,0x53,0xE6,0x53,0xE6,0x53,0xE6,
    0x53,0xE6,0x53,0xE6,0x53,0xE6,0x53,0xE6,0x53,0xE6,0x53,0xE6,0x53,0xE6,0x53,0xE6,
    0x53,0xE6,0x53,0xE6,0x53,0xE6,0x53,0xE6,0x53,0xE6,0x53,0xE6,0x53,0xE6,0x53,0xE6,
    0x53,0xE6,0x53,0xE6,0x53,0xE6,0x53,0xE6,0x53,0xE6,0x53,0xE6,0x53,0xE6,0x53,0xE6,
    0x53,0xE6,0x53,0xE6,0x53,0xE6,0x53,0xE6,0x53,0xE6,0x53,0xE6,0x53,0xE6,0x53,0xE6,
    0x53,0xE6,0x53,0xE6,0x53,0xE6,0x53,0xE6,0x53,0xE6,0x53,0xE6,0x53,0xE6,0x53,0xE6,
    0x53,0xE6,0x53,0xE6,0x53,0xE6,0x53,0xE6,0x53,0xE6,0x53,0xE6,0x53,0xE6,0x53,0xE6,
    0x53,0xE6,0x53,0xE6,0x53,0xE6,0x53,0xE6,0x53,0xE6,0x53,0xE6,0x53,0xE6,0x53,0xE6,
    0x53,0xE6,0x53,0xE6,0x53,0xE6,0x53,0xE6,0x53,0xE6,0x53,0xE6,0x53,0xE6,0x53,0xE6,
    0x53,0xE6,0x53,0xE6,0x53,0xE6,0x53,0xE6,0x53,0xE6,0x53,0xE6,0x53,0xE6,0x53,0xE6,
    0x53,0xE6,0x53,0xE6,0x53,0xE6,0x53,0xE6,0x53,0xE6,0x53,0xE6,0x53,0xE6,0x53,0xE6,
    0x53,0xE6,0x53,0xE6,0x53,0xE6,0x53,0xE6,0x53,0xE6,0x53,0xE6,0x53,0xE6,0x53,0xE6,
    0x53,0xE6,0x53,0xE6,0x53,0xE6,0x53,0xE6,0x53,0xE6,0x53,0xE6,0x53,0xE6,0x53,0xE6,
    0x53,0xE6,0x53,0xE6,0x53,0xE6,0x53,0xE6,0x53,0xE6,0x53,0xE6,0x53,0xE6,0x53,0xE6,
    0x53,0xE6,0x53,0xE6,0x53,0xE6,0x53,0xE6,0x53,0xE6,0x53,0xE6,0x53,0xE6,0x53,0xE6,
    0x53,0xE6,0x53,0xE6,0x53,0xE6,0x53,0xE6,0x53,0xEE,0x12,0xDE,0x32,0xE6,0x53,0xE6,
    0x50,0xC5,0x8B,0x83,0x73,0xEE,0x52,0xE6,0x53,0xE6,0x53,0xE6,0x53,0xE6,0x53,0xE6,
    0x53,0xE6,0x53,0xE6,0x53,0xE6,0x53,0xE6,0x53,0xE6,0x53,0xE6,0x53,0xE6,0x53,0xE6,
    0x53,0xE6,0x53,0xE6,0x53,0xE6,0x53,0xE6,0x53,0xE6,0x53,0xE6,0x53,0xE6,0x53,0xE6,
    0x53,0xE6,0x53,0xE6,0x53,0xE6,0x53,0xE6,0x53,0xE6,0x53,0xE6,0x53,0xE6,0x53,0xE6,
    0x53,0xE6,0x53,0xE6,0x53,0xE6,0x53,0xE6,0x53,0xE6,0x53,0xE6,0x53,0xE6,0x53,0xE6,
    0x53,0xE6,0x53,0xE6,0x53,0xE6,0x53,0xE6,0x53,0xE6,0x53,0xE6,0x53,0xE6,0x53,0xE6,
    0x53,0xE6,0x53,0xE6,0x53,0xE6,0x53,0xE6,0x53,0xE6,0x53,0xE6,0x53,0xE6,0x53,0xE6,
    0x53,0xE6,0x53,0xE6,0x53,0xE6,0x53,0xE6,0x53,0xE6,0x53,0xE6,0x53,0xE6,0x53,0xE6,
    0x53,0xE6,0x53,0xE6,0x53,0xE6,0x53,0xE6,0x53,0xE6,0x53,0xE6,0x53,0xE6,0x53,0xE6,
    0x53,0xE6,0x53,0xE6,0x53,0xE6,0x53,0xE6,0x53,0xE6,0x53,0xE6,0x53,0xE6,0x53,0xE6,
    0x53,0xE6,0x53,0xE6,0x53,0xE6,0x53,0xE6,0x53,0xE6,0x53,0xE6,0x53,0xE6,0x53,0xE6,
    0x53,0xE6,0x53,0xE6,0x53,0xE6,0x53,0xE6,0x53,0xE6,0x53,0xE6,0x53,0xE6,0x53,0xE6,
    0x53,0xE6,0x53,0xE6,0x53,0xE6,0x53,0xE6,0x53,0xE6,0x53,0xE6,0x53,0xE6,0x53,0xE6,
    0x53,0xE6,0x53,0xE6,0x53,0xE6,0x53,0xE6,0x53,0xE6,0x53,0xE6,0x53,0xE6,0x53,0xE6,
    0x53,0xE6,0x53,0xE6,0x53,0xE6,0x53,0xE6,0x53,0xE6,0x53,0xE6,0x53,0xE6,0x53,0xE6,
    0x53,0xE6,0x53,0xE6,0x53,0xE6,0x53,0xE6,0x53,0xE6,0x53,0xE6,0x53,0xE6,0x53,0xE6,
    0x53,0xE6,0x53,0xE6,0x53,0xE6,0x53,0xE6,0x53,0xE6,0x53,0xE6,0x53,0xE6,0x53,0xE6,
    0x53,0xE6,0x53,0xE6,0x53,0xE6,0x53,0xE6,0x53,0xE6,0x53,0xE6,0x53,0xE6,0x53,0xE6,
    0x53,0xE6,0x53,0xE6,0x53,0xE6,0x53,0xE6,0x53,0xE6,0x53,0xE6,0x53,0xE6,0x53,0xE6,
    0x53,0xE6,0x53,0xE6,0x53,0xE6,0x53,0xE6,0x53,0xE6,0x53,0xE6,0x53,0xE6,0x53,0xE6,
    0x53,0xE6,0x53,0xE6,0x53,0xE6,0x53,0xE6,0x53,0xE6,0x53,0xE6,0x53,0xE6,0x53,0xE6,
    0x53,0xE6,0x53,0xE6,0x53,0xE6,0x53,0xE6,0x53,0xE6,0x53,0xE6,0x53,0xE6,0x53,0xE6,
    0x53,0xE6,0x53,0xE6,0x53,0xE6,0x53,0xE6,0x53,0xE6,0x53,0xE6,0x53,0xE6,0x53,0xE6,
    0x53,0xE6,0x53,0xE6,0x53,0xE6,0x53,0xE6,0x53,0xE6,0x53,0xE6,0x53,0xE6,0x53,0xE6,
    0x53,0xE6,0x53,0xE6,0x53,0xE6,0x53,0xE6,0x53,0xE6,0x53,0xE6,0x53,0xE6,0x53,0xE6,
    0x53,0xE6,0x53,0xE6,0x53,0xE6,0x53,0xE6,0x53,0xE6,0x53,0xE6,0x53,0xE6,0x53,0xE6,
    0x53,0xE6,0x53,0xE6,0x53,0xE6,0x53,0xE6,0x53,0xE6,0x53,0xE6,0x53,0xE6,0x53,0xE6,
    0x53,0xE6,0x53,0xE6,0x53,0xE6,0x53,0xE6,0x53,0xE6,0x53,0xE6,0x53,0xE6,0x53,0xE6,
    0x53,0xE6,0x53,0xE6,0x53,0xE6,0x53,0xE6,0x53,0xE6,0x53,0xE6,0x53,0xE6,0x53,0xE6,
    0x53,0xE6,0x53,0xE6,0x53,0xE6,0x53,0xE6,0x53,0xE6,0x12,0xDE,0x32,0xE6,0x52,0xE6,
    0xB1,0xD5,0xCB,0x8B,0x32,0xE6,0x53,0xE6,0x53,0xE6,0x53,0xE6,0x53,0xE6,0x53,0xE6,
    0x53,0xE6,0x53,0xE6,0x53,0xE6,0x53,0xE6,0x53,0xE6,0x53,0xE6,0x53,0xE6,0x53,0xE6,
    0x53,0xE6,0x53,0xE6,0x53,0xE6,0x53,0xE6,0x53,0xE6,0x53,0xE6,0x53,0xE6,0x53,0xE6,
    0x53,0xE6,0x53,0xE6,0x53,0xE6,0x53,0xE6,0x53,0xE6,0x53,0xE6,0x53,0xE6,0x53,0xE6,
    0x53,0xE6,0x53,0xE6,0x53,0xE6,0x53,0xE6,0x53,0xE6,0x53,0xE6,0x53,0xE6,0x53,0xE6,
    0x53,0xE6,0x53,0xE6,0x53,0xE6,0x53,0xE6,0x53,0xE6,0x53,0xE6,0x53,0xE6,0x53,0xE6,
    0x53,0xE6,0x53,0xE6,0x53,0xE6,0x53,0xE6,0x53,0xE6,0x53,0xE6,0x53,0xE6,0x53,0xE6,
    0x53,0xE6,0x53,0xE6,0x53,0xE6,0x53,0xE6,0x53,0xE6,0x53,0xE6,0x53,0xE6,0x53,0xE6,
    0x53,0xE6,0x53,0xE6,0x53,0xE6,0x53,0xE6,0x53,0xE6,0x53,0xE6,0x53,0xE6,0x53,0xE6,
    0x53,0xE6,0x53,0xE6,0x53,0xE6,0x53,0xE6,0x53,0xE6,0x53,0xE6,0x53,0xE6,0x53,0xE6,
    0x53,0xE6,0x53,0xE6,0x53,0xE6,0x53,0xE6,0x53,0xE6,0x53,0xE6,0x53,0xE6,0x53,0xE6,
    0x53,0xE6,0x53,0xE6,0x53,0xE6,0x53,0xE6,0x53,0xE6,0x53,0xE6,0x53,0xE6,0x53,0xE6,
    0x53,0xE6,0x53,0xE6,0x53,0xE6,0x53,0xE6,0x53,0xE6,0x53,0xE6,0x53,0xE6,0x53,0xE6,
    0x53,0xE6,0x53,0xE6,0x53,0xE6,0x53,0xE6,0x53,0xE6,0x53,0xE6,0x53,0xE6,0x53,0xE6,
    0x53,0xE6,0x53,0xE6,0x53,0xE6,0x53,0xE6,0x53,0xE6,0x53,0xE6,0x53,0xE6,0x53,0xE6,
    0x53,0xE6,0x53,0xE6,0x53,0xE6,0x53,0xE6,0x53,0xE6,0x53,0xE6,0x53,0xE6,0x53,0xE6,
    0x53,0xE6,0x53,0xE6,0x53,0xE6,0x53,0xE6,0x53,0xE6,0x53,0xE6,0x53,0xE6,0x53,0xE6,
    0x53,0xE6,0x53,0xE6,0x53,0xE6,0x53,0xE6,0x53,0xE6,0x53,0xE6,0x53,0xE6,0x53,0xE6,
    0x53,0xE6,0x53,0xE6,0x53,0xE6,0x53,0xE6,0x53,0xE6,0x53,0xE6,0x53,0xE6,0x53,0xE6,
    0x53,0xE6,0x53,0xE6,0x53,0xE6,0x53,0xE6,0x53,0xE6,0x53,0xE6,0x53,0xE6,0x53,0xE6,
    0x53,0xE6,0x53,0xE6,0x53,0xE6,0x53,0xE6,0x53,0xE6,0x53,0xE6,0x53,0xE6,0x53,0xE6,
    0x53,0xE6,0x53,0xE6,0x53,0xE6,0x53,0xE6,0x53,0xE6,0x53,0xE6,0x53,0xE6,0x53,0xE6,
    0x53,0xE6,0x53,0xE6,0x53,0xE6,0x53,0xE6,0x53,0xE6,0x53,0xE6,0x53,0xE6,0x53,0xE6,
    0x53,0xE6,0x53,0xE6,0x53,0xE6,0x53,0xE6,0x53,0xE6,0x53,0xE6,0x53,0xE6,0x53,0xE6,
    0x53,0xE6,0x53,0xE6,0x53,0xE6,0x53,0xE6,0x53,0xE6,0x53,0xE6,0x53,0xE6,0x53,0xE6,
    0x53,0xE6,0x53,0xE6,0x53,0xE6,0x53,0xE6,0x53,0xE6,0x53,0xE6,0x53,0xE6,0x53,0xE6,
    0x53,0xE6,0x53,0xE6,0x53,0xE6,0x53,0xE6,0x53,0xE6,0x53,0xE6,0x53,0xE6,0x53,0xE6,
    0x53,0xE6,0x53,0xE6,0x53,0xE6,0x53,0xE6,0x53,0xE6,0x53,0xE6,0x53,0xE6,0x53,0xE6,
    0x53,0xE6,0x53,0xE6,0x53,0xE6,0x53,0xE6,0x53,0xE6,0x53,0xE6,0x53,0xE6,0x53,0xE6,
    0x53,0xE6,0x53,0xE6,0x53,0xE6,0x53,0xE6,0x53,0xE6,0x12,0xDE,0x53,0xE6,0x32,0xE6,
    0x32,0xE6,0x2C,0x9C,0xD1,0xD5,0x73,0xEE,0x53,0xE6,0x53,0xE6,0x53,0xE6,0x53,0xE6,
    0x53,0xE6,0x53,0xE6,0x53,0xE6,0x53,0xE6,0x53,0xE6,0x53,0xE6,0x53,0xE6,0x53,0xE6,
    0x53,0xE6,0x53,0xE6,0x53,0xE6,0x53,0xE6,0x53,0xE6,0x53,0xE6,0x53,0xE6,0x53,0xE6,
    0x53,0xE6,0x53,0xE6,0x53,0xE6,0x53,0xE6,0x53,0xE6,0x53,0xE6,0x53,0xE6,0x53,0xE6,
    0x53,0xE6,0x53,0xE6,0x53,0xE6,0x53,0xE6,0x53,0xE6,0x53,0xE6,0x53,0xE6,0x53,0xE6,
    0x53,0xE6,0x53,0xE6,0x53,0xE6,0x53,0xE6,0x53,0xE6,0x53,0xE6,0x53,0xE6,0x53,0xE6,
    0x53,0xE6,0x53,0xE6,0x53,0xE6,0x53,0xE6,0x53,0xE6,0x53,0xE6,0x53,0xE6,0x53,0xE6,
    0x53,0xE6,0x53,0xE6,0x53,0xE6,0x53,0xE6,0x53,0xE6,0x53,0xE6,0x53,0xE6,0x53,0xE6,
    0x53,0xE6,0x53,0xE6,0x53,0xE6,0x53,0xE6,0x53,0xE6,0x53,0xE6,0x53,0xE6,0x53,0xE6,
    0x53,0xE6,0x53,0xE6,0x53,0xE6,0x53,0xE6,0x53,0xE6,0x53,0xE6,0x53,0xE6,0x53,0xE6,
    0x53,0xE6,0x53,0xE6,0x53,0xE6,0x53,0xE6,0x53,0xE6,0x53,0xE6,0x53,0xE6,0x53,0xE6,
    0x53,0xE6,0x53,0xE6,0x53,0xE6,0x53,0xE6,0x53,0xE6,0x53,0xE6,0x53,0xE6,0x53,0xE6,
    0x53,0xE6,0x53,0xE6,0x53,0xE6,0x53,0xE6,0x53,0xE6,0x53,0xE6,0x53,0xE6,0x53,0xE6,
    0x53,0xE6,0x53,0xE6,0x53,0xE6,0x53,0xE6,0x53,0xE6,0x53,0xE6,0x53,0xE6,0x53,0xE6,
    0x53,0xE6,0x53,0xE6,0x53,0xE6,0x53,0xE6,0x53,0xE6,0x53,0xE6,0x53,0xE6,0x53,0xE6,
    0x53,0xE6,0x53,0xE6,0x53,0xE6,0x53,0xE6,0x53,0xE6,0x53,0xE6,0x53,0xE6,0x53,0xE6,
    0x53,0xE6,0x53,0xE6,0x53,0xE6,0x53,0xE6,0x53,0xE6,0x53,0xE6,0x53,0xE6,0x53,0xE6,
    0x53,0xE6,0x53,0xE6,0x53,0xE6,0x53,0xE6,0x53,0xE6,0x53,0xE6,0x53,0xE6,0x53,0xE6,
    0x53,0xE6,0x53,0xE6,0x53,0xE6,0x53,0xE6,0x53,0xE6,0x53,0xE6,0x53,0xE6,0x53,0xE6,
    0x53,0xE6,0x53,0xE6,0x53,0xE6,0x53,0xE6,0x53,0xE6,0x53,0xE6,0x53,0xE6,0x53,0xE6,
    0x53,0xE6,0x53,0xE6,0x53,0xE6,0x53,0xE6,0x53,0xE6,0x53,0xE6,0x53,0xE6,0x53,0xE6,
    0x53,0xE6,0x53,0xE6,0x53,0xE6,0x53,0xE6,0x53,0xE6,0x53,0xE6,0x53,0xE6,0x53,0xE6,
    0x53,0xE6,0x53,0xE6,0x53,0xE6,0x53,0xE6,0x53,0xE6,0x53,0xE6,0x53,0xE6,0x53,0xE6,
    0x53,0xE6,0x53,0xE6,0x53,0xE6,0x53,0xE6,0x53,0xE6,0x53,0xE6,0x53,0xE6,0x53,0xE6,
    0x53,0xE6,0x53,0xE6,0x53,0xE6,0x53,0xE6,0x53,0xE6,0x53,0xE6,0x53,0xE6,0x53,0xE6,
    0x53,0xE6,0x53,0xE6,0x53,0xE6,0x53,0xE6,0x53,0xE6,0x53,0xE6,0x53,0xE6,0x53,0xE6,
    0x53,0xE6,0x53,0xE6,0x53,0xE6,0x53,0xE6,0x53,0xE6,0x53,0xE6,0x53,0xE6,0x53,0xE6,
    0x53,0xE6,0x53,0xE6,0x53,0xE6,0x53,0xE6,0x53,0xE6,0x53,0xE6,0x53,0xE6,0x53,0xE6,
    0x53,0xE6,0x53,0xE6,0x53,0xE6,0x53,0xE6,0x53,0xE6,0x53,0xE6,0x53,0xE6,0x53,0xE6,
    0x53,0xE6,0x53,0xE6,0x53,0xE6,0x53,0xE6,0x53,0xE6,0xF2,0xDD,0x53,0xE6,0x12,0xE6,
    0x52,0xE6,0x2C,0x9C,0x50,0xC5,0x93,0xEE,0x52,0xE6,0x53,0xE6,0x53,0xE6,0x53,0xE6,
    0x53,0xE6,0x53,0xE6,0x53,0xE6,0x53,0xE6,0x53,0xE6,0x53,0xE6,0x53,0xE6,0x53,0xE6,
    0x53,0xE6,0x53,0xE6,0x53,0xE6,0x53,0xE6,0x53,0xE6,0x53,0xE6,0x53,0xE6,0x53,0xE6,
    0x53,0xE6,0x53,0xE6,0x53,0xE6,0x53,0xE6,0x53,0xE6,0x53,0xE6,0x53,0xE6,0x53,0xE6,
    0x53,0xE6,0x53,0xE6,0x53,0xE6,0x53,0xE6,0x53,0xE6,0x53,0xE6,0x53,0xE6,0x53,0xE6,
    0x53,0xE6,0x53,0xE6,0x53,0xE6,0x53,0xE6,0x53,0xE6,0x53,0xE6,0x53,0xE6,0x53,0xE6,
    0x53,0xE6,0x53,0xE6,0x53,0xE6,0x53,0xE6,0x53,0xE6,0x53,0xE6,0x53,0xE6,0x53,0xE6,
    0x53,0xE6,0x53,0xE6,0x53,0xE6,0x53,0xE6,0x53,0xE6,0x53,0xE6,0x53,0xE6,0x53,0xE6,
    0x53,0xE6,0x53,0xE6,0x53,0xE6,0x53,0xE6,0x53,0xE6,0x53,0xE6,0x53,0xE6,0x53,0xE6,
    0x53,0xE6,0x53,0xE6,0x53,0xE6,0x53,0xE6,0x53,0xE6,0x53,0xE6,0x53,0xE6,0x53,0xE6,
    0x53,0xE6,0x53,0xE6,0x53,0xE6,0x53,0xE6,0x53,0xE6,0x53,0xE6,0x53,0xE6,0x53,0xE6,
    0x53,0xE6,0x53,0xE6,0x53,0xE6,0x53,0xE6,0x53,0xE6,0x53,0xE6,0x53,0xE6,0x53,0xE6,
    0x53,0xE6,0x53,0xE6,0x53,0xE6,0x53,0xE6,0x53,0xE6,0x53,0xE6,0x53,0xE6,0x53,0xE6,
    0x53,0xE6,0x53,0xE6,0x53,0xE6,0x53,0xE6,0x53,0xE6,0x53,0xE6,0x53,0xE6,0x53,0xE6,
    0x53,0xE6,0x53,0xE6,0x53,0xE6,0x53,0xE6,0x53,0xE6,0x53,0xE6,0x53,0xE6,0x53,0xE6,
    0x53,0xE6,0x53,0xE6,0x53,0xE6,0x53,0xE6,0x53,0xE6,0x53,0xE6,0x53,0xE6,0x53,0xE6,
    0x53,0xE6,0x53,0xE6,0x53,0xE6,0x53,0xE6,0x53,0xE6,0x53,0xE6,0x53,0xE6,0x53,0xE6,
    0x53,0xE6,0x53,0xE6,0x53,0xE6,0x53,0xE6,0x53,0xE6,0x53,0xE6,0x53,0xE6,0x53,0xE6,
    0x53,0xE6,0x53,0xE6,0x53,0xE6,0x53,0xE6,0x53,0xE6,0x53,0xE6,0x53,0xE6,0x53,0xE6,
    0x53,0xE6,0x53,0xE6,0x53,0xE6,0x53,0xE6,0x53,0xE6,0x53,0xE6,0x53,0xE6,0x53,0xE6,
    0x53,0xE6,0x53,0xE6,0x53,0xE6,0x53,0xE6,0x53,0xE6,0x53,0xE6,0x53,0xE6,0x53,0xE6,
    0x53,0xE6,0x53,0xE6,0x53,0xE6,0x53,0xE6,0x53,0xE6,0x53,0xE6,0x53,0xE6,0x53,0xE6,
    0x53,0xE6,0x53,0xE6,0x53,0xE6,0x53,0xE6,0x53,0xE6,0x53,0xE6,0x53,0xE6,0x53,0xE6,
    0x53,0xE6,0x53,0xE6,0x53,0xE6,0x53,0xE6,0x53,0xE6,0x53,0xE6,0x53,0xE6,0x53,0xE6,
    0x53,0xE6,0x53,0xE6,0x53,0xE6,0x53,0xE6,0x53,0xE6,0x53,0xE6,0x53,0xE6,0x53,0xE6,
    0x53,0xE6,0x53,0xE6,0x53,0xE6,0x53,0xE6,0x53,0xE6,0x53,0xE6,0x53,0xE6,0x53,0xE6,
    0x53,0xE6,0x53,0xE6,0x53,0xE6,0x53,0xE6,0x53,0xE6,0x53,0xE6,0x53,0xE6,0x53,0xE6,
    0x53,0xE6,0x53,0xE6,0x53,0xE6,0x53,0xE6,0x53,0xE6,0x53,0xE6,0x53,0xE6,0x53,0xE6,
    0x53,0xE6,0x53,0xE6,0x53,0xE6,0x53,0xE6,0x53,0xE6,0x53,0xE6,0x53,0xE6,0x53,0xE6,
    0x53,0xE6,0x53,0xE6,0x53,0xE6,0x53,0xE6,0x32,0xE6,0xF2,0xDD,0x53,0xE6,0xF2,0xDD,
    0x73,0xEE,0x6D,0xA4,0xCE,0xAC,0x94,0xF6,0x32,0xE6,0x53,0xE6,0x53,0xE6,0x53,0xE6,
    0x53,0xE6,0x53,0xE6,0x53,0xE6,0x53,0xE6,0x53,0xE6,0x53,0xE6,0x52,0xE6,0x52,0xE6,
    0x53,0xE6,0x53,0xE6,0x53,0xE6,0x53,0xE6,0x53,0xE6,0x53,0xE6,0x53,0xE6,0x53,0xE6,
    0x53,0xE6,0x53,0xE6,0x53,0xE6,0x53,0xE6,0x53,0xE6,0x53,0xE6,0x53,0xE6,0x53,0xE6,
    0x53,0xE6,0x53,0xE6,0x53,0xE6,0x53,0xE6,0x53,0xE6,0x53,0xE6,0x53,0xE6,0x53,0xE6,
    0x53,0xE6,0x53,0xE6,0x53,0xE6,0x53,0xE6,0x53,0xE6,0x53,0xE6,0x53,0xE6,0x53,0xE6,
    0x53,0xE6,0x53,0xE6,0x53,0xE6,0x53,0xE6,0x53,0xE6,0x53,0xE6,0x53,0xE6,0x53,0xE6,
    0x53,0xE6,0x53,0xE6,0x53,0xE6,0x53,0xE6,0x53,0xE6,0x53,0xE6,0x53,0xE6,0x53,0xE6,
    0x53,0xE6,0x53,0xE6,0x53,0xE6,0x53,0xE6,0x53,0xE6,0x53,0xE6,0x53,0xE6,0x53,0xE6,
    0x53,0xE6,0x53,0xE6,0x53,0xE6,0x53,0xE6,0x53,0xE6,0x53,0xE6,0x53,0xE6,0x53,0xE6,
    0x53,0xE6,0x53,0xE6,0x53,0xE6,0x53,0xE6,0x53,0xE6,0x53,0xE6,0x53,0xE6,0x53,0xE6,
    0x53,0xE6,0x53,0xE6,0x53,0xE6,0x53,0xE6,0x53,0xE6,0x53,0xE6,0x53,0xE6,0x53,0xE6,
    0x53,0xE6,0x53,0xE6,0x53,0xE6,0x53,0xE6,0x53,0xE6,0x53,0xE6,0x53,0xE6,0x53,0xE6,
    0x53,0xE6,0x53,0xE6,0x53,0xE6,0x53,0xE6,0x53,0xE6,0x53,0xE6,0x53,0xE6,0x53,0xE6,
    0x53,0xE6,0x53,0xE6,0x53,0xE6,0x53,0xE6,0x53,0xE6,0x53,0xE6,0x53,0xE6,0x53,0xE6,
    0x53,0xE6,0x53,0xE6,0x53,0xE6,0x53,0xE6,0x53,0xE6,0x53,0xE6,0x53,0xE6,0x53,0xE6,
    0x53,0xE6,0x53,0xE6,0x53,0xE6,0x53,0xE6,0x53,0xE6,0x53,0xE6,0x53,0xE6,0x53,0xE6,
    0x53,0xE6,0x53,0xE6,0x53,0xE6,0x53,0xE6,0x53,0xE6,0x53,0xE6,0x53,0xE6,0x53,0xE6,
    0x53,0xE6,0x53,0xE6,0x53,0xE6,0x53,0xE6,0x53,0xE6,0x53,0xE6,0x53,0xE6,0x53,0xE6,
    0x53,0xE6,0x53,0xE6,0x53,0xE6,0x53,0xE6,0x53,0xE6,0x53,0xE6,0x53,0xE6,0x53,0xE6,
    0x53,0xE6,0x53,0xE6,0x53,0xE6,0x53,0xE6,0x53,0xE6,0x53,0xE6,0x53,0xE6,0x53,0xE6,
    0x53,0xE6,0x53,0xE6,0x53,0xE6,0x53,0xE6,0x53,0xE6,0x53,0xE6,0x53,0xE6,0x53,0xE6,
    0x53,0xE6,0x53,0xE6,0x53,0xE6,0x53,0xE6,0x53,0xE6,0x53,0xE6,0x53,0xE6,0x53,0xE6,
    0x53,0xE6,0x53,0xE6,0x53,0xE6,0x53,0xE6,0x53,0xE6,0x53,0xE6,0x53,0xE6,0x53,0xE6,
    0x53,0xE6,0x53,0xE6,0x53,0xE6,0x53,0xE6,0x53,0xE6,0x53,0xE6,0x53,0xE6,0x53,0xE6,
    0x53,0xE6,0x53,0xE6,0x53,0xE6,0x53,0xE6,0x53,0xE6,0x53,0xE6,0x53,0xE6,0x53,0xE6,
    0x53,0xE6,0x53,0xE6,0x53,0xE6,0x53,0xE6,0x53,0xE6,0x53,0xE6,0x53,0xE6,0x53,0xE6,
    0x53,0xE6,0x53,0xE6,0x53,0xE6,0x53,0xE6,0x53,0xE6,0x53,0xE6,0x53,0xE6,0x53,0xE6,
    0x52,0xE6,0x53,0xE6,0x53,0xE6,0x53,0xE6,0x53,0xE6,0x53,0xE6,0x53,0xE6,0x53,0xE6,
    0x53,0xE6,0x53,0xE6,0x53,0xE6,0x53,0xEE,0x12,0xDE,0x12,0xDE,0x32,0xE6,0xD1,0xD5,
    0x12,0xDE,0x4F,0xC5,0x6D,0xA4,0x93,0xF6,0x32,0xE6,0x53,0xE6,0x53,0xE6,0x53,0xE6,
    0x53,0xE6,0x53,0xE6,0x32,0xE6,0x32,0xE6,0x32,0xE6,0x52,0xE6,0x73,0xEE,0x73,0xEE,
    0x52,0xE6,0x53,0xE6,0x53,0xE6,0x53,0xE6,0x53,0xE6,0x53,0xE6,0x53,0xE6,0x53,0xE6,
    0x53,0xE6,0x53,0xE6,0x53,0xE6,0x53,0xE6,0x53,0xE6,0x53,0xE6,0x53,0xE6,0x53,0xE6,
    0x53,0xE6,0x53,0xE6,0x53,0xE6,0x53,0xE6,0x53,0xE6,0x53,0xE6,0x53,0xE6,0x53,0xE6,
    0x53,0xE6,0x53,0xE6,0x53,0xE6,0x53,0xE6,0x53,0xE6,0x53,0xE6,0x53,0xE6,0x53,0xE6,
    0x53,0xE6,0x53,0xE6,0x53,0xE6,0x53,0xE6,0x53,0xE6,0x53,0xE6,0x53,0xE6,0x53,0xE6,
    0x53,0xE6,0x53,0xE6,0x53,0xE6,0x53,0xE6,0x53,0xE6,0x53,0xE6,0x53,0xE6,0x53,0xE6,
    0x53,0xE6,0x53,0xE6,0x53,0xE6,0x53,0xE6,0x53,0xE6,0x53,0xE6,0x53,0xE6,0x53,0xE6,
    0x53,0xE6,0x53,0xE6,0x53,0xE6,0x53,0xE6,0x53,0xE6,0x53,0xE6,0x53,0xE6,0x53,0xE6,
    0x53,0xE6,0x53,0xE6,0x53,0xE6,0x53,0xE6,0x53,0xE6,0x53,0xE6,0x53,0xE6,0x53,0xE6,
    0x53,0xE6,0x53,0xE6,0x53,0xE6,0x53,0xE6,0x53,0xE6,0x53,0xE6,0x53,0xE6,0x53,0xE6,
    0x53,0xE6,0x53,0xE6,0x53,0xE6,0x53,0xE6,0x53,0xE6,0x53,0xE6,0x53,0xE6,0x53,0xE6,
    0x53,0xE6,0x53,0xE6,0x53,0xE6,0x53,0xE6,0x53,0xE6,0x53,0xE6,0x53,0xE6,0x53,0xE6,
    0x53,0xE6,0x53,0xE6,0x53,0xE6,0x53,0xE6,0x53,0xE6,0x53,0xE6,0x53,0xE6,0x53,0xE6,
    0x53,0xE6,0x53,0xE6,0x53,0xE6,0x53,0xE6,0x53,0xE6,0x53,0xE6,0x53,0xE6,0x53,0xE6,
    0x53,0xE6,0x53,0xE6,0x53,0xE6,0x53,0xE6,0x53,0xE6,0x53,0xE6,0x53,0xE6,0x53,0xE6,
    0x53,0xE6,0x53,0xE6,0x53,0xE6,0x53,0xE6,0x53,0xE6,0x53,0xE6,0x53,0xE6,0x53,0xE6,
    0x53,0xE6,0x53,0xE6,0x53,0xE6,0x53,0xE6,0x53,0xE6,0x53,0xE6,0x53,0xE6,0x53,0xE6,
    0x53,0xE6,0x53,0xE6,0x53,0xE6,0x53,0xE6,0x53,0xE6,0x53,0xE6,0x53,0xE6,0x53,0xE6,
    0x53,0xE6,0x53,0xE6,0x53,0xE6,0x53,0xE6,0x53,0xE6,0x53,0xE6,0x53,0xE6,0x53,0xE6,
    0x53,0xE6,0x53,0xE6,0x53,0xE6,0x53,0xE6,0x53,0xE6,0x53,0xE6,0x53,0xE6,0x53,0xE6,
    0x53,0xE6,0x53,0xE6,0x53,0xE6,0x53,0xE6,0x53,0xE6,0x53,0xE6,0x53,0xE6,0x53,0xE6,
    0x53,0xE6,0x53,0xE6,0x53,0xE6,0x53,0xE6,0x53,0xE6,0x53,0xE6,0x53,0xE6,0x53,0xE6,
    0x53,0xE6,0x53,0xE6,0x53,0xE6,0x53,0xE6,0x53,0xE6,0x53,0xE6,0x53,0xE6,0x53,0xE6,
    0x53,0xE6,0x53,0xE6,0x53,0xE6,0x53,0xE6,0x53,0xE6,0x53,0xE6,0x53,0xE6,0x53,0xE6,
    0x53,0xE6,0x53,0xE6,0x53,0xE6,0x53,0xE6,0x53,0xE6,0x53,0xE6,0x53,0xE6,0x53,0xE6,
    0x53,0xE6,0x53,0xE6,0x53,0xE6,0x53,0xE6,0x53,0xE6,0x53,0xE6,0x53,0xE6,0x53,0xE6,
    0x73,0xEE,0x53,0xE6,0x32,0xE6,0x32,0xE6,0x32,0xE6,0x52,0xE6,0x53,0xE6,0x53,0xE6,
    0x53,0xE6,0x53,0xE6,0x53,0xE6,0x53,0xE6,0x12,0xDE,0x32,0xE6,0x32,0xE6,0xF2,0xDD,
    0x50,0xC5,0xD1,0xD5,0x2C,0x9C,0x73,0xEE,0x52,0xE6,0x53,0xE6,0x53,0xE6,0x53,0xE6,
    0x53,0xE6,0x53,0xEE,0x93,0xEE,0xD4,0xF6,0xD4,0xFE,0x93,0xF6,0x91,0xCD,0x90,0xCD,
    0x73,0xEE,0x53,0xE6,0x53,0xE6,0x53,0xE6,0x53,0xE6,0x53,0xE6,0x53,0xE6,0x53,0xE6,
    0x53,0xE6,0x53,0xE6,0x53,0xE6,0x53,0xE6,0x53,0xE6,0x53,0xE6,0x53,0xE6,0x53,0xE6,
    0x53,0xE6,0x53,0xE6,0x53,0xE6,0x53,0xE6,0x53,0xE6,0x53,0xE6,0x53,0xE6,0x53,0xE6,
    0x53,0xE6,0x53,0xE6,0x53,0xE6,0x53,0xE6,0x53,0xE6,0x53,0xE6,0x53,0xE6,0x53,0xE6,
    0x53,0xE6,0x53,0xE6,0x53,0xE6,0x53,0xE6,0x53,0xE6,0x53,0xE6,0x53,0xE6,0x53,0xE6,
    0x53,0xE6,0x53,0xE6,0x53,0xE6,0x53,0xE6,0x53,0xE6,0x53,0xE6,0x53,0xE6,0x53,0xE6,
    0x53,0xE6,0x53,0xE6,0x53,0xE6,0x53,0xE6,0x53,0xE6,0x53,0xE6,0x53,0xE6,0x53,0xE6,
    0x53,0xE6,0x53,0xE6,0x53,0xE6,0x53,0xE6,0x53,0xE6,0x53,0xE6,0x53,0xE6,0x53,0xE6,
    0x53,0xE6,0x53,0xE6,0x53,0xE6,0x53,0xE6,0x53,0xE6,0x53,0xE6,0x53,0xE6,0x53,0xE6,
    0x53,0xE6,0x53,0xE6,0x53,0xE6,0x53,0xE6,0x53,0xE6,0x53,0xE6,0x53,0xE6,0x53,0xE6,
    0x53,0xE6,0x53,0xE6,0x53,0xE6,0x53,0xE6,0x53,0xE6,0x53,0xE6,0x53,0xE6,0x53,0xE6,
    0x53,0xE6,0x53,0xE6,0x53,0xE6,0x53,0xE6,0x53,0xE6,0x53,0xE6,0x53,0xE6,0x53,0xE6,
    0x53,0xE6,0x53,0xE6,0x53,0xE6,0x53,0xE6,0x53,0xE6,0x53,0xE6,0x53,0xE6,0x53,0xE6,
    0x53,0xE6,0x53,0xE6,0x53,0xE6,0x53,0xE6,0x53,0xE6,0x53,0xE6,0x53,0xE6,0x53,0xE6,
    0x53,0xE6,0x53,0xE6,0x53,0xE6,0x53,0xE6,0x53,0xE6,0x53,0xE6,0x53,0xE6,0x53,0xE6,
    0x53,0xE6,0x53,0xE6,0x53,0xE6,0x53,0xE6,0x53,0xE6,0x53,0xE6,0x53,0xE6,0x53,0xE6,
    0x53,0xE6,0x53,0xE6,0x53,0xE6,0x53,0xE6,0x53,0xE6,0x53,0xE6,0x53,0xE6,0x53,0xE6,
    0x53,0xE6,0x53,0xE6,0x53,0xE6,0x53,0xE6,0x53,0xE6,0x53,0xE6,0x53,0xE6,0x53,0xE6,
    0x53,0xE6,0x53,0xE6,0x53,0xE6,0x53,0xE6,0x53,0xE6,0x53,0xE6,0x53,0xE6,0x53,0xE6,
    0x53,0xE6,0x53,0xE6,0x53,0xE6,0x53,0xE6,0x53,0xE6,0x53,0xE6,0x53,0xE6,0x53,0xE6,
    0x53,0xE6,0x53,0xE6,0x53,0xE6,0x53,0xE6,0x53,0xE6,0x53,0xE6,0x53,0xE6,0x53,0xE6,
    0x53,0xE6,0x53,0xE6,0x53,0xE6,0x53,0xE6,0x53,0xE6,0x53,0xE6,0x53,0xE6,0x53,0xE6,
    0x53,0xE6,0x53,0xE6,0x53,0xE6,0x53,0xE6,0x53,0xE6,0x53,0xE6,0x53,0xE6,0x53,0xE6,
    0x53,0xE6,0x53,0xE6,0x53,0xE6,0x53,0xE6,0x53,0xE6,0x53,0xE6,0x53,0xE6,0x53,0xE6,
    0x53,0xE6,0x53,0xE6,0x53,0xE6,0x53,0xE6,0x53,0xE6,0x53,0xE6,0x53,0xE6,0x53,0xE6,
    0x53,0xE6,0x53,0xE6,0x53,0xE6,0x53,0xE6,0x53,0xE6,0x53,0xE6,0x53,0xE6,0x32,0xE6,
    0x90,0xCD,0x73,0xEE,0xD4,0xFE,0xD4,0xFE,0x93,0xF6,0x73,0xEE,0x53,0xE6,0x53,0xE6,
    0x53,0xE6,0x53,0xE6,0x53,0xE6,0x53,0xEE,0xF2,0xDD,0x32,0xE6,0x32,0xE6,0x32,0xE6,
    0x0F,0xBD,0x32,0xE6,0x2C,0x9C,0x12,0xDE,0x53,0xEE,0x53,0xE6,0x53,0xE6,0x53,0xE6,
    0x53,0xE6,0x12,0xDE,0x50,0xC5,0xEB,0x93,0x67,0x5A,0x23,0x29,0x41,0x08,0x09,0x73,
    0xB4,0xF6,0x32,0xE6,0x53,0xE6,0x53,0xE6,0x53,0xE6,0x53,0xE6,0x53,0xE6,0x53,0xE6,
    0x53,0xE6,0x53,0xE6,0x53,0xE6,0x53,0xE6,0x53,0xE6,0x53,0xE6,0x53,0xE6,0x53,0xE6,
    0x53,0xE6,0x53,0xE6,0x53,0xE6,0x53,0xE6,0x53,0xE6,0x53,0xE6,0x53,0xE6,0x53,0xE6,
    0x53,0xE6,0x53,0xE6,0x53,0xE6,0x53,0xE6,0x53,0xE6,0x53,0xE6,0x53,0xE6,0x53,0xE6,
    0x53,0xE6,0x53,0xE6,0x53,0xE6,0x53,0xE6,0x53,0xE6,0x53,0xE6,0x53,0xE6,0x53,0xE6,
    0x53,0xE6,0x53,0xE6,0x53,0xE6,0x53,0xE6,0x53,0xE6,0x53,0xE6,0x53,0xE6,0x53,0xE6,
    0x53,0xE6,0x53,0xE6,0x53,0xE6,0x53,0xE6,0x53,0xE6,0x53,0xE6,0x53,0xE6,0x53,0xE6,
    0x53,0xE6,0x53,0xE6,0x53,0xE6,0x53,0xE6,0x53,0xE6,0x53,0xE6,0x53,0xE6,0x53,0xE6,
    0x53,0xE6,0x53,0xE6,0x53,0xE6,0x53,0xE6,0x53,0xE6,0x53,0xE6,0x53,0xE6,0x53,0xE6,
    0x53,0xE6,0x53,0xE6,0x53,0xE6,0x53,0xE6,0x53,0xE6,0x53,0xE6,0x53,0xE6,0x53,0xE6,
    0x53,0xE6,0x53,0xE6,0x53,0xE6,0x53,0xE6,0x53,0xE6,0x53,0xE6,0x53,0xE6,0x53,0xE6,
    0x53,0xE6,0x53,0xE6,0x53,0xE6,0x53,0xE6,0x53,0xE6,0x53,0xE6,0x53,0xE6,0x53,0xE6,
    0x53,0xE6,0x53,0xE6,0x53,0xE6,0x53,0xE6,0x53,0xE6,0x53,0xE6,0x53,0xE6,0x53,0xE6,
    0x53,0xE6,0x53,0xE6,0x53,0xE6,0x53,0xE6,0x53,0xE6,0x53,0xE6,0x53,0xE6,0x53,0xE6,
    0x53,0xE6,0x53,0xE6,0x53,0xE6,0x53,0xE6,0x53,0xE6,0x53,0xE6,0x53,0xE6,0x53,0xE6,
    0x53,0xE6,0x53,0xE6,0x53,0xE6,0x53,0xE6,0x53,0xE6,0x53,0xE6,0x53,0xE6,0x53,0xE6,
    0x53,0xE6,0x53,0xE6,0x53,0xE6,0x53,0xE6,0x53,0xE6,0x53,0xE6,0x53,0xE6,0x53,0xE6,
    0x53,0xE6,0x53,0xE6,0x53,0xE6,0x53,0xE6,0x53,0xE6,0x53,0xE6,0x53,0xE6,0x53,0xE6,
    0x53,0xE6,0x53,0xE6,0x53,0xE6,0x53,0xE6,0x53,0xE6,0x53,0xE6,0x53,0xE6,0x53,0xE6,
    0x53,0xE6,0x53,0xE6,0x53,0xE6,0x53,0xE6,0x53,0xE6,0x53,0xE6,0x53,0xE6,0x53,0xE6,
    0x53,0xE6,0x53,0xE6,0x53,0xE6,0x53,0xE6,0x53,0xE6,0x53,0xE6,0x53,0xE6,0x53,0xE6,
    0x53,0xE6,0x53,0xE6,0x53,0xE6,0x53,0xE6,0x53,0xE6,0x53,0xE6,0x53,0xE6,0x53,0xE6,
    0x53,0xE6,0x53,0xE6,0x53,0xE6,0x53,0xE6,0x53,0xE6,0x53,0xE6,0x53,0xE6,0x53,0xE6,
    0x53,0xE6,0x53,0xE6,0x53,0xE6,0x53,0xE6,0x53,0xE6,0x53,0xE6,0x53,0xE6,0x53,0xE6,
    0x53,0xE6,0x53,0xE6,0x53,0xE6,0x53,0xE6,0x53,0xE6,0x53,0xE6,0x53,0xE6,0x53,0xE6,
    0x53,0xE6,0x53,0xE6,0x53,0xE6,0x53,0xE6,0x53,0xE6,0x32,0xE6,0x93,0xEE,0x4F,0xBD,
    0x41,0x08,0xC2,0x18,0xE5,0x41,0x4A,0x7B,0xEE,0xB4,0x12,0xDE,0x53,0xEE,0x53,0xE6,
    0x53,0xE6,0x53,0xE6,0x53,0xE6,0x52,0xE6,0x50,0xC5,0x53,0xE6,0x53,0xE6,0x4F,0xC5,
    0x70,0xC5,0x73,0xEE,0xCE,0xB4,0x90,0xCD,0x73,0xEE,0x52,0xE6,0x53,0xE6,0x53,0xE6,
    0x73,0xEE,0x84,0x39,0x41,0x08,0x03,0x21,0x26,0x52,0xAB,0x8B,0x2F,0xBD,0x12,0xDE,
    0x53,0xE6,0x53,0xE6,0x53,0xE6,0x53,0xE6,0x53,0xE6,0x53,0xE6,0x53,0xE6,0x53,0xE6,
    0x53,0xE6,0x53,0xE6,0x53,0xE6,0x53,0xE6,0x53,0xE6,0x53,0xE6,0x53,0xE6,0x53,0xE6,
    0x53,0xE6,0x53,0xE6,0x53,0xE6,0x53,0xE6,0x53,0xE6,0x53,0xE6,0x53,0xE6,0x53,0xE6,
    0x53,0xE6,0x53,0xE6,0x53,0xE6,0x53,0xE6,0x53,0xE6,0x53,0xE6,0x53,0xE6,0x53,0xE6,
    0x53,0xE6,0x53,0xE6,0x53,0xE6,0x53,0xE6,0x53,0xE6,0x53,0xE6,0x53,0xE6,0x53,0xE6,
    0x53,0xE6,0x53,0xE6,0x53,0xE6,0x53,0xE6,0x53,0xE6,0x53,0xE6,0x53,0xE6,0x53,0xE6,
    0x53,0xE6,0x53,0xE6,0x53,0xE6,0x53,0xE6,0x53,0xE6,0x53,0xE6,0x53,0xE6,0x53,0xE6,
    0x53,0xE6,0x53,0xE6,0x53,0xE6,0x53,0xE6,0x53,0xE6,0x53,0xE6,0x53,0xE6,0x53,0xE6,
    0x53,0xE6,0x53,0xE6,0x53,0xE6,0x53,0xE6,0x53,0xE6,0x53,0xE6,0x53,0xE6,0x53,0xE6,
    0x53,0xE6,0x53,0xE6,0x53,0xE6,0x53,0xE6,0x53,0xE6,0x53,0xE6,0x53,0xE6,0x53,0xE6,
    0x53,0xE6,0x53,0xE6,0x53,0xE6,0x53,0xE6,0x53,0xE6,0x53,0xE6,0x53,0xE6,0x53,0xE6,
    0x53,0xE6,0x53,0xE6,0x53,0xE6,0x53,0xE6,0x53,0xE6,0x53,0xE6,0x53,0xE6,0x53,0xE6,
    0x53,0xE6,0x53,0xE6,0x53,0xE6,0x53,0xE6,0x53,0xE6,0x53,0xE6,0x53,0xE6,0x53,0xE6,
    0x53,0xE6,0x53,0xE6,0x53,0xE6,0x53,0xE6,0x53,0xE6,0x53,0xE6,0x53,0xE6,0x53,0xE6,
    0x53,0xE6,0x53,0xE6,0x53,0xE6,0x53,0xE6,0x53,0xE6,0x53,0xE6,0x53,0xE6,0x53,0xE6,
    0x53,0xE6,0x53,0xE6,0x53,0xE6,0x53,0xE6,0x53,0xE6,0x53,0xE6,0x53,0xE6,0x53,0xE6,
    0x53,0xE6,0x53,0xE6,0x53,0xE6,0x53,0xE6,0x53,0xE6,0x53,0xE6,0x53,0xE6,0x53,0xE6,
    0x53,0xE6,0x53,0xE6,0x53,0xE6,0x53,0xE6,0x53,0xE6,0x53,0xE6,0x53,0xE6,0x53,0xE6,
    0x53,0xE6,0x53,0xE6,0x53,0xE6,0x53,0xE6,0x53,0xE6,0x53,0xE6,0x53,0xE6,0x53,0xE6,
    0x53,0xE6,0x53,0xE6,0x53,0xE6,0x53,0xE6,0x53,0xE6,0x53,0xE6,0x53,0xE6,0x53,0xE6,
    0x53,0xE6,0x53,0xE6,0x53,0xE6,0x53,0xE6,0x53,0xE6,0x53,0xE6,0x53,0xE6,0x53,0xE6,
    0x53,0xE6,0x53,0xE6,0x53,0xE6,0x53,0xE6,0x53,0xE6,0x53,0xE6,0x53,0xE6,0x53,0xE6,
    0x53,0xE6,0x53,0xE6,0x53,0xE6,0x53,0xE6,0x53,0xE6,0x53,0xE6,0x53,0xE6,0x53,0xE6,
    0x53,0xE6,0x53,0xE6,0x53,0xE6,0x53,0xE6,0x53,0xE6,0x53,0xE6,0x53,0xE6,0x53,0xE6,
    0x53,0xE6,0x53,0xE6,0x53,0xE6,0x53,0xE6,0x53,0xE6,0x53,0xE6,0x53,0xE6,0x53,0xE6,
    0x53,0xE6,0x53,0xE6,0x53,0xE6,0x53,0xE6,0x53,0xE6,0x53,0xE6,0x53,0xE6,0x32,0xE6,
    0x2F,0xBD,0xEC,0x93,0x67,0x5A,0x23,0x29,0x41,0x08,0x61,0x10,0x50,0xC5,0x93,0xEE,
    0x32,0xE6,0x53,0xE6,0x53,0xE6,0x32,0xE6,0x70,0xC5,0x52,0xE6,0x53,0xE6,0x2C,0x9C,
    0x2F,0xBD,0x73,0xEE,0x50,0xC5,0x0F,0xBD,0x93,0xEE,0x32,0xE6,0x53,0xE6,0x53,0xE6,
    0x73,0xEE,0x2F,0xBD,0x90,0xCD,0x93,0xEE,0xD4,0xFE,0xD4,0xFE,0x93,0xF6,0x53,0xEE,
    0x53,0xE6,0x53,0xE6,0x53,0xE6,0x53,0xE6,0x53,0xE6,0x53,0xE6,0x53,0xE6,0x53,0xE6,
    0x53,0xE6,0x53,0xE6,0x53,0xE6,0x53,0xE6,0x53,0xE6,0x53,0xE6,0x53,0xE6,0x53,0xE6,
    0x53,0xE6,0x53,0xE6,0x53,0xE6,0x53,0xE6,0x53,0xE6,0x53,0xE6,0x53,0xE6,0x53,0xE6,
    0x53,0xE6,0x53,0xE6,0x53,0xE6,0x53,0xE6,0x53,0xE6,0x53,0xE6,0x53,0xE6,0x53,0xE6,
    0x53,0xE6,0x53,0xE6,0x53,0xE6,0x53,0xE6,0x53,0xE6,0x53,0xE6,0x53,0xE6,0x53,0xE6,
    0x53,0xE6,0x53,0xE6,0x53,0xE6,0x53,0xE6,0x53,0xE6,0x53,0xE6,0x53,0xE6,0x53,0xE6,
    0x53,0xE6,0x53,0xE6,0x53,0xE6,0x53,0xE6,0x53,0xE6,0x53,0xE6,0x53,0xE6,0x53,0xE6,
    0x53,0xE6,0x53,0xE6,0x53,0xE6,0x53,0xE6,0x53,0xE6,0x53,0xE6,0x53,0xE6,0x53,0xE6,
    0x53,0xE6,0x53,0xE6,0x53,0xE6,0x53,0xE6,0x53,0xE6,0x53,0xE6,0x53,0xE6,0x53,0xE6,
    0x53,0xE6,0x53,0xE6,0x53,0xE6,0x53,0xE6,0x53,0xE6,0x53,0xE6,0x53,0xE6,0x53,0xE6,
    0x53,0xE6,0x53,0xE6,0x53,0xE6,0x53,0xE6,0x53,0xE6,0x53,0xE6,0x53,0xE6,0x53,0xE6,
    0x53,0xE6,0x53,0xE6,0x53,0xE6,0x53,0xE6,0x53,0xE6,0x53,0xE6,0x53,0xE6,0x53,0xE6,
    0x53,0xE6,0x53,0xE6,0x53,0xE6,0x53,0xE6,0x53,0xE6,0x53,0xE6,0x53,0xE6,0x53,0xE6,
    0x53,0xE6,0x53,0xE6,0x53,0xE6,0x53,0xE6,0x53,0xE6,0x53,0xE6,0x53,0xE6,0x53,0xE6,
    0x53,0xE6,0x53,0xE6,0x53,0xE6,0x53,0xE6,0x53,0xE6,0x53,0xE6,0x53,0xE6,0x53,0xE6,
    0x53,0xE6,0x53,0xE6,0x53,0xE6,0x53,0xE6,0x53,0xE6,0x53,0xE6,0x53,0xE6,0x53,0xE6,
    0x53,0xE6,0x53,0xE6,0x53,0xE6,0x53,0xE6,0x53,0xE6,0x53,0xE6,0x53,0xE6,0x53,0xE6,
    0x53,0xE6,0x53,0xE6,0x53,0xE6,0x53,0xE6,0x53,0xE6,0x53,0xE6,0x53,0xE6,0x53,0xE6,
    0x53,0xE6,0x53,0xE6,0x53,0xE6,0x53,0xE6,0x53,0xE6,0x53,0xE6,0x53,0xE6,0x53,0xE6,
    0x53,0xE6,0x53,0xE6,0x53,0xE6,0x53,0xE6,0x53,0xE6,0x53,0xE6,0x53,0xE6,0x53,0xE6,
    0x53,0xE6,0x53,0xE6,0x53,0xE6,0x53,0xE6,0x53,0xE6,0x53,0xE6,0x53,0xE6,0x53,0xE6,
    0x53,0xE6,0x53,0xE6,0x53,0xE6,0x53,0xE6,0x53,0xE6,0x53,0xE6,0x53,0xE6,0x53,0xE6,
    0x53,0xE6,0x53,0xE6,0x53,0xE6,0x53,0xE6,0x53,0xE6,0x53,0xE6,0x53,0xE6,0x53,0xE6,
    0x53,0xE6,0x53,0xE6,0x53,0xE6,0x53,0xE6,0x53,0xE6,0x53,0xE6,0x53,0xE6,0x53,0xE6,
    0x53,0xE6,0x53,0xE6,0x53,0xE6,0x53,0xE6,0x53,0xE6,0x53,0xE6,0x53,0xE6,0x53,0xE6,
    0x53,0xE6,0x53,0xE6,0x53,0xE6,0x53,0xE6,0x53,0xE6,0x53,0xE6,0x53,0xE6,0x53,0xE6,
    0x93,0xF6,0xB4,0xF6,0xD4,0xFE,0x93,0xF6,0xD1,0xD5,0xAE,0xAC,0xF2,0xDD,0x53,0xEE,
    0x53,0xE6,0x53,0xE6,0x53,0xEE,0x12,0xDE,0x32,0xE6,0x12,0xDE,0x12,0xDE,0x09,0x73,
    0x2C,0x9C,0x73,0xEE,0xD1,0xD5,0x6D,0xA4,0x73,0xEE,0x52,0xE6,0x53,0xE6,0x53,0xE6,
    0x52,0xE6,0x93,0xEE,0x73,0xEE,0x52,0xE6,0x32,0xE6,0x32,0xE6,0x32,0xE6,0x53,0xE6,
    0x53,0xE6,0x53,0xE6,0x53,0xE6,0x53,0xE6,0x53,0xE6,0x53,0xE6,0x53,0xE6,0x53,0xE6,
    0x53,0xE6,0x53,0xE6,0x53,0xE6,0x53,0xE6,0x53,0xE6,0x53,0xE6,0x53,0xE6,0x53,0xE6,
    0x53,0xE6,0x53,0xE6,0x53,0xE6,0x53,0xE6,0x53,0xE6,0x53,0xE6,0x53,0xE6,0x53,0xE6,
    0x53,0xE6,0x53,0xE6,0x53,0xE6,0x53,0xE6,0x53,0xE6,0x53,0xE6,0x53,0xE6,0x53,0xE6,
    0x53,0xE6,0x53,0xE6,0x53,0xE6,0x53,0xE6,0x53,0xE6,0x53,0xE6,0x53,0xE6,0x53,0xE6,
    0x53,0xE6,0x53,0xE6,0x53,0xE6,0x53,0xE6,0x53,0xE6,0x53,0xE6,0x53,0xE6,0x53,0xE6,
    0x53,0xE6,0x53,0xE6,0x53,0xE6,0x53,0xE6,0x53,0xE6,0x53,0xE6,0x53,0xE6,0x53,0xE6,
    0x53,0xE6,0x53,0xE6,0x53,0xE6,0x53,0xE6,0x53,0xE6,0x53,0xE6,0x53,0xE6,0x53,0xE6,
    0x53,0xE6,0x53,0xE6,0x53,0xE6,0x53,0xE6,0x53,0xE6,0x53,0xE6,0x53,0xE6,0x53,0xE6,
    0x53,0xE6,0x53,0xE6,0x53,0xE6,0x53,0xE6,0x53,0xE6,0x53,0xE6,0x53,0xE6,0x53,0xE6,
    0x53,0xE6,0x53,0xE6,0x53,0xE6,0x53,0xE6,0x53,0xE6,0x53,0xE6,0x53,0xE6,0x53,0xE6,
    0x53,0xE6,0x53,0xE6,0x53,0xE6,0x53,0xE6,0x53,0xE6,0x53,0xE6,0x53,0xE6,0x53,0xE6,
    0x53,0xE6,0x53,0xE6,0x53,0xE6,0x53,0xE6,0x53,0xE6,0x53,0xE6,0x53,0xE6,0x53,0xE6,
    0x53,0xE6,0x53,0xE6,0x53,0xE6,0x53,0xE6,0x53,0xE6,0x53,0xE6,0x53,0xE6,0x53,0xE6,
    0x53,0xE6,0x53,0xE6,0x53,0xE6,0x53,0xE6,0x53,0xE6,0x53,0xE6,0x53,0xE6,0x53,0xE6,
    0x53,0xE6,0x53,0xE6,0x53,0xE6,0x53,0xE6,0x53,0xE6,0x53,0xE6,0x53,0xE6,0x53,0xE6,
    0x53,0xE6,0x53,0xE6,0x53,0xE6,0x53,0xE6,0x53,0xE6,0x53,0xE6,0x53,0xE6,0x53,0xE6,
    0x53,0xE6,0x53,0xE6,0x53,0xE6,0x53,0xE6,0x53,0xE6,0x53,0xE6,0x53,0xE6,0x53,0xE6,
    0x53,0xE6,0x53,0xE6,0x53,0xE6,0x53,0xE6,0x53,0xE6,0x53,0xE6,0x53,0xE6,0x53,0xE6,
    0x53,0xE6,0x53,0xE6,0x53,0xE6,0x53,0xE6,0x53,0xE6,0x53,0xE6,0x53,0xE6,0x53,0xE6,
    0x53,0xE6,0x53,0xE6,0x53,0xE6,0x53,0xE6,0x53,0xE6,0x53,0xE6,0x53,0xE6,0x53,0xE6,
    0x53,0xE6,0x53,0xE6,0x53,0xE6,0x53,0xE6,0x53,0xE6,0x53,0xE6,0x53,0xE6,0x53,0xE6,
    0x53,0xE6,0x53,0xE6,0x53,0xE6,0x53,0xE6,0x53,0xE6,0x53,0xE6,0x53,0xE6,0x53,0xE6,
    0x53,0xE6,0x53,0xE6,0x53,0xE6,0x53,0xE6,0x53,0xE6,0x53,0xE6,0x53,0xE6,0x53,0xE6,
    0x53,0xE6,0x53,0xE6,0x53,0xE6,0x53,0xE6,0x53,0xE6,0x53,0xE6,0x53,0xE6,0x53,0xE6,
    0x53,0xE6,0x53,0xE6,0x53,0xE6,0x53,0xE6,0x53,0xE6,0x53,0xE6,0x53,0xE6,0x53,0xE6,
    0x32,0xE6,0x32,0xE6,0x32,0xE6,0x52,0xE6,0x73,0xEE,0xB4,0xF6,0x53,0xEE,0x53,0xE6,
    0x53,0xE6,0x53,0xE6,0x53,0xEE,0x12,0xDE,0x32,0xE6,0xF2,0xDD,0xF2,0xDD,0xA5,0x39,
    0xA8,0x62,0x12,0xE6,0x32,0xE6,0x6D,0xA4,0x32,0xE6,0x53,0xE6,0x53,0xE6,0x53,0xE6,
    0x53,0xE6,0x32,0xE6,0x52,0xE6,0x53,0xE6,0x53,0xE6,0x53,0xE6,0x53,0xE6,0x53,0xE6,
    0x53,0xE6,0x53,0xE6,0x53,0xE6,0x53,0xE6,0x53,0xE6,0x53,0xE6,0x53,0xE6,0x53,0xE6,
    0x53,0xE6,0x53,0xE6,0x53,0xE6,0x53,0xE6,0x53,0xE6,0x53,0xE6,0x53,0xE6,0x53,0xE6,
    0x53,0xE6,0x53,0xE6,0x53,0xE6,0x53,0xE6,0x53,0xE6,0x53,0xE6,0x53,0xE6,0x53,0xE6,
    0x53,0xE6,0x53,0xE6,0x53,0xE6,0x53,0xE6,0x53,0xE6,0x53,0xE6,0x53,0xE6,0x53,0xE6,
    0x53,0xE6,0x53,0xE6,0x53,0xE6,0x53,0xE6,0x53,0xE6,0x53,0xE6,0x53,0xE6,0x53,0xE6,
    0x53,0xE6,0x53,0xE6,0x53,0xE6,0x53,0xE6,0x53,0xE6,0x53,0xE6,0x53,0xE6,0x53,0xE6,
    0x53,0xE6,0x53,0xE6,0x53,0xE6,0x53,0xE6,0x53,0xE6,0x53,0xE6,0x53,0xE6,0x53,0xE6,
    0x53,0xE6,0x53,0xE6,0x53,0xE6,0x53,0xE6,0x53,0xE6,0x53,0xE6,0x53,0xE6,0x53,0xE6,
    0x53,0xE6,0x53,0xE6,0x53,0xE6,0x53,0xE6,0x53,0xE6,0x53,0xE6,0x53,0xE6,0x53,0xE6,
    0x53,0xE6,0x53,0xE6,0x53,0xE6,0x53,0xE6,0x53,0xE6,0x53,0xE6,0x53,0xE6,0x53,0xE6,
    0x53,0xE6,0x53,0xE6,0x53,0xE6,0x53,0xE6,0x53,0xE6,0x53,0xE6,0x53,0xE6,0x53,0xE6,
    0x53,0xE6,0x53,0xE6,0x53,0xE6,0x53,0xE6,0x53,0xE6,0x53,0xE6,0x53,0xE6,0x53,0xE6,
    0x53,0xE6,0x53,0xE6,0x53,0xE6,0x53,0xE6,0x53,0xE6,0x53,0xE6,0x53,0xE6,0x53,0xE6,
    0x53,0xE6,0x53,0xE6,0x53,0xE6,0x53,0xE6,0x53,0xE6,0x53,0xE6,0x53,0xE6,0x53,0xE6,
    0x53,0xE6,0x53,0xE6,0x53,0xE6,0x53,0xE6,0x53,0xE6,0x53,0xE6,0x53,0xE6,0x53,0xE6,
    0x53,0xE6,0x53,0xE6,0x53,0xE6,0x53,0xE6,0x53,0xE6,0x53,0xE6,0x53,0xE6,0x53,0xE6,
    0x53,0xE6,0x53,0xE6,0x53,0xE6,0x53,0xE6,0x53,0xE6,0x53,0xE6,0x53,0xE6,0x53,0xE6,
    0x53,0xE6,0x53,0xE6,0x53,0xE6,0x53,0xE6,0x53,0xE6,0x53,0xE6,0x53,0xE6,0x53,0xE6,
    0x53,0xE6,0x53,0xE6,0x53,0xE6,0x53,0xE6,0x53,0xE6,0x53,0xE6,0x53,0xE6,0x53,0xE6,
    0x53,0xE6,0x53,0xE6,0x53,0xE6,0x53,0xE6,0x53,0xE6,0x53,0xE6,0x53,0xE6,0x53,0xE6,
    0x53,0xE6,0x53,0xE6,0x53,0xE6,0x53,0xE6,0x53,0xE6,0x53,0xE6,0x53,0xE6,0x53,0xE6,
    0x53,0xE6,0x53,0xE6,0x53,0xE6,0x53,0xE6,0x53,0xE6,0x53,0xE6,0x53,0xE6,0x53,0xE6,
    0x53,0xE6,0x53,0xE6,0x53,0xE6,0x53,0xE6,0x53,0xE6,0x53,0xE6,0x53,0xE6,0x53,0xE6,
    0x53,0xE6,0x53,0xE6,0x53,0xE6,0x53,0xE6,0x53,0xE6,0x53,0xE6,0x53,0xE6,0x53,0xE6,
    0x53,0xE6,0x53,0xE6,0x53,0xE6,0x53,0xE6,0x53,0xE6,0x53,0xE6,0x53,0xE6,0x53,0xE6,
    0x53,0xE6,0x53,0xE6,0x53,0xE6,0x53,0xE6,0x53,0xE6,0x53,0xE6,0x53,0xE6,0x53,0xE6,
    0x53,0xE6,0x53,0xE6,0x53,0xE6,0x53,0xE6,0x52,0xE6,0x32,0xE6,0x53,0xE6,0x53,0xE6,
    0x53,0xE6,0x53,0xE6,0x53,0xE6,0x32,0xE6,0x53,0xE6,0x32,0xE6,0x91,0xCD,0x82,0x10,
    0x44,0x29,0x91,0xCD,0x73,0xEE,0xEE,0xB4,0xD1,0xD5,0x73,0xEE,0x53,0xE6,0x53,0xE6,
    0x53,0xE6,0x53,0xE6,0x53,0xE6,0x53,0xE6,0x53,0xE6,0x53,0xE6,0x53,0xE6,0x53,0xE6,
    0x53,0xE6,0x53,0xE6,0x53,0xE6,0x53,0xE6,0x53,0xE6,0x53,0xE6,0x53,0xE6,0x53,0xE6,
    0x53,0xE6,0x53,0xE6,0x53,0xE6,0x53,0xE6,0x53,0xE6,0x53,0xE6,0x53,0xE6,0x53,0xE6,
    0x53,0xE6,0x53,0xE6,0x53,0xE6,0x53,0xE6,0x53,0xE6,0x53,0xE6,0x53,0xE6,0x53,0xE6,
    0x53,0xE6,0x53,0xE6,0x53,0xE6,0x53,0xE6,0x53,0xE6,0x53,0xE6,0x53,0xE6,0x53,0xE6,
    0x53,0xE6,0x53,0xE6,0x53,0xE6,0x53,0xE6,0x53,0xE6,0x53,0xE6,0x53,0xE6,0x53,0xE6,
    0x53,0xE6,0x53,0xE6,0x53,0xE6,0x53,0xE6,0x53,0xE6,0x53,0xE6,0x53,0xE6,0x53,0xE6,
    0x53,0xE6,0x53,0xE6,0x53,0xE6,0x53,0xE6,0x53,0xE6,0x53,0xE6,0x53,0xE6,0x53,0xE6,
    0x53,0xE6,0x53,0xE6,0x53,0xE6,0x53,0xE6,0x53,0xE6,0x53,0xE6,0x53,0xE6,0x53,0xE6,
    0x53,0xE6,0x53,0xE6,0x53,0xE6,0x53,0xE6,0x53,0xE6,0x53,0xE6,0x53,0xE6,0x53,0xE6,
    0x53,0xE6,0x53,0xE6,0x53,0xE6,0x53,0xE6,0x53,0xE6,0x53,0xE6,0x53,0xE6,0x53,0xE6,
    0x53,0xE6,0x53,0xE6,0x53,0xE6,0x53,0xE6,0x53,0xE6,0x53,0xE6,0x53,0xE6,0x53,0xE6,
    0x53,0xE6,0x53,0xE6,0x53,0xE6,0x53,0xE6,0x53,0xE6,0x53,0xE6,0x53,0xE6,0x53,0xE6,
    0x53,0xE6,0x53,0xE6,0x53,0xE6,0x53,0xE6,0x53,0xE6,0x53,0xE6,0x53,0xE6,0x53,0xE6,
    0x53,0xE6,0x53,0xE6,0x53,0xE6,0x53,0xE6,0x53,0xE6,0x53,0xE6,0x53,0xE6,0x53,0xE6,
    0x53,0xE6,0x53,0xE6,0x53,0xE6,0x53,0xE6,0x53,0xE6,0x53,0xE6,0x53,0xE6,0x53,0xE6,
    0x53,0xE6,0x53,0xE6,0x53,0xE6,0x53,0xE6,0x53,0xE6,0x53,0xE6,0x53,0xE6,0x53,0xE6,
    0x53,0xE6,0x53,0xE6,0x53,0xE6,0x53,0xE6,0x53,0xE6,0x53,0xE6,0x53,0xE6,0x53,0xE6,
    0x53,0xE6,0x53,0xE6,0x53,0xE6,0x53,0xE6,0x53,0xE6,0x53,0xE6,0x53,0xE6,0x53,0xE6,
    0x53,0xE6,0x53,0xE6,0x53,0xE6,0x53,0xE6,0x53,0xE6,0x53,0xE6,0x53,0xE6,0x53,0xE6,
    0x53,0xE6,0x53,0xE6,0x53,0xE6,0x53,0xE6,0x53,0xE6,0x53,0xE6,0x53,0xE6,0x53,0xE6,
    0x53,0xE6,0x53,0xE6,0x53,0xE6,0x53,0xE6,0x53,0xE6,0x53,0xE6,0x53,0xE6,0x53,0xE6,
    0x53,0xE6,0x53,0xE6,0x53,0xE6,0x53,0xE6,0x53,0xE6,0x53,0xE6,0x53,0xE6,0x53,0xE6,
    0x53,0xE6,0x53,0xE6,0x53,0xE6,0x53,0xE6,0x53,0xE6,0x53,0xE6,0x53,0xE6,0x53,0xE6,
    0x53,0xE6,0x53,0xE6,0x53,0xE6,0x53,0xE6,0x53,0xE6,0x53,0xE6,0x53,0xE6,0x53,0xE6,
    0x53,0xE6,0x53,0xE6,0x53,0xE6,0x53,0xE6,0x53,0xE6,0x53,0xE6,0x53,0xE6,0x53,0xE6,
    0x53,0xE6,0x53,0xE6,0x53,0xE6,0x53,0xE6,0x53,0xE6,0x53,0xE6,0x53,0xE6,0x53,0xE6,
    0x53,0xE6,0x53,0xE6,0x53,0xE6,0x53,0xE6,0x53,0xE6,0x53,0xE6,0x53,0xE6,0x53,0xE6,
    0x53,0xE6,0x53,0xE6,0x53,0xE6,0x32,0xE6,0x52,0xE6,0x73,0xEE,0x8D,0xA4,0x61,0x10,
    0x61,0x10,0x0F,0xB5,0x93,0xEE,0x50,0xC5,0x4F,0xBD,0x93,0xEE,0x32,0xE6,0x53,0xE6,
    0x53,0xE6,0x53,0xE6,0x53,0xE6,0x53,0xE6,0x53,0xE6,0x53,0xE6,0x53,0xE6,0x53,0xE6,
    0x53,0xE6,0x53,0xE6,0x53,0xE6,0x53,0xE6,0x53,0xE6,0x53,0xE6,0x53,0xE6,0x53,0xE6,
    0x53,0xE6,0x53,0xE6,0x53,0xE6,0x53,0xE6,0x53,0xE6,0x53,0xE6,0x53,0xE6,0x53,0xE6,
    0x53,0xE6,0x53,0xE6,0x53,0xE6,0x53,0xE6,0x53,0xE6,0x53,0xE6,0x53,0xE6,0x53,0xE6,
    0x53,0xE6,0x53,0xE6,0x53,0xE6,0x53,0xE6,0x53,0xE6,0x53,0xE6,0x53,0xE6,0x53,0xE6,
    0x53,0xE6,0x53,0xE6,0x53,0xE6,0x53,0xE6,0x53,0xE6,0x53,0xE6,0x53,0xE6,0x53,0xE6,
    0x53,0xE6,0x53,0xE6,0x53,0xE6,0x53,0xE6,0x53,0xE6,0x53,0xE6,0x53,0xE6,0x53,0xE6,
    0x53,0xE6,0x53,0xE6,0x53,0xE6,0x53,0xE6,0x53,0xE6,0x53,0xE6,0x53,0xE6,0x53,0xE6,
    0x53,0xE6,0x53,0xE6,0x53,0xE6,0x53,0xE6,0x53,0xE6,0x53,0xE6,0x53,0xE6,0x53,0xE6,
    0x53,0xE6,0x53,0xE6,0x53,0xE6,0x53,0xE6,0x53,0xE6,0x53,0xE6,0x53,0xE6,0x53,0xE6,
    0x53,0xE6,0x53,0xE6,0x53,0xE6,0x53,0xE6,0x53,0xE6,0x53,0xE6,0x53,0xE6,0x53,0xE6,
    0x53,0xE6,0x53,0xE6,0x53,0xE6,0x53,0xE6,0x53,0xE6,0x53,0xE6,0x53,0xE6,0x53,0xE6,
    0x53,0xE6,0x53,0xE6,0x53,0xE6,0x53,0xE6,0x53,0xE6,0x53,0xE6,0x53,0xE6,0x53,0xE6,
    0x53,0xE6,0x53,0xE6,0x53,0xE6,0x53,0xE6,0x53,0xE6,0x53,0xE6,0x53,0xE6,0x53,0xE6,
    0x53,0xE6,0x53,0xE6,0x53,0xE6,0x53,0xE6,0x53,0xE6,0x53,0xE6,0x53,0xE6,0x53,0xE6,
    0x53,0xE6,0x53,0xE6,0x53,0xE6,0x53,0xE6,0x53,0xE6,0x53,0xE6,0x53,0xE6,0x53,0xE6,
    0x53,0xE6,0x53,0xE6,0x53,0xE6,0x53,0xE6,0x53,0xE6,0x53,0xE6,0x53,0xE6,0x53,0xE6,
    0x53,0xE6,0x53,0xE6,0x53,0xE6,0x53,0xE6,0x53,0xE6,0x53,0xE6,0x53,0xE6,0x53,0xE6,
    0x53,0xE6,0x53,0xE6,0x53,0xE6,0x53,0xE6,0x53,0xE6,0x53,0xE6,0x53,0xE6,0x53,0xE6,
    0x53,0xE6,0x53,0xE6,0x53,0xE6,0x53,0xE6,0x53,0xE6,0x53,0xE6,0x53,0xE6,0x53,0xE6,
    0x53,0xE6,0x53,0xE6,0x53,0xE6,0x53,0xE6,0x53,0xE6,0x53,0xE6,0x53,0xE6,0x53,0xE6,
    0x53,0xE6,0x53,0xE6,0x53,0xE6,0x53,0xE6,0x53,0xE6,0x53,0xE6,0x53,0xE6,0x53,0xE6,
    0x53,0xE6,0x53,0xE6,0x53,0xE6,0x53,0xE6,0x53,0xE6,0x53,0xE6,0x53,0xE6,0x53,0xE6,
    0x53,0xE6,0x53,0xE6,0x53,0xE6,0x53,0xE6,0x53,0xE6,0x53,0xE6,0x53,0xE6,0x53,0xE6,
    0x53,0xE6,0x53,0xE6,0x53,0xE6,0x53,0xE6,0x53,0xE6,0x53,0xE6,0x53,0xE6,0x53,0xE6,
    0x53,0xE6,0x53,0xE6,0x53,0xE6,0x53,0xE6,0x53,0xE6,0x53,0xE6,0x53,0xE6,0x53,0xE6,
    0x53,0xE6,0x53,0xE6,0x53,0xE6,0x53,0xE6,0x53,0xE6,0x53,0xE6,0x53,0xE6,0x53,0xE6,
    0x53,0xE6,0x53,0xE6,0x53,0xE6,0x53,0xE6,0x53,0xE6,0x53,0xE6,0x53,0xE6,0x53,0xE6,
    0x53,0xE6,0x53,0xE6,0x32,0xE6,0x32,0xE6,0x32,0xE6,0x53,0xEE,0x09,0x73,0x00,0x00,
    0x00,0x00,0x2C,0x94,0x93,0xF6,0xD1,0xD5,0xCE,0xAC,0x73,0xEE,0x52,0xE6,0x53,0xE6,
    0x53,0xE6,0x53,0xE6,0x53,0xE6,0x53,0xE6,0x53,0xE6,0x53,0xE6,0x53,0xE6,0x53,0xE6,
    0x53,0xE6,0x53,0xE6,0x53,0xE6,0x53,0xE6,0x53,0xE6,0x53,0xE6,0x53,0xE6,0x53,0xE6,
    0x53,0xE6,0x53,0xE6,0x53,0xE6,0x53,0xE6,0x53,0xE6,0x53,0xE6,0x53,0xE6,0x53,0xE6,
    0x53,0xE6,0x53,0xE6,0x53,0xE6,0x53,0xE6,0x53,0xE6,0x53,0xE6,0x53,0xE6,0x53,0xE6,
    0x53,0xE6,0x53,0xE6,0x53,0xE6,0x53,0xE6,0x53,0xE6,0x53,0xE6,0x53,0xE6,0x53,0xE6,
    0x53,0xE6,0x53,0xE6,0x53,0xE6,0x53,0xE6,0x53,0xE6,0x53,0xE6,0x53,0xE6,0x53,0xE6,
    0x53,0xE6,0x53,0xE6,0x53,0xE6,0x53,0xE6,0x53,0xE6,0x53,0xE6,0x53,0xE6,0x53,0xE6,
    0x53,0xE6,0x53,0xE6,0x53,0xE6,0x53,0xE6,0x53,0xE6,0x53,0xE6,0x53,0xE6,0x53,0xE6,
    0x53,0xE6,0x53,0xE6,0x53,0xE6,0x53,0xE6,0x53,0xE6,0x53,0xE6,0x53,0xE6,0x53,0xE6,
    0x53,0xE6,0x53,0xE6,0x53,0xE6,0x53,0xE6,0x53,0xE6,0x53,0xE6,0x53,0xE6,0x53,0xE6,
    0x53,0xE6,0x53,0xE6,0x53,0xE6,0x53,0xE6,0x53,0xE6,0x53,0xE6,0x53,0xE6,0x53,0xE6,
    0x53,0xE6,0x53,0xE6,0x53,0xE6,0x53,0xE6,0x53,0xE6,0x53,0xE6,0x53,0xE6,0x53,0xE6,
    0x53,0xE6,0x53,0xE6,0x53,0xE6,0x53,0xE6,0x53,0xE6,0x53,0xE6,0x53,0xE6,0x53,0xE6,
    0x53,0xE6,0x53,0xE6,0x53,0xE6,0x53,0xE6,0x53,0xE6,0x53,0xE6,0x53,0xE6,0x53,0xE6,
    0x53,0xE6,0x53,0xE6,0x53,0xE6,0x53,0xE6,0x53,0xE6,0x53,0xE6,0x53,0xE6,0x53,0xE6,
    0x53,0xE6,0x53,0xE6,0x53,0xE6,0x53,0xE6,0x53,0xE6,0x53,0xE6,0x53,0xE6,0x53,0xE6,
    0x53,0xE6,0x53,0xE6,0x53,0xE6,0x53,0xE6,0x53,0xE6,0x53,0xE6,0x53,0xE6,0x53,0xE6,
    0x53,0xE6,0x53,0xE6,0x53,0xE6,0x53,0xE6,0x53,0xE6,0x53,0xE6,0x53,0xE6,0x53,0xE6,
    0x53,0xE6,0x53,0xE6,0x53,0xE6,0x53,0xE6,0x53,0xE6,0x53,0xE6,0x53,0xE6,0x53,0xE6,
    0x53,0xE6,0x53,0xE6,0x53,0xE6,0x53,0xE6,0x53,0xE6,0x53,0xE6,0x53,0xE6,0x53,0xE6,
    0x53,0xE6,0x53,0xE6,0x53,0xE6,0x53,0xE6,0x53,0xE6,0x53,0xE6,0x53,0xE6,0x53,0xE6,
    0x53,0xE6,0x53,0xE6,0x53,0xE6,0x53,0xE6,0x53,0xE6,0x53,0xE6,0x53,0xE6,0x53,0xE6,
    0x53,0xE6,0x53,0xE6,0x53,0xE6,0x53,0xE6,0x53,0xE6,0x53,0xE6,0x53,0xE6,0x53,0xE6,
    0x53,0xE6,0x53,0xE6,0x53,0xE6,0x53,0xE6,0x53,0xE6,0x53,0xE6,0x53,0xE6,0x53,0xE6,
    0x53,0xE6,0x53,0xE6,0x53,0xE6,0x53,0xE6,0x53,0xE6,0x53,0xE6,0x53,0xE6,0x53,0xE6,
    0x53,0xE6,0x53,0xE6,0x53,0xE6,0x53,0xE6,0x53,0xE6,0x53,0xE6,0x53,0xE6,0x53,0xE6,
    0x53,0xE6,0x53,0xE6,0x53,0xE6,0x53,0xE6,0x53,0xE6,0x53,0xE6,0x53,0xE6,0x53,0xE6,
    0x53,0xE6,0x53,0xE6,0x53,0xE6,0x53,0xE6,0x53,0xE6,0x53,0xE6,0x53,0xE6,0x53,0xE6,
    0x53,0xE6,0x53,0xE6,0x32,0xE6,0x53,0xE6,0x12,0xDE,0x32,0xE6,0xA5,0x39,0x00,0x00,
    0x00,0x00,0x88,0x62,0x93,0xEE,0x32,0xE6,0x8D,0xA4,0x32,0xE6,0x53,0xE6,0x53,0xE6,
    0x53,0xE6,0x53,0xE6,0x53,0xE6,0x53,0xE6,0x53,0xE6,0x53,0xE6,0x53,0xE6,0x53,0xE6,
    0x53,0xE6,0x53,0xE6,0x53,0xE6,0x53,0xE6,0x53,0xE6,0x53,0xE6,0x53,0xE6,0x53,0xE6,
    0x53,0xE6,0x53,0xE6,0x53,0xE6,0x53,0xE6,0x53,0xE6,0x53,0xE6,0x53,0xE6,0x53,0xE6,
    0x53,0xE6,0x53,0xE6,0x53,0xE6,0x53,0xE6,0x53,0xE6,0x53,0xE6,0x53,0xE6,0x53,0xE6,
    0x53,0xE6,0x53,0xE6,0x53,0xE6,0x53,0xE6,0x53,0xE6,0x53,0xE6,0x53,0xE6,0x53,0xE6,
    0x53,0xE6,0x53,0xE6,0x53,0xE6,0x53,0xE6,0x53,0xE6,0x53,0xE6,0x53,0xE6,0x53,0xE6,
    0x53,0xE6,0x53,0xE6,0x53,0xE6,0x53,0xE6,0x53,0xE6,0x53,0xE6,0x53,0xE6,0x53,0xE6,
    0x53,0xE6,0x53,0xE6,0x53,0xE6,0x53,0xE6,0x53,0xE6,0x53,0xE6,0x53,0xE6,0x53,0xE6,
    0x53,0xE6,0x53,0xE6,0x53,0xE6,0x53,0xE6,0x53,0xE6,0x53,0xE6,0x53,0xE6,0x53,0xE6,
    0x53,0xE6,0x53,0xE6,0x53,0xE6,0x53,0xE6,0x53,0xE6,0x53,0xE6,0x53,0xE6,0x53,0xE6,
    0x53,0xE6,0x53,0xE6,0x53,0xE6,0x53,0xE6,0x53,0xE6,0x53,0xE6,0x53,0xE6,0x53,0xE6,
    0x53,0xE6,0x53,0xE6,0x53,0xE6,0x53,0xE6,0x53,0xE6,0x53,0xE6,0x53,0xE6,0x53,0xE6,
    0x53,0xE6,0x53,0xE6,0x53,0xE6,0x53,0xE6,0x53,0xE6,0x53,0xE6,0x53,0xE6,0x53,0xE6,
    0x53,0xE6,0x53,0xE6,0x53,0xE6,0x53,0xE6,0x53,0xE6,0x53,0xE6,0x53,0xE6,0x53,0xE6,
    0x53,0xE6,0x53,0xE6,0x53,0xE6,0x53,0xE6,0x53,0xE6,0x53,0xE6,0x53,0xE6,0x53,0xE6,
    0x53,0xE6,0x53,0xE6,0x53,0xE6,0x53,0xE6,0x53,0xE6,0x53,0xE6,0x53,0xE6,0x53,0xE6,
    0x53,0xE6,0x53,0xE6,0x53,0xE6,0x53,0xE6,0x53,0xE6,0x53,0xE6,0x53,0xE6,0x53,0xE6,
    0x53,0xE6,0x53,0xE6,0x53,0xE6,0x53,0xE6,0x53,0xE6,0x53,0xE6,0x53,0xE6,0x53,0xE6,
    0x53,0xE6,0x53,0xE6,0x53,0xE6,0x53,0xE6,0x53,0xE6,0x53,0xE6,0x53,0xE6,0x53,0xE6,
    0x53,0xE6,0x53,0xE6,0x53,0xE6,0x53,0xE6,0x53,0xE6,0x53,0xE6,0x53,0xE6,0x53,0xE6,
    0x53,0xE6,0x53,0xE6,0x53,0xE6,0x53,0xE6,0x53,0xE6,0x53,0xE6,0x53,0xE6,0x53,0xE6,
    0x53,0xE6,0x53,0xE6,0x53,0xE6,0x53,0xE6,0x53,0xE6,0x53,0xE6,0x53,0xE6,0x53,0xE6,
    0x53,0xE6,0x53,0xE6,0x53,0xE6,0x53,0xE6,0x53,0xE6,0x53,0xE6,0x53,0xE6,0x53,0xE6,
    0x53,0xE6,0x53,0xE6,0x53,0xE6,0x53,0xE6,0x53,0xE6,0x53,0xE6,0x53,0xE6,0x53,0xE6,
    0x53,0xE6,0x53,0xE6,0x53,0xE6,0x53,0xE6,0x53,0xE6,0x53,0xE6,0x53,0xE6,0x53,0xE6,
    0x53,0xE6,0x53,0xE6,0x53,0xE6,0x53,0xE6,0x53,0xE6,0x53,0xE6,0x53,0xE6,0x53,0xE6,
    0x53,0xE6,0x53,0xE6,0x53,0xE6,0x53,0xE6,0x53,0xE6,0x53,0xE6,0x53,0xE6,0x53,0xE6,
    0x53,0xE6,0x53,0xE6,0x53,0xE6,0x53,0xE6,0x53,0xE6,0x53,0xE6,0x53,0xE6,0x53,0xE6,
    0x53,0xE6,0x53,0xE6,0x12,0xDE,0x53,0xE6,0x12,0xDE,0x90,0xCD,0x61,0x10,0x00,0x00,
    0x00,0x00,0x23,0x29,0x32,0xE6,0x73,0xEE,0xEE,0xB4,0xB1,0xD5,0x73,0xEE,0x53,0xE6,
    0x53,0xE6,0x53,0xE6,0x53,0xE6,0x53,0xE6,0x53,0xE6,0x53,0xE6,0x53,0xE6,0x53,0xE6,
    0x53,0xE6,0x53,0xE6,0x53,0xE6,0x53,0xE6,0x53,0xE6,0x53,0xE6,0x53,0xE6,0x53,0xE6,
    0x53,0xE6,0x53,0xE6,0x53,0xE6,0x53,0xE6,0x53,0xE6,0x53,0xE6,0x53,0xE6,0x53,0xE6,
    0x53,0xE6,0x53,0xE6,0x53,0xE6,0x53,0xE6,0x53,0xE6,0x53,0xE6,0x53,0xE6,0x52,0xE6,
    0x32,0xE6,0x32,0xE6,0x32,0xE6,0x32,0xE6,0x52,0xE6,0x53,0xE6,0x53,0xE6,0x53,0xE6,
    0x53,0xE6,0x53,0xE6,0x53,0xE6,0x53,0xE6,0x53,0xE6,0x53,0xE6,0x53,0xE6,0x53,0xE6,
    0x53,0xE6,0x53,0xE6,0x53,0xE6,0x53,0xE6,0x53,0xE6,0x53,0xE6,0x53,0xE6,0x53,0xE6,
    0x53,0xE6,0x53,0xE6,0x53,0xE6,0x53,0xE6,0x53,0xE6,0x53,0xE6,0x53,0xE6,0x53,0xE6,
    0x53,0xE6,0x53,0xE6,0x53,0xE6,0x53,0xE6,0x53,0xE6,0x53,0xE6,0x53,0xE6,0x53,0xE6,
    0x53,0xE6,0x53,0xE6,0x53,0xE6,0x53,0xE6,0x53,0xE6,0x53,0xE6,0x53,0xE6,0x53,0xE6,
    0x53,0xE6,0x53,0xE6,0x53,0xE6,0x53,0xE6,0x53,0xE6,0x53,0xE6,0x53,0xE6,0x53,0xE6,
    0x53,0xE6,0x53,0xE6,0x53,0xE6,0x53,0xE6,0x53,0xE6,0x53,0xE6,0x53,0xE6,0x53,0xE6,
    0x53,0xE6,0x53,0xE6,0x53,0xE6,0x53,0xE6,0x53,0xE6,0x53,0xE6,0x53,0xE6,0x53,0xE6,
    0x53,0xE6,0x53,0xE6,0x53,0xE6,0x53,0xE6,0x53,0xE6,0x53,0xE6,0x53,0xE6,0x53,0xE6,
    0x53,0xE6,0x53,0xE6,0x53,0xE6,0x53,0xE6,0x53,0xE6,0x53,0xE6,0x53,0xE6,0x53,0xE6,
    0x53,0xE6,0x53,0xE6,0x53,0xE6,0x53,0xE6,0x53,0xE6,0x53,0xE6,0x53,0xE6,0x53,0xE6,
    0x53,0xE6,0x53,0xE6,0x53,0xE6,0x53,0xE6,0x53,0xE6,0x53,0xE6,0x53,0xE6,0x53,0xE6,
    0x53,0xE6,0x53,0xE6,0x53,0xE6,0x53,0xE6,0x53,0xE6,0x53,0xE6,0x53,0xE6,0x53,0xE6,
    0x53,0xE6,0x53,0xE6,0x53,0xE6,0x53,0xE6,0x53,0xE6,0x53,0xE6,0x53,0xE6,0x53,0xE6,
    0x53,0xE6,0x53,0xE6,0x53,0xE6,0x53,0xE6,0x53,0xE6,0x53,0xE6,0x53,0xE6,0x53,0xE6,
    0x53,0xE6,0x53,0xE6,0x53,0xE6,0x53,0xE6,0x53,0xE6,0x53,0xE6,0x53,0xE6,0x53,0xE6,
    0x53,0xE6,0x53,0xE6,0x53,0xE6,0x53,0xE6,0x53,0xE6,0x53,0xE6,0x53,0xE6,0x53,0xE6,
    0x53,0xE6,0x53,0xE6,0x53,0xE6,0x53,0xE6,0x53,0xE6,0x53,0xE6,0x53,0xE6,0x53,0xE6,
    0x53,0xE6,0x53,0xE6,0x53,0xE6,0x53,0xE6,0x53,0xE6,0x52,0xE6,0x32,0xE6,0x52,0xE6,
    0x53,0xE6,0x53,0xE6,0x53,0xE6,0x53,0xE6,0x53,0xE6,0x53,0xE6,0x53,0xE6,0x53,0xE6,
    0x53,0xE6,0x53,0xE6,0x53,0xE6,0x53,0xE6,0x53,0xE6,0x53,0xE6,0x53,0xE6,0x53,0xE6,
    0x53,0xE6,0x53,0xE6,0x53,0xE6,0x53,0xE6,0x53,0xE6,0x53,0xE6,0x53,0xE6,0x53,0xE6,
    0x53,0xE6,0x53,0xE6,0x53,0xE6,0x53,0xE6,0x53,0xE6,0x53,0xE6,0x53,0xE6,0x53,0xE6,
    0x53,0xE6,0x32,0xE6,0x12,0xDE,0x32,0xE6,0x32,0xE6,0x6D,0xA4,0x00,0x00,0x00,0x00,
    0x20,0x00,0xC2,0x18,0x90,0xCD,0x73,0xEE,0x70,0xC5,0x2F,0xBD,0x93,0xEE,0x52,0xE6,
    0x53,0xE6,0x53,0xE6,0x53,0xE6,0x53,0xE6,0x53,0xE6,0x53,0xE6,0x53,0xE6,0x53,0xE6,
    0x53,0xE6,0x53,0xE6,0x52,0xE6,0x52,0xE6,0x53,0xE6,0x53,0xE6,0x53,0xE6,0x53,0xE6,
    0x53,0xE6,0x53,0xE6,0x53,0xE6,0x53,0xE6,0x53,0xE6,0x53,0xE6,0x53,0xE6,0x53,0xE6,
    0x53,0xE6,0x53,0xE6,0x53,0xE6,0x53,0xE6,0x53,0xE6,0x53,0xE6,0x32,0xE6,0x73,0xEE,
    0xB4,0xF6,0xD4,0xFE,0xD4,0xFE,0xB4,0xF6,0x73,0xEE,0x32,0xE6,0x53,0xE6,0x53,0xE6,
    0x53,0xE6,0x53,0xE6,0x53,0xE6,0x53,0xE6,0x53,0xE6,0x53,0xE6,0x53,0xE6,0x53,0xE6,
    0x53,0xE6,0x53,0xE6,0x53,0xE6,0x53,0xE6,0x53,0xE6,0x53,0xE6,0x53,0xE6,0x53,0xE6,
    0x53,0xE6,0x53,0xE6,0x53,0xE6,0x53,0xE6,0x53,0xE6,0x53,0xE6,0x53,0xE6,0x53,0xE6,
    0x53,0xE6,0x53,0xE6,0x53,0xE6,0x53,0xE6,0x53,0xE6,0x53,0xE6,0x53,0xE6,0x53,0xE6,
    0x53,0xE6,0x53,0xE6,0x53,0xE6,0x53,0xE6,0x53,0xE6,0x53,0xE6,0x53,0xE6,0x53,0xE6,
    0x53,0xE6,0x53,0xE6,0x53,0xE6,0x53,0xE6,0x53,0xE6,0x53,0xE6,0x53,0xE6,0x53,0xE6,
    0x53,0xE6,0x53,0xE6,0x53,0xE6,0x53,0xE6,0x53,0xE6,0x53,0xE6,0x53,0xE6,0x53,0xE6,
    0x53,0xE6,0x53,0xE6,0x53,0xE6,0x53,0xE6,0x53,0xE6,0x53,0xE6,0x53,0xE6,0x53,0xE6,
    0x53,0xE6,0x53,0xE6,0x53,0xE6,0x53,0xE6,0x53,0xE6,0x53,0xE6,0x53,0xE6,0x53,0xE6,
    0x53,0xE6,0x53,0xE6,0x53,0xE6,0x53,0xE6,0x53,0xE6,0x53,0xE6,0x53,0xE6,0x53,0xE6,
    0x53,0xE6,0x53,0xE6,0x53,0xE6,0x53,0xE6,0x53,0xE6,0x53,0xE6,0x53,0xE6,0x53,0xE6,
    0x53,0xE6,0x53,0xE6,0x53,0xE6,0x53,0xE6,0x53,0xE6,0x53,0xE6,0x53,0xE6,0x53,0xE6,
    0x53,0xE6,0x53,0xE6,0x53,0xE6,0x53,0xE6,0x53,0xE6,0x53,0xE6,0x53,0xE6,0x53,0xE6,
    0x53,0xE6,0x53,0xE6,0x53,0xE6,0x53,0xE6,0x53,0xE6,0x53,0xE6,0x53,0xE6,0x53,0xE6,
    0x53,0xE6,0x53,0xE6,0x53,0xE6,0x53,0xE6,0x53,0xE6,0x53,0xE6,0x53,0xE6,0x53,0xE6,
    0x53,0xE6,0x53,0xE6,0x53,0xE6,0x53,0xE6,0x53,0xE6,0x53,0xE6,0x53,0xE6,0x53,0xE6,
    0x53,0xE6,0x53,0xE6,0x53,0xE6,0x53,0xE6,0x53,0xE6,0x53,0xE6,0x53,0xE6,0x53,0xE6,
    0x53,0xE6,0x53,0xE6,0x53,0xE6,0x53,0xE6,0x53,0xE6,0x53,0xE6,0x53,0xE6,0x53,0xE6,
    0x53,0xE6,0x53,0xE6,0x53,0xE6,0x53,0xE6,0x32,0xE6,0x73,0xEE,0x94,0xF6,0x93,0xEE,
    0x53,0xE6,0x53,0xE6,0x53,0xE6,0x53,0xE6,0x53,0xE6,0x53,0xE6,0x53,0xE6,0x53,0xE6,
    0x53,0xE6,0x53,0xE6,0x53,0xE6,0x53,0xE6,0x53,0xE6,0x53,0xE6,0x53,0xE6,0x53,0xE6,
    0x53,0xE6,0x53,0xE6,0x53,0xE6,0x53,0xE6,0x52,0xE6,0x53,0xE6,0x53,0xE6,0x53,0xE6,
    0x53,0xE6,0x53,0xE6,0x53,0xE6,0x53,0xE6,0x53,0xE6,0x53,0xE6,0x53,0xE6,0x53,0xE6,
    0x53,0xE6,0x32,0xE6,0x32,0xE6,0x12,0xDE,0x53,0xEE,0xC8,0x6A,0x00,0x00,0x20,0x08,
    0x21,0x08,0x41,0x08,0xEC,0x93,0xB4,0xF6,0xF2,0xDD,0xCE,0xAC,0x53,0xEE,0x53,0xE6,
    0x53,0xE6,0x53,0xE6,0x53,0xE6,0x53,0xE6,0x53,0xE6,0x53,0xE6,0x53,0xE6,0x53,0xE6,
    0x32,0xE6,0x32,0xE6,0x73,0xEE,0x73,0xEE,0x52,0xE6,0x53,0xE6,0x53,0xE6,0x53,0xE6,
    0x53,0xE6,0x53,0xE6,0x53,0xE6,0x53,0xE6,0x53,0xE6,0x53,0xE6,0x53,0xE6,0x53,0xE6,
    0x53,0xE6,0x53,0xE6,0x53,0xE6,0x53,0xE6,0x53,0xE6,0x32,0xE6,0xB4,0xF6,0xF2,0xDD,
    0x8D,0xAC,0x6A,0x7B,0x4A,0x7B,0x6D,0xA4,0xB1,0xD5,0xB4,0xF6,0x53,0xE6,0x52,0xE6,
    0x53,0xE6,0x53,0xE6,0x53,0xE6,0x53,0xE6,0x53,0xE6,0x53,0xE6,0x53,0xE6,0x53,0xE6,
    0x53,0xE6,0x53,0xE6,0x53,0xE6,0x53,0xE6,0x53,0xE6,0x53,0xE6,0x53,0xE6,0x53,0xE6,
    0x53,0xE6,0x53,0xE6,0x53,0xE6,0x53,0xE6,0x53,0xE6,0x53,0xE6,0x53,0xE6,0x53,0xE6,
    0x53,0xE6,0x53,0xE6,0x53,0xE6,0x53,0xE6,0x53,0xE6,0x53,0xE6,0x53,0xE6,0x53,0xE6,
    0x53,0xE6,0x53,0xE6,0x53,0xE6,0x53,0xE6,0x53,0xE6,0x53,0xE6,0x53,0xE6,0x53,0xE6,
    0x53,0xE6,0x53,0xE6,0x53,0xE6,0x53,0xE6,0x53,0xE6,0x53,0xE6,0x53,0xE6,0x53,0xE6,
    0x53,0xE6,0x53,0xE6,0x53,0xE6,0x53,0xE6,0x53,0xE6,0x53,0xE6,0x53,0xE6,0x53,0xE6,
    0x53,0xE6,0x53,0xE6,0x53,0xE6,0x53,0xE6,0x53,0xE6,0x53,0xE6,0x53,0xE6,0x53,0xE6,
    0x53,0xE6,0x53,0xE6,0x53,0xE6,0x53,0xE6,0x53,0xE6,0x53,0xE6,0x53,0xE6,0x53,0xE6,
    0x53,0xE6,0x53,0xE6,0x53,0xE6,0x53,0xE6,0x53,0xE6,0x53,0xE6,0x53,0xE6,0x53,0xE6,
    0x53,0xE6,0x53,0xE6,0x53,0xE6,0x53,0xE6,0x53,0xE6,0x53,0xE6,0x53,0xE6,0x53,0xE6,
    0x53,0xE6,0x53,0xE6,0x53,0xE6,0x53,0xE6,0x53,0xE6,0x53,0xE6,0x53,0xE6,0x53,0xE6,
    0x53,0xE6,0x53,0xE6,0x53,0xE6,0x53,0xE6,0x53,0xE6,0x53,0xE6,0x53,0xE6,0x53,0xE6,
    0x53,0xE6,0x53,0xE6,0x53,0xE6,0x53,0xE6,0x53,0xE6,0x53,0xE6,0x53,0xE6,0x53,0xE6,
    0x53,0xE6,0x53,0xE6,0x53,0xE6,0x53,0xE6,0x53,0xE6,0x53,0xE6,0x53,0xE6,0x53,0xE6,
    0x53,0xE6,0x53,0xE6,0x53,0xE6,0x53,0xE6,0x53,0xE6,0x53,0xE6,0x53,0xE6,0x53,0xE6,
    0x53,0xE6,0x53,0xE6,0x53,0xE6,0x53,0xE6,0x53,0xE6,0x53,0xE6,0x53,0xE6,0x53,0xE6,
    0x53,0xE6,0x53,0xE6,0x53,0xE6,0x53,0xE6,0x53,0xE6,0x53,0xE6,0x53,0xE6,0x53,0xE6,
    0x53,0xE6,0x53,0xE6,0x53,0xE6,0x32,0xE6,0x73,0xEE,0x70,0xCD,0xCE,0xB4,0x50,0xC5,
    0x73,0xEE,0x53,0xE6,0x53,0xE6,0x53,0xE6,0x53,0xE6,0x53,0xE6,0x53,0xE6,0x53,0xE6,
    0x53,0xE6,0x53,0xE6,0x53,0xE6,0x53,0xE6,0x53,0xE6,0x53,0xE6,0x53,0xE6,0x53,0xE6,
    0x53,0xE6,0x53,0xE6,0x53,0xE6,0x53,0xE6,0x73,0xEE,0x52,0xE6,0x32,0xE6,0x52,0xE6,
    0x53,0xE6,0x53,0xE6,0x53,0xE6,0x53,0xE6,0x53,0xE6,0x53,0xE6,0x53,0xE6,0x53,0xE6,
    0x53,0xE6,0x12,0xDE,0x53,0xE6,0x12,0xDE,0xF2,0xDD,0x03,0x29,0x00,0x00,0x00,0x00,
    0x00,0x00,0x41,0x08,0x26,0x52,0x93,0xEE,0x53,0xE6,0x2F,0xBD,0xF2,0xDD,0x73,0xEE,
    0x53,0xE6,0x53,0xE6,0x53,0xE6,0x53,0xE6,0x53,0xE6,0x32,0xE6,0x32,0xE6,0x53,0xEE,
    0xB4,0xF6,0xD4,0xFE,0xB1,0xCD,0xD1,0xD5,0x73,0xEE,0x53,0xE6,0x53,0xE6,0x53,0xE6,
    0x53,0xE6,0x53,0xE6,0x53,0xE6,0x53,0xE6,0x53,0xE6,0x53,0xE6,0x53,0xE6,0x53,0xE6,
    0x53,0xE6,0x53,0xE6,0x53,0xE6,0x53,0xE6,0x32,0xE6,0xB4,0xF6,0x0C,0x94,0xC2,0x18,
    0x00,0x00,0x00,0x00,0x00,0x00,0x00,0x00,0x61,0x10,0xE9,0x6A,0x53,0xE6,0x53,0xE6,
    0x53,0xE6,0x53,0xE6,0x53,0xE6,0x53,0xE6,0x53,0xE6,0x53,0xE6,0x53,0xE6,0x53,0xE6,
    0x53,0xE6,0x53,0xE6,0x53,0xE6,0x53,0xE6,0x53,0xE6,0x53,0xE6,0x53,0xE6,0x53,0xE6,
    0x53,0xE6,0x53,0xE6,0x53,0xE6,0x53,0xE6,0x53,0xE6,0x53,0xE6,0x53,0xE6,0x53,0xE6,
    0x53,0xE6,0x53,0xE6,0x53,0xE6,0x53,0xE6,0x53,0xE6,0x53,0xE6,0x53,0xE6,0x53,0xE6,
    0x53,0xE6,0x53,0xE6,0x53,0xE6,0x53,0xE6,0x53,0xE6,0x53,0xE6,0x53,0xE6,0x53,0xE6,
    0x53,0xE6,0x53,0xE6,0x53,0xE6,0x53,0xE6,0x53,0xE6,0x53,0xE6,0x53,0xE6,0x53,0xE6,
    0x53,0xE6,0x53,0xE6,0x53,0xE6,0x53,0xE6,0x53,0xE6,0x53,0xE6,0x53,0xE6,0x53,0xE6,
    0x53,0xE6,0x53,0xE6,0x53,0xE6,0x53,0xE6,0x53,0xE6,0x53,0xE6,0x53,0xE6,0x53,0xE6,
    0x53,0xE6,0x53,0xE6,0x53,0xE6,0x53,0xE6,0x53,0xE6,0x53,0xE6,0x53,0xE6,0x53,0xE6,
    0x53,0xE6,0x53,0xE6,0x53,0xE6,0x53,0xE6,0x53,0xE6,0x53,0xE6,0x53,0xE6,0x53,0xE6,
    0x53,0xE6,0x53,0xE6,0x53,0xE6,0x53,0xE6,0x53,0xE6,0x53,0xE6,0x53,0xE6,0x53,0xE6,
    0x53,0xE6,0x53,0xE6,0x53,0xE6,0x53,0xE6,0x53,0xE6,0x53,0xE6,0x53,0xE6,0x53,0xE6,
    0x53,0xE6,0x53,0xE6,0x53,0xE6,0x53,0xE6,0x53,0xE6,0x53,0xE6,0x53,0xE6,0x53,0xE6,
    0x53,0xE6,0x53,0xE6,0x53,0xE6,0x53,0xE6,0x53,0xE6,0x53,0xE6,0x53,0xE6,0x53,0xE6,
    0x53,0xE6,0x53,0xE6,0x53,0xE6,0x53,0xE6,0x53,0xE6,0x53,0xE6,0x53,0xE6,0x53,0xE6,
    0x53,0xE6,0x53,0xE6,0x53,0xE6,0x53,0xE6,0x53,0xE6,0x53,0xE6,0x53,0xE6,0x53,0xE6,
    0x53,0xE6,0x53,0xE6,0x53,0xE6,0x53,0xE6,0x53,0xE6,0x53,0xE6,0x53,0xE6,0x53,0xE6,
    0x53,0xE6,0x53,0xE6,0x53,0xE6,0x53,0xE6,0x53,0xE6,0x53,0xE6,0x53,0xE6,0x53,0xE6,
    0x53,0xE6,0x53,0xE6,0x32,0xE6,0x73,0xEE,0xB1,0xD5,0x82,0x10,0x00,0x00,0xE5,0x41,
    0x94,0xF6,0x32,0xE6,0x53,0xE6,0x53,0xE6,0x53,0xE6,0x53,0xE6,0x53,0xE6,0x53,0xE6,
    0x53,0xE6,0x53,0xE6,0x53,0xE6,0x53,0xE6,0x53,0xE6,0x53,0xE6,0x53,0xE6,0x53,0xE6,
    0x53,0xE6,0x53,0xE6,0x53,0xE6,0x32,0xE6,0xB1,0xD5,0x94,0xF6,0xD4,0xFE,0x73,0xEE,
    0x32,0xE6,0x32,0xE6,0x53,0xE6,0x53,0xE6,0x53,0xE6,0x53,0xE6,0x53,0xE6,0x53,0xE6,
    0x53,0xE6,0x32,0xE6,0x52,0xE6,0xF2,0xDD,0xEE,0xB4,0x20,0x00,0x00,0x00,0x00,0x00,
    0x00,0x00,0x00,0x00,0x61,0x10,0xB1,0xD5,0x73,0xEE,0x90,0xCD,0x50,0xC5,0x73,0xEE,
    0x52,0xE6,0x53,0xE6,0x53,0xE6,0x53,0xE6,0x53,0xE6,0x93,0xF6,0xD4,0xFE,0x32,0xE6,
    0x4D,0x9C,0xC5,0x41,0x41,0x08,0xCB,0x8B,0xB4,0xF6,0x32,0xE6,0x53,0xE6,0x53,0xE6,
    0x53,0xE6,0x53,0xE6,0x53,0xE6,0x53,0xE6,0x53,0xE6,0x53,0xE6,0x53,0xE6,0x53,0xE6,
    0x53,0xE6,0x53,0xE6,0x53,0xE6,0x32,0xE6,0xB4,0xF6,0xEC,0x93,0x00,0x00,0x00,0x00,
    0x23,0x29,0x70,0xC5,0x32,0xE6,0xC8,0x6A,0x00,0x00,0x00,0x00,0xA8,0x62,0xB4,0xF6,
    0x32,0xE6,0x53,0xE6,0x53,0xE6,0x53,0xE6,0x53,0xE6,0x53,0xE6,0x53,0xE6,0x53,0xE6,
    0x53,0xE6,0x53,0xE6,0x53,0xE6,0x53,0xE6,0x53,0xE6,0x53,0xE6,0x53,0xE6,0x53,0xE6,
    0x53,0xE6,0x53,0xE6,0x53,0xE6,0x53,0xE6,0x53,0xE6,0x53,0xE6,0x53,0xE6,0x53,0xE6,
    0x53,0xE6,0x53,0xE6,0x53,0xE6,0x53,0xE6,0x53,0xE6,0x53,0xE6,0x53,0xE6,0x53,0xE6,
    0x53,0xE6,0x53,0xE6,0x53,0xE6,0x53,0xE6,0x53,0xE6,0x53,0xE6,0x53,0xE6,0x53,0xE6,
    0x53,0xE6,0x53,0xE6,0x53,0xE6,0x53,0xE6,0x53,0xE6,0x53,0xE6,0x53,0xE6,0x53,0xE6,
    0x53,0xE6,0x53,0xE6,0x53,0xE6,0x53,0xE6,0x53,0xE6,0x53,0xE6,0x53,0xE6,0x53,0xE6,
    0x53,0xE6,0x53,0xE6,0x53,0xE6,0x53,0xE6,0x53,0xE6,0x53,0xE6,0x53,0xE6,0x53,0xE6,
    0x53,0xE6,0x53,0xE6,0x53,0xE6,0x53,0xE6,0x53,0xE6,0x53,0xE6,0x53,0xE6,0x53,0xE6,
    0x53,0xE6,0x53,0xE6,0x53,0xE6,0x53,0xE6,0x53,0xE6,0x53,0xE6,0x53,0xE6,0x53,0xE6,
    0x53,0xE6,0x53,0xE6,0x53,0xE6,0x53,0xE6,0x53,0xE6,0x53,0xE6,0x53,0xE6,0x53,0xE6,
    0x53,0xE6,0x53,0xE6,0x53,0xE6,0x53,0xE6,0x53,0xE6,0x53,0xE6,0x53,0xE6,0x53,0xE6,
    0x53,0xE6,0x53,0xE6,0x53,0xE6,0x53,0xE6,0x53,0xE6,0x53,0xE6,0x53,0xE6,0x53,0xE6,
    0x53,0xE6,0x53,0xE6,0x53,0xE6,0x53,0xE6,0x53,0xE6,0x53,0xE6,0x53,0xE6,0x53,0xE6,
    0x53,0xE6,0x53,0xE6,0x53,0xE6,0x53,0xE6,0x53,0xE6,0x53,0xE6,0x53,0xE6,0x53,0xE6,
    0x53,0xE6,0x53,0xE6,0x53,0xE6,0x53,0xE6,0x53,0xE6,0x53,0xE6,0x53,0xE6,0x53,0xE6,
    0x53,0xE6,0x53,0xE6,0x53,0xE6,0x53,0xE6,0x53,0xE6,0x53,0xE6,0x53,0xE6,0x53,0xE6,
    0x53,0xE6,0x53,0xE6,0x53,0xE6,0x53,0xE6,0x53,0xE6,0x53,0xE6,0x53,0xE6,0x53,0xE6,
    0x53,0xE6,0x53,0xE6,0x32,0xE6,0x94,0xF6,0xC5,0x41,0x00,0x00,0x00,0x00,0x46,0x52,
    0xB4,0xF6,0x32,0xE6,0x53,0xE6,0x53,0xE6,0x53,0xE6,0x53,0xE6,0x53,0xE6,0x53,0xE6,
    0x53,0xE6,0x53,0xE6,0x53,0xE6,0x53,0xE6,0x53,0xE6,0x53,0xE6,0x53,0xE6,0x53,0xE6,
    0x53,0xE6,0x52,0xE6,0x73,0xEE,0xD1,0xD5,0xA2,0x18,0x44,0x31,0xCB,0x8B,0xD1,0xD5,
    0xD4,0xFE,0xB4,0xF6,0x53,0xE6,0x53,0xE6,0x53,0xE6,0x53,0xE6,0x53,0xE6,0x53,0xE6,
    0x53,0xE6,0x53,0xE6,0x12,0xDE,0x12,0xDE,0x4A,0x7B,0x00,0x00,0x20,0x00,0x00,0x00,
    0x20,0x08,0x20,0x00,0x00,0x00,0x0C,0x94,0x73,0xEE,0xF2,0xDD,0xCE,0xB4,0x53,0xEE,
    0x53,0xE6,0x53,0xE6,0x53,0xE6,0x53,0xE6,0x53,0xEE,0xEE,0xB4,0x87,0x5A,0x82,0x10,
    0x82,0x10,0x67,0x5A,0x0F,0xB5,0x32,0xE6,0x53,0xE6,0x53,0xE6,0x53,0xE6,0x53,0xE6,
    0x53,0xE6,0x53,0xE6,0x53,0xE6,0x53,0xE6,0x53,0xE6,0x53,0xE6,0x53,0xE6,0x53,0xE6,
    0x53,0xE6,0x53,0xE6,0x53,0xE6,0x53,0xEE,0x12,0xDE,0xA2,0x18,0x00,0x00,0x00,0x00,
    0x8E,0xAC,0xD4,0xFE,0x73,0xEE,0x73,0xEE,0xE3,0x20,0x20,0x00,0x00,0x00,0x50,0xC5,
    0x73,0xEE,0x52,0xE6,0x53,0xE6,0x53,0xE6,0x53,0xE6,0x53,0xE6,0x53,0xE6,0x53,0xE6,
    0x53,0xE6,0x53,0xE6,0x53,0xE6,0x53,0xE6,0x53,0xE6,0x53,0xE6,0x53,0xE6,0x53,0xE6,
    0x53,0xE6,0x53,0xE6,0x53,0xE6,0x53,0xE6,0x53,0xE6,0x53,0xE6,0x53,0xE6,0x53,0xE6,
    0x53,0xE6,0x53,0xE6,0x53,0xE6,0x53,0xE6,0x53,0xE6,0x53,0xE6,0x53,0xE6,0x53,0xE6,
    0x53,0xE6,0x53,0xE6,0x53,0xE6,0x53,0xE6,0x53,0xE6,0x53,0xE6,0x53,0xE6,0x53,0xE6,
    0x53,0xE6,0x53,0xE6,0x53,0xE6,0x53,0xE6,0x53,0xE6,0x53,0xE6,0x53,0xE6,0x53,0xE6,
    0x53,0xE6,0x53,0xE6,0x53,0xE6,0x53,0xE6,0x53,0xE6,0x53,0xE6,0x53,0xE6,0x53,0xE6,
    0x53,0xE6,0x53,0xE6,0x53,0xE6,0x53,0xE6,0x53,0xE6,0x53,0xE6,0x53,0xE6,0x53,0xE6,
    0x53,0xE6,0x53,0xE6,0x53,0xE6,0x53,0xE6,0x53,0xE6,0x53,0xE6,0x53,0xE6,0x53,0xE6,
    0x53,0xE6,0x53,0xE6,0x53,0xE6,0x53,0xE6,0x53,0xE6,0x53,0xE6,0x53,0xE6,0x53,0xE6,
    0x53,0xE6,0x53,0xE6,0x53,0xE6,0x53,0xE6,0x53,0xE6,0x53,0xE6,0x53,0xE6,0x53,0xE6,
    0x53,0xE6,0x53,0xE6,0x53,0xE6,0x53,0xE6,0x53,0xE6,0x53,0xE6,0x53,0xE6,0x53,0xE6,
    0x53,0xE6,0x53,0xE6,0x53,0xE6,0x53,0xE6,0x53,0xE6,0x53,0xE6,0x53,0xE6,0x53,0xE6,
    0x53,0xE6,0x53,0xE6,0x53,0xE6,0x53,0xE6,0x53,0xE6,0x53,0xE6,0x53,0xE6,0x53,0xE6,
    0x53,0xE6,0x53,0xE6,0x53,0xE6,0x53,0xE6,0x53,0xE6,0x53,0xE6,0x53,0xE6,0x53,0xE6,
    0x53,0xE6,0x53,0xE6,0x53,0xE6,0x53,0xE6,0x53,0xE6,0x53,0xE6,0x53,0xE6,0x53,0xE6,
    0x53,0xE6,0x53,0xE6,0x53,0xE6,0x53,0xE6,0x53,0xE6,0x53,0xE6,0x53,0xE6,0x53,0xE6,
    0x53,0xE6,0x53,0xE6,0x53,0xE6,0x53,0xE6,0x53,0xE6,0x53,0xE6,0x53,0xE6,0x53,0xE6,
    0x53,0xE6,0x32,0xE6,0xD4,0xFE,0xAB,0x83,0x00,0x00,0x20,0x08,0x00,0x00,0x47,0x52,
    0xB4,0xF6,0x32,0xE6,0x53,0xE6,0x53,0xE6,0x53,0xE6,0x53,0xE6,0x53,0xE6,0x53,0xE6,
    0x53,0xE6,0x53,0xE6,0x53,0xE6,0x53,0xE6,0x53,0xE6,0x53,0xE6,0x53,0xE6,0x53,0xE6,
    0x53,0xE6,0x53,0xE6,0x53,0xE6,0x53,0xE6,0x50,0xC5,0x09,0x73,0xC2,0x20,0x41,0x08,
    0x06,0x4A,0x4D,0xA4,0x32,0xE6,0x53,0xE6,0x53,0xE6,0x53,0xE6,0x53,0xE6,0x53,0xE6,
    0x32,0xE6,0x53,0xE6,0xD1,0xD5,0x32,0xE6,0x64,0x31,0x00,0x00,0x20,0x00,0x00,0x00,
    0x20,0x00,0x20,0x00,0x00,0x00,0x06,0x4A,0x53,0xE6,0x53,0xE6,0xAE,0xAC,0xD1,0xD5,
    0x73,0xEE,0x53,0xE6,0x53,0xE6,0x32,0xE6,0x93,0xF6,0x26,0x52,0x84,0x39,0x6D,0xA4,
    0x32,0xE6,0xD4,0xFE,0x93,0xF6,0x53,0xE6,0x53,0xE6,0x53,0xE6,0x53,0xE6,0x53,0xE6,
    0x53,0xE6,0x53,0xE6,0x53,0xE6,0x53,0xE6,0x53,0xE6,0x53,0xE6,0x53,0xE6,0x53,0xE6,
    0x53,0xE6,0x53,0xE6,0x32,0xE6,0x93,0xF6,0x0F,0xBD,0x00,0x00,0x00,0x00,0x00,0x00,
    0x50,0xC5,0x73,0xEE,0x32,0xE6,0x93,0xEE,0xA5,0x39,0x00,0x00,0x00,0x00,0x2C,0x94,
    0xB4,0xF6,0x32,0xE6,0x53,0xE6,0x53,0xE6,0x53,0xE6,0x53,0xE6,0x53,0xE6,0x53,0xE6,
    0x53,0xE6,0x53,0xE6,0x53,0xE6,0x53,0xE6,0x53,0xE6,0x53,0xE6,0x53,0xE6,0x53,0xE6,
    0x53,0xE6,0x53,0xE6,0x53,0xE6,0x53,0xE6,0x53,0xE6,0x53,0xE6,0x53,0xE6,0x53,0xE6,
    0x53,0xE6,0x53,0xE6,0x53,0xE6,0x53,0xE6,0x53,0xE6,0x53,0xE6,0x53,0xE6,0x53,0xE6,
    0x53,0xE6,0x53,0xE6,0x53,0xE6,0x53,0xE6,0x53,0xE6,0x53,0xE6,0x53,0xE6,0x53,0xE6,
    0x53,0xE6,0x53,0xE6,0x53,0xE6,0x53,0xE6,0x53,0xE6,0x53,0xE6,0x53,0xE6,0x53,0xE6,
    0x53,0xE6,0x53,0xE6,0x53,0xE6,0x53,0xE6,0x53,0xE6,0x53,0xE6,0x53,0xE6,0x53,0xE6,
    0x53,0xE6,0x53,0xE6,0x53,0xE6,0x53,0xE6,0x53,0xE6,0x53,0xE6,0x53,0xE6,0x53,0xE6,
    0x53,0xE6,0x53,0xE6,0x53,0xE6,0x53,0xE6,0x53,0xE6,0x53,0xE6,0x53,0xE6,0x53,0xE6,
    0x53,0xE6,0x53,0xE6,0x53,0xE6,0x53,0xE6,0x53,0xE6,0x53,0xE6,0x53,0xE6,0x53,0xE6,
    0x53,0xE6,0x53,0xE6,0x53,0xE6,0x53,0xE6,0x53,0xE6,0x53,0xE6,0x53,0xE6,0x53,0xE6,
    0x53,0xE6,0x53,0xE6,0x53,0xE6,0x53,0xE6,0x53,0xE6,0x53,0xE6,0x53,0xE6,0x53,0xE6,
    0x53,0xE6,0x53,0xE6,0x53,0xE6,0x53,0xE6,0x53,0xE6,0x53,0xE6,0x53,0xE6,0x53,0xE6,
    0x53,0xE6,0x53,0xE6,0x53,0xE6,0x53,0xE6,0x53,0xE6,0x53,0xE6,0x53,0xE6,0x53,0xE6,
    0x53,0xE6,0x53,0xE6,0x53,0xE6,0x53,0xE6,0x53,0xE6,0x53,0xE6,0x53,0xE6,0x53,0xE6,
    0x53,0xE6,0x53,0xE6,0x53,0xE6,0x53,0xE6,0x53,0xE6,0x53,0xE6,0x53,0xE6,0x53,0xE6,
    0x53,0xE6,0x53,0xE6,0x53,0xE6,0x53,0xE6,0x53,0xE6,0x53,0xE6,0x53,0xE6,0x53,0xE6,
    0x53,0xE6,0x53,0xE6,0x53,0xE6,0x53,0xE6,0x53,0xE6,0x53,0xE6,0x53,0xE6,0x53,0xE6,
    0x32,0xE6,0x93,0xF6,0x50,0xC5,0x20,0x00,0x00,0x00,0x20,0x08,0x00,0x00,0x26,0x52,
    0xB4,0xF6,0x32,0xE6,0x53,0xE6,0x53,0xE6,0x53,0xE6,0x53,0xE6,0x53,0xE6,0x53,0xE6,
    0x53,0xE6,0x53,0xE6,0x53,0xE6,0x53,0xE6,0x53,0xE6,0x53,0xE6,0x53,0xE6,0x53,0xE6,
    0x53,0xE6,0x53,0xE6,0x53,0xE6,0x53,0xE6,0x93,0xEE,0xD4,0xFE,0x73,0xEE,0xCE,0xAC,
    0x26,0x52,0xE2,0x20,0xF1,0xDD,0x73,0xEE,0x53,0xE6,0x53,0xE6,0x53,0xE6,0x53,0xE6,
    0x12,0xDE,0x32,0xE6,0xD1,0xD5,0x2F,0xBD,0x20,0x00,0x00,0x00,0x00,0x00,0x00,0x00,
    0x00,0x00,0x00,0x00,0x00,0x00,0x61,0x10,0xD1,0xD5,0x94,0xF6,0x2F,0xBD,0xCE,0xAC,
    0x93,0xF6,0x32,0xE6,0x53,0xE6,0x53,0xE6,0x53,0xE6,0x52,0xE6,0xB4,0xF6,0xB4,0xF6,
    0x53,0xEE,0x32,0xE6,0x32,0xE6,0x53,0xE6,0x53,0xE6,0x53,0xE6,0x53,0xE6,0x53,0xE6,
    0x53,0xE6,0x53,0xE6,0x53,0xE6,0x53,0xE6,0x53,0xE6,0x53,0xE6,0x53,0xE6,0x53,0xE6,
    0x53,0xE6,0x53,0xE6,0x32,0xE6,0x93,0xF6,0xEF,0xB4,0x00,0x00,0x20,0x00,0x00,0x00,
    0xEC,0x93,0xF5,0xFE,0x12,0xE6,0x73,0xEE,0x44,0x29,0x00,0x00,0x00,0x00,0x8D,0xAC,
    0xB4,0xF6,0x32,0xE6,0x53,0xE6,0x53,0xE6,0x53,0xE6,0x53,0xE6,0x53,0xE6,0x53,0xE6,
    0x53,0xE6,0x53,0xE6,0x53,0xE6,0x53,0xE6,0x53,0xE6,0x53,0xE6,0x53,0xE6,0x53,0xE6,
    0x53,0xE6,0x53,0xE6,0x53,0xE6,0x53,0xE6,0x53,0xE6,0x53,0xE6,0x53,0xE6,0x53,0xE6,
    0x53,0xE6,0x53,0xE6,0x53,0xE6,0x53,0xE6,0x53,0xE6,0x53,0xE6,0x53,0xE6,0x53,0xE6,
    0x53,0xE6,0x53,0xE6,0x53,0xE6,0x53,0xE6,0x53,0xE6,0x53,0xE6,0x53,0xE6,0x53,0xE6,
    0x53,0xE6,0x53,0xE6,0x53,0xE6,0x53,0xE6,0x53,0xE6,0x53,0xE6,0x53,0xE6,0x53,0xE6,
    0x53,0xE6,0x53,0xE6,0x53,0xE6,0x53,0xE6,0x53,0xE6,0x53,0xE6,0x53,0xE6,0x53,0xE6,
    0x53,0xE6,0x53,0xE6,0x53,0xE6,0x53,0xE6,0x53,0xE6,0x53,0xE6,0x53,0xE6,0x53,0xE6,
    0x53,0xE6,0x53,0xE6,0x53,0xE6,0x53,0xE6,0x53,0xE6,0x53,0xE6,0x53,0xE6,0x53,0xE6,
    0x53,0xE6,0x53,0xE6,0x53,0xE6,0x53,0xE6,0x53,0xE6,0x53,0xE6,0x53,0xE6,0x53,0xE6,
    0x53,0xE6,0x53,0xE6,0x53,0xE6,0x53,0xE6,0x53,0xE6,0x53,0xE6,0x53,0xE6,0x53,0xE6,
    0x53,0xE6,0x53,0xE6,0x53,0xE6,0x53,0xE6,0x53,0xE6,0x53,0xE6,0x53,0xE6,0x53,0xE6,
    0x53,0xE6,0x53,0xE6,0x53,0xE6,0x53,0xE6,0x53,0xE6,0x53,0xE6,0x53,0xE6,0x53,0xE6,
    0x53,0xE6,0x53,0xE6,0x53,0xE6,0x53,0xE6,0x53,0xE6,0x53,0xE6,0x53,0xE6,0x53,0xE6,
    0x53,0xE6,0x53,0xE6,0x53,0xE6,0x53,0xE6,0x53,0xE6,0x53,0xE6,0x53,0xE6,0x53,0xE6,
    0x53,0xE6,0x53,0xE6,0x53,0xE6,0x53,0xE6,0x53,0xE6,0x53,0xE6,0x53,0xE6,0x53,0xE6,
    0x53,0xE6,0x53,0xE6,0x53,0xE6,0x53,0xE6,0x53,0xE6,0x53,0xE6,0x53,0xE6,0x53,0xE6,
    0x53,0xE6,0x53,0xE6,0x53,0xE6,0x53,0xE6,0x53,0xE6,0x53,0xE6,0x53,0xE6,0x53,0xE6,
    0x53,0xE6,0x73,0xEE,0x23,0x29,0xC2,0x18,0x44,0x31,0x00,0x00,0x00,0x00,0x47,0x52,
    0xB4,0xF6,0x32,0xE6,0x53,0xE6,0x53,0xE6,0x53,0xE6,0x53,0xE6,0x53,0xE6,0x53,0xE6,
    0x53,0xE6,0x53,0xE6,0x53,0xE6,0x53,0xE6,0x53,0xE6,0x53,0xE6,0x53,0xE6,0x53,0xE6,
    0x53,0xE6,0x53,0xE6,0x53,0xE6,0x53,0xE6,0x52,0xE6,0x32,0xE6,0x53,0xE6,0xB4,0xF6,
    0xD4,0xFE,0x32,0xE6,0x53,0xE6,0x53,0xE6,0x53,0xE6,0x53,0xE6,0x73,0xEE,0xD1,0xD5,
    0xF2,0xDD,0x12,0xDE,0xF2,0xDD,0x6A,0x7B,0x00,0x00,0x20,0x00,0x00,0x00,0x00,0x00,
    0x00,0x00,0x20,0x00,0x20,0x08,0x00,0x00,0x2C,0x9C,0xB4,0xF6,0x12,0xDE,0xCB,0x8B,
    0x53,0xEE,0x53,0xE6,0x53,0xE6,0x53,0xE6,0x53,0xE6,0x53,0xE6,0x32,0xE6,0x32,0xE6,
    0x53,0xE6,0x53,0xE6,0x53,0xE6,0x53,0xE6,0x53,0xE6,0x53,0xE6,0x53,0xE6,0x53,0xE6,
    0x53,0xE6,0x53,0xE6,0x53,0xE6,0x53,0xE6,0x53,0xE6,0x53,0xE6,0x53,0xE6,0x53,0xE6,
    0x53,0xE6,0x53,0xE6,0x52,0xE6,0x73,0xEE,0xB1,0xD5,0x41,0x08,0x20,0x00,0x00,0x00,
    0xA2,0x18,0xAE,0xAC,0xF5,0xFE,0x50,0xC5,0x20,0x08,0x00,0x00,0x82,0x18,0x12,0xDE,
    0x53,0xEE,0x53,0xE6,0x53,0xE6,0x53,0xE6,0x53,0xE6,0x53,0xE6,0x53,0xE6,0x53,0xE6,
    0x53,0xE6,0x53,0xE6,0x53,0xE6,0x53,0xE6,0x53,0xE6,0x53,0xE6,0x53,0xE6,0x53,0xE6,
    0x53,0xE6,0x53,0xE6,0x53,0xE6,0x53,0xE6,0x53,0xE6,0x53,0xE6,0x53,0xE6,0x53,0xE6,
    0x53,0xE6,0x53,0xE6,0x53,0xE6,0x53,0xE6,0x53,0xE6,0x53,0xE6,0x53,0xE6,0x53,0xE6,
    0x53,0xE6,0x53,0xE6,0x53,0xE6,0x53,0xE6,0x53,0xE6,0x53,0xE6,0x53,0xE6,0x53,0xE6,
    0x53,0xE6,0x53,0xE6,0x53,0xE6,0x53,0xE6,0x53,0xE6,0x53,0xE6,0x53,0xE6,0x53,0xE6,
    0x53,0xE6,0x53,0xE6,0x53,0xE6,0x53,0xE6,0x53,0xE6,0x53,0xE6,0x53,0xE6,0x53,0xE6,
    0x53,0xE6,0x53,0xE6,0x53,0xE6,0x53,0xE6,0x53,0xE6,0x53,0xE6,0x53,0xE6,0x53,0xE6,
    0x53,0xE6,0x53,0xE6,0x53,0xE6,0x53,0xE6,0x53,0xE6,0x53,0xE6,0x53,0xE6,0x53,0xE6,
    0x53,0xE6,0x53,0xE6,0x53,0xE6,0x53,0xE6,0x53,0xE6,0x53,0xE6,0x53,0xE6,0x53,0xE6,
    0x53,0xE6,0x53,0xE6,0x53,0xE6,0x53,0xE6,0x53,0xE6,0x53,0xE6,0x53,0xE6,0x53,0xE6,
    0x53,0xE6,0x53,0xE6,0x53,0xE6,0x53,0xE6,0x53,0xE6,0x53,0xE6,0x53,0xE6,0x53,0xE6,
    0x53,0xE6,0x53,0xE6,0x53,0xE6,0x53,0xE6,0x53,0xE6,0x53,0xE6,0x53,0xE6,0x53,0xE6,
    0x53,0xE6,0x53,0xE6,0x53,0xE6,0x53,0xE6,0x53,0xE6,0x53,0xE6,0x53,0xE6,0x53,0xE6,
    0x53,0xE6,0x53,0xE6,0x53,0xE6,0x53,0xE6,0x53,0xE6,0x53,0xE6,0x53,0xE6,0x53,0xE6,
    0x53,0xE6,0x53,0xE6,0x53,0xE6,0x53,0xE6,0x53,0xE6,0x53,0xE6,0x53,0xE6,0x53,0xE6,
    0x53,0xE6,0x53,0xE6,0x53,0xE6,0x53,0xE6,0x53,0xE6,0x53,0xE6,0x53,0xE6,0x53,0xE6,
    0x53,0xE6,0x53,0xE6,0x53,0xE6,0x53,0xE6,0x53,0xE6,0x53,0xE6,0x53,0xE6,0x32,0xE6,
    0xD4,0xFE,0xE9,0x6A,0x00,0x00,0xCE,0xB4,0x06,0x4A,0x00,0x00,0x00,0x00,0x67,0x5A,
    0xB4,0xF6,0x32,0xE6,0x53,0xE6,0x53,0xE6,0x53,0xE6,0x53,0xE6,0x53,0xE6,0x53,0xE6,
    0x53,0xE6,0x53,0xE6,0x53,0xE6,0x53,0xE6,0x53,0xE6,0x53,0xE6,0x53,0xE6,0x53,0xE6,
    0x53,0xE6,0x53,0xE6,0x53,0xE6,0x53,0xE6,0x53,0xE6,0x53,0xE6,0x53,0xE6,0x32,0xE6,
    0x32,0xE6,0x53,0xEE,0x53,0xE6,0x53,0xE6,0x53,0xE6,0x53,0xE6,0x53,0xE6,0x12,0xDE,
    0x53,0xE6,0xD1,0xD5,0xD1,0xD5,0x44,0x31,0x00,0x00,0x00,0x00,0x00,0x00,0x00,0x00,
    0x00,0x00,0x00,0x00,0x41,0x08,0x00,0x00,0xE6,0x49,0x93,0xF6,0x93,0xEE,0x4D,0x9C,
    0x70,0xCD,0x93,0xEE,0x52,0xE6,0x53,0xE6,0x53,0xE6,0x53,0xE6,0x53,0xE6,0x53,0xE6,
    0x53,0xE6,0x53,0xE6,0x53,0xE6,0x53,0xE6,0x53,0xE6,0x53,0xE6,0x53,0xE6,0x53,0xE6,
    0x53,0xE6,0x53,0xE6,0x53,0xE6,0x53,0xE6,0x53,0xE6,0x53,0xE6,0x53,0xE6,0x53,0xE6,
    0x53,0xE6,0x53,0xE6,0x53,0xE6,0x32,0xE6,0xB4,0xF6,0x09,0x73,0x00,0x00,0x20,0x00,
    0x00,0x00,0x00,0x00,0x26,0x4A,0x44,0x31,0x00,0x00,0x82,0x10,0xAE,0xAC,0x93,0xF6,
    0x32,0xE6,0x53,0xE6,0x53,0xE6,0x53,0xE6,0x53,0xE6,0x53,0xE6,0x53,0xE6,0x53,0xE6,
    0x53,0xE6,0x53,0xE6,0x53,0xE6,0x53,0xE6,0x53,0xE6,0x53,0xE6,0x53,0xE6,0x53,0xE6,
    0x53,0xE6,0x53,0xE6,0x53,0xE6,0x53,0xE6,0x53,0xE6,0x53,0xE6,0x53,0xE6,0x53,0xE6,
    0x53,0xE6,0x53,0xE6,0x53,0xE6,0x53,0xE6,0x53,0xE6,0x53,0xE6,0x53,0xE6,0x53,0xE6,
    0x53,0xE6,0x53,0xE6,0x53,0xE6,0x53,0xE6,0x53,0xE6,0x53,0xE6,0x53,0xE6,0x53,0xE6,
    0x53,0xE6,0x53,0xE6,0x53,0xE6,0x53,0xE6,0x53,0xE6,0x53,0xE6,0x53,0xE6,0x53,0xE6,
    0x53,0xE6,0x53,0xE6,0x53,0xE6,0x53,0xE6,0x53,0xE6,0x53,0xE6,0x53,0xE6,0x53,0xE6,
    0x53,0xE6,0x53,0xE6,0x53,0xE6,0x53,0xE6,0x53,0xE6,0x53,0xE6,0x53,0xE6,0x53,0xE6,
    0x53,0xE6,0x53,0xE6,0x53,0xE6,0x53,0xE6,0x53,0xE6,0x53,0xE6,0x53,0xE6,0x53,0xE6,
    0x53,0xE6,0x53,0xE6,0x53,0xE6,0x53,0xE6,0x53,0xE6,0x53,0xE6,0x53,0xE6,0x53,0xE6,
    0x53,0xE6,0x53,0xE6,0x53,0xE6,0x53,0xE6,0x53,0xE6,0x53,0xE6,0x53,0xE6,0x53,0xE6,
    0x53,0xE6,0x53,0xE6,0x53,0xE6,0x53,0xE6,0x53,0xE6,0x53,0xE6,0x53,0xE6,0x53,0xE6,
    0x53,0xE6,0x53,0xE6,0x53,0xE6,0x53,0xE6,0x53,0xE6,0x53,0xE6,0x53,0xE6,0x53,0xE6,
    0x53,0xE6,0x53,0xE6,0x53,0xE6,0x53,0xE6,0x53,0xE6,0x53,0xE6,0x53,0xE6,0x53,0xE6,
    0x53,0xE6,0x53,0xE6,0x53,0xE6,0x53,0xE6,0x53,0xE6,0x53,0xE6,0x53,0xE6,0x53,0xE6,
    0x53,0xE6,0x53,0xE6,0x53,0xE6,0x53,0xE6,0x53,0xE6,0x53,0xE6,0x53,0xE6,0x53,0xE6,
    0x53,0xE6,0x53,0xE6,0x53,0xE6,0x53,0xE6,0x53,0xE6,0x53,0xE6,0x53,0xE6,0x53,0xE6,
    0x53,0xE6,0x53,0xE6,0x53,0xE6,0x53,0xE6,0x53,0xE6,0x53,0xE6,0x32,0xE6,0xB4,0xF6,
    0xEE,0xB4,0x00,0x00,0x87,0x5A,0x15,0xFF,0x84,0x39,0x00,0x00,0x00,0x00,0x67,0x5A,
    0xB4,0xF6,0x32,0xE6,0x53,0xE6,0x53,0xE6,0x53,0xE6,0x53,0xE6,0x53,0xE6,0x53,0xE6,
    0x53,0xE6,0x53,0xE6,0x53,0xE6,0x53,0xE6,0x53,0xE6,0x53,0xE6,0x53,0xE6,0x53,0xE6,
    0x53,0xE6,0x53,0xE6,0x53,0xE6,0x53,0xE6,0x53,0xE6,0x53,0xE6,0x53,0xE6,0x53,0xE6,
    0x53,0xE6,0x53,0xE6,0x53,0xE6,0x53,0xE6,0x53,0xE6,0x53,0xE6,0x52,0xE6,0x32,0xE6,
    0x53,0xE6,0x12,0xDE,0xEE,0xB4,0x00,0x00,0x00,0x00,0x00,0x00,0x00,0x00,0x00,0x00,
    0x20,0x00,0x00,0x00,0x20,0x00,0x00,0x00,0x41,0x08,0x70,0xCD,0xB4,0xF6,0x70,0xCD,
    0x8D,0xA4,0x93,0xF6,0x32,0xE6,0x53,0xE6,0x53,0xE6,0x53,0xE6,0x53,0xE6,0x53,0xE6,
    0x53,0xE6,0x53,0xE6,0x53,0xE6,0x53,0xE6,0x53,0xE6,0x53,0xE6,0x53,0xE6,0x53,0xE6,
    0x53,0xE6,0x53,0xE6,0x53,0xE6,0x53,0xE6,0x53,0xE6,0x53,0xE6,0x53,0xE6,0x53,0xE6,
    0x53,0xE6,0x53,0xE6,0x53,0xE6,0x53,0xE6,0x32,0xE6,0xB4,0xF6,0x09,0x73,0x00,0x00,
    0x20,0x08,0x20,0x00,0x00,0x00,0x00,0x00,0x00,0x00,0xAB,0x8B,0x15,0xFF,0x32,0xE6,
    0x53,0xE6,0x53,0xE6,0x53,0xE6,0x53,0xE6,0x53,0xE6,0x53,0xE6,0x53,0xE6,0x53,0xE6,
    0x53,0xE6,0x53,0xE6,0x53,0xE6,0x53,0xE6,0x53,0xE6,0x53,0xE6,0x53,0xE6,0x53,0xE6,
    0x53,0xE6,0x53,0xE6,0x53,0xE6,0x53,0xE6,0x53,0xE6,0x53,0xE6,0x53,0xE6,0x53,0xE6,
    0x53,0xE6,0x53,0xE6,0x53,0xE6,0x53,0xE6,0x53,0xE6,0x53,0xE6,0x53,0xE6,0x53,0xE6,
    0x53,0xE6,0x53,0xE6,0x53,0xE6,0x53,0xE6,0x53,0xE6,0x53,0xE6,0x53,0xE6,0x53,0xE6,
    0x53,0xE6,0x53,0xE6,0x53,0xE6,0x53,0xE6,0x53,0xE6,0x53,0xE6,0x53,0xE6,0x53,0xE6,
    0x53,0xE6,0x53,0xE6,0x53,0xE6,0x53,0xE6,0x53,0xE6,0x53,0xE6,0x53,0xE6,0x53,0xE6,
    0x53,0xE6,0x53,0xE6,0x53,0xE6,0x53,0xE6,0x53,0xE6,0x53,0xE6,0x53,0xE6,0x53,0xE6,
    0x53,0xE6,0x53,0xE6,0x53,0xE6,0x53,0xE6,0x53,0xE6,0x53,0xE6,0x53,0xE6,0x53,0xE6,
    0x53,0xE6,0x53,0xE6,0x53,0xE6,0x53,0xE6,0x53,0xE6,0x53,0xE6,0x53,0xE6,0x53,0xE6,
    0x53,0xE6,0x53,0xE6,0x53,0xE6,0x53,0xE6,0x53,0xE6,0x53,0xE6,0x53,0xE6,0x53,0xE6,
    0x53,0xE6,0x53,0xE6,0x53,0xE6,0x53,0xE6,0x53,0xE6,0x53,0xE6,0x53,0xE6,0x53,0xE6,
    0x53,0xE6,0x53,0xE6,0x53,0xE6,0x53,0xE6,0x53,0xE6,0x53,0xE6,0x53,0xE6,0x53,0xE6,
    0x53,0xE6,0x53,0xE6,0x53,0xE6,0x53,0xE6,0x53,0xE6,0x53,0xE6,0x53,0xE6,0x53,0xE6,
    0x53,0xE6,0x53,0xE6,0x53,0xE6,0x53,0xE6,0x53,0xE6,0x53,0xE6,0x53,0xE6,0x53,0xE6,
    0x53,0xE6,0x53,0xE6,0x53,0xE6,0x53,0xE6,0x53,0xE6,0x53,0xE6,0x53,0xE6,0x53,0xE6,
    0x53,0xE6,0x53,0xE6,0x53,0xE6,0x53,0xE6,0x53,0xE6,0x53,0xE6,0x53,0xE6,0x53,0xE6,
    0x53,0xE6,0x53,0xE6,0x53,0xE6,0x53,0xE6,0x53,0xE6,0x52,0xE6,0x53,0xEE,0x32,0xE6,
    0xC2,0x18,0xE3,0x20,0x32,0xE6,0xB4,0xF6,0xA5,0x39,0x00,0x00,0x00,0x00,0x67,0x5A,
    0xB4,0xF6,0x32,0xE6,0x53,0xE6,0x53,0xE6,0x53,0xE6,0x53,0xE6,0x53,0xE6,0x53,0xE6,
    0x53,0xE6,0x53,0xE6,0x53,0xE6,0x53,0xE6,0x53,0xE6,0x53,0xE6,0x53,0xE6,0x53,0xE6,
    0x53,0xE6,0x53,0xE6,0x53,0xE6,0x53,0xE6,0x53,0xE6,0x53,0xE6,0x53,0xE6,0x53,0xE6,
    0x53,0xE6,0x53,0xE6,0x53,0xE6,0x53,0xE6,0x53,0xE6,0x53,0xE6,0x12,0xDE,0x32,0xE6,
    0x32,0xE6,0x32,0xE6,0xE9,0x6A,0x00,0x00,0x20,0x00,0x00,0x00,0x00,0x00,0x03,0x21,
    0x26,0x52,0x00,0x00,0x00,0x00,0x20,0x00,0x00,0x00,0x29,0x73,0xB4,0xF6,0x53,0xE6,
    0x6D,0xA4,0x12,0xDE,0x53,0xEE,0x53,0xE6,0x53,0xE6,0x53,0xE6,0x53,0xE6,0x53,0xE6,
    0x53,0xE6,0x53,0xE6,0x53,0xE6,0x53,0xE6,0x53,0xE6,0x53,0xE6,0x53,0xE6,0x53,0xE6,
    0x53,0xE6,0x53,0xE6,0x53,0xE6,0x53,0xE6,0x53,0xE6,0x53,0xE6,0x53,0xE6,0x53,0xE6,
    0x53,0xE6,0x53,0xE6,0x53,0xE6,0x32,0xE6,0x73,0xEE,0xF2,0xDD,0xA8,0x62,0x00,0x00,
    0x00,0x00,0x00,0x00,0x00,0x00,0x20,0x08,0x00,0x00,0x20,0x08,0xE9,0x6A,0x93,0xEE,
    0x53,0xE6,0x53,0xE6,0x53,0xE6,0x53,0xE6,0x53,0xE6,0x53,0xE6,0x53,0xE6,0x53,0xE6,
    0x53,0xE6,0x53,0xE6,0x53,0xE6,0x53,0xE6,0x53,0xE6,0x53,0xE6,0x53,0xE6,0x53,0xE6,
    0x53,0xE6,0x53,0xE6,0x53,0xE6,0x53,0xE6,0x53,0xE6,0x53,0xE6,0x53,0xE6,0x53,0xE6,
    0x53,0xE6,0x53,0xE6,0x53,0xE6,0x53,0xE6,0x53,0xE6,0x53,0xE6,0x53,0xE6,0x53,0xE6,
    0x53,0xE6,0x53,0xE6,0x53,0xE6,0x53,0xE6,0x53,0xE6,0x53,0xE6,0x53,0xE6,0x53,0xE6,
    0x53,0xE6,0x53,0xE6,0x53,0xE6,0x53,0xE6,0x53,0xE6,0x53,0xE6,0x53,0xE6,0x53,0xE6,
    0x53,0xE6,0x53,0xE6,0x53,0xE6,0x53,0xE6,0x53,0xE6,0x53,0xE6,0x53,0xE6,0x53,0xE6,
    0x53,0xE6,0x53,0xE6,0x53,0xE6,0x53,0xE6,0x53,0xE6,0x53,0xE6,0x53,0xE6,0x53,0xE6,
    0x53,0xE6,0x53,0xE6,0x53,0xE6,0x53,0xE6,0x53,0xE6,0x53,0xE6,0x53,0xE6,0x53,0xE6,
    0x53,0xE6,0x53,0xE6,0x53,0xE6,0x53,0xE6,0x53,0xE6,0x53,0xE6,0x53,0xE6,0x53,0xE6,
    0x53,0xE6,0x53,0xE6,0x53,0xE6,0x53,0xE6,0x53,0xE6,0x53,0xE6,0x53,0xE6,0x53,0xE6,
    0x53,0xE6,0x53,0xE6,0x53,0xE6,0x53,0xE6,0x53,0xE6,0x53,0xE6,0x53,0xE6,0x53,0xE6,
    0x53,0xE6,0x53,0xE6,0x53,0xE6,0x53,0xE6,0x53,0xE6,0x53,0xE6,0x53,0xE6,0x53,0xE6,
    0x53,0xE6,0x53,0xE6,0x53,0xE6,0x53,0xE6,0x53,0xE6,0x53,0xE6,0x53,0xE6,0x53,0xE6,
    0x53,0xE6,0x53,0xE6,0x53,0xE6,0x53,0xE6,0x53,0xE6,0x53,0xE6,0x53,0xE6,0x53,0xE6,
    0x53,0xE6,0x53,0xE6,0x53,0xE6,0x53,0xE6,0x53,0xE6,0x53,0xE6,0x53,0xE6,0x53,0xE6,
    0x53,0xE6,0x53,0xE6,0x53,0xE6,0x53,0xE6,0x53,0xE6,0x53,0xE6,0x53,0xE6,0x53,0xE6,
    0x53,0xE6,0x53,0xE6,0x53,0xE6,0x53,0xE6,0x53,0xE6,0x32,0xE6,0xD4,0xFE,0x67,0x5A,
    0x00,0x00,0xEE,0xB4,0x93,0xF6,0x73,0xEE,0xA5,0x39,0x00,0x00,0x00,0x00,0x87,0x5A,
    0xB4,0xF6,0x32,0xE6,0x32,0xE6,0x53,0xE6,0x53,0xE6,0x53,0xE6,0x53,0xE6,0x53,0xE6,
    0x53,0xE6,0x53,0xE6,0x53,0xE6,0x53,0xE6,0x53,0xE6,0x53,0xE6,0x53,0xE6,0x53,0xE6,
    0x53,0xE6,0x53,0xE6,0x53,0xE6,0x53,0xE6,0x53,0xE6,0x53,0xE6,0x53,0xE6,0x53,0xE6,
    0x53,0xE6,0x53,0xE6,0x53,0xE6,0x53,0xE6,0x53,0xE6,0x53,0xE6,0x12,0xDE,0x53,0xEE,
    0xF2,0xDD,0xD1,0xD5,0xE2,0x20,0x00,0x00,0x00,0x00,0x00,0x00,0x00,0x00,0x6A,0x7B,
    0x2C,0x9C,0x00,0x00,0x00,0x00,0x00,0x00,0x00,0x00,0x03,0x21,0x32,0xE6,0x93,0xEE,
    0x2F,0xBD,0x50,0xC5,0x93,0xEE,0x52,0xE6,0x53,0xE6,0x53,0xE6,0x53,0xE6,0x53,0xE6,
    0x53,0xE6,0x53,0xE6,0x53,0xE6,0x53,0xE6,0x53,0xE6,0x53,0xE6,0x53,0xE6,0x53,0xE6,
    0x53,0xE6,0x53,0xE6,0x53,0xE6,0x53,0xE6,0x53,0xE6,0x53,0xE6,0x53,0xE6,0x53,0xE6,
    0x53,0xE6,0x53,0xE6,0x52,0xE6,0x73,0xEE,0xB1,0xD5,0xE3,0x20,0x00,0x00,0x00,0x00,
    0xC8,0x62,0xCE,0xAC,0x64,0x31,0x00,0x00,0x00,0x00,0x00,0x00,0x00,0x00,0xEC,0x93,
    0xB4,0xF6,0x32,0xE6,0x53,0xE6,0x53,0xE6,0x53,0xE6,0x53,0xE6,0x53,0xE6,0x53,0xE6,
    0x53,0xE6,0x53,0xE6,0x53,0xE6,0x53,0xE6,0x53,0xE6,0x53,0xE6,0x53,0xE6,0x53,0xE6,
    0x53,0xE6,0x53,0xE6,0x53,0xE6,0x53,0xE6,0x53,0xE6,0x53,0xE6,0x53,0xE6,0x53,0xE6,
    0x53,0xE6,0x53,0xE6,0x53,0xE6,0x53,0xE6,0x53,0xE6,0x53,0xE6,0x53,0xE6,0x53,0xE6,
    0x53,0xE6,0x53,0xE6,0x53,0xE6,0x53,0xE6,0x53,0xE6,0x53,0xE6,0x53,0xE6,0x53,0xE6,
    0x53,0xE6,0x53,0xE6,0x53,0xE6,0x53,0xE6,0x53,0xE6,0x53,0xE6,0x53,0xE6,0x53,0xE6,
    0x53,0xE6,0x53,0xE6,0x53,0xE6,0x53,0xE6,0x53,0xE6,0x53,0xE6,0x53,0xE6,0x53,0xE6,
    0x53,0xE6,0x53,0xE6,0x53,0xE6,0x53,0xE6,0x53,0xE6,0x53,0xE6,0x53,0xE6,0x53,0xE6,
    0x53,0xE6,0x53,0xE6,0x53,0xE6,0x53,0xE6,0x53,0xE6,0x53,0xE6,0x53,0xE6,0x53,0xE6,
    0x53,0xE6,0x53,0xE6,0x53,0xE6,0x53,0xE6,0x53,0xE6,0x53,0xE6,0x53,0xE6,0x53,0xE6,
    0x53,0xE6,0x53,0xE6,0x53,0xE6,0x53,0xE6,0x53,0xE6,0x53,0xE6,0x53,0xE6,0x53,0xE6,
    0x53,0xE6,0x53,0xE6,0x53,0xE6,0x53,0xE6,0x53,0xE6,0x53,0xE6,0x53,0xE6,0x53,0xE6,
    0x53,0xE6,0x53,0xE6,0x53,0xE6,0x53,0xE6,0x53,0xE6,0x53,0xE6,0x53,0xE6,0x53,0xE6,
    0x53,0xE6,0x53,0xE6,0x53,0xE6,0x53,0xE6,0x53,0xE6,0x53,0xE6,0x53,0xE6,0x53,0xE6,
    0x53,0xE6,0x53,0xE6,0x53,0xE6,0x53,0xE6,0x53,0xE6,0x53,0xE6,0x53,0xE6,0x53,0xE6,
    0x53,0xE6,0x53,0xE6,0x53,0xE6,0x53,0xE6,0x53,0xE6,0x53,0xE6,0x53,0xE6,0x53,0xE6,
    0x53,0xE6,0x53,0xE6,0x53,0xE6,0x53,0xE6,0x53,0xE6,0x53,0xE6,0x53,0xE6,0x53,0xE6,
    0x53,0xE6,0x53,0xE6,0x53,0xE6,0x53,0xE6,0x32,0xE6,0xD4,0xF6,0x4D,0x9C,0x00,0x00,
    0xE9,0x6A,0xD4,0xFE,0x32,0xE6,0x94,0xF6,0xA5,0x41,0x00,0x00,0x00,0x00,0x87,0x5A,
    0xB4,0xF6,0x73,0xEE,0x93,0xF6,0x52,0xE6,0x53,0xE6,0x53,0xE6,0x53,0xE6,0x53,0xE6,
    0x53,0xE6,0x53,0xE6,0x53,0xE6,0x53,0xE6,0x53,0xE6,0x53,0xE6,0x53,0xE6,0x53,0xE6,
    0x53,0xE6,0x53,0xE6,0x53,0xE6,0x53,0xE6,0x53,0xE6,0x53,0xE6,0x53,0xE6,0x53,0xE6,
    0x53,0xE6,0x53,0xE6,0x53,0xE6,0x53,0xE6,0x53,0xE6,0x32,0xE6,0x52,0xE6,0x32,0xE6,
    0xF2,0xDD,0x4D,0x9C,0x00,0x00,0x20,0x00,0x00,0x00,0x00,0x00,0x81,0x10,0xCB,0x8B,
    0x6D,0xA4,0x44,0x31,0x00,0x00,0x00,0x00,0x00,0x00,0x00,0x00,0x6D,0xA4,0xB4,0xF6,
    0x12,0xDE,0xAE,0xAC,0x73,0xEE,0x52,0xE6,0x53,0xE6,0x53,0xE6,0x53,0xE6,0x53,0xE6,
    0x53,0xE6,0x53,0xE6,0x53,0xE6,0x53,0xE6,0x53,0xE6,0x53,0xE6,0x53,0xE6,0x53,0xE6,
    0x53,0xE6,0x32,0xE6,0x52,0xE6,0x53,0xE6,0x53,0xE6,0x53,0xE6,0x53,0xE6,0x53,0xE6,
    0x53,0xE6,0x53,0xE6,0x32,0xE6,0xB4,0xF6,0x26,0x4A,0x00,0x00,0x20,0x00,0x44,0x31,
    0x93,0xEE,0xB4,0xF6,0x93,0xEE,0xA8,0x62,0x00,0x00,0x20,0x08,0x00,0x00,0x23,0x29,
    0x53,0xEE,0x53,0xE6,0x53,0xE6,0x53,0xE6,0x53,0xE6,0x53,0xE6,0x53,0xE6,0x53,0xE6,
    0x53,0xE6,0x53,0xE6,0x53,0xE6,0x53,0xE6,0x53,0xE6,0x53,0xE6,0x53,0xE6,0x53,0xE6,
    0x53,0xE6,0x53,0xE6,0x53,0xE6,0x53,0xE6,0x53,0xE6,0x53,0xE6,0x53,0xE6,0x53,0xE6,
    0x53,0xE6,0x53,0xE6,0x53,0xE6,0x53,0xE6,0x53,0xE6,0x53,0xE6,0x53,0xE6,0x53,0xE6,
    0x53,0xE6,0x53,0xE6,0x53,0xE6,0x53,0xE6,0x53,0xE6,0x53,0xE6,0x53,0xE6,0x53,0xE6,
    0x53,0xE6,0x53,0xE6,0x53,0xE6,0x53,0xE6,0x53,0xE6,0x53,0xE6,0x53,0xE6,0x53,0xE6,
    0x53,0xE6,0x53,0xE6,0x53,0xE6,0x53,0xE6,0x53,0xE6,0x53,0xE6,0x53,0xE6,0x53,0xE6,
    0x53,0xE6,0x53,0xE6,0x53,0xE6,0x53,0xE6,0x53,0xE6,0x53,0xE6,0x53,0xE6,0x53,0xE6,
    0x53,0xE6,0x52,0xE6,0x32,0xE6,0x32,0xE6,0x32,0xE6,0x32,0xE6,0x52,0xE6,0x52,0xE6,
    0x52,0xE6,0x32,0xE6,0x32,0xE6,0x32,0xE6,0x32,0xE6,0x52,0xE6,0x53,0xE6,0x53,0xE6,
    0x53,0xE6,0x53,0xE6,0x53,0xE6,0x53,0xE6,0x53,0xE6,0x53,0xE6,0x53,0xE6,0x53,0xE6,
    0x53,0xE6,0x53,0xE6,0x53,0xE6,0x53,0xE6,0x53,0xE6,0x53,0xE6,0x53,0xE6,0x53,0xE6,
    0x53,0xE6,0x53,0xE6,0x53,0xE6,0x53,0xE6,0x53,0xE6,0x53,0xE6,0x53,0xE6,0x53,0xE6,
    0x53,0xE6,0x53,0xE6,0x53,0xE6,0x53,0xE6,0x53,0xE6,0x53,0xE6,0x53,0xE6,0x53,0xE6,
    0x53,0xE6,0x53,0xE6,0x53,0xE6,0x53,0xE6,0x53,0xE6,0x53,0xE6,0x53,0xE6,0x53,0xE6,
    0x53,0xE6,0x53,0xE6,0x53,0xE6,0x53,0xE6,0x53,0xE6,0x53,0xE6,0x53,0xE6,0x53,0xE6,
    0x53,0xE6,0x53,0xE6,0x53,0xE6,0x53,0xE6,0x53,0xE6,0x53,0xE6,0x53,0xE6,0x53,0xE6,
    0x53,0xE6,0x53,0xE6,0x53,0xE6,0x52,0xE6,0x73,0xEE,0x90,0xCD,0x61,0x10,0x03,0x29,
    0x12,0xDE,0x52,0xE6,0x32,0xE6,0x93,0xEE,0xA5,0x39,0x00,0x00,0x00,0x00,0x87,0x5A,
    0x35,0xFF,0x50,0xC5,0x0F,0xB5,0x73,0xEE,0x53,0xE6,0x53,0xE6,0x53,0xE6,0x53,0xE6,
    0x53,0xE6,0x53,0xE6,0x53,0xE6,0x53,0xE6,0x53,0xE6,0x32,0xE6,0x53,0xE6,0x53,0xE6,
    0x53,0xE6,0x53,0xE6,0x53,0xE6,0x53,0xE6,0x53,0xE6,0x53,0xE6,0x53,0xE6,0x53,0xE6,
    0x53,0xE6,0x53,0xE6,0x53,0xE6,0x53,0xE6,0x53,0xE6,0x32,0xE6,0x53,0xE6,0x12,0xDE,
    0x52,0xE6,0xE5,0x41,0x00,0x00,0x20,0x00,0x00,0x00,0x00,0x00,0x06,0x4A,0xEC,0x93,
    0x8D,0xA4,0x8A,0x83,0x00,0x00,0x20,0x00,0x20,0x00,0x00,0x00,0xE5,0x41,0x93,0xEE,
    0x73,0xEE,0xCE,0xAC,0x90,0xCD,0x73,0xEE,0x53,0xE6,0x53,0xE6,0x53,0xE6,0x53,0xE6,
    0x53,0xE6,0x53,0xE6,0x53,0xE6,0x53,0xE6,0x53,0xE6,0x53,0xE6,0x53,0xE6,0x32,0xE6,
    0x32,0xE6,0x93,0xF6,0x53,0xEE,0x52,0xE6,0x53,0xE6,0x53,0xE6,0x53,0xE6,0x53,0xE6,
    0x53,0xE6,0x53,0xE6,0x73,0xEE,0xF2,0xDD,0x82,0x10,0x00,0x00,0x00,0x00,0x6A,0x7B,
    0xD4,0xF6,0x12,0xDE,0x53,0xE6,0x93,0xEE,0x03,0x29,0x00,0x00,0x00,0x00,0x41,0x08,
    0xB1,0xD5,0x73,0xEE,0x52,0xE6,0x53,0xE6,0x53,0xE6,0x53,0xE6,0x53,0xE6,0x53,0xE6,
    0x53,0xE6,0x53,0xE6,0x53,0xE6,0x53,0xE6,0x53,0xE6,0x53,0xE6,0x53,0xE6,0x53,0xE6,
    0x53,0xE6,0x53,0xE6,0x53,0xE6,0x53,0xE6,0x53,0xE6,0x53,0xE6,0x53,0xE6,0x53,0xE6,
    0x53,0xE6,0x53,0xE6,0x53,0xE6,0x53,0xE6,0x53,0xE6,0x53,0xE6,0x53,0xE6,0x53,0xE6,
    0x53,0xE6,0x53,0xE6,0x53,0xE6,0x53,0xE6,0x53,0xE6,0x53,0xE6,0x53,0xE6,0x53,0xE6,
    0x53,0xE6,0x53,0xE6,0x53,0xE6,0x53,0xE6,0x53,0xE6,0x53,0xE6,0x53,0xE6,0x53,0xE6,
    0x53,0xE6,0x53,0xE6,0x53,0xE6,0x53,0xE6,0x53,0xE6,0x53,0xE6,0x53,0xE6,0x53,0xE6,
    0x53,0xE6,0x53,0xE6,0x53,0xE6,0x53,0xE6,0x53,0xE6,0x53,0xE6,0x52,0xE6,0x32,0xE6,
    0x32,0xE6,0x73,0xEE,0x94,0xF6,0xB4,0xF6,0xD4,0xFE,0xB4,0xF6,0x93,0xEE,0x93,0xEE,
    0x93,0xEE,0xB4,0xF6,0xD4,0xFE,0xB4,0xF6,0x94,0xF6,0x73,0xEE,0x32,0xE6,0x32,0xE6,
    0x52,0xE6,0x53,0xE6,0x53,0xE6,0x53,0xE6,0x53,0xE6,0x53,0xE6,0x53,0xE6,0x53,0xE6,
    0x53,0xE6,0x53,0xE6,0x53,0xE6,0x53,0xE6,0x53,0xE6,0x53,0xE6,0x53,0xE6,0x53,0xE6,
    0x53,0xE6,0x53,0xE6,0x53,0xE6,0x53,0xE6,0x53,0xE6,0x53,0xE6,0x53,0xE6,0x53,0xE6,
    0x53,0xE6,0x53,0xE6,0x53,0xE6,0x53,0xE6,0x53,0xE6,0x53,0xE6,0x53,0xE6,0x53,0xE6,
    0x53,0xE6,0x53,0xE6,0x53,0xE6,0x53,0xE6,0x53,0xE6,0x53,0xE6,0x53,0xE6,0x53,0xE6,
    0x53,0xE6,0x53,0xE6,0x53,0xE6,0x53,0xE6,0x53,0xE6,0x53,0xE6,0x53,0xE6,0x53,0xE6,
    0x53,0xE6,0x53,0xE6,0x53,0xE6,0x53,0xE6,0x53,0xE6,0x53,0xE6,0x53,0xE6,0x53,0xE6,
    0x53,0xE6,0x53,0xE6,0x53,0xE6,0x32,0xE6,0xB4,0xF6,0x26,0x4A,0x00,0x00,0x61,0x08,
    0xC2,0x18,0xA2,0x18,0xE3,0x20,0xC2,0x20,0x20,0x08,0x00,0x00,0x00,0x00,0x61,0x10,
    0xE5,0x41,0x41,0x08,0xA8,0x62,0xD4,0xFE,0x32,0xE6,0x53,0xE6,0x53,0xE6,0x53,0xE6,
    0x53,0xE6,0x53,0xE6,0x53,0xE6,0x53,0xE6,0x52,0xE6,0x93,0xEE,0x53,0xE6,0x32,0xE6,
    0x53,0xE6,0x53,0xE6,0x53,0xE6,0x53,0xE6,0x53,0xE6,0x53,0xE6,0x53,0xE6,0x53,0xE6,
    0x53,0xE6,0x53,0xE6,0x53,0xE6,0x53,0xEE,0x12,0xDE,0x12,0xDE,0x53,0xE6,0x73,0xEE,
    0x2F,0xBD,0x20,0x00,0x00,0x00,0x00,0x00,0x00,0x00,0x00,0x00,0xCB,0x8B,0x67,0x5A,
    0xE3,0x20,0xCE,0xB4,0x61,0x10,0x00,0x00,0x00,0x00,0x00,0x00,0x20,0x00,0x4F,0xC5,
    0x94,0xF6,0xD1,0xD5,0xAE,0xAC,0x93,0xEE,0x32,0xE6,0x53,0xE6,0x53,0xE6,0x53,0xE6,
    0x53,0xE6,0x53,0xE6,0x53,0xE6,0x53,0xE6,0x53,0xE6,0x52,0xE6,0x32,0xE6,0x93,0xEE,
    0xB4,0xF6,0x0F,0xB5,0xF2,0xDD,0x73,0xEE,0x53,0xE6,0x53,0xE6,0x53,0xE6,0x53,0xE6,
    0x53,0xE6,0x32,0xE6,0x93,0xEE,0x2F,0xBD,0x00,0x00,0x20,0x00,0x00,0x00,0x8A,0x83,
    0xB4,0xF6,0x32,0xE6,0x32,0xE6,0xB4,0xF6,0x67,0x5A,0x00,0x00,0x00,0x00,0x41,0x08,
    0xB1,0xD5,0x73,0xEE,0x52,0xE6,0x53,0xE6,0x53,0xE6,0x53,0xE6,0x53,0xE6,0x53,0xE6,
    0x53,0xE6,0x53,0xE6,0x53,0xE6,0x53,0xE6,0x53,0xE6,0x53,0xE6,0x53,0xE6,0x53,0xE6,
    0x53,0xE6,0x53,0xE6,0x53,0xE6,0x53,0xE6,0x53,0xE6,0x53,0xE6,0x53,0xE6,0x53,0xE6,
    0x53,0xE6,0x53,0xE6,0x53,0xE6,0x53,0xE6,0x53,0xE6,0x53,0xE6,0x53,0xE6,0x53,0xE6,
    0x53,0xE6,0x53,0xE6,0x53,0xE6,0x53,0xE6,0x53,0xE6,0x53,0xE6,0x53,0xE6,0x53,0xE6,
    0x53,0xE6,0x53,0xE6,0x53,0xE6,0x53,0xE6,0x53,0xE6,0x53,0xE6,0x53,0xE6,0x53,0xE6,
    0x53,0xE6,0x53,0xE6,0x53,0xE6,0x53,0xE6,0x53,0xE6,0x53,0xE6,0x53,0xE6,0x53,0xE6,
    0x53,0xE6,0x53,0xE6,0x53,0xE6,0x53,0xE6,0x32,0xE6,0x32,0xE6,0x73,0xEE,0xB4,0xF6,
    0x94,0xF6,0xF2,0xDD,0xEE,0xB4,0xCB,0x8B,0xC8,0x6A,0xE6,0x49,0x23,0x29,0x23,0x29,
    0x23,0x29,0x06,0x4A,0xC8,0x6A,0xAB,0x83,0xEE,0xB4,0xD1,0xD5,0x93,0xF6,0xB4,0xF6,
    0x73,0xEE,0x32,0xE6,0x32,0xE6,0x53,0xE6,0x53,0xE6,0x53,0xE6,0x53,0xE6,0x53,0xE6,
    0x53,0xE6,0x53,0xE6,0x53,0xE6,0x53,0xE6,0x53,0xE6,0x53,0xE6,0x53,0xE6,0x53,0xE6,
    0x53,0xE6,0x53,0xE6,0x53,0xE6,0x53,0xE6,0x53,0xE6,0x53,0xE6,0x53,0xE6,0x53,0xE6,
    0x53,0xE6,0x53,0xE6,0x53,0xE6,0x53,0xE6,0x53,0xE6,0x53,0xE6,0x53,0xE6,0x53,0xE6,
    0x53,0xE6,0x53,0xE6,0x53,0xE6,0x53,0xE6,0x53,0xE6,0x53,0xE6,0x53,0xE6,0x53,0xE6,
    0x53,0xE6,0x53,0xE6,0x53,0xE6,0x53,0xE6,0x53,0xE6,0x53,0xE6,0x53,0xE6,0x53,0xE6,
    0x53,0xE6,0x53,0xE6,0x53,0xE6,0x53,0xE6,0x53,0xE6,0x53,0xE6,0x53,0xE6,0x53,0xE6,
    0x53,0xE6,0x53,0xE6,0x53,0xE6,0x32,0xE6,0x94,0xF6,0x87,0x5A,0xC2,0x20,0xC2,0x18,
    0x81,0x10,0x81,0x10,0x81,0x10,0x82,0x10,0x20,0x08,0x00,0x00,0x00,0x00,0x00,0x00,
    0x00,0x00,0x41,0x08,0x90,0xCD,0x73,0xEE,0x52,0xE6,0x53,0xE6,0x53,0xE6,0x53,0xE6,
    0x53,0xE6,0x53,0xE6,0x53,0xE6,0x53,0xE6,0x73,0xEE,0x0F,0xBD,0x53,0xE6,0xB4,0xF6,
    0x52,0xE6,0x32,0xE6,0x53,0xE6,0x53,0xE6,0x53,0xE6,0x53,0xE6,0x53,0xE6,0x53,0xE6,
    0x53,0xE6,0x53,0xE6,0x53,0xE6,0x53,0xEE,0xF2,0xDD,0x32,0xE6,0x32,0xE6,0xB4,0xF6,
    0xE9,0x6A,0x00,0x00,0x20,0x00,0x00,0x00,0x00,0x00,0xA5,0x39,0xAE,0xAC,0x20,0x00,
    0x00,0x00,0xCB,0x8B,0xC8,0x62,0x00,0x00,0x20,0x00,0x20,0x00,0x00,0x00,0xA8,0x62,
    0xB4,0xF6,0x73,0xEE,0xCE,0xAC,0xF1,0xDD,0x73,0xEE,0x53,0xE6,0x53,0xE6,0x53,0xE6,
    0x53,0xE6,0x53,0xE6,0x53,0xE6,0x53,0xE6,0x32,0xE6,0x73,0xEE,0xD4,0xF6,0x50,0xC5,
    0x47,0x52,0x00,0x00,0x6A,0x7B,0xD4,0xFE,0x32,0xE6,0x53,0xE6,0x53,0xE6,0x53,0xE6,
    0x53,0xE6,0x53,0xE6,0x73,0xEE,0xF2,0xDD,0x81,0x10,0x00,0x00,0x00,0x00,0x6A,0x7B,
    0xD4,0xFE,0x12,0xDE,0x12,0xE6,0xB4,0xF6,0x06,0x4A,0x00,0x00,0x00,0x00,0x23,0x29,
    0x53,0xEE,0x53,0xE6,0x53,0xE6,0x53,0xE6,0x53,0xE6,0x53,0xE6,0x53,0xE6,0x53,0xE6,
    0x53,0xE6,0x53,0xE6,0x53,0xE6,0x53,0xE6,0x53,0xE6,0x53,0xE6,0x53,0xE6,0x53,0xE6,
    0x53,0xE6,0x53,0xE6,0x53,0xE6,0x53,0xE6,0x53,0xE6,0x53,0xE6,0x53,0xE6,0x53,0xE6,
    0x53,0xE6,0x53,0xE6,0x53,0xE6,0x53,0xE6,0x53,0xE6,0x53,0xE6,0x53,0xE6,0x53,0xE6,
    0x53,0xE6,0x53,0xE6,0x53,0xE6,0x53,0xE6,0x53,0xE6,0x53,0xE6,0x53,0xE6,0x53,0xE6,
    0x53,0xE6,0x53,0xE6,0x53,0xE6,0x53,0xE6,0x53,0xE6,0x53,0xE6,0x53,0xE6,0x53,0xE6,
    0x53,0xE6,0x53,0xE6,0x53,0xE6,0x53,0xE6,0x53,0xE6,0x53,0xE6,0x53,0xE6,0x53,0xE6,
    0x53,0xE6,0x53,0xE6,0x52,0xE6,0x32,0xE6,0x93,0xEE,0xB4,0xF6,0xD1,0xD5,0xEC,0x93,
    0xC5,0x41,0x20,0x08,0x00,0x00,0x00,0x00,0x00,0x00,0x00,0x00,0xA2,0x18,0xA2,0x18,
    0xA2,0x18,0x00,0x00,0x00,0x00,0x00,0x00,0x00,0x00,0x00,0x00,0x85,0x39,0xAB,0x8B,
    0xD1,0xD5,0xB4,0xF6,0x93,0xF6,0x32,0xE6,0x32,0xE6,0x53,0xE6,0x53,0xE6,0x53,0xE6,
    0x53,0xE6,0x53,0xE6,0x53,0xE6,0x53,0xE6,0x53,0xE6,0x53,0xE6,0x53,0xE6,0x53,0xE6,
    0x53,0xE6,0x53,0xE6,0x53,0xE6,0x53,0xE6,0x53,0xE6,0x53,0xE6,0x53,0xE6,0x53,0xE6,
    0x53,0xE6,0x53,0xE6,0x53,0xE6,0x53,0xE6,0x53,0xE6,0x53,0xE6,0x53,0xE6,0x53,0xE6,
    0x53,0xE6,0x53,0xE6,0x53,0xE6,0x53,0xE6,0x53,0xE6,0x53,0xE6,0x53,0xE6,0x53,0xE6,
    0x53,0xE6,0x53,0xE6,0x53,0xE6,0x53,0xE6,0x53,0xE6,0x53,0xE6,0x53,0xE6,0x53,0xE6,
    0x53,0xE6,0x53,0xE6,0x53,0xE6,0x53,0xE6,0x53,0xE6,0x53,0xE6,0x53,0xE6,0x53,0xE6,
    0x53,0xE6,0x53,0xE6,0x53,0xE6,0x53,0xE6,0x53,0xE6,0x32,0xE6,0x32,0xE6,0x32,0xE6,
    0x32,0xE6,0x32,0xE6,0x12,0xDE,0x73,0xEE,0x85,0x39,0x00,0x00,0x00,0x00,0x26,0x52,
    0xB1,0xCD,0x70,0xC5,0x73,0xEE,0x52,0xE6,0x53,0xE6,0x53,0xE6,0x53,0xE6,0x53,0xE6,
    0x53,0xE6,0x53,0xE6,0x52,0xE6,0x93,0xEE,0xB1,0xD5,0x21,0x08,0x44,0x31,0x6D,0xA4,
    0x73,0xEE,0x94,0xF6,0x32,0xE6,0x32,0xE6,0x53,0xE6,0x53,0xE6,0x53,0xE6,0x53,0xE6,
    0x53,0xE6,0x53,0xE6,0x53,0xE6,0x52,0xE6,0x52,0xE6,0x53,0xE6,0x32,0xE6,0xF2,0xDD,
    0xA2,0x18,0x00,0x00,0x00,0x00,0x20,0x00,0x00,0x00,0xAB,0x8B,0x87,0x5A,0x00,0x00,
    0x03,0x21,0xA2,0x18,0x0C,0x94,0x00,0x00,0x00,0x00,0x00,0x00,0x00,0x00,0x41,0x08,
    0xB1,0xD5,0x93,0xEE,0x91,0xCD,0xEF,0xB4,0x93,0xEE,0x32,0xE6,0x53,0xE6,0x53,0xE6,
    0x53,0xE6,0x53,0xE6,0x52,0xE6,0x53,0xEE,0xD4,0xF6,0xD1,0xD5,0xE9,0x6A,0x20,0x08,
    0x00,0x00,0x00,0x00,0x41,0x08,0xB1,0xD5,0x73,0xEE,0x52,0xE6,0x53,0xE6,0x53,0xE6,
    0x53,0xE6,0x53,0xE6,0x32,0xE6,0xB4,0xF6,0xC8,0x62,0x00,0x00,0x20,0x00,0x23,0x29,
    0x73,0xEE,0xB4,0xF6,0xD4,0xFE,0xD1,0xDD,0x81,0x10,0x20,0x00,0x00,0x00,0xEC,0x93,
    0xB4,0xF6,0x32,0xE6,0x53,0xE6,0x53,0xE6,0x53,0xE6,0x53,0xE6,0x53,0xE6,0x53,0xE6,
    0x53,0xE6,0x53,0xE6,0x53,0xE6,0x53,0xE6,0x53,0xE6,0x53,0xE6,0x53,0xE6,0x53,0xE6,
    0x53,0xE6,0x53,0xE6,0x53,0xE6,0x53,0xE6,0x53,0xE6,0x53,0xE6,0x53,0xE6,0x53,0xE6,
    0x53,0xE6,0x53,0xE6,0x53,0xE6,0x53,0xE6,0x53,0xE6,0x53,0xE6,0x53,0xE6,0x53,0xE6,
    0x53,0xE6,0x53,0xE6,0x53,0xE6,0x53,0xE6,0x53,0xE6,0x53,0xE6,0x53,0xE6,0x53,0xE6,
    0x53,0xE6,0x53,0xE6,0x53,0xE6,0x53,0xE6,0x53,0xE6,0x53,0xE6,0x53,0xE6,0x53,0xE6,
    0x53,0xE6,0x53,0xE6,0x53,0xE6,0x53,0xE6,0x53,0xE6,0x53,0xE6,0x53,0xE6,0x53,0xE6,
    0x53,0xE6,0x32,0xE6,0x73,0xEE,0xB4,0xF6,0x50,0xC5,0xA8,0x62,0x20,0x00,0x00,0x00,
    0x00,0x00,0x85,0x39,0x6A,0x7B,0xAE,0xAC,0xB1,0xD5,0xF2,0xDD,0x53,0xE6,0x53,0xE6,
    0x73,0xEE,0x32,0xE6,0xD1,0xD5,0xCE,0xB4,0x8A,0x83,0xC5,0x41,0x00,0x00,0x00,0x00,
    0x00,0x00,0x67,0x5A,0x2F,0xBD,0xB4,0xF6,0x93,0xEE,0x32,0xE6,0x53,0xE6,0x53,0xE6,
    0x53,0xE6,0x53,0xE6,0x53,0xE6,0x53,0xE6,0x53,0xE6,0x53,0xE6,0x53,0xE6,0x53,0xE6,
    0x53,0xE6,0x53,0xE6,0x53,0xE6,0x53,0xE6,0x53,0xE6,0x53,0xE6,0x53,0xE6,0x53,0xE6,
    0x53,0xE6,0x53,0xE6,0x53,0xE6,0x53,0xE6,0x53,0xE6,0x53,0xE6,0x53,0xE6,0x53,0xE6,
    0x53,0xE6,0x53,0xE6,0x53,0xE6,0x53,0xE6,0x53,0xE6,0x53,0xE6,0x53,0xE6,0x53,0xE6,
    0x53,0xE6,0x53,0xE6,0x53,0xE6,0x53,0xE6,0x53,0xE6,0x53,0xE6,0x53,0xE6,0x53,0xE6,
    0x53,0xE6,0x53,0xE6,0x53,0xE6,0x53,0xE6,0x53,0xE6,0x53,0xE6,0x53,0xE6,0x53,0xE6,
    0x53,0xE6,0x53,0xE6,0x53,0xE6,0x53,0xE6,0x53,0xE6,0x53,0xE6,0x53,0xE6,0x53,0xEE,
    0x53,0xEE,0x53,0xEE,0x53,0xE6,0xD4,0xFE,0xC5,0x41,0x00,0x00,0x00,0x00,0xC8,0x62,
    0x35,0xFF,0x73,0xEE,0x52,0xE6,0x53,0xE6,0x53,0xE6,0x53,0xE6,0x53,0xE6,0x53,0xE6,
    0x53,0xE6,0x53,0xE6,0x32,0xE6,0xB4,0xF6,0x67,0x52,0x00,0x00,0x00,0x00,0x00,0x00,
    0xA5,0x39,0xEF,0xB4,0xB4,0xF6,0x93,0xF6,0x32,0xE6,0x53,0xE6,0x53,0xE6,0x53,0xE6,
    0x53,0xE6,0x53,0xE6,0x53,0xE6,0x32,0xE6,0x52,0xE6,0x32,0xE6,0x73,0xEE,0xAB,0x83,
    0x00,0x00,0x20,0x00,0x00,0x00,0x00,0x00,0xA2,0x18,0x0F,0xBD,0x41,0x08,0x00,0x00,
    0x87,0x5A,0x00,0x00,0xC8,0x62,0xA5,0x39,0x00,0x00,0x00,0x00,0x20,0x00,0x00,0x00,
    0x4A,0x7B,0xB4,0xF6,0x52,0xE6,0xCE,0xB4,0x32,0xE6,0x53,0xE6,0x53,0xE6,0x53,0xE6,
    0x53,0xE6,0x52,0xE6,0x73,0xEE,0x32,0xE6,0x8B,0x83,0x81,0x10,0x00,0x00,0x20,0x00,
    0x00,0x00,0x00,0x00,0x64,0x31,0x70,0xCD,0x73,0xEE,0x52,0xE6,0x53,0xE6,0x53,0xE6,
    0x53,0xE6,0x53,0xE6,0x52,0xE6,0x53,0xEE,0x32,0xE6,0x84,0x39,0x00,0x00,0x00,0x00,
    0xA5,0x41,0xAE,0xAC,0x8D,0xAC,0x64,0x31,0x00,0x00,0x00,0x00,0xE8,0x6A,0x93,0xF6,
    0x52,0xE6,0x53,0xE6,0x53,0xE6,0x53,0xE6,0x53,0xE6,0x53,0xE6,0x53,0xE6,0x53,0xE6,
    0x53,0xE6,0x53,0xE6,0x53,0xE6,0x53,0xE6,0x53,0xE6,0x53,0xE6,0x53,0xE6,0x53,0xE6,
    0x53,0xE6,0x53,0xE6,0x53,0xE6,0x53,0xE6,0x53,0xE6,0x53,0xE6,0x53,0xE6,0x53,0xE6,
    0x53,0xE6,0x53,0xE6,0x53,0xE6,0x53,0xE6,0x53,0xE6,0x53,0xE6,0x53,0xE6,0x53,0xE6,
    0x53,0xE6,0x53,0xE6,0x53,0xE6,0x53,0xE6,0x53,0xE6,0x53,0xE6,0x53,0xE6,0x53,0xE6,
    0x53,0xE6,0x53,0xE6,0x53,0xE6,0x53,0xE6,0x53,0xE6,0x53,0xE6,0x53,0xE6,0x53,0xE6,
    0x53,0xE6,0x53,0xE6,0x53,0xE6,0x53,0xE6,0x53,0xE6,0x53,0xE6,0x53,0xE6,0x52,0xE6,
    0x32,0xE6,0xB4,0xF6,0xD1,0xD5,0x87,0x5A,0x00,0x00,0x00,0x00,0xA5,0x39,0x0C,0x94,
    0xD1,0xD5,0xD4,0xFE,0x53,0xE6,0x50,0xC5,0x2F,0xBD,0x70,0xCD,0x73,0xEE,0x93,0xEE,
    0x12,0xDE,0x0C,0x94,0xEE,0xB4,0xB1,0xCD,0x93,0xF6,0xF4,0xFE,0x53,0xEE,0x4D,0x9C,
    0xC5,0x41,0x00,0x00,0x00,0x00,0x26,0x52,0x70,0xC5,0xD4,0xF6,0x53,0xE6,0x32,0xE6,
    0x53,0xE6,0x53,0xE6,0x53,0xE6,0x53,0xE6,0x53,0xE6,0x53,0xE6,0x53,0xE6,0x53,0xE6,
    0x53,0xE6,0x53,0xE6,0x53,0xE6,0x53,0xE6,0x53,0xE6,0x53,0xE6,0x53,0xE6,0x53,0xE6,
    0x53,0xE6,0x53,0xE6,0x53,0xE6,0x53,0xE6,0x53,0xE6,0x53,0xE6,0x53,0xE6,0x53,0xE6,
    0x53,0xE6,0x53,0xE6,0x53,0xE6,0x53,0xE6,0x53,0xE6,0x53,0xE6,0x53,0xE6,0x53,0xE6,
    0x53,0xE6,0x53,0xE6,0x53,0xE6,0x53,0xE6,0x53,0xE6,0x53,0xE6,0x53,0xE6,0x53,0xE6,
    0x53,0xE6,0x53,0xE6,0x53,0xE6,0x53,0xE6,0x53,0xE6,0x53,0xE6,0x53,0xE6,0x53,0xE6,
    0x53,0xE6,0x53,0xE6,0x53,0xE6,0x53,0xE6,0x53,0xE6,0x53,0xE6,0x53,0xE6,0x53,0xE6,
    0x53,0xE6,0x52,0xE6,0x53,0xE6,0x70,0xC5,0xE3,0x20,0x00,0x00,0x00,0x00,0xA5,0x39,
    0x12,0xDE,0x32,0xE6,0x53,0xE6,0x53,0xE6,0x53,0xE6,0x53,0xE6,0x53,0xE6,0x53,0xE6,
    0x53,0xE6,0x53,0xE6,0x53,0xE6,0x53,0xE6,0x67,0x5A,0x00,0x00,0x00,0x00,0x20,0x00,
    0x00,0x00,0x00,0x00,0x26,0x4A,0x0F,0xBD,0x93,0xF6,0x53,0xE6,0x53,0xE6,0x53,0xE6,
    0x53,0xE6,0x53,0xE6,0x32,0xE6,0x12,0xDE,0x53,0xEE,0xF2,0xDD,0x32,0xE6,0x03,0x29,
    0x00,0x00,0x00,0x00,0x20,0x00,0x00,0x00,0x09,0x6B,0xCB,0x8B,0x20,0x00,0x20,0x08,
    0xA2,0x18,0x00,0x00,0x06,0x4A,0x0C,0x94,0x00,0x00,0x00,0x00,0x00,0x00,0x00,0x00,
    0xA2,0x18,0xF2,0xDD,0x93,0xEE,0x70,0xCD,0x2F,0xBD,0x93,0xEE,0x52,0xE6,0x53,0xE6,
    0x32,0xE6,0x93,0xEE,0x2F,0xBD,0xC2,0x18,0x00,0x00,0x00,0x00,0x00,0x00,0x00,0x00,
    0x03,0x29,0x4D,0x9C,0x93,0xEE,0x73,0xEE,0x52,0xE6,0x53,0xE6,0x53,0xE6,0x53,0xE6,
    0x53,0xE6,0x53,0xE6,0x53,0xE6,0x52,0xE6,0x73,0xEE,0x53,0xE6,0x6A,0x7B,0x23,0x29,
    0x00,0x00,0x00,0x00,0x00,0x00,0x00,0x00,0x84,0x39,0x2C,0x9C,0x93,0xF6,0x53,0xE6,
    0x53,0xE6,0x53,0xE6,0x53,0xE6,0x53,0xE6,0x53,0xE6,0x53,0xE6,0x53,0xE6,0x53,0xE6,
    0x53,0xE6,0x53,0xE6,0x53,0xE6,0x53,0xE6,0x53,0xE6,0x53,0xE6,0x53,0xE6,0x53,0xE6,
    0x53,0xE6,0x53,0xE6,0x53,0xE6,0x53,0xE6,0x53,0xE6,0x53,0xE6,0x53,0xE6,0x53,0xE6,
    0x53,0xE6,0x53,0xE6,0x53,0xE6,0x53,0xE6,0x53,0xE6,0x53,0xE6,0x53,0xE6,0x53,0xE6,
    0x53,0xE6,0x53,0xE6,0x53,0xE6,0x53,0xE6,0x53,0xE6,0x53,0xE6,0x53,0xE6,0x53,0xE6,
    0x53,0xE6,0x53,0xE6,0x53,0xE6,0x53,0xE6,0x53,0xE6,0x53,0xE6,0x53,0xE6,0x53,0xE6,
    0x53,0xE6,0x53,0xE6,0x53,0xE6,0x53,0xE6,0x53,0xE6,0x53,0xE6,0x32,0xE6,0x73,0xEE,
    0xB4,0xF6,0x0C,0x94,0x41,0x08,0x00,0x00,0xE5,0x41,0xEF,0xB4,0x73,0xEE,0xF4,0xFE,
    0xB1,0xD5,0x84,0x39,0x61,0x10,0x00,0x00,0x00,0x00,0x00,0x00,0xC5,0x41,0xD1,0xD5,
    0x12,0xDE,0x21,0x08,0x00,0x00,0x00,0x00,0x61,0x10,0xC5,0x41,0x8A,0x83,0x73,0xEE,
    0xF5,0xFE,0xD1,0xD5,0x87,0x5A,0x00,0x00,0x00,0x00,0x4A,0x7B,0x73,0xEE,0x73,0xEE,
    0x32,0xE6,0x53,0xE6,0x53,0xE6,0x53,0xE6,0x53,0xE6,0x53,0xE6,0x53,0xE6,0x53,0xE6,
    0x53,0xE6,0x53,0xE6,0x53,0xE6,0x53,0xE6,0x53,0xE6,0x53,0xE6,0x53,0xE6,0x53,0xE6,
    0x53,0xE6,0x53,0xE6,0x53,0xE6,0x53,0xE6,0x53,0xE6,0x53,0xE6,0x53,0xE6,0x53,0xE6,
    0x53,0xE6,0x53,0xE6,0x53,0xE6,0x53,0xE6,0x53,0xE6,0x53,0xE6,0x53,0xE6,0x53,0xE6,
    0x53,0xE6,0x53,0xE6,0x53,0xE6,0x53,0xE6,0x53,0xE6,0x53,0xE6,0x53,0xE6,0x53,0xE6,
    0x53,0xE6,0x53,0xE6,0x53,0xE6,0x53,0xE6,0x53,0xE6,0x53,0xE6,0x53,0xE6,0x53,0xE6,
    0x53,0xE6,0x53,0xE6,0x53,0xE6,0x53,0xE6,0x53,0xE6,0x53,0xE6,0x53,0xE6,0x53,0xE6,
    0x32,0xE6,0x93,0xEE,0x2F,0xBD,0x00,0x00,0x00,0x00,0x00,0x00,0x00,0x00,0x00,0x00,
    0x82,0x10,0xF2,0xDD,0x73,0xEE,0x52,0xE6,0x53,0xE6,0x53,0xE6,0x53,0xE6,0x53,0xE6,
    0x53,0xE6,0x53,0xE6,0x53,0xE6,0x53,0xE6,0xB4,0xF6,0x2F,0xBD,0x26,0x52,0x00,0x00,
    0x00,0x00,0x00,0x00,0x00,0x00,0x00,0x00,0xC8,0x6A,0x93,0xEE,0x32,0xE6,0x53,0xE6,
    0x53,0xE6,0x53,0xEE,0xF2,0xDD,0x12,0xDE,0x32,0xE6,0x12,0xDE,0x2D,0x9C,0x00,0x00,
    0x41,0x08,0x20,0x00,0x00,0x00,0x20,0x08,0x0F,0xB5,0x44,0x31,0x20,0x08,0x00,0x00,
    0x00,0x00,0x20,0x08,0x61,0x10,0x0F,0xBD,0x23,0x29,0x00,0x00,0x00,0x00,0x00,0x00,
    0x00,0x00,0x8A,0x83,0xB4,0xF6,0x32,0xE6,0x8E,0xAC,0x32,0xE6,0x53,0xE6,0x53,0xE6,
    0x52,0xE6,0x73,0xEE,0xB1,0xD5,0x61,0x10,0x00,0x00,0x00,0x00,0xC2,0x18,0xAB,0x8B,
    0x32,0xE6,0xB4,0xF6,0x52,0xE6,0x52,0xE6,0x53,0xE6,0x53,0xE6,0x53,0xE6,0x53,0xE6,
    0x53,0xE6,0x53,0xE6,0x53,0xE6,0x53,0xE6,0x52,0xE6,0x53,0xE6,0xB4,0xF6,0x53,0xE6,
    0x70,0xC5,0xEF,0xB4,0xEF,0xB4,0xB1,0xCD,0x73,0xEE,0xB4,0xF6,0x32,0xE6,0x53,0xE6,
    0x53,0xE6,0x53,0xE6,0x53,0xE6,0x53,0xE6,0x53,0xE6,0x53,0xE6,0x53,0xE6,0x53,0xE6,
    0x53,0xE6,0x53,0xE6,0x53,0xE6,0x53,0xE6,0x53,0xE6,0x53,0xE6,0x53,0xE6,0x53,0xE6,
    0x53,0xE6,0x53,0xE6,0x53,0xE6,0x53,0xE6,0x53,0xE6,0x53,0xE6,0x53,0xE6,0x53,0xE6,
    0x53,0xE6,0x53,0xE6,0x53,0xE6,0x53,0xE6,0x53,0xE6,0x53,0xE6,0x53,0xE6,0x53,0xE6,
    0x53,0xE6,0x53,0xE6,0x53,0xE6,0x53,0xE6,0x53,0xE6,0x53,0xE6,0x53,0xE6,0x53,0xE6,
    0x53,0xE6,0x53,0xE6,0x53,0xE6,0x53,0xE6,0x53,0xE6,0x53,0xE6,0x53,0xE6,0x53,0xE6,
    0x53,0xE6,0x53,0xE6,0x53,0xE6,0x53,0xE6,0x53,0xE6,0x32,0xE6,0x93,0xF6,0x32,0xE6,
    0x67,0x5A,0x00,0x00,0xC2,0x20,0xEF,0xB4,0x12,0xDE,0x52,0xE6,0x93,0xF6,0x73,0xEE,
    0x2F,0xBD,0x00,0x00,0x00,0x00,0xC2,0x18,0x06,0x4A,0x61,0x10,0x00,0x00,0x03,0x21,
    0x93,0xEE,0xCB,0x8B,0x00,0x00,0x61,0x10,0x61,0x10,0x00,0x00,0x00,0x00,0x2F,0xBD,
    0x29,0x73,0xAB,0x83,0x73,0xEE,0x2F,0xBD,0x44,0x31,0x00,0x00,0xA5,0x39,0xB1,0xD5,
    0xB4,0xF6,0x32,0xE6,0x53,0xE6,0x53,0xE6,0x53,0xE6,0x53,0xE6,0x53,0xE6,0x53,0xE6,
    0x53,0xE6,0x53,0xE6,0x53,0xE6,0x53,0xE6,0x53,0xE6,0x53,0xE6,0x53,0xE6,0x53,0xE6,
    0x53,0xE6,0x53,0xE6,0x53,0xE6,0x53,0xE6,0x53,0xE6,0x53,0xE6,0x53,0xE6,0x53,0xE6,
    0x53,0xE6,0x53,0xE6,0x53,0xE6,0x53,0xE6,0x53,0xE6,0x53,0xE6,0x53,0xE6,0x53,0xE6,
    0x53,0xE6,0x53,0xE6,0x53,0xE6,0x53,0xE6,0x53,0xE6,0x53,0xE6,0x53,0xE6,0x53,0xE6,
    0x53,0xE6,0x53,0xE6,0x53,0xE6,0x53,0xE6,0x53,0xE6,0x53,0xE6,0x53,0xE6,0x53,0xE6,
    0x53,0xE6,0x53,0xE6,0x53,0xE6,0x53,0xE6,0x53,0xE6,0x53,0xE6,0x53,0xE6,0x53,0xE6,
    0x53,0xE6,0x53,0xEE,0xF2,0xDD,0xCE,0xB4,0xEE,0xB4,0xEE,0xB4,0xEE,0xB4,0xEE,0xB4,
    0x0F,0xB5,0x32,0xE6,0x53,0xE6,0x53,0xE6,0x53,0xE6,0x53,0xE6,0x53,0xE6,0x53,0xE6,
    0x53,0xE6,0x53,0xE6,0x53,0xE6,0x53,0xE6,0x32,0xE6,0x93,0xEE,0xB4,0xF6,0xCE,0xB4,
    0xA5,0x39,0x00,0x00,0x00,0x00,0x00,0x00,0x8A,0x83,0xB4,0xF6,0x32,0xE6,0x53,0xE6,
    0x53,0xE6,0x52,0xE6,0xD1,0xD5,0x53,0xEE,0x32,0xE6,0x32,0xE6,0x44,0x31,0x00,0x00,
    0x61,0x10,0x20,0x08,0x00,0x00,0x67,0x5A,0x6D,0xA4,0x00,0x00,0x00,0x00,0x00,0x00,
    0x00,0x00,0x20,0x00,0x00,0x00,0xA8,0x62,0xCB,0x8B,0x00,0x00,0x00,0x00,0x00,0x00,
    0x00,0x00,0xC2,0x20,0x12,0xDE,0x73,0xEE,0x50,0xC5,0xEF,0xB4,0x93,0xEE,0x32,0xE6,
    0x53,0xE6,0x32,0xE6,0xD4,0xFE,0x6A,0x7B,0x61,0x08,0x09,0x73,0xF2,0xDD,0xD4,0xF6,
    0x53,0xE6,0x32,0xE6,0x53,0xE6,0x53,0xE6,0x53,0xE6,0x53,0xE6,0x53,0xE6,0x53,0xE6,
    0x53,0xE6,0x53,0xE6,0x53,0xE6,0x53,0xE6,0x53,0xE6,0x53,0xE6,0x32,0xE6,0x53,0xE6,
    0x93,0xEE,0x94,0xF6,0x94,0xF6,0x73,0xEE,0x52,0xE6,0x32,0xE6,0x53,0xE6,0x53,0xE6,
    0x53,0xE6,0x53,0xE6,0x53,0xE6,0x53,0xE6,0x53,0xE6,0x53,0xE6,0x53,0xE6,0x53,0xE6,
    0x53,0xE6,0x53,0xE6,0x53,0xE6,0x53,0xE6,0x53,0xE6,0x53,0xE6,0x53,0xE6,0x53,0xE6,
    0x53,0xE6,0x53,0xE6,0x53,0xE6,0x53,0xE6,0x53,0xE6,0x53,0xE6,0x53,0xE6,0x53,0xE6,
    0x53,0xE6,0x53,0xE6,0x53,0xE6,0x53,0xE6,0x53,0xE6,0x53,0xE6,0x53,0xE6,0x53,0xE6,
    0x53,0xE6,0x53,0xE6,0x53,0xE6,0x53,0xE6,0x53,0xE6,0x53,0xE6,0x53,0xE6,0x53,0xE6,
    0x53,0xE6,0x53,0xE6,0x53,0xE6,0x53,0xE6,0x53,0xE6,0x53,0xE6,0x53,0xE6,0x53,0xE6,
    0x53,0xE6,0x53,0xE6,0x53,0xE6,0x53,0xE6,0x32,0xE6,0xB4,0xF6,0x70,0xCD,0x23,0x29,
    0x00,0x00,0x87,0x5A,0x32,0xE6,0x29,0x73,0x41,0x08,0x82,0x10,0x8A,0x83,0x73,0xEE,
    0x93,0xF6,0x06,0x4A,0x00,0x00,0xEE,0xB4,0x15,0xFF,0x91,0xCD,0x03,0x21,0x00,0x00,
    0x6D,0xA4,0xAE,0xAC,0x00,0x00,0xA8,0x62,0xB4,0xEE,0x8B,0x83,0x00,0x00,0x50,0xC5,
    0x64,0x31,0x00,0x00,0xA2,0x18,0x53,0xE6,0x93,0xEE,0x4A,0x7B,0x00,0x00,0x82,0x18,
    0xCE,0xB4,0xB4,0xF6,0x32,0xE6,0x53,0xE6,0x53,0xE6,0x53,0xE6,0x53,0xE6,0x53,0xE6,
    0x53,0xE6,0x53,0xE6,0x53,0xE6,0x53,0xE6,0x53,0xE6,0x53,0xE6,0x53,0xE6,0x53,0xE6,
    0x53,0xE6,0x53,0xE6,0x53,0xE6,0x53,0xE6,0x53,0xE6,0x53,0xE6,0x53,0xE6,0x53,0xE6,
    0x53,0xE6,0x53,0xE6,0x53,0xE6,0x53,0xE6,0x53,0xE6,0x53,0xE6,0x53,0xE6,0x53,0xE6,
    0x53,0xE6,0x53,0xE6,0x53,0xE6,0x53,0xE6,0x53,0xE6,0x53,0xE6,0x53,0xE6,0x53,0xE6,
    0x53,0xE6,0x53,0xE6,0x53,0xE6,0x53,0xE6,0x53,0xE6,0x53,0xE6,0x53,0xE6,0x53,0xE6,
    0x53,0xE6,0x53,0xE6,0x53,0xE6,0x53,0xE6,0x53,0xE6,0x53,0xE6,0x53,0xE6,0x53,0xE6,
    0x53,0xE6,0x53,0xE6,0x53,0xEE,0xB4,0xF6,0x94,0xF6,0x94,0xF6,0x94,0xF6,0x94,0xF6,
    0x93,0xF6,0x53,0xE6,0x53,0xE6,0x53,0xE6,0x53,0xE6,0x53,0xE6,0x53,0xE6,0x53,0xE6,
    0x53,0xE6,0x53,0xE6,0x53,0xE6,0x53,0xE6,0x53,0xE6,0x32,0xE6,0x32,0xE6,0x94,0xF6,
    0x93,0xEE,0xAE,0xAC,0x44,0x31,0xE3,0x20,0x73,0xEE,0x53,0xE6,0x53,0xE6,0x53,0xE6,
    0x53,0xEE,0xF2,0xDD,0x12,0xDE,0x52,0xE6,0x73,0xEE,0x6D,0xA4,0x00,0x00,0x00,0x00,
    0x00,0x00,0x00,0x00,0x20,0x00,0x6D,0xA4,0x64,0x31,0x41,0x08,0x41,0x08,0x00,0x00,
    0x00,0x00,0x00,0x00,0x20,0x08,0x41,0x08,0x0F,0xBD,0x03,0x29,0x00,0x00,0x00,0x00,
    0x20,0x00,0x00,0x00,0x6A,0x7B,0x94,0xF6,0x32,0xE6,0xAE,0xAC,0x32,0xE6,0x53,0xEE,
    0x53,0xE6,0x53,0xE6,0x53,0xEE,0x12,0xDE,0xB1,0xCD,0xD4,0xF6,0x73,0xEE,0x32,0xE6,
    0x53,0xE6,0x53,0xE6,0x53,0xE6,0x53,0xE6,0x53,0xE6,0x53,0xE6,0x53,0xE6,0x53,0xE6,
    0x53,0xE6,0x53,0xE6,0x53,0xE6,0x53,0xE6,0x53,0xE6,0x53,0xE6,0x53,0xE6,0x53,0xE6,
    0x32,0xE6,0x32,0xE6,0x32,0xE6,0x52,0xE6,0x53,0xE6,0x53,0xE6,0x53,0xE6,0x53,0xE6,
    0x53,0xE6,0x53,0xE6,0x53,0xE6,0x53,0xE6,0x53,0xE6,0x53,0xE6,0x53,0xE6,0x53,0xE6,
    0x53,0xE6,0x53,0xE6,0x53,0xE6,0x53,0xE6,0x53,0xE6,0x53,0xE6,0x53,0xE6,0x53,0xE6,
    0x53,0xE6,0x53,0xE6,0x53,0xE6,0x53,0xE6,0x53,0xE6,0x53,0xE6,0x53,0xE6,0x53,0xE6,
    0x53,0xE6,0x53,0xE6,0x53,0xE6,0x53,0xE6,0x53,0xE6,0x53,0xE6,0x53,0xE6,0x53,0xE6,
    0x53,0xE6,0x53,0xE6,0x53,0xE6,0x53,0xE6,0x53,0xE6,0x53,0xE6,0x53,0xE6,0x53,0xE6,
    0x53,0xE6,0x53,0xE6,0x53,0xE6,0x53,0xE6,0x53,0xE6,0x53,0xE6,0x53,0xE6,0x53,0xE6,
    0x53,0xE6,0x53,0xE6,0x53,0xE6,0x32,0xE6,0xB4,0xF6,0xEE,0xB4,0x41,0x08,0x00,0x00,
    0x8A,0x83,0x15,0xFF,0xA8,0x62,0x00,0x00,0x00,0x00,0x00,0x00,0x00,0x00,0xCB,0x8B,
    0x15,0xFF,0xE6,0x49,0x00,0x00,0xEF,0xB4,0x73,0xEE,0xD4,0xFE,0x4A,0x7B,0x00,0x00,
    0xC8,0x6A,0x8D,0xA4,0x00,0x00,0xA8,0x62,0xD4,0xFE,0x12,0xDE,0x2F,0xBD,0x93,0xEE,
    0xCB,0x8B,0x20,0x00,0x26,0x4A,0x53,0xE6,0x52,0xE6,0xD4,0xFE,0xCE,0xAC,0x20,0x08,
    0x00,0x00,0xAE,0xAC,0xB4,0xF6,0x32,0xE6,0x53,0xE6,0x53,0xE6,0x53,0xE6,0x53,0xE6,
    0x53,0xE6,0x53,0xE6,0x53,0xE6,0x53,0xE6,0x53,0xE6,0x53,0xE6,0x53,0xE6,0x53,0xE6,
    0x53,0xE6,0x53,0xE6,0x53,0xE6,0x53,0xE6,0x53,0xE6,0x53,0xE6,0x53,0xE6,0x53,0xE6,
    0x53,0xE6,0x53,0xE6,0x53,0xE6,0x53,0xE6,0x53,0xE6,0x53,0xE6,0x53,0xE6,0x53,0xE6,
    0x53,0xE6,0x53,0xE6,0x53,0xE6,0x53,0xE6,0x53,0xE6,0x53,0xE6,0x53,0xE6,0x53,0xE6,
    0x53,0xE6,0x53,0xE6,0x53,0xE6,0x53,0xE6,0x53,0xE6,0x53,0xE6,0x53,0xE6,0x53,0xE6,
    0x53,0xE6,0x53,0xE6,0x53,0xE6,0x53,0xE6,0x53,0xE6,0x53,0xE6,0x53,0xE6,0x53,0xE6,
    0x53,0xE6,0x53,0xE6,0x53,0xE6,0x32,0xE6,0x32,0xE6,0x32,0xE6,0x32,0xE6,0x32,0xE6,
    0x32,0xE6,0x53,0xE6,0x53,0xE6,0x53,0xE6,0x53,0xE6,0x53,0xE6,0x53,0xE6,0x53,0xE6,
    0x53,0xE6,0x53,0xE6,0x53,0xE6,0x53,0xE6,0x53,0xE6,0x53,0xE6,0x53,0xE6,0x32,0xE6,
    0x52,0xE6,0xB4,0xF6,0x32,0xE6,0x90,0xCD,0x73,0xEE,0x52,0xE6,0x53,0xE6,0x53,0xE6,
    0x32,0xE6,0x90,0xCD,0x73,0xEE,0x32,0xE6,0x53,0xE6,0x44,0x31,0x00,0x00,0xE3,0x20,
    0x20,0x00,0x00,0x00,0x26,0x52,0xEC,0x93,0x00,0x00,0x41,0x08,0x20,0x08,0x00,0x00,
    0x23,0x29,0x00,0x00,0x20,0x00,0x00,0x00,0x4A,0x7B,0x0C,0x94,0x00,0x00,0x20,0x00,
    0x00,0x00,0x00,0x00,0xA2,0x18,0xF2,0xDD,0x93,0xEE,0x70,0xCD,0x6D,0xA4,0x93,0xF6,
    0x32,0xE6,0x53,0xE6,0x53,0xE6,0x53,0xEE,0x73,0xEE,0x32,0xE6,0x52,0xE6,0x53,0xE6,
    0x53,0xE6,0x53,0xE6,0x53,0xE6,0x53,0xE6,0x53,0xE6,0x53,0xE6,0x53,0xE6,0x53,0xE6,
    0x53,0xE6,0x53,0xE6,0x53,0xE6,0x53,0xE6,0x53,0xE6,0x53,0xE6,0x53,0xE6,0x53,0xE6,
    0x53,0xE6,0x53,0xE6,0x53,0xE6,0x53,0xE6,0x53,0xE6,0x53,0xE6,0x53,0xE6,0x53,0xE6,
    0x53,0xE6,0x53,0xE6,0x53,0xE6,0x53,0xE6,0x53,0xE6,0x53,0xE6,0x53,0xE6,0x53,0xE6,
    0x53,0xE6,0x53,0xE6,0x53,0xE6,0x53,0xE6,0x53,0xE6,0x53,0xE6,0x53,0xE6,0x53,0xE6,
    0x53,0xE6,0x53,0xE6,0x53,0xE6,0x53,0xE6,0x53,0xE6,0x53,0xE6,0x53,0xE6,0x53,0xE6,
    0x53,0xE6,0x53,0xE6,0x53,0xE6,0x53,0xE6,0x53,0xE6,0x53,0xE6,0x53,0xE6,0x53,0xE6,
    0x53,0xE6,0x53,0xE6,0x53,0xE6,0x53,0xE6,0x53,0xE6,0x53,0xE6,0x53,0xE6,0x53,0xE6,
    0x53,0xE6,0x53,0xE6,0x53,0xE6,0x53,0xE6,0x53,0xE6,0x53,0xE6,0x53,0xE6,0x53,0xE6,
    0x53,0xE6,0x53,0xE6,0x32,0xE6,0xB4,0xF6,0xEE,0xB4,0x41,0x08,0x20,0x08,0xAE,0xAC,
    0x15,0xFF,0xEE,0xB4,0x00,0x00,0xE2,0x20,0x70,0xC5,0x6D,0xA4,0x20,0x08,0xC2,0x20,
    0xB4,0xF6,0x06,0x4A,0x00,0x00,0xEE,0xB4,0x73,0xEE,0x93,0xF6,0xCB,0x8B,0x00,0x00,
    0x87,0x5A,0x4D,0x9C,0x00,0x00,0xC8,0x6A,0x15,0xFF,0x93,0xEE,0x93,0xEE,0xD4,0xF6,
    0x0C,0x94,0x00,0x00,0x6A,0x7B,0xD4,0xFE,0x32,0xE6,0x32,0xE6,0xB4,0xF6,0x2F,0xBD,
    0xE3,0x20,0x00,0x00,0xAE,0xAC,0xD4,0xF6,0x32,0xE6,0x53,0xE6,0x53,0xE6,0x53,0xE6,
    0x53,0xE6,0x53,0xE6,0x53,0xE6,0x53,0xE6,0x53,0xE6,0x53,0xE6,0x53,0xE6,0x53,0xE6,
    0x53,0xE6,0x53,0xE6,0x53,0xE6,0x53,0xE6,0x53,0xE6,0x53,0xE6,0x53,0xE6,0x53,0xE6,
    0x53,0xE6,0x53,0xE6,0x53,0xE6,0x53,0xE6,0x53,0xE6,0x53,0xE6,0x53,0xE6,0x53,0xE6,
    0x53,0xE6,0x53,0xE6,0x53,0xE6,0x53,0xE6,0x53,0xE6,0x53,0xE6,0x53,0xE6,0x53,0xE6,
    0x53,0xE6,0x53,0xE6,0x53,0xE6,0x53,0xE6,0x53,0xE6,0x53,0xE6,0x53,0xE6,0x53,0xE6,
    0x53,0xE6,0x53,0xE6,0x53,0xE6,0x53,0xE6,0x53,0xE6,0x53,0xE6,0x53,0xE6,0x53,0xE6,
    0x53,0xE6,0x53,0xE6,0x53,0xE6,0x53,0xE6,0x53,0xE6,0x53,0xE6,0x53,0xE6,0x53,0xE6,
    0x53,0xE6,0x53,0xE6,0x53,0xE6,0x53,0xE6,0x53,0xE6,0x53,0xE6,0x53,0xE6,0x53,0xE6,
    0x53,0xE6,0x53,0xE6,0x53,0xE6,0x53,0xE6,0x53,0xE6,0x53,0xE6,0x53,0xE6,0x53,0xE6,
    0x53,0xE6,0x32,0xE6,0x53,0xE6,0x73,0xEE,0x52,0xE6,0x53,0xE6,0x52,0xE6,0x73,0xEE,
    0x2F,0xBD,0xB1,0xD5,0x53,0xE6,0x73,0xEE,0x4D,0x9C,0x00,0x00,0x20,0x08,0x61,0x08,
    0x00,0x00,0x20,0x08,0x0C,0x94,0x03,0x21,0x61,0x10,0x41,0x08,0x00,0x00,0x03,0x21,
    0x87,0x5A,0x00,0x00,0x00,0x00,0x00,0x00,0x61,0x10,0x0F,0xBD,0x03,0x29,0x00,0x00,
    0x00,0x00,0x20,0x00,0x00,0x00,0x6A,0x7B,0xB4,0xF6,0x53,0xE6,0x4D,0x9C,0xF2,0xDD,
    0x73,0xEE,0x53,0xE6,0x53,0xE6,0x53,0xE6,0x52,0xE6,0x53,0xE6,0x53,0xE6,0x53,0xE6,
    0x53,0xE6,0x53,0xE6,0x53,0xE6,0x53,0xE6,0x53,0xE6,0x53,0xE6,0x53,0xE6,0x53,0xE6,
    0x53,0xE6,0x53,0xE6,0x53,0xE6,0x53,0xE6,0x53,0xE6,0x53,0xE6,0x53,0xE6,0x53,0xE6,
    0x53,0xE6,0x53,0xE6,0x53,0xE6,0x53,0xE6,0x53,0xE6,0x53,0xE6,0x53,0xE6,0x53,0xE6,
    0x53,0xE6,0x53,0xE6,0x53,0xE6,0x53,0xE6,0x53,0xE6,0x53,0xE6,0x53,0xE6,0x53,0xE6,
    0x53,0xE6,0x53,0xE6,0x53,0xE6,0x53,0xE6,0x53,0xE6,0x53,0xE6,0x53,0xE6,0x53,0xE6,
    0x53,0xE6,0x53,0xE6,0x53,0xE6,0x53,0xE6,0x53,0xE6,0x53,0xE6,0x53,0xE6,0x53,0xE6,
    0x53,0xE6,0x53,0xE6,0x53,0xE6,0x53,0xE6,0x53,0xE6,0x53,0xE6,0x53,0xE6,0x53,0xE6,
    0x53,0xE6,0x53,0xE6,0x53,0xE6,0x53,0xE6,0x53,0xE6,0x53,0xE6,0x53,0xE6,0x53,0xE6,
    0x53,0xE6,0x53,0xE6,0x53,0xE6,0x53,0xE6,0x53,0xE6,0x53,0xE6,0x53,0xE6,0x53,0xE6,
    0x53,0xE6,0x32,0xE6,0xB4,0xF6,0x0F,0xB5,0x41,0x08,0x20,0x08,0xCE,0xAC,0xB4,0xF6,
    0xB4,0xF6,0xE9,0x6A,0x00,0x00,0x8B,0x83,0xF5,0xFE,0x93,0xEE,0x24,0x29,0x00,0x00,
    0x91,0xCD,0x47,0x52,0x00,0x00,0x0F,0xBD,0xB4,0xF6,0xD4,0xFE,0x26,0x4A,0x00,0x00,
    0xCB,0x8B,0x6D,0xA4,0x00,0x00,0x26,0x52,0x0F,0xBD,0xE5,0x41,0x0F,0xBD,0xF5,0xFE,
    0xEB,0x8B,0x00,0x00,0x29,0x73,0xD4,0xF6,0x32,0xE6,0x53,0xE6,0x32,0xE6,0xB4,0xF6,
    0xF2,0xDD,0x03,0x29,0x00,0x00,0xAE,0xAC,0xD4,0xF6,0x32,0xE6,0x53,0xE6,0x53,0xE6,
    0x53,0xE6,0x53,0xE6,0x53,0xE6,0x53,0xE6,0x53,0xE6,0x53,0xE6,0x53,0xE6,0x53,0xE6,
    0x53,0xE6,0x53,0xE6,0x53,0xE6,0x53,0xE6,0x53,0xE6,0x53,0xE6,0x53,0xE6,0x53,0xE6,
    0x53,0xE6,0x53,0xE6,0x53,0xE6,0x53,0xE6,0x53,0xE6,0x53,0xE6,0x53,0xE6,0x53,0xE6,
    0x53,0xE6,0x53,0xE6,0x53,0xE6,0x53,0xE6,0x53,0xE6,0x53,0xE6,0x53,0xE6,0x53,0xE6,
    0x53,0xE6,0x53,0xE6,0x53,0xE6,0x53,0xE6,0x53,0xE6,0x53,0xE6,0x53,0xE6,0x53,0xE6,
    0x53,0xE6,0x53,0xE6,0x53,0xE6,0x53,0xE6,0x53,0xE6,0x53,0xE6,0x53,0xE6,0x53,0xE6,
    0x53,0xE6,0x53,0xE6,0x53,0xE6,0x53,0xE6,0x53,0xE6,0x53,0xE6,0x53,0xE6,0x53,0xE6,
    0x53,0xE6,0x53,0xE6,0x53,0xE6,0x53,0xE6,0x53,0xE6,0x53,0xE6,0x53,0xE6,0x53,0xE6,
    0x53,0xE6,0x53,0xE6,0x53,0xE6,0x53,0xE6,0x53,0xE6,0x53,0xE6,0x53,0xE6,0x53,0xE6,
    0x53,0xE6,0x53,0xE6,0x53,0xE6,0x52,0xE6,0x53,0xE6,0x53,0xE6,0x53,0xE6,0x53,0xE6,
    0xD1,0xD5,0x53,0xE6,0x12,0xDE,0x53,0xEE,0x44,0x31,0x00,0x00,0x00,0x00,0x00,0x00,
    0x00,0x00,0x06,0x4A,0x0C,0x94,0x00,0x00,0x84,0x39,0x41,0x08,0x20,0x00,0xA5,0x41,
    0x64,0x31,0x84,0x39,0x21,0x08,0x20,0x08,0x00,0x00,0xC8,0x62,0xCB,0x8B,0x00,0x00,
    0x20,0x00,0x00,0x00,0x00,0x00,0xA2,0x18,0xF1,0xDD,0x73,0xEE,0xD1,0xD5,0x0F,0xBD,
    0x73,0xEE,0x52,0xE6,0x53,0xE6,0x53,0xE6,0x53,0xE6,0x53,0xE6,0x53,0xE6,0x53,0xE6,
    0x53,0xE6,0x53,0xE6,0x53,0xE6,0x53,0xE6,0x53,0xE6,0x53,0xE6,0x53,0xE6,0x53,0xE6,
    0x53,0xE6,0x53,0xE6,0x53,0xE6,0x53,0xE6,0x53,0xE6,0x53,0xE6,0x53,0xE6,0x53,0xE6,
    0x53,0xE6,0x53,0xE6,0x53,0xE6,0x53,0xE6,0x53,0xE6,0x53,0xE6,0x53,0xE6,0x53,0xE6,
    0x53,0xE6,0x53,0xE6,0x53,0xE6,0x53,0xE6,0x53,0xE6,0x53,0xE6,0x53,0xE6,0x53,0xE6,
    0x53,0xE6,0x53,0xE6,0x53,0xE6,0x53,0xE6,0x53,0xE6,0x53,0xE6,0x53,0xE6,0x53,0xE6,
    0x53,0xE6,0x53,0xE6,0x53,0xE6,0x53,0xE6,0x53,0xE6,0x53,0xE6,0x53,0xE6,0x53,0xE6,
    0x53,0xE6,0x53,0xE6,0x53,0xE6,0x53,0xE6,0x53,0xE6,0x53,0xE6,0x53,0xE6,0x53,0xE6,
    0x53,0xE6,0x53,0xE6,0x53,0xE6,0x53,0xE6,0x53,0xE6,0x53,0xE6,0x53,0xE6,0x53,0xE6,
    0x53,0xE6,0x53,0xE6,0x53,0xE6,0x53,0xE6,0x53,0xE6,0x53,0xE6,0x53,0xE6,0x53,0xE6,
    0x52,0xE6,0x73,0xEE,0x70,0xCD,0x81,0x10,0x41,0x08,0xCE,0xB4,0xB4,0xF6,0x32,0xE6,
    0x93,0xEE,0x85,0x39,0x00,0x00,0x8D,0xA4,0x93,0xF6,0x53,0xEE,0x84,0x39,0x00,0x00,
    0x8D,0xA4,0x67,0x5A,0x00,0x00,0x8D,0xA4,0x12,0xDE,0x4A,0x7B,0x20,0x00,0x00,0x00,
    0xB1,0xD5,0x2C,0x94,0x00,0x00,0x00,0x00,0x00,0x00,0x00,0x00,0xAE,0xAC,0x15,0xFF,
    0xEB,0x8B,0x00,0x00,0x29,0x73,0xD4,0xF6,0x32,0xE6,0x53,0xE6,0x53,0xE6,0x32,0xE6,
    0x93,0xEE,0xD1,0xD5,0xE3,0x20,0x41,0x08,0xCE,0xB4,0x93,0xEE,0x32,0xE6,0x53,0xE6,
    0x53,0xE6,0x53,0xE6,0x53,0xE6,0x53,0xE6,0x53,0xE6,0x53,0xE6,0x53,0xE6,0x53,0xE6,
    0x53,0xE6,0x53,0xE6,0x53,0xE6,0x53,0xE6,0x53,0xE6,0x53,0xE6,0x53,0xE6,0x53,0xE6,
    0x53,0xE6,0x53,0xE6,0x53,0xE6,0x53,0xE6,0x53,0xE6,0x53,0xE6,0x53,0xE6,0x53,0xE6,
    0x53,0xE6,0x53,0xE6,0x53,0xE6,0x53,0xE6,0x53,0xE6,0x53,0xE6,0x53,0xE6,0x53,0xE6,
    0x53,0xE6,0x53,0xE6,0x53,0xE6,0x53,0xE6,0x53,0xE6,0x53,0xE6,0x53,0xE6,0x53,0xE6,
    0x53,0xE6,0x53,0xE6,0x53,0xE6,0x53,0xE6,0x53,0xE6,0x53,0xE6,0x53,0xE6,0x53,0xE6,
    0x53,0xE6,0x53,0xE6,0x53,0xE6,0x53,0xE6,0x53,0xE6,0x53,0xE6,0x53,0xE6,0x53,0xE6,
    0x53,0xE6,0x53,0xE6,0x53,0xE6,0x53,0xE6,0x53,0xE6,0x53,0xE6,0x53,0xE6,0x53,0xE6,
    0x53,0xE6,0x53,0xE6,0x53,0xE6,0x53,0xE6,0x53,0xE6,0x53,0xE6,0x53,0xE6,0x53,0xE6,
    0x53,0xE6,0x53,0xE6,0x53,0xE6,0x53,0xE6,0x53,0xE6,0x53,0xE6,0x53,0xE6,0x53,0xE6,
    0x73,0xEE,0x12,0xE6,0x73,0xEE,0x0C,0x94,0x00,0x00,0x61,0x10,0x00,0x00,0x00,0x00,
    0x20,0x00,0x0F,0xBD,0x44,0x31,0x03,0x21,0xA2,0x18,0x00,0x00,0xA2,0x18,0xA2,0x18,
    0x44,0x31,0x06,0x4A,0x41,0x08,0x20,0x00,0x41,0x08,0x00,0x00,0xEB,0x8B,0x24,0x29,
    0x00,0x00,0x00,0x00,0x20,0x00,0x00,0x00,0x09,0x73,0x73,0xEE,0x53,0xEE,0x2F,0xBD,
    0xF2,0xDD,0x73,0xEE,0x53,0xE6,0x53,0xE6,0x53,0xE6,0x53,0xE6,0x53,0xE6,0x53,0xE6,
    0x53,0xE6,0x53,0xE6,0x53,0xE6,0x53,0xE6,0x53,0xE6,0x53,0xE6,0x53,0xE6,0x53,0xE6,
    0x53,0xE6,0x53,0xE6,0x53,0xE6,0x53,0xE6,0x53,0xE6,0x53,0xE6,0x53,0xE6,0x53,0xE6,
    0x53,0xE6,0x53,0xE6,0x53,0xE6,0x53,0xE6,0x53,0xE6,0x53,0xE6,0x53,0xE6,0x53,0xE6,
    0x53,0xE6,0x53,0xE6,0x53,0xE6,0x53,0xE6,0x53,0xE6,0x53,0xE6,0x53,0xE6,0x53,0xE6,
    0x53,0xE6,0x53,0xE6,0x53,0xE6,0x53,0xE6,0x53,0xE6,0x53,0xE6,0x53,0xE6,0x53,0xE6,
    0x53,0xE6,0x53,0xE6,0x53,0xE6,0x53,0xE6,0x53,0xE6,0x53,0xE6,0x53,0xE6,0x53,0xE6,
    0x53,0xE6,0x53,0xE6,0x53,0xE6,0x53,0xE6,0x53,0xE6,0x53,0xE6,0x53,0xE6,0x53,0xE6,
    0x53,0xE6,0x53,0xE6,0x53,0xE6,0x53,0xE6,0x53,0xE6,0x53,0xE6,0x53,0xE6,0x53,0xE6,
    0x53,0xE6,0x53,0xE6,0x53,0xE6,0x53,0xE6,0x53,0xE6,0x53,0xE6,0x53,0xE6,0x53,0xE6,
    0x52,0xE6,0x73,0xEE,0x70,0xCD,0x81,0x10,0x41,0x08,0x50,0xC5,0xB4,0xF6,0x32,0xE6,
    0x93,0xEE,0x84,0x39,0x00,0x00,0xAE,0xAC,0x93,0xEE,0x73,0xEE,0x84,0x39,0x00,0x00,
    0x8D,0xAC,0x67,0x5A,0x00,0x00,0x41,0x08,0x00,0x00,0x00,0x00,0x00,0x00,0x09,0x73,
    0x15,0xFF,0xEB,0x93,0x00,0x00,0xE2,0x20,0x47,0x52,0x21,0x08,0xAE,0xAC,0x15,0xFF,
    0xEB,0x8B,0x00,0x00,0x29,0x73,0xB4,0xF6,0x53,0xE6,0x53,0xEE,0x53,0xE6,0x32,0xE6,
    0x53,0xE6,0x73,0xEE,0xA5,0x39,0x00,0x00,0x8B,0x83,0xB4,0xF6,0x32,0xE6,0x53,0xE6,
    0x53,0xE6,0x53,0xE6,0x53,0xE6,0x53,0xE6,0x53,0xE6,0x53,0xE6,0x53,0xE6,0x53,0xE6,
    0x53,0xE6,0x53,0xE6,0x53,0xE6,0x53,0xE6,0x53,0xE6,0x53,0xE6,0x53,0xE6,0x53,0xE6,
    0x53,0xE6,0x53,0xE6,0x53,0xE6,0x53,0xE6,0x53,0xE6,0x53,0xE6,0x53,0xE6,0x53,0xE6,
    0x53,0xE6,0x53,0xE6,0x53,0xE6,0x53,0xE6,0x53,0xE6,0x53,0xE6,0x53,0xE6,0x53,0xE6,
    0x53,0xE6,0x53,0xE6,0x53,0xE6,0x53,0xE6,0x53,0xE6,0x53,0xE6,0x53,0xE6,0x53,0xE6,
    0x53,0xE6,0x53,0xE6,0x53,0xE6,0x53,0xE6,0x53,0xE6,0x53,0xE6,0x53,0xE6,0x53,0xE6,
    0x53,0xE6,0x53,0xE6,0x53,0xE6,0x53,0xE6,0x53,0xE6,0x53,0xE6,0x53,0xE6,0x53,0xE6,
    0x53,0xE6,0x53,0xE6,0x53,0xE6,0x53,0xE6,0x53,0xE6,0x53,0xE6,0x53,0xE6,0x53,0xE6,
    0x53,0xE6,0x53,0xE6,0x53,0xE6,0x53,0xE6,0x53,0xE6,0x53,0xE6,0x53,0xE6,0x53,0xE6,
    0x53,0xE6,0x53,0xE6,0x53,0xE6,0x53,0xE6,0x53,0xE6,0x53,0xE6,0x53,0xE6,0x53,0xE6,
    0x52,0xE6,0x12,0xDE,0x12,0xDE,0xE3,0x20,0x00,0x00,0x61,0x10,0x00,0x00,0x00,0x00,
    0x06,0x4A,0x2C,0x9C,0x00,0x00,0x23,0x29,0x00,0x00,0x00,0x00,0xE3,0x20,0xE3,0x20,
    0x09,0x73,0x44,0x31,0xE5,0x41,0x00,0x00,0x41,0x08,0x00,0x00,0x26,0x52,0x0C,0x94,
    0x00,0x00,0x00,0x00,0x00,0x00,0x00,0x00,0x82,0x10,0xD1,0xD5,0x73,0xEE,0x12,0xDE,
    0x2F,0xBD,0x73,0xEE,0x52,0xE6,0x53,0xE6,0x53,0xE6,0x53,0xE6,0x53,0xE6,0x53,0xE6,
    0x53,0xE6,0x53,0xE6,0x53,0xE6,0x53,0xE6,0x53,0xE6,0x53,0xE6,0x53,0xE6,0x53,0xE6,
    0x53,0xE6,0x53,0xE6,0x53,0xE6,0x53,0xE6,0x53,0xE6,0x53,0xE6,0x53,0xE6,0x53,0xE6,
    0x53,0xE6,0x53,0xE6,0x53,0xE6,0x53,0xE6,0x53,0xE6,0x53,0xE6,0x53,0xE6,0x53,0xE6,
    0x53,0xE6,0x53,0xE6,0x53,0xE6,0x53,0xE6,0x53,0xE6,0x53,0xE6,0x53,0xE6,0x53,0xE6,
    0x53,0xE6,0x53,0xE6,0x53,0xE6,0x53,0xE6,0x53,0xE6,0x53,0xE6,0x53,0xE6,0x53,0xE6,
    0x53,0xE6,0x53,0xE6,0x53,0xE6,0x53,0xE6,0x53,0xE6,0x53,0xE6,0x53,0xE6,0x53,0xE6,
    0x53,0xE6,0x53,0xE6,0x53,0xE6,0x53,0xE6,0x53,0xE6,0x53,0xE6,0x53,0xE6,0x53,0xE6,
    0x53,0xE6,0x53,0xE6,0x53,0xE6,0x53,0xE6,0x53,0xE6,0x53,0xE6,0x53,0xE6,0x53,0xE6,
    0x53,0xE6,0x53,0xE6,0x53,0xE6,0x53,0xE6,0x53,0xE6,0x53,0xE6,0x53,0xE6,0x53,0xE6,
    0x53,0xE6,0x32,0xE6,0xB4,0xF6,0x50,0xC5,0x61,0x10,0x61,0x10,0x4F,0xC5,0x93,0xF6,
    0xB4,0xF6,0xC8,0x6A,0x00,0x00,0xCB,0x8B,0x15,0xFF,0x53,0xEE,0xE3,0x20,0x00,0x00,
    0x91,0xCD,0x46,0x52,0x00,0x00,0x41,0x08,0xA2,0x18,0xC5,0x41,0x2C,0x9C,0x73,0xEE,
    0xB4,0xF6,0xCB,0x8B,0x00,0x00,0xC8,0x6A,0x35,0xFF,0x4F,0xC5,0xD1,0xD5,0xD4,0xF6,
    0xEC,0x93,0x00,0x00,0x4A,0x7B,0x76,0xFF,0xE6,0x49,0xE9,0x6A,0x94,0xF6,0x53,0xEE,
    0x53,0xEE,0xC5,0x41,0x00,0x00,0xA8,0x62,0x94,0xF6,0x52,0xE6,0x53,0xE6,0x53,0xE6,
    0x53,0xE6,0x53,0xE6,0x53,0xE6,0x53,0xE6,0x53,0xE6,0x53,0xE6,0x53,0xE6,0x53,0xE6,
    0x53,0xE6,0x53,0xE6,0x53,0xE6,0x53,0xE6,0x53,0xE6,0x53,0xE6,0x53,0xE6,0x53,0xE6,
    0x53,0xE6,0x53,0xE6,0x53,0xE6,0x53,0xE6,0x53,0xE6,0x53,0xE6,0x53,0xE6,0x53,0xE6,
    0x53,0xE6,0x53,0xE6,0x53,0xE6,0x53,0xE6,0x53,0xE6,0x53,0xE6,0x53,0xE6,0x53,0xE6,
    0x53,0xE6,0x53,0xE6,0x53,0xE6,0x53,0xE6,0x53,0xE6,0x53,0xE6,0x53,0xE6,0x53,0xE6,
    0x53,0xE6,0x53,0xE6,0x53,0xE6,0x53,0xE6,0x53,0xE6,0x53,0xE6,0x53,0xE6,0x53,0xE6,
    0x53,0xE6,0x53,0xE6,0x53,0xE6,0x53,0xE6,0x53,0xE6,0x53,0xE6,0x53,0xE6,0x53,0xE6,
    0x53,0xE6,0x53,0xE6,0x53,0xE6,0x53,0xE6,0x53,0xE6,0x53,0xE6,0x53,0xE6,0x53,0xE6,
    0x53,0xE6,0x53,0xE6,0x53,0xE6,0x53,0xE6,0x53,0xE6,0x53,0xE6,0x53,0xE6,0x53,0xE6,
    0x53,0xE6,0x53,0xE6,0x53,0xE6,0x53,0xE6,0x53,0xE6,0x53,0xE6,0x53,0xE6,0x53,0xE6,
    0x32,0xE6,0xB4,0xF6,0x8B,0x83,0x00,0x00,0x20,0x08,0x00,0x00,0x00,0x00,0x61,0x08,
    0xEC,0x93,0x44,0x31,0x20,0x08,0x00,0x00,0x00,0x00,0x03,0x29,0xC2,0x18,0x09,0x73,
    0xD1,0xD5,0x44,0x31,0x47,0x52,0x24,0x29,0xC2,0x18,0x82,0x18,0x00,0x00,0xCB,0x8B,
    0xC5,0x41,0x00,0x00,0x00,0x00,0x20,0x08,0x20,0x00,0xA8,0x62,0xB4,0xF6,0x53,0xEE,
    0x91,0xCD,0xD1,0xD5,0x73,0xEE,0x53,0xE6,0x53,0xE6,0x53,0xE6,0x53,0xE6,0x53,0xE6,
    0x53,0xE6,0x53,0xE6,0x53,0xE6,0x53,0xE6,0x53,0xE6,0x53,0xE6,0x53,0xE6,0x52,0xE6,
    0x32,0xE6,0x52,0xE6,0x53,0xE6,0x53,0xE6,0x53,0xE6,0x53,0xE6,0x53,0xE6,0x53,0xE6,
    0x53,0xE6,0x53,0xE6,0x53,0xE6,0x53,0xE6,0x53,0xE6,0x53,0xE6,0x53,0xE6,0x53,0xE6,
    0x53,0xE6,0x53,0xE6,0x53,0xE6,0x53,0xE6,0x53,0xE6,0x53,0xE6,0x53,0xE6,0x53,0xE6,
    0x53,0xE6,0x53,0xE6,0x53,0xE6,0x53,0xE6,0x53,0xE6,0x53,0xE6,0x53,0xE6,0x53,0xE6,
    0x53,0xE6,0x53,0xE6,0x53,0xE6,0x53,0xE6,0x53,0xE6,0x53,0xE6,0x53,0xE6,0x53,0xE6,
    0x53,0xE6,0x53,0xE6,0x53,0xE6,0x53,0xE6,0x53,0xE6,0x53,0xE6,0x53,0xE6,0x53,0xE6,
    0x53,0xE6,0x53,0xE6,0x53,0xE6,0x53,0xE6,0x53,0xE6,0x53,0xE6,0x53,0xE6,0x53,0xE6,
    0x53,0xE6,0x53,0xE6,0x53,0xE6,0x53,0xE6,0x53,0xE6,0x53,0xE6,0x53,0xE6,0x53,0xE6,
    0x53,0xE6,0x53,0xE6,0x32,0xE6,0xB4,0xF6,0x50,0xC5,0x61,0x10,0x20,0x08,0x4D,0x9C,
    0x35,0xFF,0xAE,0xAC,0x00,0x00,0x03,0x29,0x70,0xCD,0xEB,0x93,0x00,0x00,0xA2,0x18,
    0x93,0xEE,0x06,0x4A,0x00,0x00,0x6D,0xA4,0x53,0xE6,0x93,0xEE,0xB4,0xF6,0x32,0xE6,
    0xB4,0xF6,0xAB,0x8B,0x00,0x00,0xA8,0x62,0xB4,0xF6,0x73,0xEE,0x53,0xEE,0xB4,0xF6,
    0xEB,0x8B,0x00,0x00,0xA8,0x62,0x8A,0x83,0x00,0x00,0xC5,0x41,0x15,0xFF,0x12,0xDE,
    0xC5,0x41,0x00,0x00,0xA8,0x62,0xB4,0xF6,0x53,0xE6,0x53,0xE6,0x53,0xE6,0x53,0xE6,
    0x53,0xE6,0x53,0xE6,0x53,0xE6,0x53,0xE6,0x53,0xE6,0x53,0xE6,0x53,0xE6,0x53,0xE6,
    0x53,0xE6,0x53,0xE6,0x53,0xE6,0x53,0xE6,0x53,0xE6,0x53,0xE6,0x53,0xE6,0x53,0xE6,
    0x53,0xE6,0x53,0xE6,0x53,0xE6,0x53,0xE6,0x53,0xE6,0x53,0xE6,0x53,0xE6,0x53,0xE6,
    0x53,0xE6,0x53,0xE6,0x53,0xE6,0x53,0xE6,0x53,0xE6,0x53,0xE6,0x53,0xE6,0x53,0xE6,
    0x53,0xE6,0x53,0xE6,0x53,0xE6,0x53,0xE6,0x53,0xE6,0x53,0xE6,0x53,0xE6,0x53,0xE6,
    0x53,0xE6,0x53,0xE6,0x53,0xE6,0x53,0xE6,0x53,0xE6,0x53,0xE6,0x53,0xE6,0x53,0xE6,
    0x53,0xE6,0x53,0xE6,0x53,0xE6,0x53,0xE6,0x53,0xE6,0x53,0xE6,0x53,0xE6,0x53,0xE6,
    0x53,0xE6,0x53,0xE6,0x53,0xE6,0x53,0xE6,0x53,0xE6,0x53,0xE6,0x32,0xE6,0x32,0xE6,
    0x53,0xE6,0x53,0xE6,0x53,0xE6,0x53,0xE6,0x53,0xE6,0x53,0xE6,0x53,0xE6,0x53,0xE6,
    0x53,0xE6,0x53,0xE6,0x53,0xE6,0x53,0xE6,0x53,0xE6,0x53,0xE6,0x53,0xE6,0x52,0xE6,
    0x53,0xE6,0xD1,0xD5,0x82,0x10,0x00,0x00,0x00,0x00,0x20,0x00,0x00,0x00,0xE9,0x6A,
    0x29,0x73,0x23,0x29,0x00,0x00,0x00,0x00,0x20,0x00,0xC5,0x41,0x82,0x18,0xB1,0xD5,
    0xB4,0xF6,0x8B,0x83,0xA2,0x18,0xC5,0x41,0x00,0x00,0x20,0x00,0xA2,0x18,0xC2,0x18,
    0x0C,0x94,0x20,0x08,0x00,0x00,0x00,0x00,0x00,0x00,0x00,0x00,0x0F,0xBD,0x93,0xF6,
    0x32,0xE6,0x70,0xCD,0x52,0xE6,0x53,0xE6,0x53,0xE6,0x53,0xE6,0x53,0xE6,0x53,0xE6,
    0x53,0xE6,0x53,0xE6,0x53,0xE6,0x53,0xE6,0x53,0xE6,0x53,0xE6,0x32,0xE6,0x53,0xEE,
    0xB4,0xF6,0x73,0xEE,0x52,0xE6,0x53,0xE6,0x53,0xE6,0x53,0xE6,0x53,0xE6,0x53,0xE6,
    0x53,0xE6,0x53,0xE6,0x53,0xE6,0x53,0xE6,0x53,0xE6,0x53,0xE6,0x53,0xE6,0x53,0xE6,
    0x53,0xE6,0x53,0xE6,0x53,0xE6,0x53,0xE6,0x53,0xE6,0x53,0xE6,0x53,0xE6,0x53,0xE6,
    0x53,0xE6,0x53,0xE6,0x53,0xE6,0x53,0xE6,0x53,0xE6,0x53,0xE6,0x53,0xE6,0x53,0xE6,
    0x53,0xE6,0x53,0xE6,0x53,0xE6,0x53,0xE6,0x53,0xE6,0x53,0xE6,0x53,0xE6,0x53,0xE6,
    0x53,0xE6,0x53,0xE6,0x53,0xE6,0x53,0xE6,0x53,0xE6,0x53,0xE6,0x53,0xE6,0x53,0xE6,
    0x53,0xE6,0x53,0xE6,0x53,0xE6,0x53,0xE6,0x53,0xE6,0x53,0xE6,0x53,0xE6,0x53,0xE6,
    0x53,0xE6,0x53,0xE6,0x53,0xE6,0x53,0xE6,0x53,0xE6,0x53,0xE6,0x53,0xE6,0x53,0xE6,
    0x53,0xE6,0x53,0xE6,0x53,0xE6,0x32,0xE6,0xB4,0xF6,0x50,0xC5,0xA2,0x18,0x00,0x00,
    0x8A,0x83,0xD4,0xFE,0x26,0x4A,0x00,0x00,0x00,0x00,0x00,0x00,0x00,0x00,0x8B,0x83,
    0x15,0xFF,0xE5,0x41,0x00,0x00,0x0F,0xBD,0xB4,0xF6,0x32,0xE6,0x32,0xE6,0x32,0xE6,
    0xB4,0xF6,0x0C,0x94,0x00,0x00,0xA8,0x62,0xD4,0xF6,0x32,0xE6,0xD1,0xD5,0xB4,0xF6,
    0x0C,0x94,0x20,0x00,0x00,0x00,0x00,0x00,0x61,0x10,0xCE,0xB4,0xB1,0xCD,0xE3,0x20,
    0x00,0x00,0x09,0x73,0x94,0xF6,0x53,0xE6,0x52,0xE6,0x53,0xE6,0x53,0xE6,0x53,0xE6,
    0x53,0xE6,0x53,0xE6,0x53,0xE6,0x53,0xE6,0x53,0xE6,0x53,0xE6,0x53,0xE6,0x53,0xE6,
    0x53,0xE6,0x53,0xE6,0x53,0xE6,0x53,0xE6,0x53,0xE6,0x53,0xE6,0x53,0xE6,0x53,0xE6,
    0x53,0xE6,0x53,0xE6,0x53,0xE6,0x53,0xE6,0x53,0xE6,0x53,0xE6,0x53,0xE6,0x53,0xE6,
    0x53,0xE6,0x53,0xE6,0x53,0xE6,0x53,0xE6,0x53,0xE6,0x53,0xE6,0x53,0xE6,0x53,0xE6,
    0x53,0xE6,0x53,0xE6,0x53,0xE6,0x53,0xE6,0x53,0xE6,0x53,0xE6,0x53,0xE6,0x53,0xE6,
    0x53,0xE6,0x53,0xE6,0x53,0xE6,0x53,0xE6,0x53,0xE6,0x53,0xE6,0x53,0xE6,0x53,0xE6,
    0x53,0xE6,0x53,0xE6,0x53,0xE6,0x53,0xE6,0x53,0xE6,0x53,0xE6,0x53,0xE6,0x53,0xE6,
    0x53,0xE6,0x53,0xE6,0x53,0xE6,0x53,0xE6,0x53,0xE6,0x53,0xE6,0xB4,0xF6,0x93,0xEE,
    0x32,0xE6,0x53,0xE6,0x53,0xE6,0x53,0xE6,0x53,0xE6,0x53,0xE6,0x53,0xE6,0x53,0xE6,
    0x53,0xE6,0x53,0xE6,0x53,0xE6,0x53,0xE6,0x53,0xE6,0x53,0xE6,0x53,0xE6,0x12,0xDE,
    0x93,0xEE,0xA8,0x62,0x00,0x00,0x41,0x08,0x00,0x00,0x00,0x00,0x81,0x10,0xEB,0x8B,
    0xC2,0x20,0x41,0x08,0x00,0x00,0x00,0x00,0x03,0x29,0x41,0x08,0xE8,0x6A,0xD4,0xFE,
    0x53,0xEE,0x12,0xDE,0x44,0x29,0x64,0x39,0x61,0x10,0x00,0x00,0xA5,0x39,0xE3,0x20,
    0x6A,0x7B,0x87,0x5A,0x00,0x00,0x00,0x00,0x21,0x08,0x20,0x00,0x64,0x31,0x73,0xEE,
    0x53,0xEE,0xD1,0xD5,0x70,0xCD,0x73,0xEE,0x52,0xE6,0x53,0xE6,0x53,0xE6,0x53,0xE6,
    0x53,0xE6,0x53,0xE6,0x53,0xE6,0x53,0xE6,0x53,0xE6,0x32,0xE6,0xB4,0xF6,0x32,0xE6,
    0x88,0x5A,0xEE,0xB4,0x93,0xF6,0x32,0xE6,0x53,0xE6,0x53,0xE6,0x53,0xE6,0x53,0xE6,
    0x53,0xE6,0x53,0xE6,0x53,0xE6,0x53,0xE6,0x53,0xE6,0x53,0xE6,0x53,0xE6,0x53,0xE6,
    0x53,0xE6,0x53,0xE6,0x53,0xE6,0x53,0xE6,0x53,0xE6,0x53,0xE6,0x53,0xE6,0x53,0xE6,
    0x53,0xE6,0x53,0xE6,0x53,0xE6,0x53,0xE6,0x53,0xE6,0x53,0xE6,0x53,0xE6,0x53,0xE6,
    0x53,0xE6,0x53,0xE6,0x53,0xE6,0x53,0xE6,0x53,0xE6,0x53,0xE6,0x53,0xE6,0x53,0xE6,
    0x53,0xE6,0x53,0xE6,0x53,0xE6,0x53,0xE6,0x53,0xE6,0x53,0xE6,0x53,0xE6,0x53,0xE6,
    0x53,0xE6,0x53,0xE6,0x53,0xE6,0x53,0xE6,0x53,0xE6,0x53,0xE6,0x53,0xE6,0x53,0xE6,
    0x53,0xE6,0x53,0xE6,0x53,0xE6,0x53,0xE6,0x53,0xE6,0x53,0xE6,0x53,0xE6,0x53,0xE6,
    0x53,0xE6,0x53,0xE6,0x53,0xE6,0x53,0xE6,0x32,0xE6,0x93,0xF6,0xD1,0xD5,0x64,0x31,
    0x00,0x00,0x26,0x4A,0xD1,0xD5,0x4A,0x7B,0xA2,0x18,0xC2,0x18,0xAB,0x83,0x73,0xEE,
    0xD4,0xF6,0x26,0x52,0x00,0x00,0x0F,0xB5,0x93,0xF6,0x32,0xE6,0x53,0xE6,0x32,0xE6,
    0xB4,0xF6,0x4D,0x9C,0x00,0x00,0xA8,0x62,0x56,0xFF,0x2C,0x94,0x81,0x10,0x90,0xCD,
    0x67,0x5A,0x00,0x00,0x00,0x00,0xC8,0x6A,0x12,0xDE,0x8D,0xA4,0x20,0x00,0x00,0x00,
    0xEC,0x93,0xD4,0xFE,0x52,0xE6,0x52,0xE6,0x53,0xE6,0x53,0xE6,0x53,0xE6,0x53,0xE6,
    0x53,0xE6,0x53,0xE6,0x53,0xE6,0x53,0xE6,0x53,0xE6,0x53,0xE6,0x53,0xE6,0x53,0xE6,
    0x53,0xE6,0x53,0xE6,0x53,0xE6,0x53,0xE6,0x53,0xE6,0x53,0xE6,0x53,0xE6,0x53,0xE6,
    0x53,0xE6,0x53,0xE6,0x53,0xE6,0x53,0xE6,0x53,0xE6,0x53,0xE6,0x53,0xE6,0x53,0xE6,
    0x53,0xE6,0x53,0xE6,0x53,0xE6,0x53,0xE6,0x53,0xE6,0x53,0xE6,0x53,0xE6,0x53,0xE6,
    0x53,0xE6,0x53,0xE6,0x53,0xE6,0x53,0xE6,0x53,0xE6,0x53,0xE6,0x53,0xE6,0x53,0xE6,
    0x53,0xE6,0x53,0xE6,0x53,0xE6,0x53,0xE6,0x53,0xE6,0x53,0xE6,0x53,0xE6,0x53,0xE6,
    0x53,0xE6,0x53,0xE6,0x53,0xE6,0x53,0xE6,0x53,0xE6,0x53,0xE6,0x53,0xE6,0x53,0xE6,
    0x53,0xE6,0x53,0xE6,0x53,0xE6,0x53,0xE6,0x53,0xE6,0x32,0xE6,0xA8,0x62,0x2F,0xBD,
    0xD4,0xFE,0x32,0xE6,0x32,0xE6,0x53,0xE6,0x53,0xE6,0x53,0xE6,0x53,0xE6,0x53,0xE6,
    0x53,0xE6,0x53,0xE6,0x53,0xE6,0x53,0xE6,0x53,0xE6,0x53,0xE6,0x32,0xE6,0x53,0xE6,
    0x0F,0xBD,0x00,0x00,0xA2,0x18,0x61,0x10,0x00,0x00,0x00,0x00,0x09,0x6B,0x06,0x4A,
    0x00,0x00,0x00,0x00,0x00,0x00,0x00,0x00,0x64,0x31,0x61,0x10,0xD1,0xD5,0x73,0xEE,
    0x32,0xE6,0x93,0xF6,0x6D,0xA4,0x03,0x29,0x64,0x31,0x00,0x00,0x61,0x10,0xE9,0x6A,
    0x23,0x29,0x70,0xCD,0x61,0x10,0x00,0x00,0x00,0x00,0x20,0x08,0x00,0x00,0xCB,0x8B,
    0xB4,0xF6,0x53,0xE6,0x50,0xC5,0xF2,0xDD,0x73,0xEE,0x53,0xE6,0x53,0xE6,0x53,0xE6,
    0x53,0xE6,0x53,0xE6,0x53,0xE6,0x52,0xE6,0x32,0xE6,0xD4,0xFE,0x2F,0xBD,0xC2,0x18,
    0x44,0x31,0x91,0xCD,0x73,0xEE,0x52,0xE6,0x53,0xE6,0x53,0xE6,0x53,0xE6,0x53,0xE6,
    0x53,0xE6,0x53,0xE6,0x53,0xE6,0x53,0xE6,0x53,0xE6,0x53,0xE6,0x53,0xE6,0x53,0xE6,
    0x53,0xE6,0x53,0xE6,0x53,0xE6,0x53,0xE6,0x53,0xE6,0x53,0xE6,0x53,0xE6,0x53,0xE6,
    0x53,0xE6,0x53,0xE6,0x53,0xE6,0x53,0xE6,0x53,0xE6,0x53,0xE6,0x53,0xE6,0x53,0xE6,
    0x53,0xE6,0x53,0xE6,0x53,0xE6,0x53,0xE6,0x53,0xE6,0x53,0xE6,0x53,0xE6,0x53,0xE6,
    0x53,0xE6,0x53,0xE6,0x53,0xE6,0x53,0xE6,0x53,0xE6,0x53,0xE6,0x53,0xE6,0x53,0xE6,
    0x53,0xE6,0x53,0xE6,0x53,0xE6,0x53,0xE6,0x53,0xE6,0x53,0xE6,0x53,0xE6,0x53,0xE6,
    0x53,0xE6,0x53,0xE6,0x53,0xE6,0x53,0xE6,0x53,0xE6,0x53,0xE6,0x53,0xE6,0x53,0xE6,
    0x53,0xE6,0x53,0xE6,0x53,0xE6,0x53,0xE6,0x53,0xE6,0x32,0xE6,0x93,0xEE,0x52,0xE6,
    0xA8,0x62,0x00,0x00,0xA2,0x18,0xAE,0xAC,0x53,0xEE,0x73,0xEE,0xB4,0xF6,0x32,0xE6,
    0xF2,0xDD,0x03,0x29,0x00,0x00,0xAE,0xAC,0xB4,0xF6,0x32,0xE6,0x53,0xE6,0x32,0xE6,
    0xD4,0xFE,0x2C,0x9C,0x00,0x00,0xC2,0x20,0xA5,0x39,0x20,0x08,0x00,0x00,0x0F,0xB5,
    0x64,0x31,0x26,0x4A,0x90,0xCD,0xF2,0xDD,0x46,0x52,0x00,0x00,0xA2,0x18,0xCE,0xAC,
    0xB4,0xF6,0x32,0xE6,0x53,0xE6,0x53,0xE6,0x53,0xE6,0x53,0xE6,0x53,0xE6,0x53,0xE6,
    0x53,0xE6,0x53,0xE6,0x53,0xE6,0x53,0xE6,0x53,0xE6,0x53,0xE6,0x53,0xE6,0x53,0xE6,
    0x53,0xE6,0x53,0xE6,0x53,0xE6,0x53,0xE6,0x53,0xE6,0x53,0xE6,0x53,0xE6,0x53,0xE6,
    0x53,0xE6,0x53,0xE6,0x53,0xE6,0x53,0xE6,0x53,0xE6,0x53,0xE6,0x53,0xE6,0x53,0xE6,
    0x53,0xE6,0x53,0xE6,0x53,0xE6,0x53,0xE6,0x53,0xE6,0x53,0xE6,0x53,0xE6,0x53,0xE6,
    0x53,0xE6,0x53,0xE6,0x53,0xE6,0x53,0xE6,0x53,0xE6,0x53,0xE6,0x53,0xE6,0x53,0xE6,
    0x53,0xE6,0x53,0xE6,0x53,0xE6,0x53,0xE6,0x53,0xE6,0x53,0xE6,0x53,0xE6,0x53,0xE6,
    0x53,0xE6,0x53,0xE6,0x53,0xE6,0x53,0xE6,0x53,0xE6,0x53,0xE6,0x53,0xE6,0x53,0xE6,
    0x53,0xE6,0x53,0xE6,0x53,0xE6,0x53,0xE6,0x53,0xE6,0x32,0xE6,0x67,0x5A,0x20,0x08,
    0xCB,0x8B,0xD4,0xF6,0x73,0xEE,0x32,0xE6,0x53,0xE6,0x53,0xE6,0x53,0xE6,0x53,0xE6,
    0x53,0xE6,0x53,0xE6,0x53,0xE6,0x53,0xE6,0x53,0xE6,0x53,0xE6,0x12,0xDE,0x73,0xEE,
    0x84,0x39,0x00,0x00,0x20,0x08,0x00,0x00,0x00,0x00,0xE3,0x20,0x8D,0xA4,0x23,0x29,
    0x82,0x18,0x00,0x00,0x00,0x00,0xE3,0x20,0x61,0x10,0x2C,0x94,0xB4,0xF6,0x32,0xE6,
    0x53,0xE6,0x53,0xE6,0x73,0xEE,0xE9,0x6A,0x85,0x39,0xA2,0x18,0x00,0x00,0x84,0x39,
    0x41,0x08,0xE9,0x6A,0x6A,0x7B,0x00,0x00,0x20,0x00,0x00,0x00,0x00,0x00,0x61,0x10,
    0xD1,0xD5,0x73,0xEE,0x12,0xDE,0x50,0xC5,0x73,0xEE,0x53,0xE6,0x53,0xE6,0x53,0xE6,
    0x53,0xE6,0x53,0xE6,0x52,0xE6,0x73,0xEE,0xB4,0xF6,0x6A,0x7B,0x00,0x00,0x09,0x73,
    0x93,0xF6,0x93,0xEE,0x52,0xE6,0x53,0xE6,0x53,0xE6,0x53,0xE6,0x53,0xE6,0x53,0xE6,
    0x53,0xE6,0x53,0xE6,0x53,0xE6,0x53,0xE6,0x53,0xE6,0x53,0xE6,0x53,0xE6,0x53,0xE6,
    0x53,0xE6,0x53,0xE6,0x53,0xE6,0x53,0xE6,0x53,0xE6,0x53,0xE6,0x53,0xE6,0x53,0xE6,
    0x53,0xE6,0x53,0xE6,0x53,0xE6,0x53,0xE6,0x53,0xE6,0x53,0xE6,0x53,0xE6,0x53,0xE6,
    0x53,0xE6,0x53,0xE6,0x53,0xE6,0x53,0xE6,0x53,0xE6,0x53,0xE6,0x53,0xE6,0x53,0xE6,
    0x53,0xE6,0x53,0xE6,0x53,0xE6,0x53,0xE6,0x53,0xE6,0x53,0xE6,0x53,0xE6,0x53,0xE6,
    0x53,0xE6,0x53,0xE6,0x53,0xE6,0x53,0xE6,0x53,0xE6,0x53,0xE6,0x53,0xE6,0x53,0xE6,
    0x53,0xE6,0x53,0xE6,0x53,0xE6,0x53,0xE6,0x53,0xE6,0x53,0xE6,0x53,0xE6,0x53,0xE6,
    0x53,0xE6,0x53,0xE6,0x53,0xE6,0x53,0xE6,0x53,0xE6,0x53,0xE6,0x32,0xE6,0x53,0xEE,
    0xB4,0xF6,0x2C,0x9C,0x81,0x10,0x00,0x00,0xC5,0x41,0x0F,0xB5,0x73,0xEE,0xF4,0xFE,
    0x50,0xC5,0x21,0x08,0x00,0x00,0x88,0x5A,0xB4,0xF6,0x32,0xE6,0x52,0xE6,0x53,0xE6,
    0x53,0xE6,0x64,0x31,0x00,0x00,0x00,0x00,0x00,0x00,0x00,0x00,0x03,0x21,0xB1,0xD5,
    0x73,0xEE,0x32,0xE6,0xAB,0x83,0x00,0x00,0x00,0x00,0x47,0x52,0xF1,0xDD,0xB4,0xF6,
    0x32,0xE6,0x53,0xE6,0x53,0xE6,0x53,0xE6,0x53,0xE6,0x53,0xE6,0x53,0xE6,0x53,0xE6,
    0x53,0xE6,0x53,0xE6,0x53,0xE6,0x53,0xE6,0x53,0xE6,0x53,0xE6,0x53,0xE6,0x53,0xE6,
    0x53,0xE6,0x53,0xE6,0x53,0xE6,0x53,0xE6,0x53,0xE6,0x53,0xE6,0x53,0xE6,0x53,0xE6,
    0x53,0xE6,0x53,0xE6,0x53,0xE6,0x53,0xE6,0x53,0xE6,0x53,0xE6,0x53,0xE6,0x53,0xE6,
    0x53,0xE6,0x53,0xE6,0x53,0xE6,0x53,0xE6,0x53,0xE6,0x53,0xE6,0x53,0xE6,0x53,0xE6,
    0x53,0xE6,0x53,0xE6,0x53,0xE6,0x53,0xE6,0x53,0xE6,0x53,0xE6,0x53,0xE6,0x53,0xE6,
    0x53,0xE6,0x53,0xE6,0x53,0xE6,0x53,0xE6,0x53,0xE6,0x53,0xE6,0x53,0xE6,0x53,0xE6,
    0x53,0xE6,0x53,0xE6,0x53,0xE6,0x53,0xE6,0x53,0xE6,0x53,0xE6,0x53,0xE6,0x53,0xE6,
    0x53,0xE6,0x53,0xE6,0x53,0xE6,0x53,0xE6,0x52,0xE6,0x53,0xE6,0xD4,0xFE,0x6D,0xA4,
    0x61,0x10,0xE5,0x41,0xF2,0xDD,0xB4,0xF6,0x32,0xE6,0x53,0xE6,0x53,0xE6,0x53,0xE6,
    0x53,0xE6,0x53,0xE6,0x53,0xE6,0x53,0xE6,0x53,0xE6,0x32,0xE6,0xB4,0xF6,0xEC,0x93,
    0x00,0x00,0x41,0x08,0x00,0x00,0x20,0x00,0x00,0x00,0x6A,0x7B,0xC5,0x41,0x61,0x10,
    0x41,0x08,0x00,0x00,0x20,0x08,0xE2,0x20,0x84,0x39,0x73,0xEE,0x53,0xE6,0x53,0xE6,
    0x53,0xE6,0x32,0xE6,0x73,0xEE,0x50,0xC5,0xC5,0x41,0x06,0x4A,0x00,0x00,0x61,0x08,
    0x03,0x29,0x00,0x00,0x8D,0xA4,0x84,0x39,0x00,0x00,0x00,0x00,0x20,0x00,0x00,0x00,
    0x47,0x52,0xB4,0xF6,0x53,0xE6,0xD1,0xD5,0xD1,0xD5,0x73,0xEE,0x53,0xE6,0x53,0xE6,
    0x53,0xE6,0x52,0xE6,0x53,0xEE,0x12,0xDE,0x84,0x39,0x81,0x10,0xCE,0xAC,0xD4,0xFE,
    0x52,0xE6,0x32,0xE6,0x53,0xE6,0x53,0xE6,0x53,0xE6,0x53,0xE6,0x53,0xE6,0x53,0xE6,
    0x53,0xE6,0x53,0xE6,0x53,0xE6,0x53,0xE6,0x53,0xE6,0x53,0xE6,0x53,0xE6,0x53,0xE6,
    0x53,0xE6,0x53,0xE6,0x53,0xE6,0x53,0xE6,0x53,0xE6,0x53,0xE6,0x53,0xE6,0x53,0xE6,
    0x53,0xE6,0x53,0xE6,0x53,0xE6,0x53,0xE6,0x53,0xE6,0x53,0xE6,0x53,0xE6,0x53,0xE6,
    0x53,0xE6,0x53,0xE6,0x53,0xE6,0x53,0xE6,0x53,0xE6,0x53,0xE6,0x53,0xE6,0x53,0xE6,
    0x53,0xE6,0x53,0xE6,0x53,0xE6,0x53,0xE6,0x53,0xE6,0x53,0xE6,0x53,0xE6,0x53,0xE6,
    0x53,0xE6,0x53,0xE6,0x53,0xE6,0x53,0xE6,0x53,0xE6,0x53,0xE6,0x53,0xE6,0x53,0xE6,
    0x53,0xE6,0x53,0xE6,0x53,0xE6,0x53,0xE6,0x53,0xE6,0x53,0xE6,0x53,0xE6,0x53,0xE6,
    0x53,0xE6,0x53,0xE6,0x53,0xE6,0x53,0xE6,0x53,0xE6,0x53,0xE6,0x53,0xE6,0x52,0xE6,
    0x32,0xE6,0xB4,0xF6,0xF1,0xDD,0xA8,0x62,0x00,0x00,0x00,0x00,0x84,0x39,0x0C,0x94,
    0xF2,0xDD,0x32,0xE6,0xCE,0xB4,0x50,0xC5,0x93,0xF6,0x53,0xE6,0x32,0xE6,0x53,0xE6,
    0xD1,0xD5,0x44,0x29,0xC5,0x41,0xE9,0x6A,0x4D,0x9C,0xB1,0xD5,0x93,0xEE,0x50,0xC5,
    0xE9,0x6A,0x41,0x08,0x00,0x00,0x44,0x31,0xEE,0xB4,0xB4,0xF6,0x73,0xEE,0x32,0xE6,
    0x53,0xE6,0x53,0xE6,0x53,0xE6,0x53,0xE6,0x53,0xE6,0x53,0xE6,0x53,0xE6,0x53,0xE6,
    0x53,0xE6,0x53,0xE6,0x53,0xE6,0x53,0xE6,0x53,0xE6,0x53,0xE6,0x53,0xE6,0x53,0xE6,
    0x53,0xE6,0x53,0xE6,0x53,0xE6,0x53,0xE6,0x53,0xE6,0x53,0xE6,0x53,0xE6,0x53,0xE6,
    0x53,0xE6,0x53,0xE6,0x53,0xE6,0x53,0xE6,0x53,0xE6,0x53,0xE6,0x53,0xE6,0x53,0xE6,
    0x53,0xE6,0x53,0xE6,0x53,0xE6,0x53,0xE6,0x53,0xE6,0x53,0xE6,0x53,0xE6,0x53,0xE6,
    0x53,0xE6,0x53,0xE6,0x53,0xE6,0x53,0xE6,0x53,0xE6,0x53,0xE6,0x53,0xE6,0x53,0xE6,
    0x53,0xE6,0x53,0xE6,0x53,0xE6,0x53,0xE6,0x53,0xE6,0x53,0xE6,0x53,0xE6,0x53,0xE6,
    0x53,0xE6,0x53,0xE6,0x53,0xE6,0x53,0xE6,0x53,0xE6,0x53,0xE6,0x53,0xE6,0x53,0xE6,
    0x53,0xE6,0x53,0xE6,0x53,0xE6,0x53,0xE6,0x53,0xE6,0x53,0xE6,0x32,0xE6,0xB4,0xF6,
    0xF2,0xDD,0x84,0x39,0x41,0x08,0x6D,0xA4,0x93,0xF6,0x32,0xE6,0x53,0xE6,0x53,0xE6,
    0x53,0xE6,0x53,0xE6,0x53,0xE6,0x53,0xE6,0x32,0xE6,0x53,0xEE,0xF2,0xDD,0x82,0x10,
    0x20,0x08,0x20,0x00,0x00,0x00,0x00,0x00,0xE5,0x41,0x29,0x73,0x00,0x00,0x20,0x08,
    0x00,0x00,0x00,0x00,0x64,0x31,0x20,0x08,0x4D,0x9C,0xB4,0xF6,0x32,0xE6,0x53,0xE6,
    0x53,0xE6,0x53,0xE6,0x52,0xE6,0x73,0xEE,0x8A,0x83,0x06,0x4A,0x44,0x31,0x00,0x00,
    0x03,0x21,0x00,0x00,0x47,0x52,0xCE,0xB4,0x00,0x00,0x00,0x00,0x00,0x00,0xC2,0x18,
    0x00,0x00,0xAE,0xAC,0xB4,0xF6,0x52,0xE6,0xB1,0xD5,0x32,0xE6,0x53,0xEE,0x53,0xE6,
    0x53,0xE6,0x52,0xE6,0x73,0xEE,0xF1,0xDD,0xE9,0x6A,0xF1,0xDD,0xB4,0xF6,0x32,0xE6,
    0x53,0xE6,0x53,0xE6,0x53,0xE6,0x53,0xE6,0x53,0xE6,0x53,0xE6,0x53,0xE6,0x53,0xE6,
    0x53,0xE6,0x53,0xE6,0x53,0xE6,0x53,0xE6,0x53,0xE6,0x53,0xE6,0x53,0xE6,0x53,0xE6,
    0x53,0xE6,0x53,0xE6,0x53,0xE6,0x53,0xE6,0x53,0xE6,0x53,0xE6,0x53,0xE6,0x53,0xE6,
    0x53,0xE6,0x53,0xE6,0x53,0xE6,0x53,0xE6,0x53,0xE6,0x53,0xE6,0x53,0xE6,0x53,0xE6,
    0x53,0xE6,0x53,0xE6,0x53,0xE6,0x53,0xE6,0x52,0xE6,0x52,0xE6,0x52,0xE6,0x52,0xE6,
    0x52,0xE6,0x52,0xE6,0x52,0xE6,0x52,0xE6,0x52,0xE6,0x52,0xE6,0x52,0xE6,0x53,0xE6,
    0x53,0xE6,0x53,0xE6,0x53,0xE6,0x53,0xE6,0x53,0xE6,0x53,0xE6,0x53,0xE6,0x53,0xE6,
    0x53,0xE6,0x53,0xE6,0x53,0xE6,0x53,0xE6,0x53,0xE6,0x53,0xE6,0x53,0xE6,0x53,0xE6,
    0x53,0xE6,0x53,0xE6,0x53,0xE6,0x53,0xE6,0x53,0xE6,0x53,0xE6,0x53,0xE6,0x53,0xE6,
    0x53,0xE6,0x32,0xE6,0x73,0xEE,0xB4,0xF6,0x2F,0xBD,0x67,0x5A,0x00,0x00,0x00,0x00,
    0x20,0x08,0x26,0x4A,0x2C,0x9C,0x50,0xC5,0xF2,0xDD,0x32,0xE6,0x93,0xEE,0xB4,0xF6,
    0x93,0xF6,0x32,0xE6,0x73,0xEE,0x12,0xDE,0x0F,0xBD,0x4A,0x7B,0x44,0x31,0x00,0x00,
    0x00,0x00,0x44,0x31,0x4D,0x9C,0x73,0xEE,0x94,0xF6,0x32,0xE6,0x52,0xE6,0x53,0xE6,
    0x53,0xE6,0x53,0xE6,0x53,0xE6,0x53,0xE6,0x53,0xE6,0x53,0xE6,0x53,0xE6,0x53,0xE6,
    0x53,0xE6,0x53,0xE6,0x53,0xE6,0x53,0xE6,0x53,0xE6,0x53,0xE6,0x53,0xE6,0x53,0xE6,
    0x53,0xE6,0x53,0xE6,0x53,0xE6,0x53,0xE6,0x53,0xE6,0x53,0xE6,0x53,0xE6,0x53,0xE6,
    0x53,0xE6,0x53,0xE6,0x53,0xE6,0x53,0xE6,0x53,0xE6,0x53,0xE6,0x53,0xE6,0x53,0xE6,
    0x53,0xE6,0x53,0xE6,0x53,0xE6,0x53,0xE6,0x53,0xE6,0x53,0xE6,0x53,0xE6,0x53,0xE6,
    0x53,0xE6,0x53,0xE6,0x53,0xE6,0x53,0xE6,0x53,0xE6,0x53,0xE6,0x53,0xE6,0x53,0xE6,
    0x53,0xE6,0x53,0xE6,0x53,0xE6,0x53,0xE6,0x53,0xE6,0x53,0xE6,0x53,0xE6,0x53,0xE6,
    0x53,0xE6,0x53,0xE6,0x53,0xE6,0x53,0xE6,0x53,0xE6,0x53,0xE6,0x53,0xE6,0x53,0xE6,
    0x53,0xE6,0x53,0xE6,0x53,0xE6,0x53,0xE6,0x53,0xE6,0x53,0xE6,0x53,0xE6,0x32,0xE6,
    0x73,0xEE,0xB4,0xF6,0x4A,0x7B,0x4D,0x9C,0xB4,0xF6,0x32,0xE6,0x53,0xE6,0x53,0xE6,
    0x53,0xE6,0x53,0xE6,0x53,0xE6,0x53,0xE6,0x12,0xDE,0xB4,0xF6,0x87,0x5A,0x00,0x00,
    0xE2,0x20,0x00,0x00,0x00,0x00,0x41,0x08,0x8B,0x83,0x44,0x31,0x20,0x08,0x00,0x00,
    0x00,0x00,0xA2,0x18,0x03,0x21,0xC5,0x41,0x94,0xF6,0x32,0xE6,0x53,0xE6,0x53,0xE6,
    0x53,0xE6,0x53,0xE6,0x32,0xE6,0x73,0xEE,0x90,0xCD,0x67,0x5A,0xE6,0x49,0x00,0x00,
    0x00,0x00,0x00,0x00,0x00,0x00,0x2C,0x9C,0x87,0x5A,0x00,0x00,0x00,0x00,0xC2,0x20,
    0xC2,0x18,0xE2,0x20,0x52,0xE6,0x53,0xEE,0x32,0xE6,0xB1,0xD5,0x53,0xE6,0x53,0xE6,
    0x53,0xE6,0x53,0xE6,0x53,0xE6,0x73,0xEE,0xD4,0xFE,0x73,0xEE,0x32,0xE6,0x53,0xE6,
    0x53,0xE6,0x53,0xE6,0x53,0xE6,0x53,0xE6,0x53,0xE6,0x53,0xE6,0x53,0xE6,0x53,0xE6,
    0x53,0xE6,0x53,0xE6,0x53,0xE6,0x53,0xE6,0x53,0xE6,0x53,0xE6,0x53,0xE6,0x53,0xE6,
    0x53,0xE6,0x53,0xE6,0x53,0xE6,0x53,0xE6,0x53,0xE6,0x53,0xE6,0x53,0xE6,0x53,0xE6,
    0x53,0xE6,0x53,0xE6,0x53,0xE6,0x53,0xE6,0x53,0xE6,0x53,0xE6,0x53,0xE6,0x53,0xE6,
    0x53,0xE6,0x53,0xE6,0x53,0xE6,0x53,0xE6,0x73,0xEE,0x73,0xEE,0x73,0xEE,0x73,0xEE,
    0x73,0xEE,0x73,0xEE,0x73,0xEE,0x73,0xEE,0x73,0xEE,0x73,0xEE,0x73,0xEE,0x53,0xE6,
    0x53,0xE6,0x53,0xE6,0x53,0xE6,0x53,0xE6,0x53,0xE6,0x53,0xE6,0x53,0xE6,0x53,0xE6,
    0x53,0xE6,0x53,0xE6,0x53,0xE6,0x53,0xE6,0x53,0xE6,0x53,0xE6,0x53,0xE6,0x53,0xE6,
    0x53,0xE6,0x53,0xE6,0x53,0xE6,0x53,0xE6,0x53,0xE6,0x53,0xE6,0x53,0xE6,0x53,0xE6,
    0x53,0xE6,0x53,0xE6,0x52,0xE6,0x32,0xE6,0x93,0xEE,0xB4,0xF6,0xB1,0xD5,0xAB,0x8B,
    0x64,0x31,0x00,0x00,0x00,0x00,0x00,0x00,0x20,0x00,0x61,0x10,0x44,0x31,0xC5,0x41,
    0x84,0x39,0x82,0x18,0x41,0x08,0x00,0x00,0x00,0x00,0x00,0x00,0x81,0x10,0x88,0x5A,
    0xEE,0xB4,0x73,0xEE,0xB4,0xF6,0x53,0xE6,0x32,0xE6,0x53,0xE6,0x53,0xE6,0x53,0xE6,
    0x53,0xE6,0x53,0xE6,0x53,0xE6,0x53,0xE6,0x53,0xE6,0x53,0xE6,0x53,0xE6,0x53,0xE6,
    0x53,0xE6,0x53,0xE6,0x53,0xE6,0x53,0xE6,0x53,0xE6,0x53,0xE6,0x53,0xE6,0x53,0xE6,
    0x53,0xE6,0x53,0xE6,0x53,0xE6,0x53,0xE6,0x53,0xE6,0x53,0xE6,0x53,0xE6,0x53,0xE6,
    0x53,0xE6,0x32,0xE6,0x32,0xE6,0x32,0xE6,0x32,0xE6,0x32,0xE6,0x32,0xE6,0x32,0xE6,
    0x32,0xE6,0x52,0xE6,0x53,0xE6,0x53,0xE6,0x53,0xE6,0x53,0xE6,0x53,0xE6,0x53,0xE6,
    0x53,0xE6,0x53,0xE6,0x53,0xE6,0x53,0xE6,0x53,0xE6,0x53,0xE6,0x53,0xE6,0x53,0xE6,
    0x53,0xE6,0x53,0xE6,0x53,0xE6,0x53,0xE6,0x53,0xE6,0x53,0xE6,0x53,0xE6,0x53,0xE6,
    0x53,0xE6,0x53,0xE6,0x53,0xE6,0x53,0xE6,0x53,0xE6,0x53,0xE6,0x53,0xE6,0x53,0xE6,
    0x53,0xE6,0x53,0xE6,0x53,0xE6,0x53,0xE6,0x53,0xE6,0x53,0xE6,0x53,0xE6,0x53,0xE6,
    0x32,0xE6,0x53,0xE6,0xB4,0xF6,0x93,0xEE,0x52,0xE6,0x53,0xE6,0x53,0xE6,0x53,0xE6,
    0x53,0xE6,0x53,0xE6,0x53,0xE6,0x32,0xE6,0x93,0xF6,0xCE,0xB4,0x20,0x08,0xE6,0x49,
    0x61,0x10,0x00,0x00,0x00,0x00,0xA8,0x62,0xE5,0x41,0x61,0x08,0x41,0x08,0x00,0x00,
    0x00,0x00,0x64,0x31,0x00,0x00,0xEF,0xB4,0x94,0xF6,0x32,0xE6,0x53,0xE6,0x53,0xE6,
    0x53,0xE6,0x53,0xE6,0x53,0xE6,0x32,0xE6,0x93,0xF6,0x8D,0xA4,0xA5,0x39,0x81,0x10,
    0x00,0x00,0x00,0x00,0x41,0x08,0x00,0x00,0x4D,0x9C,0x03,0x21,0x00,0x00,0x00,0x00,
    0x44,0x31,0x20,0x00,0xA8,0x62,0xB4,0xF6,0x53,0xE6,0xB1,0xD5,0xB1,0xCD,0x73,0xEE,
    0x52,0xE6,0x53,0xE6,0x53,0xE6,0x53,0xE6,0x32,0xE6,0x52,0xE6,0x53,0xE6,0x53,0xE6,
    0x53,0xE6,0x53,0xE6,0x53,0xE6,0x53,0xE6,0x53,0xE6,0x53,0xE6,0x53,0xE6,0x53,0xE6,
    0x53,0xE6,0x53,0xE6,0x53,0xE6,0x53,0xE6,0x53,0xE6,0x53,0xE6,0x53,0xE6,0x53,0xE6,
    0x53,0xE6,0x53,0xE6,0x53,0xE6,0x53,0xE6,0x53,0xE6,0x53,0xE6,0x53,0xE6,0x53,0xE6,
    0x53,0xE6,0x53,0xE6,0x53,0xE6,0x53,0xE6,0x53,0xE6,0x53,0xE6,0x53,0xE6,0x53,0xE6,
    0x53,0xE6,0x53,0xE6,0x53,0xE6,0x53,0xEE,0xF2,0xDD,0xB1,0xD5,0xB1,0xD5,0xB1,0xD5,
    0xB1,0xD5,0xB1,0xD5,0xB1,0xD5,0xB1,0xD5,0xB1,0xD5,0xB1,0xD5,0xB1,0xD5,0x32,0xE6,
    0x53,0xE6,0x53,0xE6,0x53,0xE6,0x53,0xE6,0x53,0xE6,0x53,0xE6,0x53,0xE6,0x53,0xE6,
    0x53,0xE6,0x53,0xE6,0x53,0xE6,0x53,0xE6,0x53,0xE6,0x53,0xE6,0x53,0xE6,0x53,0xE6,
    0x53,0xE6,0x53,0xE6,0x53,0xE6,0x53,0xE6,0x53,0xE6,0x53,0xE6,0x53,0xE6,0x53,0xE6,
    0x53,0xE6,0x53,0xE6,0x53,0xE6,0x53,0xE6,0x32,0xE6,0x32,0xE6,0x73,0xEE,0xB4,0xF6,
    0x73,0xEE,0x70,0xCD,0x4D,0x9C,0xE9,0x6A,0xC5,0x41,0x44,0x29,0x41,0x08,0x41,0x08,
    0x41,0x08,0x82,0x18,0x84,0x39,0x47,0x52,0xAB,0x83,0x0F,0xBD,0x32,0xE6,0xB4,0xF6,
    0x93,0xF6,0x53,0xE6,0x32,0xE6,0x53,0xE6,0x53,0xE6,0x53,0xE6,0x53,0xE6,0x53,0xE6,
    0x53,0xE6,0x53,0xE6,0x53,0xE6,0x53,0xE6,0x53,0xE6,0x53,0xE6,0x53,0xE6,0x53,0xE6,
    0x53,0xE6,0x53,0xE6,0x53,0xE6,0x53,0xE6,0x53,0xE6,0x53,0xE6,0x53,0xE6,0x53,0xE6,
    0x53,0xE6,0x53,0xE6,0x53,0xE6,0x53,0xE6,0x53,0xE6,0x53,0xE6,0x53,0xE6,0x53,0xE6,
    0x53,0xEE,0xD4,0xF6,0xD4,0xF6,0xD4,0xF6,0xD4,0xF6,0xD4,0xF6,0xD4,0xF6,0xD4,0xF6,
    0xB4,0xF6,0x73,0xEE,0x53,0xE6,0x53,0xE6,0x53,0xE6,0x53,0xE6,0x53,0xE6,0x53,0xE6,
    0x53,0xE6,0x53,0xE6,0x53,0xE6,0x53,0xE6,0x53,0xE6,0x53,0xE6,0x53,0xE6,0x53,0xE6,
    0x53,0xE6,0x53,0xE6,0x53,0xE6,0x53,0xE6,0x53,0xE6,0x53,0xE6,0x53,0xE6,0x53,0xE6,
    0x53,0xE6,0x53,0xE6,0x53,0xE6,0x53,0xE6,0x53,0xE6,0x53,0xE6,0x53,0xE6,0x53,0xE6,
    0x53,0xE6,0x53,0xE6,0x53,0xE6,0x53,0xE6,0x53,0xE6,0x53,0xE6,0x53,0xE6,0x53,0xE6,
    0x53,0xE6,0x53,0xE6,0x32,0xE6,0x52,0xE6,0x53,0xE6,0x53,0xE6,0x53,0xE6,0x53,0xE6,
    0x53,0xE6,0x53,0xE6,0x32,0xE6,0x52,0xE6,0x32,0xE6,0xC2,0x20,0xA2,0x18,0x03,0x29,
    0x00,0x00,0x00,0x00,0x03,0x21,0x2C,0x9C,0x20,0x00,0x00,0x00,0x00,0x00,0x00,0x00,
    0xC2,0x18,0x41,0x08,0xA8,0x62,0xD4,0xFE,0x32,0xE6,0x53,0xE6,0x53,0xE6,0x53,0xE6,
    0x53,0xE6,0x53,0xE6,0x53,0xE6,0x53,0xE6,0x53,0xE6,0x32,0xE6,0x2C,0x9C,0x26,0x52,
    0x81,0x10,0x00,0x00,0x21,0x08,0xC2,0x18,0xE6,0x49,0x8D,0xA4,0x00,0x00,0x20,0x00,
    0x00,0x00,0x41,0x08,0x00,0x00,0x6D,0xA4,0x93,0xF6,0x32,0xE6,0xF2,0xDD,0x32,0xE6,
    0x53,0xE6,0x53,0xE6,0x53,0xE6,0x53,0xE6,0x53,0xE6,0x53,0xE6,0x53,0xE6,0x53,0xE6,
    0x53,0xE6,0x53,0xE6,0x53,0xE6,0x53,0xE6,0x53,0xE6,0x53,0xE6,0x53,0xE6,0x53,0xE6,
    0x53,0xE6,0x53,0xE6,0x53,0xE6,0x53,0xE6,0x53,0xE6,0x53,0xE6,0x53,0xE6,0x53,0xE6,
    0x53,0xE6,0x53,0xE6,0x53,0xE6,0x53,0xE6,0x53,0xE6,0x53,0xE6,0x53,0xE6,0x53,0xE6,
    0x53,0xE6,0x53,0xE6,0x53,0xE6,0x53,0xE6,0x53,0xE6,0x53,0xE6,0x53,0xE6,0x53,0xE6,
    0x53,0xE6,0x53,0xE6,0x32,0xE6,0x93,0xEE,0x06,0x4A,0x41,0x08,0x61,0x08,0x41,0x08,
    0x41,0x08,0x41,0x08,0x41,0x08,0x41,0x08,0x41,0x08,0x41,0x08,0x41,0x08,0x50,0xC5,
    0x93,0xEE,0x32,0xE6,0x53,0xE6,0x53,0xE6,0x53,0xE6,0x53,0xE6,0x53,0xE6,0x53,0xE6,
    0x53,0xE6,0x53,0xE6,0x53,0xE6,0x53,0xE6,0x53,0xE6,0x53,0xE6,0x53,0xE6,0x53,0xE6,
    0x53,0xE6,0x53,0xE6,0x53,0xE6,0x53,0xE6,0x53,0xE6,0x53,0xE6,0x53,0xE6,0x53,0xE6,
    0x53,0xE6,0x53,0xE6,0x53,0xE6,0x53,0xE6,0x53,0xE6,0x53,0xE6,0x52,0xE6,0x32,0xE6,
    0x52,0xE6,0x93,0xEE,0xB4,0xF6,0xB4,0xF6,0xB4,0xF6,0x73,0xEE,0x32,0xE6,0x32,0xE6,
    0x32,0xE6,0x32,0xE6,0x93,0xF6,0xB4,0xF6,0xB4,0xF6,0x93,0xF6,0x53,0xEE,0x32,0xE6,
    0x32,0xE6,0x53,0xE6,0x53,0xE6,0x53,0xE6,0x53,0xE6,0x53,0xE6,0x53,0xE6,0x53,0xE6,
    0x53,0xE6,0x53,0xE6,0x53,0xE6,0x53,0xE6,0x53,0xE6,0x53,0xE6,0x53,0xE6,0x53,0xE6,
    0x53,0xE6,0x53,0xE6,0x53,0xE6,0x53,0xE6,0x53,0xE6,0x53,0xE6,0x53,0xE6,0x53,0xE6,
    0x53,0xE6,0x53,0xE6,0x53,0xE6,0x53,0xE6,0x53,0xE6,0x53,0xE6,0x52,0xE6,0x73,0xEE,
    0xD1,0xD5,0xA8,0x62,0xA8,0x62,0xA8,0x62,0xA8,0x62,0xA8,0x62,0xA8,0x62,0xC8,0x62,
    0xA8,0x62,0xC5,0x41,0xF2,0xDD,0x73,0xEE,0x52,0xE6,0x53,0xE6,0x53,0xE6,0x53,0xE6,
    0x53,0xE6,0x53,0xE6,0x53,0xE6,0x53,0xE6,0x53,0xE6,0x53,0xE6,0x53,0xE6,0x53,0xE6,
    0x53,0xE6,0x53,0xE6,0x53,0xE6,0x53,0xE6,0x53,0xE6,0x53,0xE6,0x53,0xE6,0x53,0xE6,
    0x53,0xE6,0x53,0xE6,0x53,0xE6,0x53,0xE6,0x53,0xE6,0x53,0xE6,0x53,0xE6,0x53,0xE6,
    0x53,0xE6,0x53,0xE6,0x53,0xE6,0x53,0xE6,0x53,0xE6,0x53,0xE6,0x53,0xE6,0x53,0xE6,
    0x53,0xE6,0x53,0xE6,0x53,0xE6,0x53,0xE6,0x53,0xE6,0x53,0xE6,0x53,0xE6,0x53,0xE6,
    0x53,0xE6,0x53,0xE6,0x12,0xDE,0xB4,0xF6,0x87,0x5A,0xC2,0x18,0x44,0x31,0x00,0x00,
    0x20,0x00,0x00,0x00,0x4D,0x9C,0x85,0x39,0xE3,0x20,0x20,0x00,0x00,0x00,0x41,0x08,
    0xC2,0x20,0xE2,0x20,0x32,0xE6,0x53,0xEE,0x52,0xE6,0x53,0xE6,0x53,0xE6,0x53,0xE6,
    0x53,0xE6,0x53,0xE6,0x53,0xE6,0x53,0xE6,0x52,0xE6,0x53,0xEE,0xF2,0xDD,0x06,0x4A,
    0x84,0x39,0x21,0x08,0x00,0x00,0xC2,0x20,0x20,0x08,0xCB,0x8B,0xE9,0x6A,0x00,0x00,
    0x20,0x00,0x00,0x00,0x00,0x00,0xA2,0x18,0xD1,0xD5,0x73,0xEE,0x32,0xE6,0x12,0xDE,
    0x53,0xE6,0x53,0xE6,0x53,0xE6,0x53,0xE6,0x53,0xE6,0x53,0xE6,0x53,0xE6,0x53,0xE6,
    0x53,0xE6,0x53,0xE6,0x53,0xE6,0x53,0xE6,0x53,0xE6,0x53,0xE6,0x53,0xE6,0x53,0xE6,
    0x52,0xE6,0x32,0xE6,0x53,0xE6,0x53,0xE6,0x53,0xE6,0x53,0xE6,0x53,0xE6,0x53,0xE6,
    0x53,0xE6,0x53,0xE6,0x53,0xE6,0x53,0xE6,0x53,0xE6,0x53,0xE6,0x53,0xE6,0x53,0xE6,
    0x53,0xE6,0x53,0xE6,0x53,0xE6,0x53,0xE6,0x53,0xE6,0x53,0xE6,0x53,0xE6,0x53,0xE6,
    0x53,0xE6,0x53,0xE6,0x53,0xE6,0x53,0xE6,0xE3,0x20,0x00,0x00,0x00,0x00,0x00,0x00,
    0x00,0x00,0x00,0x00,0x00,0x00,0x00,0x00,0x00,0x00,0x00,0x00,0x00,0x00,0x0F,0xBD,
    0x93,0xF6,0x32,0xE6,0x53,0xE6,0x53,0xE6,0x53,0xE6,0x53,0xE6,0x53,0xE6,0x53,0xE6,
    0x53,0xE6,0x53,0xE6,0x53,0xE6,0x53,0xE6,0x53,0xE6,0x53,0xE6,0x53,0xE6,0x53,0xE6,
    0x53,0xE6,0x53,0xE6,0x53,0xE6,0x53,0xE6,0x53,0xE6,0x53,0xE6,0x53,0xE6,0x53,0xE6,
    0x53,0xE6,0x53,0xE6,0x53,0xE6,0x53,0xE6,0x53,0xE6,0x53,0xE6,0x53,0xE6,0x53,0xE6,
    0x53,0xE6,0x32,0xE6,0x32,0xE6,0x32,0xE6,0x32,0xE6,0x53,0xE6,0x53,0xEE,0x53,0xEE,
    0x53,0xEE,0x53,0xEE,0x32,0xE6,0x32,0xE6,0x32,0xE6,0x32,0xE6,0x53,0xE6,0x53,0xE6,
    0x53,0xE6,0x53,0xE6,0x53,0xE6,0x53,0xE6,0x53,0xE6,0x53,0xE6,0x53,0xE6,0x53,0xE6,
    0x53,0xE6,0x53,0xE6,0x53,0xE6,0x53,0xE6,0x53,0xE6,0x53,0xE6,0x53,0xE6,0x53,0xE6,
    0x53,0xE6,0x53,0xE6,0x53,0xE6,0x53,0xE6,0x53,0xE6,0x53,0xE6,0x53,0xE6,0x53,0xE6,
    0x53,0xE6,0x53,0xE6,0x53,0xE6,0x53,0xE6,0x53,0xE6,0x53,0xE6,0x32,0xE6,0xB4,0xF6,
    0x6D,0xA4,0x00,0x00,0x00,0x00,0x00,0x00,0x00,0x00,0x00,0x00,0x00,0x00,0x00,0x00,
    0x00,0x00,0xE3,0x20,0x53,0xE6,0x53,0xE6,0x53,0xE6,0x53,0xE6,0x53,0xE6,0x53,0xE6,
    0x53,0xE6,0x53,0xE6,0x53,0xE6,0x53,0xE6,0x53,0xE6,0x53,0xE6,0x53,0xE6,0x53,0xE6,
    0x53,0xE6,0x53,0xE6,0x53,0xE6,0x53,0xE6,0x53,0xE6,0x53,0xE6,0x53,0xE6,0x53,0xE6,
    0x53,0xE6,0x53,0xE6,0x53,0xE6,0x53,0xE6,0x53,0xE6,0x32,0xE6,0x32,0xE6,0x53,0xE6,
    0x53,0xE6,0x53,0xE6,0x53,0xE6,0x53,0xE6,0x53,0xE6,0x53,0xE6,0x53,0xE6,0x53,0xE6,
    0x53,0xE6,0x53,0xE6,0x53,0xE6,0x53,0xE6,0x53,0xE6,0x53,0xE6,0x53,0xE6,0x53,0xE6,
    0x53,0xE6,0x32,0xE6,0xB4,0xF6,0x6D,0xA4,0x20,0x00,0x87,0x5A,0x41,0x08,0x20,0x00,
    0x00,0x00,0xA8,0x62,0x88,0x5A,0x82,0x10,0x64,0x31,0x00,0x00,0x00,0x00,0x23,0x29,
    0x00,0x00,0x8D,0xA4,0xB4,0xF6,0x32,0xE6,0x53,0xE6,0x53,0xE6,0x53,0xE6,0x53,0xE6,
    0x53,0xE6,0x53,0xE6,0x53,0xE6,0x53,0xE6,0x53,0xE6,0x32,0xE6,0xB4,0xF6,0x4D,0x9C,
    0xE3,0x20,0x06,0x4A,0x00,0x00,0x00,0x00,0x41,0x08,0xC2,0x18,0xEF,0xB4,0x03,0x29,
    0x00,0x00,0x00,0x00,0x20,0x00,0x00,0x00,0xE6,0x49,0x94,0xF6,0x32,0xE6,0x32,0xE6,
    0x32,0xE6,0x53,0xE6,0x53,0xE6,0x53,0xE6,0x53,0xE6,0x53,0xE6,0x53,0xE6,0x53,0xE6,
    0x53,0xE6,0x53,0xE6,0x53,0xE6,0x53,0xE6,0x53,0xE6,0x53,0xE6,0x53,0xE6,0x32,0xE6,
    0x53,0xE6,0xB4,0xF6,0x53,0xE6,0x53,0xE6,0x53,0xE6,0x53,0xE6,0x53,0xE6,0x53,0xE6,
    0x53,0xE6,0x53,0xE6,0x53,0xE6,0x53,0xE6,0x53,0xE6,0x53,0xE6,0x53,0xE6,0x53,0xE6,
    0x53,0xE6,0x53,0xE6,0x53,0xE6,0x53,0xE6,0x53,0xE6,0x53,0xE6,0x53,0xE6,0x53,0xE6,
    0x53,0xE6,0x53,0xE6,0x53,0xE6,0x32,0xE6,0xE3,0x20,0x00,0x00,0x41,0x08,0x41,0x08,
    0x61,0x10,0x61,0x10,0x61,0x10,0x41,0x08,0x61,0x10,0x00,0x00,0x23,0x29,0x32,0xE6,
    0x53,0xE6,0x53,0xE6,0x53,0xE6,0x53,0xE6,0x53,0xE6,0x53,0xE6,0x53,0xE6,0x53,0xE6,
    0x53,0xE6,0x53,0xE6,0x53,0xE6,0x53,0xE6,0x53,0xE6,0x53,0xE6,0x53,0xE6,0x53,0xE6,
    0x53,0xE6,0x53,0xE6,0x53,0xE6,0x53,0xE6,0x53,0xE6,0x53,0xE6,0x53,0xE6,0x53,0xE6,
    0x53,0xE6,0x53,0xE6,0x53,0xE6,0x53,0xE6,0x53,0xE6,0x53,0xE6,0x53,0xE6,0x53,0xE6,
    0x53,0xE6,0x53,0xE6,0x53,0xE6,0x53,0xE6,0x53,0xE6,0x53,0xE6,0x52,0xE6,0x53,0xE6,
    0x52,0xE6,0x53,0xE6,0x53,0xE6,0x53,0xE6,0x53,0xE6,0x53,0xE6,0x53,0xE6,0x53,0xE6,
    0x53,0xE6,0x53,0xE6,0x53,0xE6,0x53,0xE6,0x53,0xE6,0x53,0xE6,0x53,0xE6,0x53,0xE6,
    0x53,0xE6,0x53,0xE6,0x53,0xE6,0x53,0xE6,0x53,0xE6,0x53,0xE6,0x53,0xE6,0x53,0xE6,
    0x53,0xE6,0x53,0xE6,0x53,0xE6,0x53,0xE6,0x53,0xE6,0x53,0xE6,0x53,0xE6,0x53,0xE6,
    0x53,0xE6,0x53,0xE6,0x53,0xE6,0x53,0xE6,0x53,0xE6,0x53,0xE6,0x32,0xE6,0xB4,0xF6,
    0x0C,0x94,0x20,0x00,0x00,0x00,0x00,0x00,0x00,0x00,0x00,0x00,0x00,0x00,0x00,0x00,
    0x00,0x00,0x88,0x62,0xD4,0xFE,0x32,0xE6,0x53,0xE6,0x53,0xE6,0x53,0xE6,0x53,0xE6,
    0x53,0xE6,0x53,0xE6,0x53,0xE6,0x53,0xE6,0x53,0xE6,0x53,0xE6,0x53,0xE6,0x53,0xE6,
    0x53,0xE6,0x53,0xE6,0x53,0xE6,0x53,0xE6,0x53,0xE6,0x53,0xE6,0x53,0xE6,0x53,0xE6,
    0x53,0xE6,0x53,0xE6,0x53,0xE6,0x53,0xE6,0x52,0xE6,0x93,0xF6,0x73,0xEE,0x32,0xE6,
    0x53,0xE6,0x53,0xE6,0x53,0xE6,0x53,0xE6,0x53,0xE6,0x53,0xE6,0x53,0xE6,0x53,0xE6,
    0x53,0xE6,0x53,0xE6,0x53,0xE6,0x53,0xE6,0x53,0xE6,0x53,0xE6,0x53,0xE6,0x53,0xE6,
    0x32,0xE6,0x53,0xE6,0xF2,0xDD,0x61,0x10,0x64,0x31,0xE3,0x20,0x00,0x00,0x00,0x00,
    0x03,0x21,0x8D,0xA4,0xE3,0x20,0x61,0x10,0x00,0x00,0x00,0x00,0x81,0x10,0x20,0x08,
    0x26,0x52,0xB4,0xF6,0x32,0xE6,0x53,0xE6,0x53,0xE6,0x53,0xE6,0x53,0xE6,0x53,0xE6,
    0x53,0xE6,0x53,0xE6,0x53,0xE6,0x53,0xE6,0x53,0xE6,0x53,0xE6,0x53,0xE6,0x52,0xE6,
    0x03,0x29,0x85,0x39,0xE3,0x20,0x00,0x00,0x41,0x08,0x61,0x10,0x47,0x52,0xAE,0xAC,
    0x00,0x00,0x20,0x00,0x00,0x00,0x20,0x00,0x00,0x00,0xAB,0x83,0xD4,0xFE,0x32,0xE6,
    0x52,0xE6,0x32,0xE6,0x53,0xE6,0x53,0xE6,0x53,0xE6,0x53,0xE6,0x53,0xE6,0x53,0xE6,
    0x53,0xE6,0x53,0xE6,0x53,0xE6,0x53,0xE6,0x53,0xE6,0x53,0xE6,0x32,0xE6,0x73,0xEE,
    0x32,0xE6,0x2C,0x9C,0x52,0xE6,0x53,0xE6,0x53,0xE6,0x53,0xE6,0x53,0xE6,0x53,0xE6,
    0x53,0xE6,0x53,0xE6,0x53,0xE6,0x53,0xE6,0x53,0xE6,0x53,0xE6,0x53,0xE6,0x53,0xE6,
    0x53,0xE6,0x53,0xE6,0x53,0xE6,0x53,0xE6,0x53,0xE6,0x53,0xE6,0x53,0xE6,0x53,0xE6,
    0x53,0xE6,0x32,0xE6,0x93,0xEE,0x70,0xC5,0x00,0x00,0x6A,0x7B,0xF2,0xDD,0xB1,0xCD,
    0xD1,0xD5,0xD1,0xD5,0xB1,0xD5,0xD1,0xD5,0x64,0x31,0x00,0x00,0x6D,0xA4,0xB4,0xF6,
    0x32,0xE6,0x53,0xE6,0x53,0xE6,0x53,0xE6,0x53,0xE6,0x53,0xE6,0x53,0xE6,0x53,0xE6,
    0x53,0xE6,0x53,0xE6,0x53,0xE6,0x53,0xE6,0x53,0xE6,0x53,0xE6,0x53,0xE6,0x53,0xE6,
    0x53,0xE6,0x53,0xE6,0x53,0xE6,0x53,0xE6,0x53,0xE6,0x53,0xE6,0x53,0xE6,0x53,0xE6,
    0x53,0xE6,0x53,0xE6,0x53,0xE6,0x53,0xE6,0x53,0xE6,0x53,0xE6,0x53,0xE6,0x53,0xE6,
    0x53,0xE6,0x53,0xE6,0x53,0xE6,0x53,0xE6,0x53,0xE6,0x53,0xE6,0x53,0xE6,0x53,0xE6,
    0x53,0xE6,0x53,0xE6,0x53,0xE6,0x53,0xE6,0x53,0xE6,0x53,0xE6,0x53,0xE6,0x53,0xE6,
    0x53,0xE6,0x53,0xE6,0x53,0xE6,0x53,0xE6,0x53,0xE6,0x53,0xE6,0x53,0xE6,0x53,0xE6,
    0x53,0xE6,0x53,0xE6,0x53,0xE6,0x53,0xE6,0x53,0xE6,0x53,0xE6,0x53,0xE6,0x53,0xE6,
    0x53,0xE6,0x53,0xE6,0x53,0xE6,0x53,0xE6,0x53,0xE6,0x53,0xE6,0x53,0xE6,0x53,0xE6,
    0x53,0xE6,0x53,0xE6,0x53,0xE6,0x53,0xE6,0x53,0xE6,0x53,0xE6,0x32,0xE6,0xB4,0xF6,
    0x0C,0x94,0x00,0x00,0x26,0x52,0x09,0x73,0xE9,0x6A,0xE9,0x6A,0xE9,0x6A,0xE9,0x6A,
    0xE9,0x6A,0x0F,0xB5,0x93,0xEE,0x32,0xE6,0x53,0xE6,0x53,0xE6,0x53,0xE6,0x53,0xE6,
    0x53,0xE6,0x53,0xE6,0x53,0xE6,0x53,0xE6,0x53,0xE6,0x53,0xE6,0x53,0xE6,0x53,0xE6,
    0x53,0xE6,0x53,0xE6,0x53,0xE6,0x53,0xE6,0x53,0xE6,0x53,0xE6,0x53,0xE6,0x53,0xE6,
    0x53,0xE6,0x53,0xE6,0x53,0xE6,0x52,0xE6,0x73,0xEE,0xEE,0xB4,0x50,0xC5,0xB4,0xF6,
    0x32,0xE6,0x53,0xE6,0x53,0xE6,0x53,0xE6,0x53,0xE6,0x53,0xE6,0x53,0xE6,0x53,0xE6,
    0x53,0xE6,0x53,0xE6,0x53,0xE6,0x53,0xE6,0x53,0xE6,0x53,0xE6,0x53,0xE6,0x53,0xE6,
    0xF2,0xDD,0x73,0xEE,0xE5,0x41,0xA2,0x18,0xA5,0x41,0x00,0x00,0x20,0x00,0x20,0x08,
    0xCB,0x8B,0x84,0x39,0x81,0x10,0x00,0x00,0x00,0x00,0x20,0x08,0x03,0x29,0x61,0x10,
    0xF2,0xDD,0x73,0xEE,0x52,0xE6,0x53,0xE6,0x53,0xE6,0x53,0xE6,0x53,0xE6,0x53,0xE6,
    0x53,0xE6,0x53,0xE6,0x53,0xE6,0x53,0xE6,0x53,0xE6,0x53,0xE6,0x32,0xE6,0x93,0xF6,
    0x70,0xC5,0x41,0x08,0x47,0x52,0x20,0x08,0x00,0x00,0x61,0x10,0x41,0x08,0x8A,0x83,
    0x6A,0x7B,0x00,0x00,0x20,0x00,0x00,0x00,0x20,0x00,0x20,0x08,0x0F,0xBD,0x93,0xEE,
    0x32,0xE6,0x53,0xE6,0x53,0xE6,0x53,0xE6,0x53,0xE6,0x53,0xE6,0x53,0xE6,0x53,0xE6,
    0x53,0xE6,0x53,0xE6,0x53,0xE6,0x53,0xE6,0x53,0xE6,0x32,0xE6,0x73,0xEE,0x53,0xEE,
    0x84,0x39,0xE3,0x20,0x32,0xE6,0x53,0xE6,0x53,0xE6,0x53,0xE6,0x53,0xE6,0x53,0xE6,
    0x53,0xE6,0x53,0xE6,0x53,0xE6,0x53,0xE6,0x53,0xE6,0x53,0xE6,0x53,0xE6,0x53,0xE6,
    0x53,0xE6,0x53,0xE6,0x53,0xE6,0x53,0xE6,0x53,0xE6,0x53,0xE6,0x53,0xE6,0x53,0xE6,
    0x53,0xE6,0x53,0xE6,0x73,0xEE,0xB1,0xD5,0xA8,0x62,0x12,0xDE,0x93,0xF6,0x73,0xEE,
    0x73,0xEE,0x53,0xE6,0xF4,0xFE,0x0C,0x94,0x00,0x00,0x84,0x39,0x93,0xEE,0x32,0xE6,
    0x53,0xE6,0x53,0xE6,0x53,0xE6,0x53,0xE6,0x53,0xE6,0x53,0xE6,0x53,0xE6,0x53,0xE6,
    0x53,0xE6,0x53,0xE6,0x53,0xE6,0x53,0xE6,0x53,0xE6,0x53,0xE6,0x53,0xE6,0x53,0xE6,
    0x53,0xE6,0x53,0xE6,0x53,0xE6,0x53,0xE6,0x53,0xE6,0x53,0xE6,0x53,0xE6,0x53,0xE6,
    0x53,0xE6,0x53,0xE6,0x53,0xE6,0x53,0xE6,0x53,0xE6,0x53,0xE6,0x53,0xE6,0x53,0xE6,
    0x53,0xE6,0x53,0xE6,0x53,0xE6,0x53,0xE6,0x53,0xE6,0x53,0xE6,0x53,0xE6,0x53,0xE6,
    0x53,0xE6,0x53,0xE6,0x53,0xE6,0x53,0xE6,0x53,0xE6,0x53,0xE6,0x53,0xE6,0x53,0xE6,
    0x53,0xE6,0x53,0xE6,0x53,0xE6,0x53,0xE6,0x53,0xE6,0x53,0xE6,0x53,0xE6,0x53,0xE6,
    0x53,0xE6,0x53,0xE6,0x53,0xE6,0x53,0xE6,0x53,0xE6,0x53,0xE6,0x53,0xE6,0x53,0xE6,
    0x53,0xE6,0x53,0xE6,0x53,0xE6,0x53,0xE6,0x53,0xE6,0x53,0xE6,0x53,0xE6,0x53,0xE6,
    0x53,0xE6,0x53,0xE6,0x53,0xE6,0x53,0xE6,0x53,0xE6,0x53,0xE6,0x32,0xE6,0xD4,0xF6,
    0xE9,0x6A,0x00,0x00,0xD1,0xD5,0xF4,0xFE,0xB4,0xF6,0xB4,0xF6,0xB4,0xF6,0xB4,0xF6,
    0xD4,0xF6,0x73,0xEE,0x52,0xE6,0x53,0xE6,0x53,0xE6,0x53,0xE6,0x53,0xE6,0x53,0xE6,
    0x53,0xE6,0x53,0xE6,0x53,0xE6,0x53,0xE6,0x53,0xE6,0x53,0xE6,0x53,0xE6,0x53,0xE6,
    0x53,0xE6,0x53,0xE6,0x53,0xE6,0x53,0xE6,0x53,0xE6,0x53,0xE6,0x53,0xE6,0x53,0xE6,
    0x53,0xE6,0x53,0xE6,0x53,0xE6,0x32,0xE6,0xB4,0xF6,0xA8,0x62,0x21,0x08,0x50,0xC5,
    0xB4,0xF6,0x32,0xE6,0x53,0xE6,0x53,0xE6,0x53,0xE6,0x53,0xE6,0x53,0xE6,0x53,0xE6,
    0x53,0xE6,0x53,0xE6,0x53,0xE6,0x53,0xE6,0x53,0xE6,0x53,0xE6,0x53,0xE6,0x12,0xDE,
    0x73,0xEE,0x6A,0x7B,0x00,0x00,0x47,0x52,0x20,0x00,0x20,0x00,0x00,0x00,0xC8,0x6A,
    0xC5,0x41,0x00,0x00,0x00,0x00,0x00,0x00,0x00,0x00,0x44,0x31,0x20,0x00,0x0C,0x94,
    0xB4,0xF6,0x32,0xE6,0x53,0xE6,0x53,0xE6,0x53,0xE6,0x53,0xE6,0x53,0xE6,0x53,0xE6,
    0x53,0xE6,0x53,0xE6,0x53,0xE6,0x53,0xE6,0x53,0xE6,0x53,0xE6,0x53,0xE6,0x32,0xE6,
    0xD4,0xFE,0x6A,0x83,0x41,0x08,0xE5,0x49,0x00,0x00,0x00,0x00,0x61,0x10,0xA2,0x18,
    0x4D,0x9C,0xA5,0x39,0x00,0x00,0x00,0x00,0x00,0x00,0x00,0x00,0xE3,0x20,0x12,0xDE,
    0x53,0xEE,0x32,0xE6,0x53,0xE6,0x53,0xE6,0x53,0xE6,0x53,0xE6,0x53,0xE6,0x53,0xE6,
    0x53,0xE6,0x53,0xE6,0x53,0xE6,0x53,0xE6,0x32,0xE6,0x93,0xEE,0xF2,0xDD,0x03,0x21,
    0x84,0x39,0x32,0xE6,0x73,0xEE,0x52,0xE6,0x53,0xE6,0x53,0xE6,0x53,0xE6,0x53,0xE6,
    0x53,0xE6,0x53,0xE6,0x53,0xE6,0x53,0xE6,0x53,0xE6,0x53,0xE6,0x53,0xE6,0x53,0xE6,
    0x53,0xE6,0x53,0xE6,0x53,0xE6,0x53,0xE6,0x53,0xE6,0x53,0xE6,0x53,0xE6,0x53,0xE6,
    0x53,0xE6,0x53,0xE6,0x53,0xE6,0x53,0xEE,0xB4,0xF6,0x53,0xE6,0x32,0xE6,0x52,0xE6,
    0x32,0xE6,0x73,0xEE,0xB1,0xD5,0x61,0x10,0x00,0x00,0x8D,0xA4,0xB4,0xF6,0x32,0xE6,
    0x53,0xE6,0x53,0xE6,0x53,0xE6,0x53,0xE6,0x53,0xE6,0x53,0xE6,0x53,0xE6,0x53,0xE6,
    0x53,0xE6,0x53,0xE6,0x53,0xE6,0x53,0xE6,0x53,0xE6,0x53,0xE6,0x53,0xE6,0x53,0xE6,
    0x53,0xE6,0x53,0xE6,0x53,0xE6,0x53,0xE6,0x53,0xE6,0x53,0xE6,0x53,0xE6,0x53,0xE6,
    0x53,0xE6,0x53,0xE6,0x53,0xE6,0x53,0xE6,0x53,0xE6,0x53,0xE6,0x53,0xE6,0x53,0xE6,
    0x53,0xE6,0x53,0xE6,0x53,0xE6,0x53,0xE6,0x53,0xE6,0x53,0xE6,0x53,0xE6,0x53,0xE6,
    0x53,0xE6,0x53,0xE6,0x53,0xE6,0x53,0xE6,0x53,0xE6,0x53,0xE6,0x53,0xE6,0x53,0xE6,
    0x53,0xE6,0x53,0xE6,0x53,0xE6,0x53,0xE6,0x53,0xE6,0x53,0xE6,0x53,0xE6,0x53,0xE6,
    0x53,0xE6,0x53,0xE6,0x53,0xE6,0x53,0xE6,0x53,0xE6,0x53,0xE6,0x53,0xE6,0x53,0xE6,
    0x53,0xE6,0x53,0xE6,0x53,0xE6,0x53,0xE6,0x53,0xE6,0x53,0xE6,0x53,0xE6,0x53,0xE6,
    0x53,0xE6,0x53,0xE6,0x53,0xE6,0x53,0xE6,0x53,0xE6,0x53,0xE6,0x32,0xE6,0xD4,0xF6,
    0x67,0x5A,0x00,0x00,0xB1,0xD5,0xD4,0xFE,0x93,0xF6,0x73,0xEE,0xB4,0xF6,0x93,0xEE,
    0x32,0xE6,0x32,0xE6,0x53,0xE6,0x53,0xE6,0x53,0xE6,0x53,0xE6,0x53,0xE6,0x53,0xE6,
    0x53,0xE6,0x53,0xE6,0x53,0xE6,0x53,0xE6,0x53,0xE6,0x53,0xE6,0x53,0xE6,0x53,0xE6,
    0x53,0xE6,0x53,0xE6,0x53,0xE6,0x53,0xE6,0x53,0xE6,0x53,0xE6,0x53,0xE6,0x53,0xE6,
    0x53,0xE6,0x53,0xE6,0x53,0xE6,0x53,0xE6,0x53,0xE6,0x73,0xEE,0xA8,0x62,0x00,0x00,
    0x8E,0xAC,0xD4,0xFE,0x32,0xE6,0x53,0xE6,0x53,0xE6,0x53,0xE6,0x53,0xE6,0x53,0xE6,
    0x53,0xE6,0x53,0xE6,0x53,0xE6,0x53,0xE6,0x53,0xE6,0x53,0xE6,0x32,0xE6,0x73,0xEE,
    0xCE,0xB4,0x20,0x08,0x44,0x31,0x41,0x08,0x00,0x00,0x00,0x00,0xC5,0x41,0x09,0x6B,
    0x00,0x00,0x20,0x08,0x00,0x00,0x00,0x00,0xE3,0x20,0xC2,0x18,0x26,0x4A,0xD4,0xF6,
    0x32,0xE6,0x53,0xE6,0x53,0xE6,0x53,0xE6,0x53,0xE6,0x53,0xE6,0x53,0xE6,0x53,0xE6,
    0x53,0xE6,0x53,0xE6,0x53,0xE6,0x53,0xE6,0x53,0xE6,0x53,0xE6,0x53,0xE6,0x53,0xE6,
    0x32,0xE6,0xB4,0xF6,0xE5,0x41,0x24,0x29,0x03,0x21,0x00,0x00,0x00,0x00,0x00,0x00,
    0xE3,0x20,0xAE,0xAC,0x61,0x10,0x00,0x00,0x00,0x00,0x20,0x00,0x00,0x00,0xE6,0x49,
    0x93,0xEE,0x32,0xE6,0x53,0xE6,0x53,0xE6,0x53,0xE6,0x53,0xE6,0x53,0xE6,0x53,0xE6,
    0x53,0xE6,0x53,0xE6,0x53,0xE6,0x32,0xE6,0x73,0xEE,0xD1,0xD5,0x82,0x18,0xC5,0x41,
    0x93,0xF6,0x73,0xEE,0x32,0xE6,0x53,0xE6,0x53,0xE6,0x53,0xE6,0x53,0xE6,0x53,0xE6,
    0x53,0xE6,0x53,0xE6,0x53,0xE6,0x53,0xE6,0x53,0xE6,0x53,0xE6,0x53,0xE6,0x53,0xE6,
    0x53,0xE6,0x53,0xE6,0x53,0xE6,0x53,0xE6,0x53,0xE6,0x53,0xE6,0x53,0xE6,0x53,0xE6,
    0x53,0xE6,0x53,0xE6,0x53,0xE6,0x53,0xE6,0x32,0xE6,0x53,0xE6,0x53,0xE6,0x53,0xE6,
    0x32,0xE6,0xB4,0xF6,0x46,0x52,0x00,0x00,0x64,0x31,0x73,0xEE,0x52,0xE6,0x53,0xE6,
    0x53,0xE6,0x53,0xE6,0x53,0xE6,0x53,0xE6,0x53,0xE6,0x53,0xE6,0x53,0xE6,0x53,0xE6,
    0x53,0xE6,0x53,0xE6,0x53,0xE6,0x53,0xE6,0x53,0xE6,0x53,0xE6,0x53,0xE6,0x53,0xE6,
    0x53,0xE6,0x53,0xE6,0x53,0xE6,0x53,0xE6,0x53,0xE6,0x53,0xE6,0x53,0xE6,0x53,0xE6,
    0x53,0xE6,0x53,0xE6,0x53,0xE6,0x53,0xE6,0x53,0xE6,0x53,0xE6,0x53,0xE6,0x53,0xE6,
    0x53,0xE6,0x53,0xE6,0x53,0xE6,0x53,0xE6,0x53,0xE6,0x53,0xE6,0x53,0xE6,0x53,0xE6,
    0x53,0xE6,0x53,0xE6,0x53,0xE6,0x53,0xE6,0x53,0xE6,0x53,0xE6,0x53,0xE6,0x53,0xE6,
    0x53,0xE6,0x53,0xE6,0x53,0xE6,0x53,0xE6,0x53,0xE6,0x53,0xE6,0x53,0xE6,0x53,0xE6,
    0x53,0xE6,0x53,0xE6,0x53,0xE6,0x53,0xE6,0x53,0xE6,0x53,0xE6,0x53,0xE6,0x53,0xE6,
    0x53,0xE6,0x53,0xE6,0x53,0xE6,0x53,0xE6,0x53,0xE6,0x53,0xE6,0x53,0xE6,0x53,0xE6,
    0x53,0xE6,0x53,0xE6,0x53,0xE6,0x53,0xE6,0x53,0xE6,0x53,0xE6,0x32,0xE6,0xD4,0xF6,
    0x47,0x52,0x61,0x10,0xF1,0xDD,0xAB,0x8B,0x47,0x52,0x06,0x4A,0xC8,0x62,0x6D,0xA4,
    0x73,0xEE,0x73,0xEE,0x32,0xE6,0x53,0xE6,0x53,0xE6,0x53,0xE6,0x53,0xE6,0x53,0xE6,
    0x53,0xE6,0x53,0xE6,0x53,0xE6,0x53,0xE6,0x53,0xE6,0x53,0xE6,0x53,0xE6,0x53,0xE6,
    0x53,0xE6,0x53,0xE6,0x53,0xE6,0x53,0xE6,0x53,0xE6,0x53,0xE6,0x53,0xE6,0x53,0xE6,
    0x53,0xE6,0x53,0xE6,0x53,0xE6,0x53,0xE6,0x53,0xE6,0x53,0xE6,0xD4,0xFE,0x6A,0x7B,
    0x00,0x00,0x8D,0xAC,0xD4,0xF6,0x32,0xE6,0x53,0xE6,0x53,0xE6,0x53,0xE6,0x53,0xE6,
    0x53,0xE6,0x53,0xE6,0x53,0xE6,0x53,0xE6,0x53,0xE6,0x32,0xE6,0x53,0xEE,0xF1,0xDD,
    0xC2,0x18,0xA2,0x18,0x81,0x10,0x00,0x00,0x00,0x00,0xE3,0x20,0x6A,0x83,0x20,0x08,
    0x20,0x08,0x00,0x00,0x00,0x00,0x41,0x08,0x23,0x29,0xA2,0x18,0x12,0xDE,0x73,0xEE,
    0x52,0xE6,0x53,0xE6,0x53,0xE6,0x53,0xE6,0x53,0xE6,0x53,0xE6,0x53,0xE6,0x53,0xE6,
    0x53,0xE6,0x53,0xE6,0x53,0xE6,0x53,0xE6,0x53,0xE6,0x53,0xE6,0x53,0xE6,0x53,0xE6,
    0x52,0xE6,0x73,0xEE,0x12,0xDE,0x24,0x29,0xC5,0x41,0x61,0x10,0x00,0x00,0x00,0x00,
    0x00,0x00,0x88,0x5A,0x2C,0x94,0x00,0x00,0x20,0x00,0x00,0x00,0x20,0x00,0x00,0x00,
    0x09,0x6B,0xD4,0xFE,0x32,0xE6,0x53,0xE6,0x53,0xE6,0x53,0xE6,0x53,0xE6,0x53,0xE6,
    0x53,0xE6,0x53,0xE6,0x53,0xE6,0x53,0xEE,0x32,0xE6,0xA2,0x18,0xC5,0x41,0x94,0xF6,
    0x53,0xEE,0x32,0xE6,0x53,0xE6,0x53,0xE6,0x53,0xE6,0x53,0xE6,0x53,0xE6,0x53,0xE6,
    0x53,0xE6,0x53,0xE6,0x53,0xE6,0x53,0xE6,0x53,0xE6,0x53,0xE6,0x53,0xE6,0x53,0xE6,
    0x53,0xE6,0x53,0xE6,0x53,0xE6,0x53,0xE6,0x53,0xE6,0x53,0xE6,0x53,0xE6,0x53,0xE6,
    0x53,0xE6,0x53,0xE6,0x53,0xE6,0x53,0xE6,0x53,0xE6,0x53,0xE6,0x53,0xE6,0x32,0xE6,
    0xB4,0xF6,0x8D,0xAC,0x00,0x00,0x00,0x00,0x2C,0x9C,0xB4,0xF6,0x32,0xE6,0x53,0xE6,
    0x53,0xE6,0x53,0xE6,0x53,0xE6,0x53,0xE6,0x53,0xE6,0x53,0xE6,0x53,0xE6,0x53,0xE6,
    0x53,0xE6,0x53,0xE6,0x53,0xE6,0x53,0xE6,0x53,0xE6,0x53,0xE6,0x53,0xE6,0x53,0xE6,
    0x53,0xE6,0x53,0xE6,0x53,0xE6,0x53,0xE6,0x53,0xE6,0x53,0xE6,0x53,0xE6,0x53,0xE6,
    0x53,0xE6,0x53,0xE6,0x53,0xE6,0x53,0xE6,0x53,0xE6,0x53,0xE6,0x53,0xE6,0x53,0xE6,
    0x53,0xE6,0x53,0xE6,0x53,0xE6,0x53,0xE6,0x53,0xE6,0x53,0xE6,0x53,0xE6,0x53,0xE6,
    0x53,0xE6,0x53,0xE6,0x53,0xE6,0x53,0xE6,0x53,0xE6,0x53,0xE6,0x53,0xE6,0x53,0xE6,
    0x53,0xE6,0x53,0xE6,0x53,0xE6,0x53,0xE6,0x53,0xE6,0x53,0xE6,0x53,0xE6,0x53,0xE6,
    0x53,0xE6,0x53,0xE6,0x53,0xE6,0x53,0xE6,0x53,0xE6,0x53,0xE6,0x53,0xE6,0x53,0xE6,
    0x53,0xE6,0x53,0xE6,0x53,0xE6,0x53,0xE6,0x53,0xE6,0x53,0xE6,0x53,0xE6,0x53,0xE6,
    0x53,0xE6,0x53,0xE6,0x53,0xE6,0x53,0xE6,0x53,0xE6,0x53,0xE6,0x52,0xE6,0x73,0xEE,
    0x44,0x31,0x82,0x10,0xA2,0x18,0x00,0x00,0x00,0x00,0x00,0x00,0x00,0x00,0x00,0x00,
    0xA5,0x39,0xB1,0xCD,0x73,0xEE,0x32,0xE6,0x53,0xE6,0x53,0xE6,0x53,0xE6,0x53,0xE6,
    0x53,0xE6,0x53,0xE6,0x53,0xE6,0x53,0xE6,0x53,0xE6,0x53,0xE6,0x53,0xE6,0x53,0xE6,
    0x53,0xE6,0x53,0xE6,0x53,0xE6,0x53,0xE6,0x53,0xE6,0x53,0xE6,0x53,0xE6,0x53,0xE6,
    0x53,0xE6,0x53,0xE6,0x53,0xE6,0x53,0xE6,0x53,0xE6,0x52,0xE6,0x32,0xE6,0xD4,0xFE,
    0x8A,0x83,0x00,0x00,0xAE,0xAC,0x93,0xF6,0x32,0xE6,0x53,0xE6,0x53,0xE6,0x53,0xE6,
    0x53,0xE6,0x53,0xE6,0x53,0xE6,0x53,0xE6,0x53,0xE6,0x32,0xE6,0x93,0xEE,0x84,0x39,
    0x61,0x10,0xA2,0x18,0x00,0x00,0x20,0x00,0x20,0x08,0xAB,0x83,0xE6,0x49,0x20,0x08,
    0x00,0x00,0x20,0x00,0x00,0x00,0x23,0x29,0x00,0x00,0xCE,0xAC,0xB4,0xF6,0x32,0xE6,
    0x53,0xE6,0x53,0xE6,0x53,0xE6,0x53,0xE6,0x53,0xE6,0x53,0xE6,0x53,0xE6,0x53,0xE6,
    0x53,0xE6,0x53,0xE6,0x53,0xE6,0x53,0xE6,0x53,0xE6,0x53,0xE6,0x53,0xE6,0x53,0xE6,
    0x53,0xE6,0x32,0xE6,0xB4,0xF6,0xEC,0x93,0x00,0x00,0x85,0x39,0x00,0x00,0x00,0x00,
    0x20,0x00,0x20,0x00,0xCB,0x8B,0x09,0x6B,0x00,0x00,0x20,0x00,0x00,0x00,0x20,0x00,
    0x00,0x00,0x2C,0x9C,0xD4,0xFE,0x32,0xE6,0x53,0xE6,0x53,0xE6,0x53,0xE6,0x53,0xE6,
    0x53,0xE6,0x53,0xE6,0x53,0xE6,0x53,0xE6,0x52,0xE6,0x4D,0x9C,0x32,0xE6,0x73,0xEE,
    0x32,0xE6,0x53,0xE6,0x53,0xE6,0x53,0xE6,0x53,0xE6,0x53,0xE6,0x53,0xE6,0x53,0xE6,
    0x53,0xE6,0x53,0xE6,0x53,0xE6,0x53,0xE6,0x53,0xE6,0x53,0xE6,0x53,0xE6,0x53,0xE6,
    0x53,0xE6,0x53,0xE6,0x53,0xE6,0x53,0xE6,0x53,0xE6,0x53,0xE6,0x53,0xE6,0x53,0xE6,
    0x53,0xE6,0x53,0xE6,0x53,0xE6,0x53,0xE6,0x53,0xE6,0x53,0xE6,0x53,0xE6,0x53,0xE6,
    0x73,0xEE,0x24,0x29,0x00,0x00,0xC2,0x18,0x12,0xDE,0x53,0xEE,0x52,0xE6,0x53,0xE6,
    0x53,0xE6,0x53,0xE6,0x53,0xE6,0x53,0xE6,0x53,0xE6,0x53,0xE6,0x53,0xE6,0x53,0xE6,
    0x53,0xE6,0x53,0xE6,0x53,0xE6,0x53,0xE6,0x53,0xE6,0x53,0xE6,0x53,0xE6,0x53,0xE6,
    0x53,0xE6,0x53,0xE6,0x53,0xE6,0x53,0xE6,0x53,0xE6,0x53,0xE6,0x53,0xE6,0x53,0xE6,
    0x53,0xE6,0x53,0xE6,0x53,0xE6,0x53,0xE6,0x53,0xE6,0x53,0xE6,0x53,0xE6,0x53,0xE6,
    0x53,0xE6,0x53,0xE6,0x53,0xE6,0x53,0xE6,0x53,0xE6,0x53,0xE6,0x53,0xE6,0x53,0xE6,
    0x53,0xE6,0x53,0xE6,0x53,0xE6,0x53,0xE6,0x53,0xE6,0x53,0xE6,0x53,0xE6,0x53,0xE6,
    0x53,0xE6,0x53,0xE6,0x53,0xE6,0x53,0xE6,0x53,0xE6,0x53,0xE6,0x53,0xE6,0x53,0xE6,
    0x53,0xE6,0x53,0xE6,0x53,0xE6,0x53,0xE6,0x53,0xE6,0x53,0xE6,0x53,0xE6,0x53,0xE6,
    0x53,0xE6,0x53,0xE6,0x53,0xE6,0x53,0xE6,0x53,0xE6,0x53,0xE6,0x53,0xE6,0x53,0xE6,
    0x53,0xE6,0x53,0xE6,0x53,0xE6,0x53,0xE6,0x53,0xE6,0x53,0xE6,0x53,0xE6,0x53,0xE6,
    0xC2,0x20,0x00,0x00,0xA5,0x41,0x2F,0xBD,0xD1,0xD5,0x4D,0x9C,0x82,0x10,0x20,0x08,
    0x00,0x00,0x44,0x31,0x53,0xE6,0x53,0xE6,0x52,0xE6,0x53,0xE6,0x53,0xE6,0x53,0xE6,
    0x53,0xE6,0x53,0xE6,0x53,0xE6,0x53,0xE6,0x53,0xE6,0x53,0xE6,0x53,0xE6,0x53,0xE6,
    0x53,0xE6,0x53,0xE6,0x53,0xE6,0x53,0xE6,0x53,0xE6,0x53,0xE6,0x53,0xE6,0x53,0xE6,
    0x53,0xE6,0x53,0xE6,0x53,0xE6,0x53,0xE6,0x53,0xE6,0x53,0xE6,0x53,0xE6,0x32,0xE6,
    0xD4,0xF6,0xEC,0x93,0x2F,0xBD,0x93,0xEE,0x52,0xE6,0x53,0xE6,0x53,0xE6,0x53,0xE6,
    0x53,0xE6,0x53,0xE6,0x53,0xE6,0x53,0xE6,0x32,0xE6,0xD4,0xFE,0xA8,0x62,0x20,0x00,
    0x23,0x29,0x20,0x00,0x20,0x00,0x00,0x00,0xA8,0x62,0x67,0x5A,0x44,0x29,0x20,0x00,
    0x00,0x00,0x00,0x00,0x03,0x21,0x41,0x08,0x09,0x73,0xD4,0xFE,0x32,0xE6,0x53,0xE6,
    0x53,0xE6,0x53,0xE6,0x53,0xE6,0x53,0xE6,0x53,0xE6,0x53,0xE6,0x53,0xE6,0x53,0xE6,
    0x53,0xE6,0x53,0xE6,0x53,0xE6,0x53,0xE6,0x53,0xE6,0x53,0xE6,0x53,0xE6,0x53,0xE6,
    0x53,0xE6,0x53,0xE6,0x32,0xE6,0xB4,0xF6,0xA8,0x62,0x00,0x00,0x23,0x29,0x00,0x00,
    0x61,0x10,0x23,0x29,0x41,0x08,0xCB,0x8B,0x84,0x39,0x00,0x00,0x00,0x00,0x00,0x00,
    0x00,0x00,0x61,0x08,0xEE,0xB4,0x94,0xF6,0x32,0xE6,0x53,0xE6,0x53,0xE6,0x53,0xE6,
    0x53,0xE6,0x53,0xE6,0x53,0xE6,0x53,0xE6,0x53,0xE6,0xB4,0xF6,0x53,0xE6,0x52,0xE6,
    0x53,0xE6,0x53,0xE6,0x53,0xE6,0x53,0xE6,0x53,0xE6,0x53,0xE6,0x53,0xE6,0x53,0xE6,
    0x53,0xE6,0x53,0xE6,0x53,0xE6,0x53,0xE6,0x53,0xE6,0x53,0xE6,0x53,0xE6,0x53,0xE6,
    0x53,0xE6,0x53,0xE6,0x53,0xE6,0x53,0xE6,0x53,0xE6,0x53,0xE6,0x53,0xE6,0x53,0xE6,
    0x53,0xE6,0x53,0xE6,0x53,0xE6,0x53,0xE6,0x53,0xE6,0x53,0xE6,0x32,0xE6,0xB4,0xF6,
    0xCB,0x8B,0x00,0x00,0x00,0x00,0xE9,0x6A,0xD4,0xF6,0x32,0xE6,0x53,0xE6,0x53,0xE6,
    0x53,0xE6,0x53,0xE6,0x53,0xE6,0x53,0xE6,0x53,0xE6,0x53,0xE6,0x53,0xE6,0x53,0xE6,
    0x53,0xE6,0x53,0xE6,0x53,0xE6,0x53,0xE6,0x53,0xE6,0x53,0xE6,0x53,0xE6,0x53,0xE6,
    0x53,0xE6,0x53,0xE6,0x53,0xE6,0x53,0xE6,0x53,0xE6,0x53,0xE6,0x53,0xE6,0x53,0xE6,
    0x53,0xE6,0x53,0xE6,0x53,0xE6,0x53,0xE6,0x53,0xE6,0x53,0xE6,0x53,0xE6,0x53,0xE6,
    0x53,0xE6,0x53,0xE6,0x53,0xE6,0x53,0xE6,0x53,0xE6,0x53,0xE6,0x32,0xE6,0x32,0xE6,
    0x32,0xE6,0x32,0xE6,0x53,0xE6,0x53,0xE6,0x53,0xE6,0x53,0xE6,0x53,0xE6,0x53,0xE6,
    0x53,0xE6,0x53,0xE6,0x53,0xE6,0x53,0xE6,0x53,0xE6,0x53,0xE6,0x53,0xE6,0x53,0xE6,
    0x53,0xE6,0x53,0xE6,0x53,0xE6,0x53,0xE6,0x53,0xE6,0x53,0xE6,0x53,0xE6,0x53,0xE6,
    0x53,0xE6,0x53,0xE6,0x53,0xE6,0x53,0xE6,0x53,0xE6,0x53,0xE6,0x53,0xE6,0x53,0xE6,
    0x53,0xE6,0x53,0xE6,0x53,0xE6,0x53,0xE6,0x53,0xE6,0x53,0xE6,0x53,0xE6,0x32,0xE6,
    0x26,0x52,0x67,0x5A,0x73,0xEE,0xB4,0xF6,0x53,0xEE,0x15,0xFF,0xCB,0x8B,0x00,0x00,
    0x41,0x08,0x00,0x00,0xCB,0x8B,0xB4,0xF6,0x32,0xE6,0x53,0xE6,0x53,0xE6,0x53,0xE6,
    0x53,0xE6,0x53,0xE6,0x53,0xE6,0x53,0xE6,0x53,0xE6,0x53,0xE6,0x53,0xE6,0x53,0xE6,
    0x53,0xE6,0x53,0xE6,0x53,0xE6,0x53,0xE6,0x53,0xE6,0x53,0xE6,0x53,0xE6,0x53,0xE6,
    0x53,0xE6,0x53,0xE6,0x53,0xE6,0x53,0xE6,0x53,0xE6,0x53,0xE6,0x53,0xE6,0x53,0xE6,
    0x32,0xE6,0xB4,0xF6,0x93,0xEE,0x52,0xE6,0x53,0xE6,0x53,0xE6,0x53,0xE6,0x53,0xE6,
    0x53,0xE6,0x53,0xE6,0x53,0xE6,0x32,0xE6,0xD4,0xFE,0xEC,0x93,0x41,0x08,0x23,0x29,
    0x81,0x10,0x00,0x00,0x00,0x00,0x06,0x4A,0xE9,0x6A,0x41,0x08,0x20,0x08,0x00,0x00,
    0x00,0x00,0xC2,0x20,0x23,0x29,0xA5,0x39,0xB4,0xF6,0x52,0xE6,0x53,0xE6,0x53,0xE6,
    0x53,0xE6,0x53,0xE6,0x53,0xE6,0x53,0xE6,0x53,0xE6,0x53,0xE6,0x53,0xE6,0x53,0xE6,
    0x53,0xE6,0x53,0xE6,0x53,0xE6,0x53,0xE6,0x53,0xE6,0x53,0xE6,0x53,0xE6,0x53,0xE6,
    0x53,0xE6,0x53,0xE6,0x53,0xE6,0x53,0xE6,0x73,0xEE,0xE6,0x49,0x44,0x31,0xE3,0x20,
    0x00,0x00,0x84,0x39,0xE5,0x41,0x00,0x00,0xAB,0x8B,0xC2,0x20,0x00,0x00,0x00,0x00,
    0x00,0x00,0x00,0x00,0x61,0x10,0x90,0xCD,0x93,0xF6,0x32,0xE6,0x53,0xE6,0x53,0xE6,
    0x53,0xE6,0x53,0xE6,0x53,0xE6,0x53,0xE6,0x53,0xE6,0x32,0xE6,0x53,0xE6,0x53,0xE6,
    0x53,0xE6,0x53,0xE6,0x53,0xE6,0x53,0xE6,0x53,0xE6,0x53,0xE6,0x53,0xE6,0x53,0xE6,
    0x53,0xE6,0x53,0xE6,0x53,0xE6,0x52,0xE6,0x53,0xE6,0x53,0xE6,0x53,0xE6,0x53,0xE6,
    0x53,0xE6,0x53,0xE6,0x53,0xE6,0x53,0xE6,0x53,0xE6,0x53,0xE6,0x53,0xE6,0x53,0xE6,
    0x53,0xE6,0x53,0xE6,0x53,0xE6,0x53,0xE6,0x53,0xE6,0x52,0xE6,0x53,0xEE,0x12,0xDE,
    0xA2,0x18,0x00,0x00,0x00,0x00,0x2F,0xBD,0x93,0xF6,0x32,0xE6,0x53,0xE6,0x53,0xE6,
    0x53,0xE6,0x53,0xE6,0x53,0xE6,0x53,0xE6,0x53,0xE6,0x53,0xE6,0x53,0xE6,0x53,0xE6,
    0x53,0xE6,0x53,0xE6,0x53,0xE6,0x53,0xE6,0x53,0xE6,0x53,0xE6,0x53,0xE6,0x53,0xE6,
    0x53,0xE6,0x53,0xE6,0x53,0xE6,0x53,0xE6,0x53,0xE6,0x53,0xE6,0x53,0xE6,0x53,0xE6,
    0x53,0xE6,0x53,0xE6,0x53,0xE6,0x53,0xE6,0x53,0xE6,0x53,0xE6,0x53,0xE6,0x53,0xE6,
    0x53,0xE6,0x53,0xE6,0x53,0xE6,0x53,0xE6,0x32,0xE6,0x32,0xE6,0x93,0xEE,0xB4,0xF6,
    0xB4,0xF6,0x93,0xF6,0x53,0xE6,0x32,0xE6,0x53,0xE6,0x53,0xE6,0x53,0xE6,0x53,0xE6,
    0x53,0xE6,0x53,0xE6,0x53,0xE6,0x53,0xE6,0x53,0xE6,0x53,0xE6,0x53,0xE6,0x53,0xE6,
    0x53,0xE6,0x53,0xE6,0x53,0xE6,0x53,0xE6,0x53,0xE6,0x53,0xE6,0x53,0xE6,0x53,0xE6,
    0x53,0xE6,0x53,0xE6,0x53,0xE6,0x53,0xE6,0x53,0xE6,0x53,0xE6,0x53,0xE6,0x53,0xE6,
    0x53,0xE6,0x53,0xE6,0x53,0xE6,0x53,0xE6,0x53,0xE6,0x53,0xE6,0x53,0xE6,0x53,0xE6,
    0x73,0xEE,0x93,0xEE,0x53,0xE6,0x32,0xE6,0x32,0xE6,0x53,0xEE,0xF2,0xDD,0x61,0x10,
    0x00,0x00,0x00,0x00,0x26,0x4A,0xB4,0xF6,0x32,0xE6,0x53,0xE6,0x53,0xE6,0x53,0xE6,
    0x53,0xE6,0x53,0xE6,0x53,0xE6,0x53,0xE6,0x53,0xE6,0x53,0xE6,0x53,0xE6,0x53,0xE6,
    0x53,0xE6,0x53,0xE6,0x53,0xE6,0x53,0xE6,0x53,0xE6,0x53,0xE6,0x53,0xE6,0x53,0xE6,
    0x53,0xE6,0x53,0xE6,0x53,0xE6,0x53,0xE6,0x53,0xE6,0x53,0xE6,0x53,0xE6,0x53,0xE6,
    0x53,0xE6,0x32,0xE6,0x52,0xE6,0x53,0xE6,0x53,0xE6,0x53,0xE6,0x53,0xE6,0x53,0xE6,
    0x53,0xE6,0x53,0xE6,0x32,0xE6,0xB4,0xF6,0xEE,0xB4,0x00,0x00,0xC2,0x20,0x41,0x08,
    0x00,0x00,0x00,0x00,0x23,0x29,0x49,0x7B,0xA2,0x18,0x00,0x00,0x00,0x00,0x00,0x00,
    0x20,0x08,0xE3,0x20,0xA2,0x18,0xD1,0xD5,0x73,0xEE,0x32,0xE6,0x53,0xE6,0x53,0xE6,
    0x53,0xE6,0x53,0xE6,0x53,0xE6,0x53,0xE6,0x53,0xE6,0x53,0xE6,0x53,0xE6,0x53,0xE6,
    0x53,0xE6,0x53,0xE6,0x53,0xE6,0x53,0xE6,0x53,0xE6,0x53,0xE6,0x53,0xE6,0x53,0xE6,
    0x53,0xE6,0x53,0xE6,0x53,0xE6,0x52,0xE6,0x53,0xE6,0x73,0xEE,0xE6,0x49,0xE3,0x20,
    0xA2,0x18,0x00,0x00,0x81,0x10,0x00,0x00,0xA5,0x39,0xCE,0xB4,0x41,0x08,0x00,0x00,
    0x00,0x00,0x00,0x00,0x00,0x00,0x23,0x29,0xF2,0xDD,0x73,0xEE,0x32,0xE6,0x53,0xE6,
    0x53,0xE6,0x53,0xE6,0x53,0xE6,0x53,0xE6,0x53,0xE6,0x53,0xE6,0x53,0xE6,0x53,0xE6,
    0x53,0xE6,0x53,0xE6,0x53,0xE6,0x53,0xE6,0x53,0xE6,0x53,0xE6,0x53,0xE6,0x53,0xE6,
    0x53,0xE6,0x53,0xE6,0x52,0xE6,0x73,0xEE,0x53,0xE6,0x53,0xE6,0x53,0xE6,0x53,0xE6,
    0x53,0xE6,0x53,0xE6,0x53,0xE6,0x53,0xE6,0x53,0xE6,0x53,0xE6,0x53,0xE6,0x53,0xE6,
    0x53,0xE6,0x53,0xE6,0x53,0xE6,0x53,0xE6,0x53,0xE6,0x32,0xE6,0xB4,0xF6,0x6A,0x7B,
    0x00,0x00,0x00,0x00,0x03,0x29,0x53,0xEE,0x53,0xE6,0x53,0xE6,0x53,0xE6,0x53,0xE6,
    0x53,0xE6,0x53,0xE6,0x53,0xE6,0x53,0xE6,0x53,0xE6,0x53,0xE6,0x53,0xE6,0x53,0xE6,
    0x53,0xE6,0x53,0xE6,0x53,0xE6,0x53,0xE6,0x53,0xE6,0x53,0xE6,0x53,0xE6,0x53,0xE6,
    0x53,0xE6,0x53,0xE6,0x53,0xE6,0x53,0xE6,0x53,0xE6,0x53,0xE6,0x53,0xE6,0x53,0xE6,
    0x53,0xE6,0x53,0xE6,0x53,0xE6,0x53,0xE6,0x53,0xE6,0x53,0xE6,0x53,0xE6,0x53,0xE6,
    0x53,0xE6,0x53,0xE6,0x53,0xE6,0x32,0xE6,0x93,0xEE,0x93,0xEE,0x70,0xCD,0x4D,0x9C,
    0x2C,0x9C,0x2F,0xBD,0x32,0xE6,0xB4,0xF6,0x32,0xE6,0x53,0xE6,0x53,0xE6,0x53,0xE6,
    0x53,0xE6,0x53,0xE6,0x53,0xE6,0x53,0xE6,0x53,0xE6,0x53,0xE6,0x53,0xE6,0x53,0xE6,
    0x53,0xE6,0x53,0xE6,0x53,0xE6,0x53,0xE6,0x53,0xE6,0x53,0xE6,0x53,0xE6,0x53,0xE6,
    0x53,0xE6,0x53,0xE6,0x53,0xE6,0x53,0xE6,0x53,0xE6,0x53,0xE6,0x53,0xE6,0x53,0xE6,
    0x53,0xE6,0x53,0xE6,0x53,0xE6,0x53,0xE6,0x53,0xE6,0x53,0xE6,0x52,0xE6,0x73,0xEE,
    0xB4,0xF6,0xB4,0xF6,0x53,0xEE,0x53,0xE6,0x53,0xE6,0x53,0xE6,0x32,0xE6,0xE2,0x20,
    0x00,0x00,0x00,0x00,0xA5,0x39,0x93,0xEE,0x32,0xE6,0x53,0xE6,0x53,0xE6,0x53,0xE6,
    0x53,0xE6,0x53,0xE6,0x53,0xE6,0x53,0xE6,0x53,0xE6,0x53,0xE6,0x53,0xE6,0x53,0xE6,
    0x53,0xE6,0x53,0xE6,0x53,0xE6,0x53,0xE6,0x53,0xE6,0x53,0xE6,0x53,0xE6,0x53,0xE6,
    0x53,0xE6,0x53,0xE6,0x53,0xE6,0x53,0xE6,0x53,0xE6,0x53,0xE6,0x53,0xE6,0x53,0xE6,
    0x53,0xE6,0x53,0xE6,0x53,0xE6,0x53,0xE6,0x53,0xE6,0x53,0xE6,0x53,0xE6,0x53,0xE6,
    0x53,0xE6,0x32,0xE6,0xB4,0xF6,0x50,0xC5,0x41,0x08,0x23,0x29,0x61,0x10,0x00,0x00,
    0x00,0x00,0x81,0x10,0xAB,0x83,0x61,0x10,0x00,0x00,0x00,0x00,0x00,0x00,0x00,0x00,
    0x44,0x29,0x82,0x10,0xEE,0xB4,0xB4,0xF6,0x32,0xE6,0x53,0xE6,0x53,0xE6,0x53,0xE6,
    0x53,0xE6,0x53,0xE6,0x53,0xE6,0x53,0xE6,0x53,0xE6,0x53,0xE6,0x53,0xE6,0x53,0xE6,
    0x53,0xE6,0x53,0xE6,0x53,0xE6,0x53,0xE6,0x53,0xE6,0x53,0xE6,0x53,0xE6,0x53,0xE6,
    0x53,0xE6,0x53,0xE6,0x53,0xE6,0x53,0xE6,0x32,0xE6,0x93,0xEE,0x50,0xC5,0x81,0x10,
    0x84,0x39,0x41,0x08,0x00,0x00,0x20,0x00,0x00,0x00,0x67,0x5A,0x0C,0x94,0x41,0x08,
    0x00,0x00,0x00,0x00,0x00,0x00,0x00,0x00,0x44,0x31,0x53,0xE6,0x53,0xEE,0x32,0xE6,
    0x53,0xE6,0x53,0xE6,0x53,0xE6,0x53,0xE6,0x53,0xE6,0x53,0xE6,0x53,0xE6,0x53,0xE6,
    0x53,0xE6,0x53,0xE6,0x53,0xE6,0x53,0xE6,0x53,0xE6,0x53,0xE6,0x53,0xE6,0x53,0xE6,
    0x53,0xE6,0x32,0xE6,0x73,0xEE,0x12,0xDE,0x53,0xE6,0x53,0xE6,0x53,0xE6,0x53,0xE6,
    0x53,0xE6,0x53,0xE6,0x53,0xE6,0x53,0xE6,0x53,0xE6,0x53,0xE6,0x53,0xE6,0x53,0xE6,
    0x53,0xE6,0x53,0xE6,0x53,0xE6,0x53,0xE6,0x52,0xE6,0x73,0xEE,0xF2,0xDD,0x82,0x18,
    0x00,0x00,0x00,0x00,0xA8,0x62,0xD4,0xF6,0x32,0xE6,0x53,0xE6,0x53,0xE6,0x53,0xE6,
    0x53,0xE6,0x53,0xE6,0x53,0xE6,0x53,0xE6,0x53,0xE6,0x53,0xE6,0x53,0xE6,0x53,0xE6,
    0x53,0xE6,0x53,0xE6,0x53,0xE6,0x53,0xE6,0x53,0xE6,0x53,0xE6,0x53,0xE6,0x53,0xE6,
    0x53,0xE6,0x53,0xE6,0x53,0xE6,0x53,0xE6,0x53,0xE6,0x53,0xE6,0x53,0xE6,0x53,0xE6,
    0x53,0xE6,0x53,0xE6,0x53,0xE6,0x53,0xE6,0x53,0xE6,0x53,0xE6,0x53,0xE6,0x53,0xE6,
    0x53,0xE6,0x53,0xE6,0x32,0xE6,0xB4,0xF6,0x50,0xC5,0xE6,0x49,0x00,0x00,0x00,0x00,
    0x00,0x00,0x00,0x00,0x03,0x21,0x2C,0x9C,0x94,0xF6,0x32,0xE6,0x53,0xE6,0x53,0xE6,
    0x53,0xE6,0x53,0xE6,0x53,0xE6,0x53,0xE6,0x53,0xE6,0x53,0xE6,0x53,0xE6,0x53,0xE6,
    0x53,0xE6,0x53,0xE6,0x53,0xE6,0x53,0xE6,0x53,0xE6,0x53,0xE6,0x53,0xE6,0x53,0xE6,
    0x53,0xE6,0x53,0xE6,0x53,0xE6,0x53,0xE6,0x53,0xE6,0x53,0xE6,0x53,0xE6,0x53,0xE6,
    0x53,0xE6,0x53,0xE6,0x53,0xE6,0x53,0xE6,0x53,0xE6,0x52,0xE6,0x73,0xEE,0x12,0xDE,
    0xE9,0x6A,0xE9,0x6A,0x12,0xDE,0x53,0xEE,0x52,0xE6,0x53,0xE6,0x32,0xE6,0xE2,0x20,
    0x00,0x00,0x00,0x00,0xC5,0x41,0x93,0xF6,0x32,0xE6,0x53,0xE6,0x53,0xE6,0x53,0xE6,
    0x53,0xE6,0x53,0xE6,0x53,0xE6,0x53,0xE6,0x53,0xE6,0x53,0xE6,0x53,0xE6,0x53,0xE6,
    0x53,0xE6,0x53,0xE6,0x53,0xE6,0x53,0xE6,0x53,0xEE,0x53,0xE6,0x53,0xE6,0x53,0xE6,
    0x53,0xE6,0x53,0xE6,0x53,0xE6,0x53,0xE6,0x53,0xE6,0x53,0xE6,0x53,0xE6,0x53,0xE6,
    0x53,0xE6,0x53,0xE6,0x53,0xE6,0x53,0xE6,0x53,0xE6,0x53,0xE6,0x53,0xE6,0x53,0xE6,
    0x32,0xE6,0x93,0xEE,0xD1,0xD5,0xE2,0x20,0x81,0x10,0x23,0x29,0x00,0x00,0x00,0x00,
    0x41,0x08,0x6A,0x7B,0x23,0x29,0x00,0x00,0x20,0x00,0x00,0x00,0x00,0x00,0x03,0x29,
    0x61,0x10,0x0C,0x94,0xD4,0xFE,0x32,0xE6,0x53,0xE6,0x53,0xE6,0x53,0xE6,0x53,0xE6,
    0x53,0xE6,0x53,0xE6,0x53,0xE6,0x53,0xE6,0x53,0xE6,0x53,0xE6,0x53,0xE6,0x53,0xE6,
    0x53,0xE6,0x53,0xE6,0x53,0xE6,0x53,0xE6,0x53,0xE6,0x53,0xE6,0x53,0xE6,0x53,0xE6,
    0x53,0xE6,0x53,0xE6,0x53,0xE6,0x53,0xE6,0x53,0xE6,0x32,0xE6,0xD4,0xF6,0x4D,0x9C,
    0x00,0x00,0x84,0x39,0x00,0x00,0x00,0x00,0x00,0x00,0x00,0x00,0xE9,0x6A,0x6A,0x7B,
    0x00,0x00,0x20,0x00,0x00,0x00,0x20,0x00,0x00,0x00,0x06,0x4A,0x93,0xEE,0x53,0xE6,
    0x32,0xE6,0x53,0xE6,0x53,0xE6,0x53,0xE6,0x53,0xE6,0x53,0xE6,0x53,0xE6,0x53,0xE6,
    0x53,0xE6,0x53,0xE6,0x53,0xE6,0x53,0xE6,0x53,0xE6,0x53,0xE6,0x53,0xE6,0x53,0xE6,
    0x32,0xE6,0xB4,0xF6,0xEF,0xB4,0xA2,0x18,0xD1,0xD5,0x73,0xEE,0x52,0xE6,0x53,0xE6,
    0x53,0xE6,0x53,0xE6,0x53,0xE6,0x53,0xE6,0x53,0xE6,0x53,0xE6,0x53,0xE6,0x53,0xE6,
    0x53,0xE6,0x53,0xE6,0x53,0xE6,0x53,0xE6,0x32,0xE6,0xB4,0xF6,0x8A,0x83,0x00,0x00,
    0x21,0x08,0x00,0x00,0x0C,0x94,0xB4,0xF6,0x32,0xE6,0x53,0xE6,0x53,0xE6,0x53,0xE6,
    0x53,0xE6,0x53,0xE6,0x53,0xE6,0x53,0xE6,0x53,0xE6,0x53,0xE6,0x53,0xE6,0x53,0xE6,
    0x53,0xE6,0x53,0xE6,0x53,0xE6,0x53,0xE6,0x53,0xE6,0x53,0xE6,0x53,0xE6,0x53,0xE6,
    0x53,0xE6,0x53,0xE6,0x53,0xE6,0x53,0xE6,0x53,0xE6,0x53,0xE6,0x53,0xE6,0x53,0xE6,
    0x53,0xE6,0x53,0xE6,0x53,0xE6,0x53,0xE6,0x53,0xE6,0x53,0xE6,0x53,0xE6,0x53,0xE6,
    0x53,0xE6,0x32,0xE6,0xB4,0xF6,0xAE,0xAC,0x41,0x08,0x00,0x00,0xA5,0x41,0x4F,0xC5,
    0xD1,0xD5,0x09,0x6B,0x00,0x00,0x00,0x00,0xAE,0xAC,0x93,0xF6,0x32,0xE6,0x53,0xE6,
    0x53,0xE6,0x53,0xE6,0x53,0xE6,0x53,0xE6,0x53,0xE6,0x53,0xE6,0x53,0xE6,0x53,0xE6,
    0x53,0xE6,0x53,0xE6,0x53,0xE6,0x53,0xE6,0x53,0xE6,0x53,0xE6,0x53,0xE6,0x53,0xE6,
    0x53,0xE6,0x53,0xE6,0x53,0xE6,0x53,0xE6,0x53,0xE6,0x53,0xE6,0x53,0xE6,0x53,0xE6,
    0x53,0xE6,0x53,0xE6,0x53,0xE6,0x53,0xE6,0x53,0xE6,0x32,0xE6,0xB4,0xF6,0xA8,0x62,
    0x00,0x00,0x00,0x00,0x09,0x73,0xB4,0xF6,0x32,0xE6,0x53,0xE6,0xF2,0xDD,0x81,0x10,
    0x00,0x00,0x00,0x00,0xA8,0x62,0xB4,0xF6,0x32,0xE6,0x53,0xE6,0x53,0xE6,0x53,0xE6,
    0x53,0xE6,0x53,0xE6,0x53,0xE6,0x53,0xE6,0x53,0xE6,0x53,0xE6,0x53,0xE6,0x53,0xE6,
    0x53,0xE6,0x32,0xE6,0xB4,0xF6,0x87,0x5A,0xE9,0x6A,0xD4,0xFE,0x32,0xE6,0x53,0xE6,
    0x53,0xE6,0x53,0xE6,0x53,0xE6,0x53,0xE6,0x53,0xE6,0x53,0xE6,0x53,0xE6,0x53,0xE6,
    0x53,0xE6,0x53,0xE6,0x53,0xE6,0x53,0xE6,0x53,0xE6,0x53,0xE6,0x53,0xE6,0x32,0xE6,
    0x73,0xEE,0x12,0xDE,0x03,0x29,0x44,0x31,0x03,0x21,0x00,0x00,0x00,0x00,0x00,0x00,
    0xC8,0x6A,0x64,0x31,0x00,0x00,0x00,0x00,0x00,0x00,0x00,0x00,0x23,0x29,0xE3,0x20,
    0x29,0x73,0xD4,0xFE,0x32,0xE6,0x53,0xE6,0x53,0xE6,0x53,0xE6,0x53,0xE6,0x53,0xE6,
    0x53,0xE6,0x53,0xE6,0x53,0xE6,0x53,0xE6,0x53,0xE6,0x53,0xE6,0x53,0xE6,0x53,0xE6,
    0x53,0xE6,0x53,0xE6,0x53,0xE6,0x53,0xE6,0x53,0xE6,0x53,0xE6,0x53,0xE6,0x53,0xE6,
    0x53,0xE6,0x53,0xE6,0x53,0xE6,0x53,0xE6,0x53,0xE6,0x53,0xE6,0x32,0xE6,0xD4,0xFE,
    0xA8,0x62,0x61,0x10,0xC5,0x41,0x00,0x00,0x00,0x00,0x00,0x00,0x00,0x00,0x87,0x5A,
    0xE9,0x6A,0x00,0x00,0x20,0x00,0x00,0x00,0x41,0x08,0x00,0x00,0x26,0x4A,0x93,0xEE,
    0x53,0xE6,0x32,0xE6,0x52,0xE6,0x53,0xE6,0x53,0xE6,0x53,0xE6,0x53,0xE6,0x53,0xE6,
    0x53,0xE6,0x53,0xE6,0x53,0xE6,0x53,0xE6,0x53,0xE6,0x53,0xE6,0x53,0xE6,0x32,0xE6,
    0x73,0xEE,0x12,0xDE,0x61,0x10,0xA8,0x62,0x93,0xEE,0x52,0xE6,0x53,0xE6,0x53,0xE6,
    0x53,0xE6,0x53,0xE6,0x53,0xE6,0x53,0xE6,0x53,0xE6,0x53,0xE6,0x53,0xE6,0x53,0xE6,
    0x53,0xE6,0x53,0xE6,0x53,0xE6,0x53,0xE6,0x53,0xE6,0x73,0xEE,0x23,0x29,0x20,0x00,
    0x20,0x08,0x20,0x00,0x2F,0xBD,0x93,0xEE,0x52,0xE6,0x53,0xE6,0x53,0xE6,0x53,0xE6,
    0x53,0xE6,0x53,0xE6,0x53,0xE6,0x53,0xE6,0x53,0xE6,0x53,0xE6,0x53,0xE6,0x53,0xE6,
    0x53,0xE6,0x53,0xE6,0x53,0xE6,0x53,0xE6,0x53,0xE6,0x53,0xE6,0x53,0xE6,0x53,0xE6,
    0x53,0xE6,0x53,0xE6,0x53,0xE6,0x53,0xE6,0x53,0xE6,0x53,0xE6,0x53,0xE6,0x53,0xE6,
    0x53,0xE6,0x53,0xE6,0x53,0xE6,0x53,0xE6,0x53,0xE6,0x53,0xE6,0x53,0xE6,0x53,0xE6,
    0x52,0xE6,0x73,0xEE,0xB1,0xD5,0x81,0x10,0x00,0x00,0xC2,0x18,0x12,0xDE,0x93,0xF6,
    0xF5,0xFE,0x09,0x73,0x00,0x00,0x00,0x00,0x87,0x5A,0xD4,0xFE,0x32,0xE6,0x53,0xE6,
    0x53,0xE6,0x53,0xE6,0x53,0xE6,0x53,0xE6,0x53,0xE6,0x53,0xE6,0x53,0xE6,0x53,0xE6,
    0x53,0xE6,0x53,0xE6,0x53,0xE6,0x53,0xE6,0x53,0xE6,0x53,0xE6,0x53,0xE6,0x53,0xE6,
    0x53,0xE6,0x53,0xE6,0x53,0xE6,0x53,0xE6,0x53,0xE6,0x53,0xE6,0x53,0xE6,0x53,0xE6,
    0x53,0xE6,0x53,0xE6,0x53,0xE6,0x53,0xE6,0x53,0xE6,0x32,0xE6,0xB4,0xF6,0x06,0x4A,
    0x00,0x00,0x20,0x08,0xAB,0x8B,0xF4,0xFE,0x32,0xE6,0xF4,0xFE,0x8D,0xAC,0x00,0x00,
    0x20,0x00,0x00,0x00,0x0F,0xBD,0x93,0xF6,0x32,0xE6,0x53,0xE6,0x53,0xE6,0x53,0xE6,
    0x53,0xE6,0x53,0xE6,0x53,0xE6,0x53,0xE6,0x53,0xE6,0x53,0xE6,0x53,0xE6,0x53,0xE6,
    0x53,0xE6,0x32,0xE6,0x93,0xEE,0xCE,0xAC,0x00,0x00,0x6D,0xA4,0xD4,0xFE,0x32,0xE6,
    0x53,0xE6,0x53,0xE6,0x53,0xE6,0x53,0xE6,0x53,0xE6,0x53,0xE6,0x53,0xE6,0x53,0xE6,
    0x53,0xE6,0x53,0xE6,0x53,0xE6,0x53,0xE6,0x53,0xE6,0x53,0xE6,0x32,0xE6,0x73,0xEE,
    0x32,0xE6,0x44,0x31,0xA2,0x18,0xA5,0x39,0x61,0x10,0x00,0x00,0x00,0x00,0x67,0x5A,
    0x87,0x5A,0x00,0x00,0x00,0x00,0x00,0x00,0x00,0x00,0x82,0x10,0x03,0x29,0xE6,0x49,
    0xB4,0xF6,0x32,0xE6,0x53,0xE6,0x53,0xE6,0x53,0xE6,0x53,0xE6,0x53,0xE6,0x53,0xE6,
    0x53,0xE6,0x53,0xE6,0x53,0xE6,0x53,0xE6,0x53,0xE6,0x53,0xE6,0x53,0xE6,0x53,0xE6,
    0x53,0xE6,0x53,0xE6,0x53,0xE6,0x53,0xE6,0x53,0xE6,0x53,0xE6,0x53,0xE6,0x53,0xE6,
    0x53,0xE6,0x53,0xE6,0x53,0xE6,0x53,0xE6,0x53,0xE6,0x53,0xE6,0x53,0xE6,0x52,0xE6,
    0x93,0xF6,0x67,0x5A,0xA2,0x18,0x84,0x39,0x00,0x00,0x00,0x00,0x20,0x08,0x00,0x00,
    0x29,0x73,0x67,0x5A,0x00,0x00,0x20,0x00,0x00,0x00,0x20,0x08,0x00,0x00,0x67,0x5A,
    0x73,0xEE,0x53,0xEE,0x12,0xE6,0x32,0xE6,0x53,0xE6,0x53,0xE6,0x53,0xE6,0x53,0xE6,
    0x53,0xE6,0x53,0xE6,0x53,0xE6,0x53,0xE6,0x53,0xE6,0x53,0xE6,0x53,0xE6,0x53,0xE6,
    0x93,0xF6,0x23,0x29,0x84,0x39,0xD4,0xFE,0x53,0xE6,0x53,0xE6,0x53,0xE6,0x53,0xE6,
    0x53,0xE6,0x53,0xE6,0x53,0xE6,0x53,0xE6,0x53,0xE6,0x53,0xE6,0x53,0xE6,0x53,0xE6,
    0x53,0xE6,0x53,0xE6,0x53,0xE6,0x32,0xE6,0x93,0xF6,0xEE,0xB4,0x00,0x00,0x00,0x00,
    0x00,0x00,0x61,0x10,0x32,0xE6,0x53,0xE6,0x53,0xE6,0x53,0xE6,0x53,0xE6,0x53,0xE6,
    0x53,0xE6,0x53,0xE6,0x53,0xE6,0x53,0xE6,0x53,0xE6,0x53,0xE6,0x53,0xE6,0x53,0xE6,
    0x53,0xE6,0x53,0xE6,0x53,0xE6,0x53,0xE6,0x53,0xE6,0x53,0xE6,0x53,0xE6,0x53,0xE6,
    0x53,0xE6,0x53,0xE6,0x53,0xE6,0x53,0xE6,0x53,0xE6,0x53,0xE6,0x53,0xE6,0x53,0xE6,
    0x53,0xE6,0x53,0xE6,0x53,0xE6,0x53,0xE6,0x53,0xE6,0x53,0xE6,0x53,0xE6,0x53,0xE6,
    0x32,0xE6,0xB4,0xF6,0x67,0x5A,0x00,0x00,0x00,0x00,0x29,0x73,0xD4,0xF6,0xF2,0xDD,
    0x93,0xEE,0x2C,0x94,0x00,0x00,0x00,0x00,0xEC,0x93,0xB4,0xF6,0x32,0xE6,0x53,0xE6,
    0x53,0xE6,0x53,0xE6,0x53,0xE6,0x53,0xE6,0x53,0xE6,0x53,0xE6,0x53,0xE6,0x53,0xE6,
    0x53,0xE6,0x53,0xE6,0x53,0xE6,0x53,0xE6,0x53,0xE6,0x53,0xE6,0x53,0xE6,0x53,0xE6,
    0x53,0xE6,0x53,0xE6,0x53,0xE6,0x53,0xE6,0x53,0xE6,0x53,0xE6,0x53,0xE6,0x53,0xE6,
    0x53,0xE6,0x53,0xE6,0x53,0xE6,0x53,0xE6,0x53,0xE6,0x32,0xE6,0x93,0xEE,0x2F,0xBD,
    0x41,0x08,0x00,0x00,0xA8,0x62,0xD1,0xD5,0x32,0xE6,0x50,0xC5,0xE3,0x20,0x00,0x00,
    0x00,0x00,0x29,0x73,0xB4,0xF6,0x32,0xE6,0x53,0xE6,0x53,0xE6,0x53,0xE6,0x53,0xE6,
    0x53,0xE6,0x53,0xE6,0x53,0xE6,0x53,0xE6,0x53,0xE6,0x53,0xE6,0x53,0xE6,0x53,0xE6,
    0x53,0xE6,0x53,0xE6,0x32,0xE6,0xF4,0xFE,0xEC,0x93,0x00,0x00,0x50,0xC5,0x94,0xF6,
    0x32,0xE6,0x53,0xE6,0x53,0xE6,0x53,0xE6,0x53,0xE6,0x53,0xE6,0x53,0xE6,0x53,0xE6,
    0x53,0xE6,0x53,0xE6,0x53,0xE6,0x53,0xE6,0x53,0xE6,0x32,0xE6,0x32,0xE6,0x94,0xF6,
    0xA5,0x39,0x61,0x10,0xC2,0x18,0x00,0x00,0x00,0x00,0x00,0x00,0x06,0x4A,0x47,0x52,
    0x00,0x00,0x00,0x00,0x00,0x00,0x00,0x00,0x61,0x10,0x03,0x29,0xC2,0x20,0x12,0xDE,
    0x73,0xEE,0x52,0xE6,0x53,0xE6,0x53,0xE6,0x53,0xE6,0x53,0xE6,0x53,0xE6,0x53,0xE6,
    0x53,0xE6,0x53,0xE6,0x53,0xE6,0x53,0xE6,0x53,0xE6,0x53,0xE6,0x53,0xE6,0x53,0xE6,
    0x53,0xE6,0x53,0xE6,0x53,0xE6,0x53,0xE6,0x53,0xE6,0x53,0xE6,0x53,0xE6,0x53,0xE6,
    0x53,0xE6,0x53,0xE6,0x53,0xE6,0x53,0xE6,0x53,0xE6,0x53,0xE6,0x53,0xE6,0x52,0xE6,
    0x53,0xEE,0x73,0xEE,0x44,0x31,0x24,0x29,0x84,0x39,0x00,0x00,0x41,0x08,0x00,0x00,
    0x61,0x08,0xEF,0xB4,0x26,0x4A,0x00,0x00,0x20,0x08,0x00,0x00,0x20,0x08,0x00,0x00,
    0x47,0x52,0x73,0xEE,0x53,0xE6,0x32,0xE6,0x32,0xE6,0x53,0xE6,0x53,0xE6,0x53,0xE6,
    0x53,0xE6,0x53,0xE6,0x53,0xE6,0x53,0xE6,0x53,0xE6,0x53,0xE6,0x32,0xE6,0xD4,0xF6,
    0x67,0x5A,0x61,0x10,0x52,0xE6,0x53,0xEE,0x32,0xE6,0x53,0xE6,0x53,0xE6,0x53,0xE6,
    0x53,0xE6,0x53,0xE6,0x53,0xE6,0x53,0xE6,0x53,0xE6,0x53,0xE6,0x53,0xE6,0x53,0xE6,
    0x53,0xE6,0x53,0xE6,0x53,0xE6,0x52,0xE6,0x93,0xEE,0x2F,0xBD,0x6A,0x83,0x8B,0x83,
    0x8A,0x83,0x0C,0x94,0x53,0xEE,0x53,0xE6,0x53,0xE6,0x53,0xE6,0x53,0xE6,0x53,0xE6,
    0x53,0xE6,0x53,0xE6,0x53,0xE6,0x53,0xE6,0x53,0xE6,0x53,0xE6,0x53,0xE6,0x53,0xE6,
    0x53,0xE6,0x53,0xE6,0x53,0xE6,0x53,0xE6,0x53,0xE6,0x53,0xE6,0x53,0xE6,0x53,0xE6,
    0x53,0xE6,0x53,0xE6,0x53,0xE6,0x53,0xE6,0x53,0xE6,0x53,0xE6,0x53,0xE6,0x53,0xE6,
    0x53,0xE6,0x53,0xE6,0x53,0xE6,0x53,0xE6,0x53,0xE6,0x53,0xE6,0x53,0xE6,0x52,0xE6,
    0x73,0xEE,0xB1,0xD5,0x41,0x08,0x00,0x00,0x00,0x00,0x8E,0xAC,0xB4,0xF6,0x93,0xEE,
    0xB4,0xF6,0xB4,0xF6,0x2F,0xBD,0x0F,0xB5,0x73,0xEE,0x53,0xE6,0x53,0xE6,0x53,0xE6,
    0x53,0xE6,0x53,0xE6,0x53,0xE6,0x53,0xE6,0x53,0xE6,0x53,0xE6,0x53,0xE6,0x53,0xE6,
    0x53,0xE6,0x53,0xE6,0x53,0xE6,0x53,0xE6,0x53,0xE6,0x53,0xE6,0x53,0xE6,0x53,0xE6,
    0x53,0xE6,0x53,0xE6,0x53,0xE6,0x53,0xE6,0x53,0xE6,0x53,0xE6,0x53,0xE6,0x53,0xE6,
    0x53,0xE6,0x53,0xE6,0x53,0xE6,0x53,0xE6,0x53,0xE6,0x53,0xE6,0x32,0xE6,0xB4,0xF6,
    0xEF,0xB4,0x24,0x29,0x00,0x00,0x00,0x00,0x41,0x08,0x00,0x00,0x00,0x00,0xC2,0x20,
    0xEC,0x93,0x93,0xF6,0x52,0xE6,0x53,0xE6,0x53,0xE6,0x53,0xE6,0x53,0xE6,0x53,0xE6,
    0x53,0xE6,0x53,0xE6,0x53,0xE6,0x53,0xE6,0x53,0xE6,0x53,0xE6,0x53,0xE6,0x53,0xE6,
    0x53,0xE6,0x53,0xE6,0x53,0xE6,0x32,0xE6,0xD4,0xFE,0x47,0x52,0xA2,0x18,0x32,0xE6,
    0x73,0xEE,0x52,0xE6,0x53,0xE6,0x53,0xE6,0x53,0xE6,0x53,0xE6,0x53,0xE6,0x53,0xE6,
    0x53,0xE6,0x53,0xE6,0x53,0xE6,0x53,0xE6,0x32,0xE6,0x52,0xE6,0x93,0xF6,0xE6,0x49,
    0xC2,0x18,0xA5,0x39,0x20,0x00,0x20,0x08,0x00,0x00,0x06,0x4A,0x29,0x73,0x00,0x00,
    0x41,0x08,0x00,0x00,0x00,0x00,0x20,0x00,0xC2,0x18,0xC2,0x18,0x70,0xCD,0x93,0xF6,
    0x32,0xE6,0x53,0xE6,0x53,0xE6,0x53,0xE6,0x53,0xE6,0x53,0xE6,0x53,0xE6,0x53,0xE6,
    0x53,0xE6,0x53,0xE6,0x53,0xE6,0x53,0xE6,0x53,0xE6,0x53,0xE6,0x53,0xE6,0x53,0xE6,
    0x53,0xE6,0x53,0xE6,0x53,0xE6,0x53,0xE6,0x53,0xE6,0x53,0xE6,0x53,0xE6,0x53,0xE6,
    0x53,0xE6,0x53,0xE6,0x53,0xE6,0x53,0xE6,0x53,0xE6,0x53,0xE6,0x53,0xE6,0x53,0xE6,
    0x32,0xE6,0x73,0xEE,0x32,0xE6,0x23,0x29,0xE3,0x20,0xE3,0x20,0x00,0x00,0x20,0x00,
    0x00,0x00,0x64,0x31,0xD1,0xD5,0xE6,0x49,0x00,0x00,0x20,0x08,0x00,0x00,0x81,0x10,
    0x41,0x08,0x26,0x4A,0x93,0xEE,0x53,0xEE,0x32,0xE6,0x52,0xE6,0x53,0xE6,0x53,0xE6,
    0x53,0xE6,0x53,0xE6,0x53,0xE6,0x53,0xE6,0x53,0xE6,0x32,0xE6,0xB4,0xF6,0x4D,0x9C,
    0x00,0x00,0x70,0xCD,0x93,0xEE,0x32,0xE6,0x53,0xE6,0x53,0xE6,0x53,0xE6,0x53,0xE6,
    0x53,0xE6,0x53,0xE6,0x53,0xE6,0x53,0xE6,0x53,0xE6,0x53,0xE6,0x53,0xE6,0x32,0xE6,
    0x53,0xE6,0x53,0xE6,0x53,0xE6,0x53,0xE6,0x52,0xE6,0x73,0xEE,0xD4,0xF6,0xD4,0xF6,
    0xD4,0xF6,0xB4,0xF6,0x53,0xE6,0x53,0xE6,0x53,0xE6,0x53,0xE6,0x53,0xE6,0x53,0xE6,
    0x53,0xE6,0x53,0xE6,0x53,0xE6,0x53,0xE6,0x53,0xE6,0x53,0xE6,0x53,0xE6,0x53,0xE6,
    0x53,0xE6,0x53,0xE6,0x53,0xE6,0x53,0xE6,0x53,0xE6,0x53,0xE6,0x53,0xE6,0x53,0xE6,
    0x53,0xE6,0x53,0xE6,0x53,0xE6,0x53,0xE6,0x53,0xE6,0x53,0xE6,0x53,0xE6,0x53,0xE6,
    0x53,0xE6,0x53,0xE6,0x53,0xE6,0x53,0xE6,0x53,0xE6,0x53,0xE6,0x53,0xE6,0x32,0xE6,
    0xB4,0xF6,0x2C,0x9C,0x00,0x00,0x00,0x00,0x00,0x00,0xB1,0xCD,0x93,0xEE,0xAE,0xAC,
    0x2C,0x94,0x2F,0xBD,0xB4,0xF6,0xD4,0xFE,0x32,0xE6,0x53,0xE6,0x53,0xE6,0x53,0xE6,
    0x53,0xE6,0x53,0xE6,0x53,0xE6,0x53,0xE6,0x53,0xE6,0x53,0xE6,0x53,0xE6,0x53,0xE6,
    0x53,0xE6,0x53,0xE6,0x53,0xE6,0x53,0xE6,0x53,0xE6,0x53,0xE6,0x53,0xE6,0x53,0xE6,
    0x53,0xE6,0x53,0xE6,0x53,0xE6,0x53,0xE6,0x53,0xE6,0x53,0xE6,0x53,0xE6,0x53,0xE6,
    0x53,0xE6,0x53,0xE6,0x53,0xE6,0x53,0xE6,0x53,0xE6,0x53,0xE6,0x53,0xE6,0x32,0xE6,
    0x93,0xF6,0x53,0xE6,0xCE,0xAC,0xCB,0x8B,0x6A,0x7B,0xCB,0x8B,0x8D,0xA4,0x12,0xDE,
    0xB4,0xF6,0x52,0xE6,0x53,0xE6,0x53,0xE6,0x53,0xE6,0x53,0xE6,0x53,0xE6,0x32,0xE6,
    0x32,0xE6,0x53,0xE6,0x53,0xE6,0x53,0xE6,0x53,0xE6,0x53,0xE6,0x53,0xE6,0x53,0xE6,
    0x53,0xE6,0x53,0xE6,0x53,0xE6,0x52,0xE6,0x53,0xE6,0x93,0xEE,0x03,0x29,0xA5,0x39,
    0x94,0xF6,0x52,0xE6,0x53,0xE6,0x53,0xE6,0x53,0xE6,0x53,0xE6,0x53,0xE6,0x53,0xE6,
    0x53,0xE6,0x53,0xE6,0x53,0xE6,0x32,0xE6,0x53,0xE6,0x93,0xF6,0xE6,0x49,0x81,0x10,
    0x06,0x4A,0x61,0x10,0x00,0x00,0x00,0x00,0x64,0x31,0x8B,0x83,0x00,0x00,0x00,0x00,
    0x20,0x00,0x00,0x00,0x21,0x08,0x82,0x10,0xA2,0x18,0x50,0xC5,0xB4,0xF6,0x32,0xE6,
    0x53,0xE6,0x53,0xE6,0x53,0xE6,0x53,0xE6,0x53,0xE6,0x53,0xE6,0x53,0xE6,0x53,0xE6,
    0x53,0xE6,0x53,0xE6,0x53,0xE6,0x53,0xE6,0x53,0xE6,0x53,0xE6,0x53,0xE6,0x53,0xE6,
    0x53,0xE6,0x53,0xE6,0x53,0xE6,0x53,0xE6,0x53,0xE6,0x53,0xE6,0x53,0xE6,0x53,0xE6,
    0x53,0xE6,0x53,0xE6,0x53,0xE6,0x53,0xE6,0x53,0xE6,0x53,0xE6,0x53,0xE6,0x53,0xE6,
    0x53,0xE6,0x32,0xE6,0x93,0xF6,0xB1,0xD5,0x20,0x08,0xC5,0x41,0x23,0x29,0x00,0x00,
    0x61,0x10,0x00,0x00,0x44,0x31,0x0F,0xB5,0x06,0x4A,0x00,0x00,0x20,0x00,0x00,0x00,
    0x20,0x08,0x00,0x00,0x26,0x52,0x73,0xEE,0x73,0xEE,0x32,0xE6,0x52,0xE6,0x53,0xE6,
    0x53,0xE6,0x53,0xE6,0x53,0xE6,0x53,0xE6,0x53,0xE6,0x52,0xE6,0x73,0xEE,0x91,0xCD,
    0x0F,0xBD,0x93,0xF6,0x32,0xE6,0x53,0xE6,0x53,0xE6,0x53,0xE6,0x53,0xE6,0x53,0xE6,
    0x53,0xE6,0x53,0xE6,0x53,0xE6,0x53,0xE6,0x53,0xE6,0x53,0xE6,0x53,0xE6,0xB4,0xF6,
    0x53,0xE6,0x32,0xE6,0x53,0xE6,0x53,0xE6,0x53,0xE6,0x52,0xE6,0x32,0xE6,0x32,0xE6,
    0x32,0xE6,0x32,0xE6,0x53,0xE6,0x53,0xE6,0x53,0xE6,0x53,0xE6,0x53,0xE6,0x53,0xE6,
    0x53,0xE6,0x53,0xE6,0x53,0xE6,0x53,0xE6,0x53,0xE6,0x53,0xE6,0x53,0xE6,0x53,0xE6,
    0x53,0xE6,0x53,0xE6,0x53,0xE6,0x53,0xE6,0x53,0xE6,0x53,0xE6,0x53,0xE6,0x53,0xE6,
    0x53,0xE6,0x53,0xE6,0x53,0xE6,0x53,0xE6,0x53,0xE6,0x53,0xE6,0x53,0xE6,0x53,0xE6,
    0x53,0xE6,0x53,0xE6,0x53,0xE6,0x53,0xE6,0x53,0xE6,0x53,0xE6,0x53,0xE6,0x32,0xE6,
    0xB4,0xF6,0xA8,0x62,0x00,0x00,0x00,0x00,0x41,0x08,0x0C,0x94,0x03,0x29,0x00,0x00,
    0x00,0x00,0x00,0x00,0x64,0x31,0x0F,0xB5,0x94,0xF6,0x32,0xE6,0x53,0xE6,0x53,0xE6,
    0x53,0xE6,0x53,0xE6,0x53,0xE6,0x53,0xE6,0x53,0xE6,0x53,0xE6,0x53,0xE6,0x53,0xE6,
    0x53,0xE6,0x53,0xE6,0x53,0xE6,0x53,0xE6,0x53,0xE6,0x53,0xE6,0x53,0xE6,0x53,0xE6,
    0x53,0xE6,0x53,0xE6,0x53,0xE6,0x53,0xE6,0x53,0xE6,0x53,0xE6,0x53,0xE6,0x53,0xE6,
    0x53,0xE6,0x53,0xE6,0x53,0xE6,0x53,0xE6,0x53,0xE6,0x53,0xE6,0x53,0xE6,0x53,0xE6,
    0x32,0xE6,0x53,0xE6,0x94,0xF6,0xD4,0xF6,0xD4,0xFE,0xD4,0xF6,0xB4,0xF6,0x53,0xEE,
    0x32,0xE6,0x53,0xE6,0x53,0xE6,0x53,0xE6,0x53,0xE6,0x53,0xE6,0x32,0xE6,0x93,0xEE,
    0x93,0xEE,0x32,0xE6,0x53,0xE6,0x53,0xE6,0x53,0xE6,0x53,0xE6,0x53,0xE6,0x53,0xE6,
    0x53,0xE6,0x53,0xE6,0x53,0xE6,0x53,0xE6,0x32,0xE6,0x93,0xEE,0x70,0xCD,0x4D,0x9C,
    0x73,0xEE,0x52,0xE6,0x53,0xE6,0x53,0xE6,0x53,0xE6,0x53,0xE6,0x53,0xE6,0x53,0xE6,
    0x53,0xE6,0x53,0xE6,0x32,0xE6,0x53,0xEE,0x73,0xEE,0xC5,0x41,0x44,0x31,0xE6,0x49,
    0x20,0x00,0x20,0x00,0x00,0x00,0x24,0x29,0x8A,0x83,0x81,0x10,0x41,0x08,0x20,0x08,
    0x00,0x00,0x20,0x08,0x03,0x29,0x20,0x00,0xCE,0xB4,0xD4,0xFE,0x32,0xE6,0x53,0xE6,
    0x53,0xE6,0x53,0xE6,0x53,0xE6,0x53,0xE6,0x53,0xE6,0x53,0xE6,0x53,0xE6,0x53,0xE6,
    0x53,0xE6,0x53,0xE6,0x53,0xE6,0x53,0xE6,0x53,0xE6,0x53,0xE6,0x53,0xE6,0x53,0xE6,
    0x53,0xE6,0x53,0xE6,0x53,0xE6,0x53,0xE6,0x53,0xE6,0x53,0xE6,0x53,0xE6,0x53,0xE6,
    0x53,0xE6,0x53,0xE6,0x53,0xE6,0x53,0xE6,0x53,0xE6,0x53,0xE6,0x53,0xE6,0x53,0xE6,
    0x53,0xE6,0x53,0xE6,0x32,0xE6,0x93,0xF6,0xEF,0xB4,0x20,0x08,0x03,0x29,0xE3,0x20,
    0x00,0x00,0x20,0x08,0x00,0x00,0xA2,0x18,0xAE,0xAC,0x06,0x4A,0x00,0x00,0x20,0x00,
    0x00,0x00,0x20,0x00,0x00,0x00,0x84,0x39,0xD1,0xD5,0x93,0xEE,0x32,0xE6,0x53,0xE6,
    0x53,0xE6,0x53,0xE6,0x53,0xE6,0x53,0xE6,0x53,0xE6,0x53,0xE6,0x52,0xE6,0x73,0xEE,
    0x93,0xF6,0x32,0xE6,0x53,0xE6,0x53,0xE6,0x53,0xE6,0x53,0xE6,0x53,0xE6,0x53,0xE6,
    0x53,0xE6,0x53,0xE6,0x53,0xE6,0x53,0xE6,0x53,0xE6,0x73,0xEE,0x12,0xDE,0x2C,0x94,
    0x53,0xE6,0xB4,0xF6,0x52,0xE6,0x53,0xE6,0x53,0xE6,0x53,0xE6,0x53,0xE6,0x53,0xE6,
    0x53,0xE6,0x53,0xE6,0x53,0xE6,0x53,0xE6,0x53,0xE6,0x53,0xE6,0x53,0xE6,0x53,0xE6,
    0x53,0xE6,0x53,0xE6,0x53,0xE6,0x53,0xE6,0x53,0xE6,0x53,0xE6,0x53,0xE6,0x53,0xE6,
    0x53,0xE6,0x53,0xE6,0x53,0xE6,0x53,0xE6,0x53,0xE6,0x53,0xE6,0x53,0xE6,0x53,0xE6,
    0x53,0xE6,0x53,0xE6,0x53,0xE6,0x53,0xE6,0x53,0xE6,0x53,0xE6,0x53,0xE6,0x53,0xE6,
    0x53,0xE6,0x53,0xE6,0x53,0xE6,0x53,0xE6,0x53,0xE6,0x53,0xE6,0x53,0xE6,0x32,0xE6,
    0xB4,0xF6,0xE5,0x49,0x00,0x00,0x00,0x00,0x20,0x08,0x00,0x00,0xA2,0x18,0x09,0x73,
    0x64,0x31,0x00,0x00,0x00,0x00,0x41,0x08,0x2F,0xBD,0x93,0xEE,0x32,0xE6,0x53,0xE6,
    0x53,0xE6,0x53,0xE6,0x53,0xE6,0x53,0xE6,0x53,0xE6,0x53,0xE6,0x53,0xE6,0x53,0xE6,
    0x53,0xE6,0x53,0xE6,0x53,0xE6,0x53,0xE6,0x53,0xE6,0x53,0xE6,0x53,0xE6,0x53,0xE6,
    0x53,0xE6,0x53,0xE6,0x53,0xE6,0x53,0xE6,0x53,0xE6,0x53,0xE6,0x53,0xE6,0x53,0xE6,
    0x53,0xE6,0x53,0xE6,0x53,0xE6,0x53,0xE6,0x53,0xE6,0x53,0xE6,0x53,0xE6,0x53,0xE6,
    0x53,0xE6,0x53,0xE6,0x32,0xE6,0x32,0xE6,0x32,0xE6,0x32,0xE6,0x32,0xE6,0x52,0xE6,
    0x53,0xE6,0x53,0xE6,0x53,0xE6,0x53,0xE6,0x53,0xE6,0x53,0xE6,0xD4,0xFE,0x2F,0xBD,
    0x0F,0xBD,0x93,0xEE,0x32,0xE6,0x53,0xE6,0x53,0xE6,0x53,0xE6,0x53,0xE6,0x53,0xE6,
    0x53,0xE6,0x53,0xE6,0x53,0xE6,0x53,0xE6,0x53,0xE6,0x32,0xE6,0x73,0xEE,0xB4,0xF6,
    0x53,0xE6,0x53,0xE6,0x53,0xE6,0x53,0xE6,0x53,0xE6,0x53,0xE6,0x53,0xE6,0x53,0xE6,
    0x53,0xE6,0x32,0xE6,0x73,0xEE,0xF2,0xDD,0xE5,0x41,0xE6,0x49,0x06,0x4A,0x00,0x00,
    0x20,0x00,0x00,0x00,0x23,0x29,0x4A,0x7B,0x23,0x29,0x41,0x08,0x81,0x10,0x00,0x00,
    0x41,0x08,0x03,0x21,0x00,0x00,0x0C,0x94,0xB4,0xF6,0x32,0xE6,0x53,0xE6,0x53,0xE6,
    0x53,0xE6,0x53,0xE6,0x53,0xE6,0x53,0xE6,0x53,0xE6,0x53,0xE6,0x53,0xE6,0x53,0xE6,
    0x53,0xE6,0x53,0xE6,0x53,0xE6,0x53,0xE6,0x53,0xE6,0x53,0xE6,0x53,0xE6,0x53,0xE6,
    0x53,0xE6,0x53,0xE6,0x53,0xE6,0x53,0xE6,0x53,0xE6,0x53,0xE6,0x53,0xE6,0x53,0xE6,
    0x53,0xE6,0x53,0xE6,0x53,0xE6,0x53,0xE6,0x53,0xE6,0x53,0xE6,0x53,0xE6,0x53,0xE6,
    0x53,0xE6,0x53,0xE6,0x53,0xE6,0x32,0xE6,0xB4,0xF6,0x8E,0xAC,0x00,0x00,0xC5,0x41,
    0x23,0x29,0x00,0x00,0x20,0x08,0x00,0x00,0x23,0x29,0xF1,0xDD,0x47,0x52,0x00,0x00,
    0x20,0x00,0x00,0x00,0x20,0x08,0x00,0x00,0x23,0x29,0xF1,0xDD,0x94,0xF6,0x32,0xE6,
    0x53,0xE6,0x53,0xE6,0x53,0xE6,0x53,0xE6,0x53,0xE6,0x53,0xE6,0x53,0xE6,0x52,0xE6,
    0x32,0xE6,0x53,0xE6,0x53,0xE6,0x53,0xE6,0x53,0xE6,0x53,0xE6,0x53,0xE6,0x53,0xE6,
    0x53,0xE6,0x53,0xE6,0x53,0xE6,0x53,0xE6,0x32,0xE6,0xD4,0xF6,0x6A,0x7B,0x00,0x00,
    0x64,0x31,0xCE,0xAC,0x73,0xEE,0x52,0xE6,0x53,0xE6,0x53,0xE6,0x53,0xE6,0x53,0xE6,
    0x53,0xE6,0x53,0xE6,0x53,0xE6,0x53,0xE6,0x53,0xE6,0x53,0xE6,0x53,0xE6,0x53,0xE6,
    0x53,0xE6,0x53,0xE6,0x53,0xE6,0x53,0xE6,0x53,0xE6,0x53,0xE6,0x53,0xE6,0x53,0xE6,
    0x53,0xE6,0x53,0xE6,0x53,0xE6,0x53,0xE6,0x53,0xE6,0x53,0xE6,0x53,0xE6,0x53,0xE6,
    0x53,0xE6,0x53,0xE6,0x53,0xE6,0x53,0xE6,0x53,0xE6,0x53,0xE6,0x53,0xE6,0x53,0xE6,
    0x53,0xE6,0x53,0xE6,0x53,0xE6,0x53,0xE6,0x53,0xE6,0x53,0xE6,0x53,0xE6,0x32,0xE6,
    0xB4,0xF6,0x06,0x4A,0x00,0x00,0x20,0x08,0x00,0x00,0x03,0x29,0x12,0xDE,0xF4,0xFE,
    0x53,0xE6,0x44,0x29,0x20,0x00,0x00,0x00,0x64,0x31,0x93,0xEE,0x52,0xE6,0x53,0xE6,
    0x53,0xE6,0x53,0xE6,0x53,0xE6,0x53,0xE6,0x53,0xE6,0x53,0xE6,0x53,0xE6,0x53,0xE6,
    0x53,0xE6,0x53,0xE6,0x53,0xE6,0x53,0xE6,0x53,0xE6,0x53,0xE6,0x53,0xE6,0x53,0xE6,
    0x53,0xE6,0x53,0xE6,0x53,0xE6,0x53,0xE6,0x53,0xE6,0x53,0xE6,0x53,0xE6,0x53,0xE6,
    0x53,0xE6,0x53,0xE6,0x53,0xE6,0x53,0xE6,0x53,0xE6,0x53,0xE6,0x53,0xE6,0x53,0xE6,
    0x53,0xE6,0x53,0xE6,0x53,0xE6,0x53,0xE6,0x53,0xE6,0x53,0xE6,0x53,0xE6,0x53,0xE6,
    0x53,0xE6,0x53,0xE6,0x53,0xE6,0x53,0xE6,0x53,0xE6,0x32,0xE6,0x8A,0x83,0x41,0x08,
    0xE2,0x20,0x53,0xE6,0x53,0xE6,0x53,0xE6,0x53,0xE6,0x53,0xE6,0x53,0xE6,0x53,0xE6,
    0x53,0xE6,0x53,0xE6,0x53,0xE6,0x53,0xE6,0x53,0xE6,0x53,0xE6,0x52,0xE6,0x32,0xE6,
    0x53,0xE6,0x53,0xE6,0x53,0xE6,0x53,0xE6,0x53,0xE6,0x53,0xE6,0x53,0xE6,0x53,0xE6,
    0x32,0xE6,0x93,0xF6,0xD1,0xD5,0x23,0x29,0x06,0x4A,0x29,0x73,0x20,0x08,0xA2,0x18,
    0x00,0x00,0xA5,0x39,0x09,0x6B,0x21,0x08,0x41,0x08,0xA2,0x18,0x00,0x00,0x00,0x00,
    0xA2,0x18,0x00,0x00,0x8B,0x83,0xD4,0xFE,0x32,0xE6,0x53,0xE6,0x53,0xE6,0x53,0xE6,
    0x53,0xE6,0x53,0xE6,0x53,0xE6,0x53,0xE6,0x53,0xE6,0x53,0xE6,0x53,0xE6,0x53,0xE6,
    0x53,0xE6,0x53,0xE6,0x53,0xE6,0x53,0xE6,0x53,0xE6,0x53,0xE6,0x53,0xE6,0x53,0xE6,
    0x53,0xE6,0x53,0xE6,0x53,0xE6,0x53,0xE6,0x53,0xE6,0x53,0xE6,0x53,0xE6,0x53,0xE6,
    0x53,0xE6,0x53,0xE6,0x53,0xE6,0x53,0xE6,0x53,0xE6,0x53,0xE6,0x53,0xE6,0x53,0xE6,
    0x53,0xE6,0x53,0xE6,0x53,0xE6,0x53,0xE6,0x32,0xE6,0xD4,0xFE,0x4D,0x9C,0x00,0x00,
    0xC5,0x41,0x82,0x10,0x00,0x00,0x20,0x08,0x00,0x00,0x64,0x31,0xCE,0xB4,0x09,0x6B,
    0x00,0x00,0x20,0x00,0x00,0x00,0x41,0x08,0x00,0x00,0x03,0x29,0x90,0xCD,0xB4,0xF6,
    0x32,0xE6,0x53,0xE6,0x53,0xE6,0x53,0xE6,0x53,0xE6,0x53,0xE6,0x53,0xE6,0x53,0xE6,
    0x53,0xE6,0x53,0xE6,0x53,0xE6,0x53,0xE6,0x53,0xE6,0x53,0xE6,0x53,0xE6,0x53,0xE6,
    0x53,0xE6,0x53,0xE6,0x53,0xE6,0x32,0xE6,0x73,0xEE,0x91,0xCD,0x41,0x08,0x20,0x00,
    0x00,0x00,0x29,0x73,0xB4,0xF6,0x32,0xE6,0x53,0xE6,0x53,0xE6,0x53,0xE6,0x53,0xE6,
    0x53,0xE6,0x53,0xE6,0x53,0xE6,0x53,0xE6,0x53,0xE6,0x53,0xE6,0x53,0xE6,0x53,0xE6,
    0x53,0xE6,0x53,0xE6,0x53,0xE6,0x53,0xE6,0x53,0xE6,0x53,0xE6,0x53,0xE6,0x53,0xE6,
    0x53,0xE6,0x53,0xE6,0x53,0xE6,0x53,0xE6,0x53,0xE6,0x53,0xE6,0x53,0xE6,0x53,0xE6,
    0x53,0xE6,0x53,0xE6,0x53,0xE6,0x53,0xE6,0x53,0xE6,0x53,0xE6,0x53,0xE6,0x53,0xE6,
    0x53,0xE6,0x53,0xE6,0x53,0xE6,0x53,0xE6,0x53,0xE6,0x53,0xE6,0x53,0xE6,0x32,0xE6,
    0xB4,0xF6,0xE5,0x41,0x00,0x00,0x20,0x08,0x00,0x00,0xEB,0x93,0xD4,0xFE,0xF2,0xDD,
    0xD4,0xFE,0xCB,0x8B,0x00,0x00,0x20,0x00,0x20,0x00,0x50,0xC5,0x93,0xEE,0x32,0xE6,
    0x53,0xE6,0x53,0xE6,0x53,0xE6,0x53,0xE6,0x53,0xE6,0x53,0xE6,0x53,0xE6,0x53,0xE6,
    0x53,0xE6,0x53,0xE6,0x53,0xE6,0x53,0xE6,0x53,0xE6,0x53,0xE6,0x53,0xE6,0x53,0xE6,
    0x53,0xE6,0x53,0xE6,0x53,0xE6,0x53,0xE6,0x53,0xE6,0x53,0xE6,0x53,0xE6,0x53,0xE6,
    0x53,0xE6,0x53,0xE6,0x53,0xE6,0x53,0xE6,0x53,0xE6,0x53,0xE6,0x53,0xE6,0x53,0xE6,
    0x53,0xE6,0x53,0xE6,0x53,0xE6,0x53,0xE6,0x53,0xE6,0x53,0xE6,0x53,0xE6,0x53,0xE6,
    0x53,0xE6,0x53,0xE6,0x53,0xE6,0x52,0xE6,0x73,0xEE,0x91,0xCD,0x00,0x00,0x00,0x00,
    0x00,0x00,0x4A,0x7B,0xD4,0xFE,0x32,0xE6,0x53,0xE6,0x53,0xE6,0x53,0xE6,0x53,0xE6,
    0x53,0xE6,0x53,0xE6,0x53,0xE6,0x53,0xE6,0x53,0xE6,0x53,0xE6,0x53,0xE6,0x53,0xE6,
    0x53,0xE6,0x53,0xE6,0x53,0xE6,0x53,0xE6,0x53,0xE6,0x53,0xE6,0x53,0xE6,0x32,0xE6,
    0x93,0xEE,0x90,0xCD,0x03,0x21,0x88,0x5A,0x84,0x39,0x00,0x00,0x00,0x00,0x00,0x00,
    0x64,0x31,0xEC,0x93,0x61,0x10,0x00,0x00,0x20,0x08,0x00,0x00,0x00,0x00,0x23,0x29,
    0x00,0x00,0x29,0x73,0xD4,0xFE,0x32,0xE6,0x53,0xE6,0x53,0xE6,0x53,0xE6,0x53,0xE6,
    0x53,0xE6,0x53,0xE6,0x53,0xE6,0x53,0xE6,0x53,0xE6,0x53,0xE6,0x53,0xE6,0x53,0xE6,
    0x53,0xE6,0x53,0xE6,0x53,0xE6,0x53,0xE6,0x53,0xE6,0x53,0xE6,0x53,0xE6,0x53,0xE6,
    0x53,0xE6,0x53,0xE6,0x53,0xE6,0x53,0xE6,0x53,0xE6,0x53,0xE6,0x53,0xE6,0x53,0xE6,
    0x53,0xE6,0x53,0xE6,0x53,0xE6,0x53,0xE6,0x53,0xE6,0x53,0xE6,0x53,0xE6,0x53,0xE6,
    0x53,0xE6,0x53,0xE6,0x53,0xE6,0x53,0xE6,0x53,0xE6,0x32,0xE6,0xD4,0xFE,0x2C,0x9C,
    0x00,0x00,0x64,0x31,0xC2,0x18,0x00,0x00,0x41,0x08,0x00,0x00,0x20,0x08,0x0C,0x94,
    0x6A,0x7B,0x00,0x00,0x20,0x00,0x00,0x00,0x20,0x00,0x00,0x00,0x61,0x10,0xEE,0xB4,
    0xD4,0xFE,0x32,0xE6,0x53,0xE6,0x53,0xE6,0x53,0xE6,0x53,0xE6,0x53,0xE6,0x53,0xE6,
    0x53,0xE6,0x53,0xE6,0x53,0xE6,0x53,0xE6,0x53,0xE6,0x53,0xE6,0x53,0xE6,0x53,0xE6,
    0x53,0xE6,0x53,0xE6,0x53,0xE6,0x32,0xE6,0xB4,0xF6,0x26,0x4A,0x00,0x00,0x00,0x00,
    0x24,0x29,0x73,0xEE,0x53,0xE6,0x53,0xE6,0x53,0xE6,0x53,0xE6,0x53,0xE6,0x53,0xE6,
    0x53,0xE6,0x53,0xE6,0x53,0xE6,0x53,0xE6,0x53,0xE6,0x53,0xE6,0x53,0xE6,0x53,0xE6,
    0x53,0xE6,0x53,0xE6,0x53,0xE6,0x53,0xE6,0x53,0xE6,0x53,0xE6,0x53,0xE6,0x53,0xE6,
    0x53,0xE6,0x53,0xE6,0x53,0xE6,0x53,0xE6,0x53,0xE6,0x53,0xE6,0x53,0xE6,0x53,0xE6,
    0x53,0xE6,0x53,0xE6,0x53,0xE6,0x53,0xE6,0x53,0xE6,0x53,0xE6,0x53,0xE6,0x53,0xE6,
    0x53,0xE6,0x53,0xE6,0x53,0xE6,0x53,0xE6,0x53,0xE6,0x53,0xE6,0x53,0xE6,0x32,0xE6,
    0xB4,0xF6,0x67,0x5A,0x00,0x00,0x20,0x00,0x00,0x00,0x4F,0xC5,0x93,0xEE,0x32,0xE6,
    0xB4,0xF6,0x8D,0xA4,0x00,0x00,0x20,0x08,0x00,0x00,0x8E,0xAC,0xB4,0xF6,0x32,0xE6,
    0x53,0xE6,0x53,0xE6,0x53,0xE6,0x53,0xE6,0x53,0xE6,0x53,0xE6,0x53,0xE6,0x53,0xE6,
    0x53,0xE6,0x53,0xE6,0x53,0xE6,0x53,0xE6,0x53,0xE6,0x53,0xE6,0x53,0xE6,0x53,0xE6,
    0x53,0xE6,0x53,0xE6,0x53,0xE6,0x53,0xE6,0x53,0xE6,0x53,0xE6,0x53,0xE6,0x53,0xE6,
    0x53,0xE6,0x53,0xE6,0x53,0xE6,0x53,0xE6,0x53,0xE6,0x53,0xE6,0x53,0xE6,0x53,0xE6,
    0x53,0xE6,0x53,0xE6,0x53,0xE6,0x53,0xE6,0x53,0xE6,0x53,0xE6,0x53,0xE6,0x53,0xE6,
    0x53,0xE6,0x53,0xE6,0x53,0xE6,0x53,0xE6,0x32,0xE6,0xD4,0xF6,0x4A,0x7B,0x00,0x00,
    0x20,0x00,0x61,0x10,0xB1,0xCD,0x73,0xEE,0x52,0xE6,0x53,0xE6,0x53,0xE6,0x53,0xE6,
    0x53,0xE6,0x53,0xE6,0x53,0xE6,0x53,0xE6,0x53,0xE6,0x53,0xE6,0x53,0xE6,0x53,0xE6,
    0x53,0xE6,0x53,0xE6,0x53,0xE6,0x53,0xE6,0x53,0xE6,0x52,0xE6,0x52,0xE6,0x53,0xE6,
    0x6D,0xA4,0x41,0x08,0xC5,0x41,0x84,0x39,0x00,0x00,0x21,0x08,0x00,0x00,0xC5,0x41,
    0xAB,0x83,0xC2,0x20,0x00,0x00,0x20,0x08,0x00,0x00,0x00,0x00,0x03,0x29,0x41,0x08,
    0x4A,0x7B,0xB4,0xF6,0x32,0xE6,0x53,0xE6,0x53,0xE6,0x53,0xE6,0x53,0xE6,0x53,0xE6,
    0x53,0xE6,0x53,0xE6,0x53,0xE6,0x53,0xE6,0x53,0xE6,0x53,0xE6,0x53,0xE6,0x53,0xE6,
    0x53,0xE6,0x53,0xE6,0x53,0xE6,0x53,0xE6,0x53,0xE6,0x53,0xE6,0x53,0xE6,0x53,0xE6,
    0x53,0xE6,0x53,0xE6,0x53,0xE6,0x53,0xE6,0x53,0xE6,0x53,0xE6,0x53,0xE6,0x53,0xE6,
    0x53,0xE6,0x53,0xE6,0x53,0xE6,0x53,0xE6,0x53,0xE6,0x53,0xE6,0x53,0xE6,0x53,0xE6,
    0x53,0xE6,0x53,0xE6,0x53,0xE6,0x53,0xE6,0x53,0xE6,0x53,0xE6,0x32,0xE6,0xD4,0xFE,
    0x0C,0x94,0x00,0x00,0x23,0x29,0xC2,0x20,0x00,0x00,0x20,0x08,0x20,0x08,0x20,0x00,
    0x0C,0x94,0x09,0x73,0x00,0x00,0x00,0x00,0x00,0x00,0x00,0x00,0x20,0x00,0x41,0x08,
    0x0C,0x94,0xD4,0xFE,0x32,0xE6,0x52,0xE6,0x53,0xE6,0x53,0xE6,0x53,0xE6,0x53,0xE6,
    0x53,0xE6,0x53,0xE6,0x53,0xE6,0x53,0xE6,0x53,0xE6,0x53,0xE6,0x53,0xE6,0x53,0xE6,
    0x53,0xE6,0x53,0xE6,0x32,0xE6,0xB4,0xF6,0x8E,0xAC,0x00,0x00,0x20,0x00,0x00,0x00,
    0xAE,0xAC,0xB4,0xF6,0x32,0xE6,0x53,0xE6,0x53,0xE6,0x53,0xE6,0x53,0xE6,0x53,0xE6,
    0x53,0xE6,0x53,0xE6,0x53,0xE6,0x53,0xE6,0x53,0xE6,0x53,0xE6,0x53,0xE6,0x53,0xE6,
    0x53,0xE6,0x53,0xE6,0x53,0xE6,0x53,0xE6,0x53,0xE6,0x53,0xE6,0x53,0xE6,0x53,0xE6,
    0x53,0xE6,0x53,0xE6,0x53,0xE6,0x53,0xE6,0x53,0xE6,0x53,0xE6,0x53,0xE6,0x53,0xE6,
    0x53,0xE6,0x53,0xE6,0x53,0xE6,0x53,0xE6,0x53,0xE6,0x53,0xE6,0x53,0xE6,0x53,0xE6,
    0x53,0xE6,0x53,0xE6,0x53,0xE6,0x53,0xE6,0x53,0xE6,0x53,0xE6,0x53,0xE6,0x32,0xE6,
    0xB4,0xF6,0xEC,0x93,0x00,0x00,0x00,0x00,0x00,0x00,0x50,0xC5,0x93,0xEE,0x32,0xE6,
    0x94,0xF6,0xCE,0xB4,0x00,0x00,0x20,0x00,0x00,0x00,0xAE,0xAC,0xB4,0xF6,0x32,0xE6,
    0x53,0xE6,0x53,0xE6,0x53,0xE6,0x53,0xE6,0x53,0xE6,0x53,0xE6,0x53,0xE6,0x53,0xE6,
    0x53,0xE6,0x53,0xE6,0x53,0xE6,0x53,0xE6,0x53,0xE6,0x53,0xE6,0x53,0xE6,0x53,0xE6,
    0x53,0xE6,0x53,0xE6,0x53,0xE6,0x53,0xE6,0x53,0xE6,0x53,0xE6,0x53,0xE6,0x53,0xE6,
    0x53,0xE6,0x53,0xE6,0x53,0xE6,0x53,0xE6,0x53,0xE6,0x53,0xE6,0x53,0xE6,0x53,0xE6,
    0x53,0xE6,0x53,0xE6,0x53,0xE6,0x53,0xE6,0x53,0xE6,0x53,0xE6,0x53,0xE6,0x53,0xE6,
    0x53,0xE6,0x53,0xE6,0x53,0xE6,0x53,0xE6,0x52,0xE6,0x53,0xE6,0x53,0xE6,0x03,0x29,
    0x00,0x00,0x00,0x00,0x46,0x52,0xB4,0xF6,0x32,0xE6,0x53,0xE6,0x53,0xE6,0x53,0xE6,
    0x53,0xE6,0x53,0xE6,0x53,0xE6,0x53,0xE6,0x53,0xE6,0x53,0xE6,0x53,0xE6,0x53,0xE6,
    0x53,0xE6,0x53,0xE6,0x53,0xE6,0x53,0xE6,0x52,0xE6,0x52,0xE6,0xD4,0xFE,0x2C,0x94,
    0xA2,0x18,0x06,0x4A,0xE3,0x20,0x00,0x00,0x20,0x08,0x00,0x00,0x06,0x4A,0x0C,0x94,
    0x41,0x08,0x00,0x00,0x00,0x00,0x00,0x00,0x00,0x00,0x03,0x21,0x41,0x08,0xC8,0x62,
    0xD4,0xFE,0x32,0xE6,0x53,0xE6,0x53,0xE6,0x53,0xE6,0x53,0xE6,0x53,0xE6,0x53,0xE6,
    0x53,0xE6,0x53,0xE6,0x53,0xE6,0x53,0xE6,0x53,0xE6,0x53,0xE6,0x53,0xE6,0x53,0xE6,
    0x53,0xE6,0x53,0xE6,0x53,0xE6,0x53,0xE6,0x53,0xE6,0x53,0xE6,0x53,0xE6,0x53,0xE6,
    0x53,0xE6,0x53,0xE6,0x53,0xE6,0x53,0xE6,0x53,0xE6,0x53,0xE6,0x53,0xE6,0x53,0xE6,
    0x53,0xE6,0x53,0xE6,0x53,0xE6,0x53,0xE6,0x53,0xE6,0x53,0xE6,0x53,0xE6,0x53,0xE6,
    0x53,0xE6,0x53,0xE6,0x53,0xE6,0x53,0xE6,0x53,0xE6,0x53,0xE6,0x53,0xE6,0x32,0xE6,
    0xD4,0xFE,0xCB,0x8B,0x00,0x00,0x64,0x31,0xA2,0x18,0x00,0x00,0xC2,0x18,0x61,0x10,
    0x00,0x00,0x6A,0x7B,0x0C,0x94,0x00,0x00,0x00,0x00,0x20,0x08,0x20,0x08,0x00,0x00,
    0x00,0x00,0x29,0x73,0x93,0xEE,0x73,0xEE,0x32,0xE6,0x53,0xE6,0x53,0xE6,0x53,0xE6,
    0x53,0xE6,0x53,0xE6,0x53,0xE6,0x53,0xE6,0x53,0xE6,0x53,0xE6,0x53,0xE6,0x53,0xE6,
    0x53,0xE6,0x53,0xE6,0x53,0xE6,0x73,0xEE,0x03,0x29,0x00,0x00,0x00,0x00,0x47,0x52,
    0xB4,0xF6,0x32,0xE6,0x53,0xE6,0x53,0xE6,0x53,0xE6,0x53,0xE6,0x53,0xE6,0x53,0xE6,
    0x53,0xE6,0x53,0xE6,0x53,0xE6,0x53,0xE6,0x53,0xE6,0x53,0xE6,0x53,0xE6,0x53,0xE6,
    0x53,0xE6,0x53,0xE6,0x53,0xE6,0x53,0xE6,0x53,0xE6,0x53,0xE6,0x53,0xE6,0x53,0xE6,
    0x53,0xE6,0x53,0xE6,0x53,0xE6,0x53,0xE6,0x53,0xE6,0x53,0xE6,0x53,0xE6,0x53,0xE6,
    0x53,0xE6,0x53,0xE6,0x53,0xE6,0x53,0xE6,0x53,0xE6,0x53,0xE6,0x53,0xE6,0x53,0xE6,
    0x53,0xE6,0x53,0xE6,0x53,0xE6,0x53,0xE6,0x53,0xE6,0x53,0xE6,0x53,0xE6,0x52,0xE6,
    0x73,0xEE,0x91,0xCD,0x41,0x08,0x00,0x00,0x00,0x00,0x2F,0xBD,0x93,0xEE,0x32,0xE6,
    0xB4,0xF6,0x6D,0xA4,0x00,0x00,0x00,0x00,0x20,0x08,0x70,0xC5,0x73,0xEE,0x52,0xE6,
    0x53,0xE6,0x53,0xE6,0x53,0xE6,0x53,0xE6,0x53,0xE6,0x53,0xE6,0x53,0xE6,0x53,0xE6,
    0x53,0xE6,0x53,0xE6,0x53,0xE6,0x53,0xE6,0x53,0xE6,0x53,0xE6,0x53,0xE6,0x53,0xE6,
    0x53,0xE6,0x53,0xE6,0x53,0xE6,0x53,0xE6,0x53,0xE6,0x53,0xE6,0x53,0xE6,0x53,0xE6,
    0x53,0xE6,0x53,0xE6,0x53,0xE6,0x53,0xE6,0x53,0xE6,0x53,0xE6,0x53,0xE6,0x53,0xE6,
    0x53,0xE6,0x53,0xE6,0x53,0xE6,0x53,0xE6,0x53,0xE6,0x53,0xE6,0x53,0xE6,0x53,0xE6,
    0x53,0xE6,0x53,0xE6,0x53,0xE6,0x53,0xE6,0x53,0xE6,0x32,0xE6,0xB4,0xF6,0x8D,0xA4,
    0x00,0x00,0x20,0x00,0x00,0x00,0xAE,0xAC,0xB4,0xF6,0x32,0xE6,0x53,0xE6,0x53,0xE6,
    0x53,0xE6,0x53,0xE6,0x53,0xE6,0x53,0xE6,0x53,0xE6,0x53,0xE6,0x53,0xE6,0x53,0xE6,
    0x53,0xE6,0x53,0xE6,0x53,0xE6,0x32,0xE6,0x73,0xEE,0xB4,0xF6,0x6A,0x7B,0xE3,0x20,
    0x67,0x5A,0xC2,0x18,0x00,0x00,0x20,0x00,0x00,0x00,0x87,0x5A,0xAB,0x83,0x81,0x10,
    0x20,0x08,0x20,0x08,0x00,0x00,0x00,0x00,0xC2,0x20,0x00,0x00,0xA8,0x62,0xB4,0xF6,
    0x32,0xE6,0x53,0xE6,0x53,0xE6,0x53,0xE6,0x53,0xE6,0x53,0xE6,0x53,0xE6,0x53,0xE6,
    0x53,0xE6,0x53,0xE6,0x53,0xE6,0x53,0xE6,0x53,0xE6,0x53,0xE6,0x53,0xE6,0x53,0xE6,
    0x53,0xE6,0x53,0xE6,0x53,0xE6,0x53,0xE6,0x53,0xE6,0x53,0xE6,0x53,0xE6,0x53,0xE6,
    0x53,0xE6,0x53,0xE6,0x53,0xE6,0x53,0xE6,0x53,0xE6,0x53,0xE6,0x53,0xE6,0x53,0xE6,
    0x53,0xE6,0x53,0xE6,0x53,0xE6,0x53,0xE6,0x53,0xE6,0x53,0xE6,0x53,0xE6,0x53,0xE6,
    0x53,0xE6,0x53,0xE6,0x53,0xE6,0x53,0xE6,0x53,0xE6,0x53,0xE6,0x53,0xE6,0x53,0xE6,
    0x32,0xE6,0xD4,0xFE,0xCB,0x8B,0x00,0x00,0x64,0x31,0x20,0x08,0x00,0x00,0xA2,0x18,
    0xE5,0x49,0x82,0x10,0x2C,0x94,0x2C,0x9C,0x81,0x10,0x00,0x00,0x00,0x00,0x00,0x00,
    0x20,0x08,0x00,0x00,0x47,0x52,0x32,0xE6,0x93,0xF6,0x32,0xE6,0x53,0xE6,0x53,0xE6,
    0x53,0xE6,0x53,0xE6,0x53,0xE6,0x53,0xE6,0x53,0xE6,0x53,0xE6,0x53,0xE6,0x53,0xE6,
    0x53,0xE6,0x32,0xE6,0xB4,0xF6,0x4A,0x7B,0x00,0x00,0x20,0x00,0x61,0x10,0xB1,0xCD,
    0x73,0xEE,0x52,0xE6,0x53,0xE6,0x53,0xE6,0x53,0xE6,0x53,0xE6,0x53,0xE6,0x53,0xE6,
    0x53,0xE6,0x53,0xE6,0x53,0xE6,0x53,0xE6,0x53,0xE6,0x53,0xE6,0x53,0xE6,0x53,0xE6,
    0x53,0xE6,0x53,0xE6,0x53,0xE6,0x53,0xE6,0x53,0xE6,0x53,0xE6,0x53,0xE6,0x53,0xE6,
    0x53,0xE6,0x53,0xE6,0x53,0xE6,0x53,0xE6,0x53,0xE6,0x53,0xE6,0x53,0xE6,0x53,0xE6,
    0x53,0xE6,0x53,0xE6,0x53,0xE6,0x53,0xE6,0x53,0xE6,0x53,0xE6,0x53,0xE6,0x53,0xE6,
    0x53,0xE6,0x53,0xE6,0x53,0xE6,0x53,0xE6,0x53,0xE6,0x53,0xE6,0x53,0xE6,0x53,0xE6,
    0x32,0xE6,0xB4,0xF6,0x47,0x52,0x00,0x00,0x00,0x00,0xAB,0x8B,0xF4,0xFE,0x12,0xDE,
    0xF4,0xFE,0xAB,0x83,0x00,0x00,0x00,0x00,0x44,0x31,0x73,0xEE,0x52,0xE6,0x53,0xE6,
    0x53,0xE6,0x53,0xE6,0x53,0xE6,0x53,0xE6,0x53,0xE6,0x53,0xE6,0x53,0xE6,0x53,0xE6,
    0x53,0xE6,0x53,0xE6,0x53,0xE6,0x53,0xE6,0x53,0xE6,0x53,0xE6,0x53,0xE6,0x53,0xE6,
    0x53,0xE6,0x53,0xE6,0x53,0xE6,0x53,0xE6,0x53,0xE6,0x53,0xE6,0x53,0xE6,0x53,0xE6,
    0x53,0xE6,0x53,0xE6,0x53,0xE6,0x53,0xE6,0x53,0xE6,0x53,0xE6,0x53,0xE6,0x53,0xE6,
    0x53,0xE6,0x53,0xE6,0x53,0xE6,0x53,0xE6,0x53,0xE6,0x53,0xE6,0x53,0xE6,0x53,0xE6,
    0x53,0xE6,0x53,0xE6,0x53,0xE6,0x53,0xE6,0x53,0xE6,0x53,0xE6,0x32,0xE6,0xB4,0xF6,
    0x26,0x52,0x00,0x00,0x00,0x00,0x24,0x29,0x32,0xE6,0x53,0xE6,0x52,0xE6,0x53,0xE6,
    0x53,0xE6,0x53,0xE6,0x53,0xE6,0x53,0xE6,0x53,0xE6,0x53,0xE6,0x53,0xE6,0x53,0xE6,
    0x53,0xE6,0x53,0xE6,0x32,0xE6,0x93,0xF6,0x32,0xE6,0x26,0x4A,0x61,0x10,0x03,0x21,
    0x41,0x08,0x00,0x00,0x00,0x00,0x00,0x00,0x09,0x6B,0x4A,0x7B,0x61,0x10,0x00,0x00,
    0x20,0x08,0x00,0x00,0x00,0x00,0x23,0x29,0x20,0x00,0xC8,0x6A,0xB4,0xF6,0x52,0xE6,
    0x52,0xE6,0x53,0xE6,0x53,0xE6,0x53,0xE6,0x53,0xE6,0x53,0xE6,0x53,0xE6,0x53,0xE6,
    0x53,0xE6,0x53,0xE6,0x53,0xE6,0x53,0xE6,0x53,0xE6,0x53,0xE6,0x53,0xE6,0x53,0xE6,
    0x53,0xE6,0x53,0xE6,0x53,0xE6,0x53,0xE6,0x53,0xE6,0x53,0xE6,0x53,0xE6,0x53,0xE6,
    0x53,0xE6,0x53,0xE6,0x53,0xE6,0x53,0xE6,0x53,0xE6,0x53,0xE6,0x53,0xE6,0x53,0xE6,
    0x53,0xE6,0x53,0xE6,0x53,0xE6,0x53,0xE6,0x53,0xE6,0x53,0xE6,0x53,0xE6,0x53,0xE6,
    0x53,0xE6,0x53,0xE6,0x53,0xE6,0x53,0xE6,0x53,0xE6,0x53,0xE6,0x53,0xE6,0x53,0xE6,
    0x53,0xE6,0x32,0xE6,0xD4,0xFE,0xEC,0x93,0x61,0x10,0x44,0x29,0xA2,0x18,0x00,0x00,
    0x64,0x31,0x44,0x29,0x00,0x00,0x67,0x5A,0x4D,0x9C,0x03,0x29,0x00,0x00,0x20,0x00,
    0x00,0x00,0x41,0x08,0x20,0x08,0x23,0x29,0x50,0xC5,0x93,0xF6,0x32,0xE6,0x53,0xE6,
    0x53,0xE6,0x53,0xE6,0x53,0xE6,0x53,0xE6,0x53,0xE6,0x53,0xE6,0x53,0xE6,0x53,0xE6,
    0x53,0xE6,0x53,0xE6,0x53,0xEE,0x44,0x31,0x00,0x00,0x00,0x00,0x6A,0x83,0xD4,0xFE,
    0x32,0xE6,0x53,0xE6,0x53,0xE6,0x53,0xE6,0x53,0xE6,0x53,0xE6,0x53,0xE6,0x53,0xE6,
    0x53,0xE6,0x53,0xE6,0x53,0xE6,0x53,0xE6,0x32,0xE6,0x52,0xE6,0x53,0xE6,0x53,0xE6,
    0x53,0xE6,0x53,0xE6,0x53,0xE6,0x53,0xE6,0x53,0xE6,0x53,0xE6,0x53,0xE6,0x53,0xE6,
    0x53,0xE6,0x53,0xE6,0x53,0xE6,0x53,0xE6,0x53,0xE6,0x53,0xE6,0x53,0xE6,0x53,0xE6,
    0x53,0xE6,0x53,0xE6,0x53,0xE6,0x53,0xE6,0x53,0xE6,0x53,0xE6,0x53,0xE6,0x53,0xE6,
    0x53,0xE6,0x53,0xE6,0x53,0xE6,0x53,0xE6,0x53,0xE6,0x53,0xE6,0x53,0xE6,0x53,0xE6,
    0x52,0xE6,0x73,0xEE,0xF2,0xDD,0xC2,0x18,0x00,0x00,0xE3,0x20,0x91,0xCD,0xD4,0xFE,
    0xD1,0xD5,0x03,0x21,0x00,0x00,0x41,0x08,0x0F,0xBD,0x93,0xF6,0x32,0xE6,0x53,0xE6,
    0x53,0xE6,0x53,0xE6,0x53,0xE6,0x53,0xE6,0x53,0xE6,0x53,0xE6,0x53,0xE6,0x53,0xE6,
    0x53,0xE6,0x53,0xE6,0x53,0xE6,0x53,0xE6,0x53,0xE6,0x53,0xE6,0x53,0xE6,0x53,0xE6,
    0x53,0xE6,0x53,0xE6,0x53,0xE6,0x53,0xE6,0x53,0xE6,0x53,0xE6,0x53,0xE6,0x53,0xE6,
    0x53,0xE6,0x53,0xE6,0x53,0xE6,0x53,0xE6,0x53,0xE6,0x53,0xE6,0x53,0xE6,0x53,0xE6,
    0x53,0xE6,0x53,0xE6,0x32,0xE6,0x52,0xE6,0x53,0xE6,0x53,0xE6,0x53,0xE6,0x53,0xE6,
    0x53,0xE6,0x53,0xE6,0x53,0xE6,0x53,0xE6,0x53,0xE6,0x53,0xE6,0x52,0xE6,0x73,0xEE,
    0x90,0xCD,0x41,0x08,0x00,0x00,0x00,0x00,0x6D,0xA4,0xB4,0xF6,0x32,0xE6,0x53,0xE6,
    0x53,0xE6,0x53,0xE6,0x53,0xE6,0x53,0xE6,0x53,0xE6,0x53,0xE6,0x53,0xE6,0x53,0xE6,
    0x53,0xE6,0x32,0xE6,0xB4,0xF6,0x70,0xCD,0x64,0x31,0x23,0x29,0x44,0x31,0x00,0x00,
    0x20,0x08,0x00,0x00,0x61,0x10,0x29,0x73,0x67,0x5A,0x00,0x00,0x41,0x08,0x20,0x00,
    0x00,0x00,0x20,0x08,0xE3,0x20,0x61,0x10,0xC8,0x6A,0xB4,0xF6,0x52,0xE6,0x52,0xE6,
    0x53,0xE6,0x53,0xE6,0x53,0xE6,0x53,0xE6,0x53,0xE6,0x53,0xE6,0x53,0xE6,0x53,0xE6,
    0x53,0xE6,0x53,0xE6,0x53,0xE6,0x53,0xE6,0x53,0xE6,0x53,0xE6,0x53,0xE6,0x53,0xE6,
    0x53,0xE6,0x53,0xE6,0x53,0xE6,0x53,0xE6,0x53,0xE6,0x53,0xE6,0x53,0xE6,0x53,0xE6,
    0x53,0xE6,0x53,0xE6,0x53,0xE6,0x53,0xE6,0x53,0xE6,0x53,0xE6,0x53,0xE6,0x53,0xE6,
    0x53,0xE6,0x53,0xE6,0x53,0xE6,0x53,0xE6,0x53,0xE6,0x53,0xE6,0x53,0xE6,0x53,0xE6,
    0x53,0xE6,0x53,0xE6,0x53,0xE6,0x53,0xE6,0x53,0xE6,0x53,0xE6,0x53,0xE6,0x53,0xE6,
    0x53,0xE6,0x53,0xE6,0x32,0xE6,0xD4,0xFE,0x8D,0xAC,0x61,0x10,0xC5,0x41,0x84,0x39,
    0x00,0x00,0x00,0x00,0x20,0x00,0x00,0x00,0x03,0x29,0xAE,0xAC,0x47,0x52,0x00,0x00,
    0x00,0x00,0x00,0x00,0x41,0x08,0xA2,0x18,0xA2,0x18,0x0C,0x94,0x73,0xEE,0x53,0xE6,
    0x32,0xE6,0x53,0xE6,0x53,0xE6,0x53,0xE6,0x53,0xE6,0x53,0xE6,0x53,0xE6,0x53,0xE6,
    0x53,0xE6,0x53,0xE6,0x53,0xE6,0x32,0xE6,0xC8,0x62,0x44,0x31,0x53,0xE6,0x53,0xE6,
    0x53,0xE6,0x53,0xE6,0x53,0xE6,0x53,0xE6,0x53,0xE6,0x53,0xE6,0x53,0xE6,0x53,0xE6,
    0x53,0xE6,0x53,0xE6,0x53,0xE6,0x52,0xE6,0xB4,0xF6,0x73,0xEE,0x52,0xE6,0x53,0xE6,
    0x53,0xE6,0x53,0xE6,0x53,0xE6,0x53,0xE6,0x53,0xE6,0x53,0xE6,0x53,0xE6,0x53,0xE6,
    0x53,0xE6,0x53,0xE6,0x53,0xE6,0x53,0xE6,0x53,0xE6,0x53,0xE6,0x53,0xE6,0x53,0xE6,
    0x53,0xE6,0x53,0xE6,0x53,0xE6,0x53,0xE6,0x53,0xE6,0x53,0xE6,0x53,0xE6,0x53,0xE6,
    0x53,0xE6,0x53,0xE6,0x53,0xE6,0x53,0xE6,0x53,0xE6,0x53,0xE6,0x53,0xE6,0x53,0xE6,
    0x53,0xE6,0x32,0xE6,0x93,0xEE,0x50,0xC5,0x64,0x31,0x00,0x00,0x00,0x00,0x24,0x29,
    0x20,0x08,0x00,0x00,0xC2,0x18,0xEE,0xB4,0xB4,0xF6,0x32,0xE6,0x53,0xE6,0x53,0xE6,
    0x53,0xE6,0x53,0xE6,0x53,0xE6,0x53,0xE6,0x53,0xE6,0x53,0xE6,0x53,0xE6,0x53,0xE6,
    0x53,0xE6,0x53,0xE6,0x53,0xE6,0x53,0xE6,0x53,0xE6,0x53,0xE6,0x53,0xE6,0x53,0xE6,
    0x53,0xE6,0x53,0xE6,0x53,0xE6,0x53,0xE6,0x53,0xE6,0x53,0xE6,0x53,0xE6,0x53,0xE6,
    0x53,0xE6,0x53,0xE6,0x53,0xE6,0x53,0xE6,0x53,0xE6,0x53,0xE6,0x53,0xE6,0x53,0xE6,
    0x53,0xE6,0x53,0xE6,0xB4,0xF6,0x73,0xEE,0x52,0xE6,0x53,0xE6,0x53,0xE6,0x53,0xE6,
    0x53,0xE6,0x53,0xE6,0x53,0xE6,0x53,0xE6,0x53,0xE6,0x53,0xE6,0x53,0xE6,0x32,0xE6,
    0xD4,0xF6,0x4A,0x7B,0xA2,0x18,0x4D,0x9C,0x53,0xE6,0x53,0xE6,0x53,0xE6,0x53,0xE6,
    0x53,0xE6,0x53,0xE6,0x53,0xE6,0x53,0xE6,0x53,0xE6,0x53,0xE6,0x53,0xE6,0x53,0xE6,
    0x32,0xE6,0xB4,0xF6,0x8D,0xAC,0x24,0x29,0xC5,0x41,0xE5,0x41,0xA2,0x18,0x20,0x00,
    0x00,0x00,0xA2,0x18,0x29,0x73,0x64,0x39,0x00,0x00,0xA2,0x18,0xC2,0x18,0x00,0x00,
    0x41,0x08,0x84,0x39,0x61,0x08,0x29,0x73,0xB4,0xF6,0x52,0xE6,0x52,0xE6,0x53,0xE6,
    0x53,0xE6,0x53,0xE6,0x53,0xE6,0x53,0xE6,0x53,0xE6,0x53,0xE6,0x53,0xE6,0x53,0xE6,
    0x53,0xE6,0x53,0xE6,0x53,0xE6,0x53,0xE6,0x53,0xE6,0x53,0xE6,0x53,0xE6,0x53,0xE6,
    0x53,0xE6,0x53,0xE6,0x53,0xE6,0x53,0xE6,0x53,0xE6,0x53,0xE6,0x53,0xE6,0x53,0xE6,
    0x53,0xE6,0x53,0xE6,0x53,0xE6,0x53,0xE6,0x53,0xE6,0x53,0xE6,0x53,0xE6,0x53,0xE6,
    0x53,0xE6,0x53,0xE6,0x53,0xE6,0x53,0xE6,0x53,0xE6,0x53,0xE6,0x53,0xE6,0x53,0xE6,
    0x53,0xE6,0x53,0xE6,0x53,0xE6,0x53,0xE6,0x53,0xE6,0x53,0xE6,0x53,0xE6,0x53,0xE6,
    0x53,0xE6,0x53,0xE6,0x53,0xE6,0x32,0xE6,0xB4,0xF6,0x2F,0xBD,0x61,0x10,0x64,0x39,
    0xC5,0x41,0x00,0x00,0x00,0x00,0x20,0x08,0x00,0x00,0x03,0x29,0xAE,0xAC,0x6A,0x83,
    0x00,0x00,0x00,0x00,0x00,0x00,0x81,0x10,0x81,0x10,0x00,0x00,0xA8,0x62,0x32,0xE6,
    0x93,0xEE,0x32,0xE6,0x53,0xE6,0x53,0xE6,0x53,0xE6,0x53,0xE6,0x53,0xE6,0x53,0xE6,
    0x53,0xE6,0x53,0xE6,0x52,0xE6,0x73,0xEE,0x93,0xF6,0x12,0xDE,0x53,0xEE,0x53,0xE6,
    0x53,0xE6,0x53,0xE6,0x53,0xE6,0x53,0xE6,0x53,0xE6,0x53,0xE6,0x53,0xE6,0x53,0xE6,
    0x53,0xE6,0x53,0xE6,0x53,0xE6,0x73,0xEE,0x8A,0x83,0x4F,0xBD,0x73,0xEE,0x52,0xE6,
    0x53,0xE6,0x53,0xE6,0x53,0xE6,0x53,0xE6,0x53,0xE6,0x53,0xE6,0x53,0xE6,0x53,0xE6,
    0x53,0xE6,0x53,0xE6,0x53,0xE6,0x53,0xE6,0x53,0xE6,0x53,0xE6,0x53,0xE6,0x53,0xE6,
    0x53,0xE6,0x53,0xE6,0x53,0xE6,0x53,0xE6,0x53,0xE6,0x53,0xE6,0x53,0xE6,0x53,0xE6,
    0x53,0xE6,0x53,0xE6,0x53,0xE6,0x53,0xE6,0x53,0xE6,0x53,0xE6,0x53,0xE6,0x53,0xE6,
    0x53,0xE6,0x53,0xE6,0x32,0xE6,0x93,0xEE,0x53,0xEE,0x6D,0xA4,0x88,0x62,0x06,0x4A,
    0x67,0x5A,0x0C,0x94,0xF2,0xDD,0x93,0xF6,0x32,0xE6,0x53,0xE6,0x53,0xE6,0x53,0xE6,
    0x53,0xE6,0x53,0xE6,0x53,0xE6,0x53,0xE6,0x53,0xE6,0x53,0xE6,0x53,0xE6,0x53,0xE6,
    0x53,0xE6,0x53,0xE6,0x53,0xE6,0x53,0xE6,0x53,0xE6,0x53,0xE6,0x53,0xE6,0x53,0xE6,
    0x53,0xE6,0x53,0xE6,0x53,0xE6,0x53,0xE6,0x53,0xE6,0x53,0xE6,0x53,0xE6,0x53,0xE6,
    0x53,0xE6,0x53,0xE6,0x53,0xE6,0x53,0xE6,0x53,0xE6,0x53,0xE6,0x53,0xE6,0x53,0xE6,
    0x53,0xE6,0x53,0xEE,0x0C,0x94,0x70,0xCD,0x73,0xEE,0x52,0xE6,0x53,0xE6,0x53,0xE6,
    0x53,0xE6,0x53,0xE6,0x53,0xE6,0x53,0xE6,0x53,0xE6,0x53,0xE6,0x53,0xE6,0x53,0xE6,
    0x53,0xE6,0x32,0xE6,0xF2,0xDD,0xB4,0xF6,0x53,0xE6,0x53,0xE6,0x53,0xE6,0x53,0xE6,
    0x53,0xE6,0x53,0xE6,0x53,0xE6,0x53,0xE6,0x53,0xE6,0x53,0xE6,0x32,0xE6,0x53,0xEE,
    0xF2,0xDD,0xC8,0x62,0x23,0x29,0x67,0x5A,0x23,0x29,0x00,0x00,0x00,0x00,0x00,0x00,
    0x64,0x31,0xEC,0x93,0xE3,0x20,0x00,0x00,0x20,0x00,0x20,0x08,0x00,0x00,0x00,0x00,
    0x03,0x29,0x20,0x08,0x0C,0x94,0xD4,0xFE,0x32,0xE6,0x53,0xE6,0x53,0xE6,0x53,0xE6,
    0x53,0xE6,0x53,0xE6,0x53,0xE6,0x53,0xE6,0x53,0xE6,0x53,0xE6,0x53,0xE6,0x53,0xE6,
    0x53,0xE6,0x53,0xE6,0x53,0xE6,0x53,0xE6,0x53,0xE6,0x53,0xE6,0x53,0xE6,0x53,0xE6,
    0x53,0xE6,0x53,0xE6,0x53,0xE6,0x53,0xE6,0x53,0xE6,0x53,0xE6,0x53,0xE6,0x53,0xE6,
    0x53,0xE6,0x53,0xE6,0x53,0xE6,0x53,0xE6,0x53,0xE6,0x53,0xE6,0x53,0xE6,0x53,0xE6,
    0x53,0xE6,0x53,0xE6,0x53,0xE6,0x53,0xE6,0x53,0xE6,0x53,0xE6,0x53,0xE6,0x53,0xE6,
    0x53,0xE6,0x53,0xE6,0x53,0xE6,0x53,0xE6,0x53,0xE6,0x53,0xE6,0x53,0xE6,0x53,0xE6,
    0x53,0xE6,0x53,0xE6,0x53,0xE6,0x53,0xE6,0x32,0xE6,0xB4,0xF6,0x2F,0xBD,0x41,0x08,
    0xE3,0x20,0x26,0x52,0x20,0x08,0x00,0x00,0x20,0x08,0x41,0x08,0x20,0x00,0xCB,0x8B,
    0x0C,0x94,0x81,0x10,0x00,0x00,0x00,0x00,0x20,0x08,0x61,0x10,0x00,0x00,0x44,0x31,
    0x2F,0xBD,0xB4,0xF6,0x32,0xE6,0x32,0xE6,0x53,0xE6,0x53,0xE6,0x53,0xE6,0x53,0xE6,
    0x53,0xE6,0x53,0xE6,0x53,0xE6,0x52,0xE6,0x32,0xE6,0x53,0xEE,0x52,0xE6,0x53,0xE6,
    0x53,0xE6,0x53,0xE6,0x53,0xE6,0x53,0xE6,0x53,0xE6,0x53,0xE6,0x53,0xE6,0x53,0xE6,
    0x53,0xE6,0x32,0xE6,0x93,0xEE,0x50,0xC5,0x00,0x00,0xEF,0xB4,0x93,0xF6,0x32,0xE6,
    0x53,0xE6,0x53,0xE6,0x53,0xE6,0x53,0xE6,0x53,0xE6,0x53,0xE6,0x53,0xE6,0x53,0xE6,
    0x53,0xE6,0x53,0xE6,0x53,0xE6,0x53,0xE6,0x53,0xE6,0x53,0xE6,0x53,0xE6,0x53,0xE6,
    0x53,0xE6,0x53,0xE6,0x53,0xE6,0x53,0xE6,0x53,0xE6,0x53,0xE6,0x53,0xE6,0x53,0xE6,
    0x53,0xE6,0x53,0xE6,0x53,0xE6,0x53,0xE6,0x53,0xE6,0x53,0xE6,0x53,0xE6,0x53,0xE6,
    0x53,0xE6,0x53,0xE6,0x53,0xE6,0x32,0xE6,0x53,0xE6,0xB4,0xF6,0xD4,0xF6,0xD4,0xFE,
    0xD4,0xF6,0xB4,0xF6,0x73,0xEE,0x32,0xE6,0x53,0xE6,0x53,0xE6,0x53,0xE6,0x53,0xE6,
    0x53,0xE6,0x53,0xE6,0x53,0xE6,0x53,0xE6,0x53,0xE6,0x53,0xE6,0x53,0xE6,0x53,0xE6,
    0x53,0xE6,0x53,0xE6,0x53,0xE6,0x53,0xE6,0x53,0xE6,0x53,0xE6,0x53,0xE6,0x53,0xE6,
    0x53,0xE6,0x53,0xE6,0x53,0xE6,0x53,0xE6,0x53,0xE6,0x53,0xE6,0x53,0xE6,0x53,0xE6,
    0x53,0xE6,0x53,0xE6,0x53,0xE6,0x53,0xE6,0x53,0xE6,0x53,0xE6,0x53,0xE6,0x53,0xE6,
    0x32,0xE6,0xB4,0xF6,0xE3,0x20,0x87,0x5A,0xF4,0xFE,0x32,0xE6,0x53,0xE6,0x53,0xE6,
    0x53,0xE6,0x53,0xE6,0x53,0xE6,0x53,0xE6,0x53,0xE6,0x53,0xE6,0x53,0xE6,0x53,0xE6,
    0x53,0xE6,0x53,0xE6,0x73,0xEE,0x32,0xE6,0x53,0xE6,0x53,0xE6,0x53,0xE6,0x53,0xE6,
    0x53,0xE6,0x53,0xE6,0x53,0xE6,0x53,0xE6,0x52,0xE6,0x32,0xE6,0xB4,0xF6,0x91,0xCD,
    0xC5,0x41,0x81,0x10,0x4D,0x9C,0x03,0x29,0x00,0x00,0x00,0x00,0x00,0x00,0x26,0x52,
    0xAB,0x83,0x44,0x31,0x41,0x08,0x00,0x00,0x00,0x00,0x00,0x00,0xA2,0x18,0x84,0x39,
    0x00,0x00,0x0C,0x94,0xD4,0xFE,0x32,0xE6,0x53,0xE6,0x53,0xE6,0x53,0xE6,0x53,0xE6,
    0x53,0xE6,0x53,0xE6,0x53,0xE6,0x53,0xE6,0x53,0xE6,0x53,0xE6,0x53,0xE6,0x53,0xE6,
    0x53,0xE6,0x53,0xE6,0x53,0xE6,0x53,0xE6,0x53,0xE6,0x53,0xE6,0x53,0xE6,0x53,0xE6,
    0x53,0xE6,0x53,0xE6,0x53,0xE6,0x53,0xE6,0x53,0xE6,0x53,0xE6,0x53,0xE6,0x53,0xE6,
    0x53,0xE6,0x53,0xE6,0x53,0xE6,0x53,0xE6,0x53,0xE6,0x53,0xE6,0x53,0xE6,0x53,0xE6,
    0x53,0xE6,0x53,0xE6,0x53,0xE6,0x53,0xE6,0x53,0xE6,0x53,0xE6,0x53,0xE6,0x53,0xE6,
    0x53,0xE6,0x53,0xE6,0x53,0xE6,0x53,0xE6,0x53,0xE6,0x53,0xE6,0x53,0xE6,0x53,0xE6,
    0x53,0xE6,0x53,0xE6,0x53,0xE6,0x53,0xE6,0x53,0xE6,0x32,0xE6,0x93,0xF6,0xB1,0xD5,
    0x23,0x29,0x41,0x08,0x67,0x5A,0x82,0x10,0x00,0x00,0x20,0x08,0x00,0x00,0x00,0x00,
    0xE5,0x41,0x8D,0xA4,0x64,0x31,0x00,0x00,0x00,0x00,0x00,0x00,0x20,0x00,0x00,0x00,
    0x41,0x08,0xAB,0x83,0x73,0xEE,0x93,0xEE,0x32,0xE6,0x52,0xE6,0x53,0xE6,0x53,0xE6,
    0x53,0xE6,0x53,0xE6,0x53,0xE6,0x53,0xE6,0x53,0xE6,0x53,0xE6,0x53,0xE6,0x53,0xE6,
    0x53,0xE6,0x53,0xE6,0x53,0xE6,0x53,0xE6,0x53,0xE6,0x53,0xE6,0x53,0xE6,0x53,0xE6,
    0x53,0xE6,0x32,0xE6,0xD4,0xFE,0x67,0x5A,0x64,0x31,0xD4,0xFE,0x32,0xE6,0x53,0xE6,
    0x53,0xE6,0x53,0xE6,0x53,0xE6,0x53,0xE6,0x53,0xE6,0x53,0xE6,0x53,0xE6,0x53,0xE6,
    0x53,0xE6,0x53,0xE6,0x53,0xE6,0x53,0xE6,0x53,0xE6,0x53,0xE6,0x53,0xE6,0x53,0xE6,
    0x53,0xE6,0x53,0xE6,0x53,0xE6,0x53,0xE6,0x53,0xE6,0x53,0xE6,0x53,0xE6,0x53,0xE6,
    0x53,0xE6,0x53,0xE6,0x53,0xE6,0x53,0xE6,0x53,0xE6,0x53,0xE6,0x53,0xE6,0x53,0xE6,
    0x53,0xE6,0x53,0xE6,0x53,0xE6,0x53,0xE6,0x53,0xE6,0x32,0xE6,0x32,0xE6,0x32,0xE6,
    0x32,0xE6,0x32,0xE6,0x52,0xE6,0x53,0xE6,0x53,0xE6,0x53,0xE6,0x53,0xE6,0x53,0xE6,
    0x53,0xE6,0x53,0xE6,0x53,0xE6,0x53,0xE6,0x53,0xE6,0x53,0xE6,0x53,0xE6,0x53,0xE6,
    0x53,0xE6,0x53,0xE6,0x53,0xE6,0x53,0xE6,0x53,0xE6,0x53,0xE6,0x53,0xE6,0x53,0xE6,
    0x53,0xE6,0x53,0xE6,0x53,0xE6,0x53,0xE6,0x53,0xE6,0x53,0xE6,0x53,0xE6,0x53,0xE6,
    0x53,0xE6,0x53,0xE6,0x53,0xE6,0x53,0xE6,0x53,0xE6,0x53,0xE6,0x53,0xE6,0x53,0xE6,
    0x32,0xE6,0xB4,0xF6,0x6D,0xA4,0x61,0x10,0x12,0xDE,0x53,0xEE,0x52,0xE6,0x53,0xE6,
    0x53,0xE6,0x53,0xE6,0x53,0xE6,0x53,0xE6,0x53,0xE6,0x53,0xE6,0x53,0xE6,0x53,0xE6,
    0x53,0xE6,0x53,0xE6,0x52,0xE6,0x53,0xE6,0x53,0xE6,0x53,0xE6,0x53,0xE6,0x53,0xE6,
    0x53,0xE6,0x53,0xE6,0x53,0xE6,0x32,0xE6,0x53,0xEE,0xB4,0xF6,0x2C,0x9C,0xA2,0x18,
    0xA2,0x18,0xA8,0x62,0x03,0x29,0x00,0x00,0x00,0x00,0x41,0x08,0x09,0x6B,0xA8,0x62,
    0x00,0x00,0x00,0x00,0x81,0x10,0x00,0x00,0x00,0x00,0x82,0x10,0xE3,0x20,0xA2,0x18,
    0x0C,0x94,0xD4,0xF6,0x32,0xE6,0x53,0xE6,0x53,0xE6,0x53,0xE6,0x53,0xE6,0x53,0xE6,
    0x53,0xE6,0x53,0xE6,0x53,0xE6,0x53,0xE6,0x53,0xE6,0x53,0xE6,0x53,0xE6,0x53,0xE6,
    0x53,0xE6,0x53,0xE6,0x53,0xE6,0x53,0xE6,0x53,0xE6,0x53,0xE6,0x53,0xE6,0x53,0xE6,
    0x53,0xE6,0x53,0xE6,0x53,0xE6,0x53,0xE6,0x53,0xE6,0x53,0xE6,0x53,0xE6,0x53,0xE6,
    0x53,0xE6,0x53,0xE6,0x53,0xE6,0x53,0xE6,0x53,0xE6,0x53,0xE6,0x53,0xE6,0x53,0xE6,
    0x53,0xE6,0x53,0xE6,0x53,0xE6,0x53,0xE6,0x53,0xE6,0x53,0xE6,0x53,0xE6,0x53,0xE6,
    0x53,0xE6,0x53,0xE6,0x53,0xE6,0x53,0xE6,0x53,0xE6,0x53,0xE6,0x53,0xE6,0x53,0xE6,
    0x53,0xE6,0x53,0xE6,0x53,0xE6,0x53,0xE6,0x53,0xE6,0x53,0xE6,0x32,0xE6,0x93,0xEE,
    0x53,0xE6,0x26,0x4A,0x20,0x00,0xE5,0x41,0xE3,0x20,0x00,0x00,0x00,0x00,0x61,0x10,
    0x00,0x00,0x24,0x29,0x8D,0xAC,0xA8,0x62,0x00,0x00,0x00,0x00,0x00,0x00,0x00,0x00,
    0x00,0x00,0x00,0x00,0xA5,0x39,0x50,0xC5,0xB4,0xF6,0x32,0xE6,0x32,0xE6,0x53,0xE6,
    0x53,0xE6,0x53,0xE6,0x53,0xE6,0x53,0xE6,0x53,0xE6,0x53,0xE6,0x53,0xE6,0x53,0xE6,
    0x53,0xE6,0x53,0xE6,0x53,0xE6,0x53,0xE6,0x53,0xE6,0x53,0xE6,0x53,0xE6,0x53,0xE6,
    0x53,0xE6,0x73,0xEE,0xF2,0xDD,0x20,0x08,0x8D,0xA4,0xB4,0xF6,0x32,0xE6,0x53,0xE6,
    0x53,0xE6,0x53,0xE6,0x53,0xE6,0x53,0xE6,0x53,0xE6,0x53,0xE6,0x53,0xE6,0x53,0xE6,
    0x53,0xE6,0x52,0xE6,0x32,0xE6,0x53,0xE6,0x53,0xE6,0x53,0xE6,0x53,0xE6,0x53,0xE6,
    0x53,0xE6,0x53,0xE6,0x53,0xE6,0x53,0xE6,0x53,0xE6,0x53,0xE6,0x53,0xE6,0x53,0xE6,
    0x53,0xE6,0x53,0xE6,0x53,0xE6,0x53,0xE6,0x53,0xE6,0x53,0xE6,0x53,0xE6,0x53,0xE6,
    0x53,0xE6,0x53,0xE6,0x53,0xE6,0x53,0xE6,0x53,0xE6,0x53,0xE6,0x53,0xE6,0x53,0xE6,
    0x53,0xE6,0x53,0xE6,0x53,0xE6,0x53,0xE6,0x53,0xE6,0x53,0xE6,0x53,0xE6,0x53,0xE6,
    0x53,0xE6,0x53,0xE6,0x53,0xE6,0x53,0xE6,0x53,0xE6,0x53,0xE6,0x53,0xE6,0x53,0xE6,
    0x53,0xE6,0x53,0xE6,0x53,0xE6,0x53,0xE6,0x53,0xE6,0x53,0xE6,0x53,0xE6,0x53,0xE6,
    0x53,0xE6,0x53,0xE6,0x53,0xE6,0x53,0xE6,0x52,0xE6,0x32,0xE6,0x53,0xE6,0x53,0xE6,
    0x53,0xE6,0x53,0xE6,0x53,0xE6,0x53,0xE6,0x53,0xE6,0x53,0xE6,0x53,0xE6,0x53,0xE6,
    0x53,0xE6,0x53,0xE6,0x73,0xEE,0x82,0x10,0x8A,0x83,0xD4,0xFE,0x32,0xE6,0x53,0xE6,
    0x53,0xE6,0x53,0xE6,0x53,0xE6,0x53,0xE6,0x53,0xE6,0x53,0xE6,0x53,0xE6,0x53,0xE6,
    0x53,0xE6,0x53,0xE6,0x53,0xE6,0x53,0xE6,0x53,0xE6,0x53,0xE6,0x53,0xE6,0x53,0xE6,
    0x53,0xE6,0x52,0xE6,0x32,0xE6,0xB4,0xF6,0x32,0xE6,0x67,0x5A,0x00,0x00,0x03,0x21,
    0x44,0x31,0x21,0x08,0x00,0x00,0x00,0x00,0x03,0x29,0xAB,0x83,0xA5,0x39,0x00,0x00,
    0x00,0x00,0xC2,0x18,0xA2,0x18,0x00,0x00,0x41,0x08,0x00,0x00,0x23,0x29,0x2F,0xBD,
    0xD4,0xFE,0x32,0xE6,0x53,0xE6,0x53,0xE6,0x53,0xE6,0x53,0xE6,0x53,0xE6,0x53,0xE6,
    0x53,0xE6,0x53,0xE6,0x53,0xE6,0x53,0xE6,0x53,0xE6,0x53,0xE6,0x53,0xE6,0x53,0xE6,
    0x53,0xE6,0x53,0xE6,0x53,0xE6,0x53,0xE6,0x53,0xE6,0x53,0xE6,0x53,0xE6,0x53,0xE6,
    0x53,0xE6,0x53,0xE6,0x53,0xE6,0x53,0xE6,0x53,0xE6,0x53,0xE6,0x53,0xE6,0x53,0xE6,
    0x53,0xE6,0x53,0xE6,0x53,0xE6,0x53,0xE6,0x53,0xE6,0x53,0xE6,0x53,0xE6,0x53,0xE6,
    0x53,0xE6,0x53,0xE6,0x53,0xE6,0x53,0xE6,0x53,0xE6,0x53,0xE6,0x53,0xE6,0x53,0xE6,
    0x53,0xE6,0x53,0xE6,0x53,0xE6,0x53,0xE6,0x53,0xE6,0x53,0xE6,0x53,0xE6,0x53,0xE6,
    0x53,0xE6,0x53,0xE6,0x53,0xE6,0x53,0xE6,0x53,0xE6,0x53,0xE6,0x53,0xE6,0x32,0xE6,
    0x73,0xEE,0x93,0xF6,0xA8,0x62,0x20,0x08,0x03,0x21,0xC2,0x18,0x00,0x00,0x00,0x00,
    0x20,0x08,0x00,0x00,0x81,0x10,0x0C,0x94,0xCB,0x8B,0xC2,0x18,0x00,0x00,0x20,0x00,
    0x00,0x00,0x20,0x08,0x00,0x00,0x41,0x08,0xAB,0x83,0x93,0xEE,0x93,0xEE,0x32,0xE6,
    0x52,0xE6,0x53,0xE6,0x53,0xE6,0x53,0xE6,0x53,0xE6,0x53,0xE6,0x53,0xE6,0x53,0xE6,
    0x53,0xE6,0x53,0xE6,0x53,0xE6,0x53,0xE6,0x53,0xE6,0x53,0xE6,0x53,0xE6,0x53,0xE6,
    0x32,0xE6,0xD4,0xFE,0x4A,0x7B,0xC2,0x18,0x93,0xEE,0x52,0xE6,0x53,0xE6,0x53,0xE6,
    0x53,0xE6,0x53,0xE6,0x53,0xE6,0x53,0xE6,0x53,0xE6,0x53,0xE6,0x53,0xE6,0x53,0xE6,
    0x52,0xE6,0x73,0xEE,0xB4,0xF6,0x53,0xE6,0x53,0xE6,0x53,0xE6,0x53,0xE6,0x53,0xE6,
    0x53,0xE6,0x53,0xE6,0x53,0xE6,0x53,0xE6,0x53,0xE6,0x53,0xE6,0x53,0xE6,0x53,0xE6,
    0x53,0xE6,0x53,0xE6,0x53,0xE6,0x53,0xE6,0x53,0xE6,0x53,0xE6,0x53,0xE6,0x53,0xE6,
    0x53,0xE6,0x53,0xE6,0x53,0xE6,0x53,0xE6,0x53,0xE6,0x53,0xE6,0x53,0xE6,0x53,0xE6,
    0x53,0xE6,0x53,0xE6,0x53,0xE6,0x53,0xE6,0x53,0xE6,0x53,0xE6,0x53,0xE6,0x53,0xE6,
    0x53,0xE6,0x53,0xE6,0x53,0xE6,0x53,0xE6,0x53,0xE6,0x53,0xE6,0x53,0xE6,0x53,0xE6,
    0x53,0xE6,0x53,0xE6,0x53,0xE6,0x53,0xE6,0x53,0xE6,0x53,0xE6,0x53,0xE6,0x53,0xE6,
    0x53,0xE6,0x53,0xE6,0x53,0xE6,0x52,0xE6,0x73,0xEE,0xB4,0xF6,0x53,0xE6,0x53,0xE6,
    0x53,0xE6,0x53,0xE6,0x53,0xE6,0x53,0xE6,0x53,0xE6,0x53,0xE6,0x53,0xE6,0x53,0xE6,
    0x53,0xE6,0x32,0xE6,0xD4,0xFE,0x09,0x73,0xC2,0x20,0x93,0xF6,0x52,0xE6,0x53,0xE6,
    0x53,0xE6,0x53,0xE6,0x53,0xE6,0x53,0xE6,0x53,0xE6,0x53,0xE6,0x53,0xE6,0x53,0xE6,
    0x53,0xE6,0x53,0xE6,0x53,0xE6,0x53,0xE6,0x53,0xE6,0x53,0xE6,0x53,0xE6,0x53,0xE6,
    0x32,0xE6,0x53,0xE6,0xB4,0xF6,0x8D,0xA4,0xC2,0x18,0x03,0x21,0x85,0x39,0x41,0x08,
    0x00,0x00,0x00,0x00,0x00,0x00,0x26,0x4A,0xAB,0x83,0x03,0x21,0x00,0x00,0x41,0x08,
    0x00,0x00,0x41,0x08,0x00,0x00,0x20,0x08,0x00,0x00,0xC5,0x41,0x32,0xE6,0x94,0xF6,
    0x32,0xE6,0x53,0xE6,0x53,0xE6,0x53,0xE6,0x53,0xE6,0x53,0xE6,0x53,0xE6,0x53,0xE6,
    0x53,0xE6,0x53,0xE6,0x53,0xE6,0x53,0xE6,0x53,0xE6,0x53,0xE6,0x53,0xE6,0x53,0xE6,
    0x53,0xE6,0x53,0xE6,0x53,0xE6,0x53,0xE6,0x53,0xE6,0x53,0xE6,0x53,0xE6,0x53,0xE6,
    0x53,0xE6,0x53,0xE6,0x53,0xE6,0x53,0xE6,0x53,0xE6,0x53,0xE6,0x53,0xE6,0x53,0xE6,
    0x53,0xE6,0x53,0xE6,0x53,0xE6,0x53,0xE6,0x53,0xE6,0x53,0xE6,0x53,0xE6,0x53,0xE6,
    0x53,0xE6,0x53,0xE6,0x53,0xE6,0x53,0xE6,0x53,0xE6,0x53,0xE6,0x53,0xE6,0x53,0xE6,
    0x53,0xE6,0x53,0xE6,0x53,0xE6,0x53,0xE6,0x53,0xE6,0x53,0xE6,0x53,0xE6,0x53,0xE6,
    0x53,0xE6,0x53,0xE6,0x53,0xE6,0x53,0xE6,0x53,0xE6,0x53,0xE6,0x53,0xE6,0x53,0xE6,
    0x52,0xE6,0x52,0xE6,0xB4,0xF6,0x2C,0x9C,0x41,0x08,0xE3,0x20,0x06,0x4A,0x61,0x10,
    0x00,0x00,0x20,0x00,0x00,0x00,0x00,0x00,0xE6,0x49,0x6D,0xA4,0x06,0x4A,0x00,0x00,
    0x00,0x00,0x00,0x00,0x00,0x00,0x00,0x00,0x00,0x00,0xA5,0x39,0x4F,0xBD,0xB4,0xF6,
    0x32,0xE6,0x32,0xE6,0x53,0xE6,0x53,0xE6,0x53,0xE6,0x53,0xE6,0x53,0xE6,0x53,0xE6,
    0x53,0xE6,0x53,0xE6,0x53,0xE6,0x53,0xE6,0x53,0xE6,0x53,0xE6,0x53,0xE6,0x53,0xE6,
    0x53,0xE6,0x52,0xE6,0x21,0x08,0x6A,0x83,0xD4,0xFE,0x32,0xE6,0x53,0xE6,0x53,0xE6,
    0x53,0xE6,0x53,0xE6,0x53,0xE6,0x53,0xE6,0x53,0xE6,0x53,0xE6,0x53,0xE6,0x32,0xE6,
    0x94,0xF6,0xAE,0xAC,0xC8,0x6A,0x73,0xEE,0x53,0xE6,0x53,0xE6,0x53,0xE6,0x53,0xE6,
    0x53,0xE6,0x53,0xE6,0x53,0xE6,0x53,0xE6,0x53,0xE6,0x53,0xE6,0x53,0xE6,0x53,0xE6,
    0x53,0xE6,0x53,0xE6,0x53,0xE6,0x53,0xE6,0x53,0xE6,0x53,0xE6,0x53,0xE6,0x53,0xE6,
    0x53,0xE6,0x53,0xE6,0x53,0xE6,0x53,0xE6,0x53,0xE6,0x53,0xE6,0x32,0xE6,0x32,0xE6,
    0x32,0xE6,0x52,0xE6,0x53,0xE6,0x53,0xE6,0x53,0xE6,0x53,0xE6,0x53,0xE6,0x53,0xE6,
    0x53,0xE6,0x53,0xE6,0x53,0xE6,0x53,0xE6,0x53,0xE6,0x53,0xE6,0x53,0xE6,0x53,0xE6,
    0x53,0xE6,0x53,0xE6,0x53,0xE6,0x53,0xE6,0x53,0xE6,0x53,0xE6,0x53,0xE6,0x53,0xE6,
    0x53,0xE6,0x53,0xE6,0x52,0xE6,0x73,0xEE,0x50,0xC5,0xC8,0x6A,0x32,0xE6,0x53,0xEE,
    0x53,0xE6,0x53,0xE6,0x53,0xE6,0x53,0xE6,0x53,0xE6,0x53,0xE6,0x53,0xE6,0x53,0xE6,
    0x53,0xE6,0x52,0xE6,0x73,0xEE,0x12,0xDE,0x00,0x00,0x2C,0x9C,0xB4,0xF6,0x32,0xE6,
    0x53,0xE6,0x53,0xE6,0x53,0xE6,0x53,0xE6,0x53,0xE6,0x53,0xE6,0x53,0xE6,0x53,0xE6,
    0x53,0xE6,0x53,0xE6,0x53,0xE6,0x53,0xE6,0x53,0xE6,0x53,0xE6,0x32,0xE6,0x32,0xE6,
    0xB4,0xF6,0xD1,0xDD,0xA8,0x62,0x24,0x29,0xE9,0x6A,0x84,0x39,0x61,0x10,0x00,0x00,
    0x00,0x00,0x82,0x10,0x29,0x73,0xC8,0x62,0x21,0x08,0x00,0x00,0x41,0x08,0x00,0x00,
    0x00,0x00,0x00,0x00,0x00,0x00,0x00,0x00,0x88,0x62,0x73,0xEE,0x73,0xEE,0x32,0xE6,
    0x53,0xE6,0x53,0xE6,0x53,0xE6,0x53,0xE6,0x53,0xE6,0x53,0xE6,0x53,0xE6,0x53,0xE6,
    0x53,0xE6,0x53,0xE6,0x53,0xE6,0x53,0xE6,0x53,0xE6,0x53,0xE6,0x53,0xE6,0x53,0xE6,
    0x53,0xE6,0x53,0xE6,0x53,0xE6,0x53,0xE6,0x53,0xE6,0x53,0xE6,0x53,0xE6,0x53,0xE6,
    0x53,0xE6,0x53,0xE6,0x53,0xE6,0x53,0xE6,0x53,0xE6,0x53,0xE6,0x53,0xE6,0x53,0xE6,
    0x53,0xE6,0x53,0xE6,0x53,0xE6,0x53,0xE6,0x53,0xE6,0x53,0xE6,0x53,0xE6,0x53,0xE6,
    0x53,0xE6,0x53,0xE6,0x53,0xE6,0x53,0xE6,0x53,0xE6,0x53,0xE6,0x53,0xE6,0x53,0xE6,
    0x53,0xE6,0x53,0xE6,0x53,0xE6,0x53,0xE6,0x53,0xE6,0x53,0xE6,0x53,0xE6,0x53,0xE6,
    0x53,0xE6,0x53,0xE6,0x53,0xE6,0x53,0xE6,0x53,0xE6,0x53,0xE6,0x53,0xE6,0x53,0xE6,
    0x53,0xE6,0x52,0xE6,0x32,0xE6,0xB4,0xF6,0x2F,0xBD,0xE3,0x20,0x61,0x10,0x26,0x4A,
    0xA2,0x18,0x00,0x00,0x00,0x00,0x00,0x00,0x00,0x00,0x84,0x39,0x8D,0xA4,0x6A,0x83,
    0x81,0x10,0x00,0x00,0x00,0x00,0x00,0x00,0x00,0x00,0x00,0x00,0x20,0x08,0x09,0x73,
    0x12,0xDE,0x93,0xF6,0x52,0xE6,0x32,0xE6,0x53,0xE6,0x53,0xE6,0x53,0xE6,0x53,0xE6,
    0x53,0xE6,0x53,0xE6,0x53,0xE6,0x53,0xE6,0x53,0xE6,0x53,0xE6,0x53,0xE6,0x53,0xE6,
    0x73,0xEE,0xF2,0xDD,0x29,0x73,0xB1,0xD5,0x73,0xEE,0x52,0xE6,0x53,0xE6,0x53,0xE6,
    0x53,0xE6,0x53,0xE6,0x53,0xE6,0x53,0xE6,0x53,0xE6,0x53,0xE6,0x53,0xE6,0x32,0xE6,
    0xD4,0xFE,0x47,0x52,0x44,0x31,0xD4,0xF6,0x32,0xE6,0x53,0xE6,0x53,0xE6,0x53,0xE6,
    0x53,0xE6,0x53,0xE6,0x53,0xE6,0x53,0xE6,0x53,0xE6,0x53,0xE6,0x53,0xE6,0x53,0xE6,
    0x32,0xE6,0x53,0xE6,0x53,0xE6,0x53,0xE6,0x53,0xE6,0x53,0xE6,0x53,0xE6,0x53,0xE6,
    0x53,0xE6,0x53,0xE6,0x53,0xE6,0x53,0xE6,0x53,0xE6,0x53,0xE6,0xB4,0xF6,0xB4,0xF6,
    0xB4,0xF6,0x73,0xEE,0x52,0xE6,0x53,0xE6,0x53,0xE6,0x53,0xE6,0x53,0xE6,0x53,0xE6,
    0x53,0xE6,0x53,0xE6,0x53,0xE6,0x53,0xE6,0x53,0xE6,0x53,0xE6,0x32,0xE6,0x32,0xE6,
    0x53,0xE6,0x53,0xE6,0x53,0xE6,0x53,0xE6,0x53,0xE6,0x53,0xE6,0x53,0xE6,0x53,0xE6,
    0x53,0xE6,0x53,0xE6,0x52,0xE6,0x93,0xEE,0x70,0xCD,0x00,0x00,0x0F,0xBD,0x93,0xF6,
    0x32,0xE6,0x53,0xE6,0x53,0xE6,0x53,0xE6,0x53,0xE6,0x53,0xE6,0x53,0xE6,0x53,0xE6,
    0x53,0xE6,0x53,0xE6,0x32,0xE6,0x94,0xF6,0xAB,0x8B,0x6D,0xA4,0x93,0xF6,0x32,0xE6,
    0x53,0xE6,0x53,0xE6,0x53,0xE6,0x53,0xE6,0x53,0xE6,0x53,0xE6,0x53,0xE6,0x53,0xE6,
    0x53,0xE6,0x53,0xE6,0x53,0xE6,0x53,0xE6,0x32,0xE6,0x32,0xE6,0x93,0xEE,0x73,0xEE,
    0x0C,0x94,0xA2,0x18,0xE3,0x20,0x29,0x73,0x64,0x31,0x00,0x00,0x00,0x00,0x00,0x00,
    0xA5,0x39,0x8A,0x83,0x84,0x39,0x00,0x00,0x00,0x00,0x20,0x08,0x41,0x08,0x20,0x08,
    0xA2,0x18,0x00,0x00,0x00,0x00,0x4A,0x7B,0x93,0xEE,0x53,0xEE,0x32,0xE6,0x53,0xE6,
    0x53,0xE6,0x53,0xE6,0x53,0xE6,0x53,0xE6,0x53,0xE6,0x53,0xE6,0x53,0xE6,0x53,0xE6,
    0x53,0xE6,0x53,0xE6,0x53,0xE6,0x53,0xE6,0x53,0xE6,0x53,0xE6,0x53,0xE6,0x53,0xE6,
    0x53,0xE6,0x53,0xE6,0x53,0xE6,0x53,0xE6,0x53,0xE6,0x53,0xE6,0x53,0xE6,0x53,0xE6,
    0x53,0xE6,0x53,0xE6,0x53,0xE6,0x53,0xE6,0x53,0xE6,0x53,0xE6,0x53,0xE6,0x53,0xE6,
    0x53,0xE6,0x53,0xE6,0x53,0xE6,0x53,0xE6,0x53,0xE6,0x53,0xE6,0x53,0xE6,0x53,0xE6,
    0x53,0xE6,0x53,0xE6,0x53,0xE6,0x53,0xE6,0x53,0xE6,0x53,0xE6,0x53,0xE6,0x53,0xE6,
    0x53,0xE6,0x53,0xE6,0x53,0xE6,0x53,0xE6,0x53,0xE6,0x53,0xE6,0x53,0xE6,0x53,0xE6,
    0x53,0xE6,0x53,0xE6,0x53,0xE6,0x53,0xE6,0x53,0xE6,0x53,0xE6,0x53,0xE6,0x53,0xE6,
    0x53,0xE6,0x53,0xE6,0x53,0xE6,0x32,0xE6,0x93,0xF6,0x32,0xE6,0x26,0x4A,0x00,0x00,
    0x03,0x21,0x03,0x29,0x00,0x00,0x00,0x00,0x81,0x10,0x00,0x00,0xA2,0x18,0x6D,0xA4,
    0x2F,0xBD,0xE6,0x49,0x00,0x00,0x00,0x00,0x00,0x00,0x20,0x00,0x20,0x08,0x00,0x00,
    0x03,0x21,0x2C,0x94,0x73,0xEE,0x93,0xEE,0x32,0xE6,0x52,0xE6,0x53,0xE6,0x53,0xE6,
    0x53,0xE6,0x53,0xE6,0x53,0xE6,0x53,0xE6,0x53,0xE6,0x53,0xE6,0x53,0xE6,0x53,0xE6,
    0x53,0xE6,0x53,0xEE,0xB4,0xF6,0x53,0xEE,0x53,0xE6,0x53,0xE6,0x53,0xE6,0x53,0xE6,
    0x53,0xE6,0x53,0xE6,0x53,0xE6,0x53,0xE6,0x53,0xE6,0x53,0xE6,0x53,0xE6,0x53,0xE6,
    0x73,0xEE,0xC2,0x18,0xCB,0x8B,0xD4,0xFE,0x32,0xE6,0x53,0xE6,0x53,0xE6,0x53,0xE6,
    0x53,0xE6,0x53,0xE6,0x53,0xE6,0x53,0xE6,0x53,0xE6,0x53,0xE6,0x53,0xE6,0x53,0xEE,
    0xB4,0xF6,0x53,0xE6,0x53,0xE6,0x53,0xE6,0x53,0xE6,0x53,0xE6,0x53,0xE6,0x53,0xE6,
    0x53,0xE6,0x53,0xE6,0x53,0xE6,0x53,0xE6,0x53,0xE6,0x53,0xEE,0x8D,0xA4,0xEC,0x93,
    0x0C,0x94,0x90,0xCD,0x73,0xEE,0x52,0xE6,0x53,0xE6,0x53,0xE6,0x53,0xE6,0x53,0xE6,
    0x53,0xE6,0x53,0xE6,0x53,0xE6,0x53,0xE6,0x53,0xE6,0x52,0xE6,0x93,0xEE,0xB4,0xF6,
    0x52,0xE6,0x53,0xE6,0x53,0xE6,0x53,0xE6,0x53,0xE6,0x53,0xE6,0x53,0xE6,0x53,0xE6,
    0x53,0xE6,0x53,0xE6,0x53,0xE6,0x32,0xE6,0xB4,0xF6,0x24,0x29,0x29,0x73,0xD4,0xFE,
    0x32,0xE6,0x53,0xE6,0x53,0xE6,0x53,0xE6,0x53,0xE6,0x53,0xE6,0x53,0xE6,0x53,0xE6,
    0x53,0xE6,0x53,0xE6,0x53,0xE6,0x32,0xE6,0xB4,0xF6,0x93,0xF6,0x52,0xE6,0x53,0xE6,
    0x53,0xE6,0x53,0xE6,0x53,0xE6,0x53,0xE6,0x53,0xE6,0x53,0xE6,0x53,0xE6,0x53,0xE6,
    0x53,0xE6,0x53,0xE6,0x52,0xE6,0x32,0xE6,0x73,0xEE,0x73,0xEE,0xAE,0xAC,0xC5,0x41,
    0x00,0x00,0x20,0x08,0xA5,0x39,0x20,0x00,0x00,0x00,0x00,0x00,0x61,0x10,0xA8,0x62,
    0xE9,0x6A,0x41,0x08,0x00,0x00,0x20,0x00,0x00,0x00,0x20,0x08,0x00,0x00,0xC2,0x18,
    0x41,0x08,0xE2,0x20,0xAE,0xAC,0xB4,0xF6,0x52,0xE6,0x52,0xE6,0x53,0xE6,0x53,0xE6,
    0x53,0xE6,0x53,0xE6,0x53,0xE6,0x53,0xE6,0x53,0xE6,0x53,0xE6,0x53,0xE6,0x53,0xE6,
    0x53,0xE6,0x53,0xE6,0x53,0xE6,0x53,0xE6,0x53,0xE6,0x53,0xE6,0x53,0xE6,0x53,0xE6,
    0x53,0xE6,0x53,0xE6,0x53,0xE6,0x53,0xE6,0x53,0xE6,0x53,0xE6,0x53,0xE6,0x53,0xE6,
    0x53,0xE6,0x53,0xE6,0x53,0xE6,0x53,0xE6,0x53,0xE6,0x53,0xE6,0x53,0xE6,0x53,0xE6,
    0x53,0xE6,0x53,0xE6,0x53,0xE6,0x53,0xE6,0x53,0xE6,0x53,0xE6,0x53,0xE6,0x53,0xE6,
    0x53,0xE6,0x53,0xE6,0x53,0xE6,0x53,0xE6,0x53,0xE6,0x53,0xE6,0x53,0xE6,0x53,0xE6,
    0x53,0xE6,0x53,0xE6,0x53,0xE6,0x53,0xE6,0x53,0xE6,0x53,0xE6,0x53,0xE6,0x53,0xE6,
    0x53,0xE6,0x53,0xE6,0x53,0xE6,0x53,0xE6,0x53,0xE6,0x53,0xE6,0x53,0xE6,0x53,0xE6,
    0x53,0xE6,0x53,0xE6,0x53,0xE6,0x53,0xE6,0x32,0xE6,0x73,0xEE,0xB4,0xF6,0x4A,0x7B,
    0x21,0x08,0x26,0x52,0xC5,0x41,0x20,0x00,0x00,0x00,0x20,0x00,0x00,0x00,0x00,0x00,
    0x26,0x52,0x8D,0xAC,0x8A,0x83,0xE3,0x20,0x00,0x00,0x00,0x00,0x20,0x00,0x20,0x08,
    0x00,0x00,0x00,0x00,0xC5,0x41,0xAE,0xAC,0x73,0xEE,0x73,0xEE,0x32,0xE6,0x52,0xE6,
    0x53,0xE6,0x53,0xE6,0x53,0xE6,0x53,0xE6,0x53,0xE6,0x53,0xE6,0x53,0xE6,0x53,0xE6,
    0x53,0xE6,0x53,0xE6,0x32,0xE6,0x52,0xE6,0x53,0xE6,0x53,0xE6,0x53,0xE6,0x53,0xE6,
    0x53,0xE6,0x53,0xE6,0x53,0xE6,0x53,0xE6,0x53,0xE6,0x53,0xE6,0x52,0xE6,0x93,0xEE,
    0x50,0xC5,0x20,0x08,0x70,0xCD,0x93,0xEE,0x32,0xE6,0x53,0xE6,0x53,0xE6,0x53,0xE6,
    0x53,0xE6,0x53,0xE6,0x53,0xE6,0x53,0xE6,0x53,0xE6,0x52,0xE6,0x73,0xEE,0x90,0xCD,
    0x09,0x73,0x32,0xE6,0x53,0xE6,0x53,0xE6,0x53,0xE6,0x53,0xE6,0x53,0xE6,0x53,0xE6,
    0x53,0xE6,0x53,0xE6,0x53,0xE6,0x53,0xE6,0x53,0xE6,0x32,0xE6,0x82,0x18,0x00,0x00,
    0x00,0x00,0x6A,0x83,0xD4,0xFE,0x32,0xE6,0x53,0xE6,0x53,0xE6,0x53,0xE6,0x53,0xE6,
    0x53,0xE6,0x53,0xE6,0x53,0xE6,0x53,0xE6,0x52,0xE6,0x93,0xEE,0xCE,0xB4,0x6A,0x7B,
    0x73,0xEE,0x52,0xE6,0x53,0xE6,0x53,0xE6,0x53,0xE6,0x53,0xE6,0x53,0xE6,0x53,0xE6,
    0x53,0xE6,0x53,0xE6,0x53,0xE6,0x32,0xE6,0xD4,0xFE,0xE9,0x6A,0x44,0x31,0xB4,0xF6,
    0x32,0xE6,0x53,0xE6,0x53,0xE6,0x53,0xE6,0x53,0xE6,0x53,0xE6,0x53,0xE6,0x53,0xE6,
    0x53,0xE6,0x53,0xE6,0x53,0xE6,0x53,0xE6,0x32,0xE6,0x32,0xE6,0x53,0xE6,0x53,0xE6,
    0x53,0xE6,0x53,0xE6,0x53,0xE6,0x53,0xE6,0x53,0xE6,0x53,0xE6,0x53,0xE6,0x53,0xE6,
    0x53,0xE6,0x32,0xE6,0x53,0xEE,0xB4,0xF6,0x70,0xC5,0x26,0x52,0x00,0x00,0x00,0x00,
    0x61,0x10,0x21,0x08,0x20,0x08,0x00,0x00,0x00,0x00,0x84,0x39,0x8B,0x83,0xA8,0x62,
    0x00,0x00,0x00,0x00,0x20,0x00,0x00,0x00,0x00,0x00,0x00,0x00,0x00,0x00,0x00,0x00,
    0xE5,0x41,0xF2,0xDD,0xB4,0xF6,0x32,0xE6,0x53,0xE6,0x53,0xE6,0x53,0xE6,0x53,0xE6,
    0x53,0xE6,0x53,0xE6,0x53,0xE6,0x53,0xE6,0x53,0xE6,0x53,0xE6,0x53,0xE6,0x53,0xE6,
    0x53,0xE6,0x53,0xE6,0x53,0xE6,0x53,0xE6,0x53,0xE6,0x53,0xE6,0x53,0xE6,0x53,0xE6,
    0x53,0xE6,0x53,0xE6,0x53,0xE6,0x53,0xE6,0x53,0xE6,0x53,0xE6,0x53,0xE6,0x53,0xE6,
    0x53,0xE6,0x53,0xE6,0x53,0xE6,0x53,0xE6,0x53,0xE6,0x53,0xE6,0x53,0xE6,0x53,0xE6,
    0x53,0xE6,0x53,0xE6,0x53,0xE6,0x53,0xE6,0x53,0xE6,0x53,0xE6,0x53,0xE6,0x53,0xE6,
    0x53,0xE6,0x53,0xE6,0x53,0xE6,0x53,0xE6,0x53,0xE6,0x53,0xE6,0x53,0xE6,0x53,0xE6,
    0x53,0xE6,0x53,0xE6,0x53,0xE6,0x53,0xE6,0x53,0xE6,0x53,0xE6,0x53,0xE6,0x53,0xE6,
    0x53,0xE6,0x53,0xE6,0x53,0xE6,0x53,0xE6,0x53,0xE6,0x53,0xE6,0x53,0xE6,0x53,0xE6,
    0x53,0xE6,0x53,0xE6,0x53,0xE6,0x53,0xE6,0x53,0xE6,0x52,0xE6,0x32,0xE6,0xD4,0xFE,
    0xCE,0xB4,0x03,0x21,0x64,0x31,0x67,0x5A,0xE3,0x20,0x00,0x00,0x00,0x00,0x00,0x00,
    0x00,0x00,0x81,0x10,0x26,0x52,0xEC,0x93,0xC8,0x62,0x20,0x08,0x00,0x00,0x00,0x00,
    0x20,0x00,0x00,0x00,0x00,0x00,0x00,0x00,0x47,0x52,0x50,0xC5,0x93,0xF6,0x73,0xEE,
    0x32,0xE6,0x53,0xE6,0x53,0xE6,0x53,0xE6,0x53,0xE6,0x53,0xE6,0x53,0xE6,0x53,0xE6,
    0x53,0xE6,0x53,0xE6,0x53,0xE6,0x53,0xE6,0x53,0xE6,0x53,0xE6,0x53,0xE6,0x53,0xE6,
    0x53,0xE6,0x53,0xE6,0x53,0xE6,0x53,0xE6,0x53,0xE6,0x53,0xE6,0x32,0xE6,0xD4,0xFE,
    0xAB,0x83,0xE2,0x20,0x93,0xEE,0x52,0xE6,0x53,0xE6,0x53,0xE6,0x53,0xE6,0x53,0xE6,
    0x53,0xE6,0x53,0xE6,0x53,0xE6,0x53,0xE6,0x53,0xE6,0x32,0xE6,0xB4,0xF6,0x8D,0xAC,
    0x00,0x00,0x12,0xDE,0x73,0xEE,0x53,0xE6,0x53,0xE6,0x53,0xE6,0x53,0xE6,0x53,0xE6,
    0x53,0xE6,0x53,0xE6,0x53,0xE6,0x53,0xE6,0x53,0xE6,0x32,0xE6,0xE3,0x20,0x20,0x00,
    0x20,0x00,0x8B,0x83,0xD4,0xF6,0x32,0xE6,0x53,0xE6,0x53,0xE6,0x53,0xE6,0x53,0xE6,
    0x53,0xE6,0x53,0xE6,0x53,0xE6,0x53,0xE6,0x32,0xE6,0xD4,0xFE,0x4A,0x7B,0xA2,0x18,
    0x93,0xF6,0x32,0xE6,0x53,0xE6,0x53,0xE6,0x53,0xE6,0x53,0xE6,0x53,0xE6,0x53,0xE6,
    0x53,0xE6,0x53,0xE6,0x53,0xE6,0x32,0xE6,0x94,0xF6,0xCE,0xB4,0x41,0x08,0xF2,0xDD,
    0x73,0xEE,0x52,0xE6,0x53,0xE6,0x53,0xE6,0x53,0xE6,0x53,0xE6,0x53,0xE6,0x53,0xE6,
    0x53,0xE6,0x53,0xE6,0x53,0xE6,0x53,0xE6,0x53,0xE6,0x53,0xE6,0x53,0xE6,0x53,0xE6,
    0x53,0xE6,0x53,0xE6,0x53,0xE6,0x53,0xE6,0x53,0xE6,0x53,0xE6,0x53,0xE6,0x32,0xE6,
    0x53,0xEE,0xB4,0xF6,0xD1,0xD5,0x09,0x73,0x41,0x08,0x00,0x00,0x00,0x00,0x00,0x00,
    0x21,0x08,0x41,0x08,0x00,0x00,0xA2,0x18,0x09,0x6B,0x09,0x73,0x84,0x39,0xA2,0x18,
    0x00,0x00,0x00,0x00,0x00,0x00,0x00,0x00,0xA2,0x18,0x41,0x08,0x41,0x08,0x6A,0x7B,
    0x73,0xEE,0x73,0xEE,0x32,0xE6,0x53,0xE6,0x53,0xE6,0x53,0xE6,0x53,0xE6,0x53,0xE6,
    0x53,0xE6,0x53,0xE6,0x53,0xE6,0x53,0xE6,0x53,0xE6,0x53,0xE6,0x53,0xE6,0x53,0xE6,
    0x53,0xE6,0x53,0xE6,0x53,0xE6,0x53,0xE6,0x53,0xE6,0x53,0xE6,0x53,0xE6,0x53,0xE6,
    0x53,0xE6,0x53,0xE6,0x53,0xE6,0x53,0xE6,0x53,0xE6,0x53,0xE6,0x53,0xE6,0x53,0xE6,
    0x53,0xE6,0x53,0xE6,0x53,0xE6,0x53,0xE6,0x53,0xE6,0x53,0xE6,0x53,0xE6,0x53,0xE6,
    0x53,0xE6,0x53,0xE6,0x53,0xE6,0x53,0xE6,0x53,0xE6,0x53,0xE6,0x53,0xE6,0x53,0xE6,
    0x53,0xE6,0x53,0xE6,0x53,0xE6,0x53,0xE6,0x53,0xE6,0x53,0xE6,0x53,0xE6,0x53,0xE6,
    0x53,0xE6,0x53,0xE6,0x53,0xE6,0x53,0xE6,0x53,0xE6,0x53,0xE6,0x53,0xE6,0x53,0xE6,
    0x53,0xE6,0x53,0xE6,0x53,0xE6,0x53,0xE6,0x53,0xE6,0x53,0xE6,0x53,0xE6,0x53,0xE6,
    0x53,0xE6,0x53,0xE6,0x53,0xE6,0x53,0xE6,0x53,0xE6,0x53,0xE6,0x53,0xE6,0x32,0xE6,
    0xB4,0xF6,0xF2,0xDD,0x67,0x5A,0xA5,0x39,0xE5,0x41,0x41,0x08,0x00,0x00,0x00,0x00,
    0x20,0x00,0x00,0x00,0x00,0x00,0x41,0x08,0xC8,0x6A,0xEC,0x93,0xC5,0x41,0x00,0x00,
    0x00,0x00,0x20,0x00,0x20,0x00,0x00,0x00,0x00,0x00,0x20,0x08,0xC8,0x62,0x91,0xCD,
    0x93,0xF6,0x53,0xEE,0x32,0xE6,0x52,0xE6,0x53,0xE6,0x53,0xE6,0x53,0xE6,0x53,0xE6,
    0x53,0xE6,0x53,0xE6,0x53,0xE6,0x53,0xE6,0x53,0xE6,0x53,0xE6,0x53,0xE6,0x53,0xE6,
    0x53,0xE6,0x53,0xE6,0x53,0xE6,0x53,0xE6,0x53,0xE6,0x53,0xE6,0x32,0xE6,0xB4,0xF6,
    0x03,0x29,0x87,0x5A,0xD4,0xFE,0x32,0xE6,0x53,0xE6,0x53,0xE6,0x53,0xE6,0x53,0xE6,
    0x53,0xE6,0x53,0xE6,0x53,0xE6,0x53,0xE6,0x53,0xE6,0x32,0xE6,0xD4,0xFE,0x8A,0x83,
    0x03,0x21,0x93,0xEE,0x52,0xE6,0x53,0xE6,0x53,0xE6,0x53,0xE6,0x53,0xE6,0x53,0xE6,
    0x53,0xE6,0x53,0xE6,0x53,0xE6,0x53,0xE6,0x53,0xE6,0x32,0xE6,0xC2,0x20,0x00,0x00,
    0x00,0x00,0x8B,0x83,0xD4,0xF6,0x32,0xE6,0x53,0xE6,0x53,0xE6,0x53,0xE6,0x53,0xE6,
    0x53,0xE6,0x53,0xE6,0x53,0xE6,0x53,0xE6,0x32,0xE6,0xB4,0xF6,0xCE,0xB4,0x61,0x10,
    0x12,0xDE,0x73,0xEE,0x52,0xE6,0x53,0xE6,0x53,0xE6,0x53,0xE6,0x53,0xE6,0x53,0xE6,
    0x53,0xE6,0x53,0xE6,0x53,0xE6,0x53,0xE6,0x53,0xEE,0x32,0xE6,0x20,0x00,0x0C,0x94,
    0xB4,0xF6,0x32,0xE6,0x53,0xE6,0x53,0xE6,0x53,0xE6,0x53,0xE6,0x53,0xE6,0x53,0xE6,
    0x53,0xE6,0x53,0xE6,0x53,0xE6,0x53,0xE6,0x53,0xE6,0x53,0xE6,0x53,0xE6,0x53,0xE6,
    0x53,0xE6,0x53,0xE6,0x53,0xE6,0x53,0xE6,0x53,0xE6,0x32,0xE6,0x53,0xEE,0xB4,0xF6,
    0x12,0xDE,0x6A,0x83,0xA2,0x18,0x00,0x00,0x00,0x00,0x20,0x00,0x00,0x00,0x00,0x00,
    0x00,0x00,0x00,0x00,0x67,0x5A,0x6A,0x83,0xA5,0x39,0x41,0x08,0x00,0x00,0x00,0x00,
    0x00,0x00,0x00,0x00,0x81,0x10,0xE3,0x20,0x20,0x08,0xA2,0x18,0xEF,0xB4,0xB4,0xF6,
    0x53,0xE6,0x32,0xE6,0x53,0xE6,0x53,0xE6,0x53,0xE6,0x53,0xE6,0x53,0xE6,0x53,0xE6,
    0x53,0xE6,0x53,0xE6,0x53,0xE6,0x53,0xE6,0x53,0xE6,0x53,0xE6,0x53,0xE6,0x53,0xE6,
    0x53,0xE6,0x53,0xE6,0x53,0xE6,0x53,0xE6,0x53,0xE6,0x53,0xE6,0x53,0xE6,0x53,0xE6,
    0x53,0xE6,0x53,0xE6,0x53,0xE6,0x53,0xE6,0x53,0xE6,0x53,0xE6,0x53,0xE6,0x53,0xE6,
    0x53,0xE6,0x53,0xE6,0x53,0xE6,0x53,0xE6,0x53,0xE6,0x53,0xE6,0x53,0xE6,0x53,0xE6,
    0x53,0xE6,0x53,0xE6,0x53,0xE6,0x53,0xE6,0x53,0xE6,0x53,0xE6,0x53,0xE6,0x53,0xE6,
    0x53,0xE6,0x53,0xE6,0x53,0xE6,0x53,0xE6,0x53,0xE6,0x53,0xE6,0x53,0xE6,0x53,0xE6,
    0x53,0xE6,0x53,0xE6,0x53,0xE6,0x53,0xE6,0x53,0xE6,0x53,0xE6,0x53,0xE6,0x53,0xE6,
    0x53,0xE6,0x53,0xE6,0x53,0xE6,0x53,0xE6,0x53,0xE6,0x53,0xE6,0x53,0xE6,0x53,0xE6,
    0x53,0xE6,0x53,0xE6,0x53,0xE6,0x53,0xE6,0x53,0xE6,0x53,0xE6,0x53,0xE6,0x53,0xE6,
    0x32,0xE6,0x73,0xEE,0xD4,0xF6,0x4D,0x9C,0xC2,0x18,0x20,0x00,0x64,0x31,0x82,0x18,
    0x00,0x00,0x00,0x00,0x20,0x00,0x20,0x00,0x00,0x00,0xC2,0x18,0x8A,0x83,0x8B,0x83,
    0x03,0x29,0x00,0x00,0x00,0x00,0x20,0x00,0x20,0x00,0x00,0x00,0x00,0x00,0x82,0x18,
    0x09,0x73,0xB1,0xCD,0x93,0xF6,0x73,0xEE,0x32,0xE6,0x52,0xE6,0x53,0xE6,0x53,0xE6,
    0x53,0xE6,0x53,0xE6,0x53,0xE6,0x53,0xE6,0x53,0xE6,0x53,0xE6,0x53,0xE6,0x53,0xE6,
    0x53,0xE6,0x53,0xE6,0x53,0xE6,0x53,0xE6,0x53,0xE6,0x53,0xE6,0x53,0xE6,0x53,0xEE,
    0xC8,0x6A,0x0F,0xB5,0x93,0xF6,0x32,0xE6,0x53,0xE6,0x53,0xE6,0x53,0xE6,0x53,0xE6,
    0x53,0xE6,0x53,0xE6,0x53,0xE6,0x53,0xE6,0x53,0xE6,0x32,0xE6,0xD4,0xFE,0x88,0x5A,
    0x85,0x39,0xD4,0xFE,0x32,0xE6,0x53,0xE6,0x53,0xE6,0x53,0xE6,0x53,0xE6,0x53,0xE6,
    0x53,0xE6,0x53,0xE6,0x53,0xE6,0x53,0xE6,0x53,0xE6,0x32,0xE6,0xC2,0x20,0x00,0x00,
    0x00,0x00,0x8B,0x83,0xD4,0xF6,0x32,0xE6,0x53,0xE6,0x53,0xE6,0x53,0xE6,0x53,0xE6,
    0x53,0xE6,0x53,0xE6,0x53,0xE6,0x53,0xE6,0x32,0xE6,0x73,0xEE,0x90,0xCD,0x41,0x08,
    0x50,0xC5,0x93,0xEE,0x52,0xE6,0x53,0xE6,0x53,0xE6,0x53,0xE6,0x53,0xE6,0x53,0xE6,
    0x53,0xE6,0x53,0xE6,0x53,0xE6,0x53,0xE6,0x32,0xE6,0x93,0xF6,0x4A,0x7B,0x4D,0x9C,
    0xB4,0xF6,0x32,0xE6,0x53,0xE6,0x53,0xE6,0x53,0xE6,0x53,0xE6,0x53,0xE6,0x53,0xE6,
    0x53,0xE6,0x53,0xE6,0x53,0xE6,0x53,0xE6,0x53,0xE6,0x53,0xE6,0x53,0xE6,0x53,0xE6,
    0x53,0xE6,0x53,0xE6,0x52,0xE6,0x32,0xE6,0x53,0xEE,0xB4,0xF6,0xF2,0xDD,0x8A,0x83,
    0xC2,0x18,0x21,0x08,0xA2,0x18,0x41,0x08,0x00,0x00,0x00,0x00,0x00,0x00,0x00,0x00,
    0x85,0x39,0xCB,0x8B,0x87,0x5A,0x41,0x08,0x00,0x00,0x00,0x00,0x00,0x00,0x00,0x00,
    0x00,0x00,0x81,0x10,0x03,0x21,0x20,0x08,0x26,0x4A,0xD1,0xD5,0x94,0xF6,0x32,0xE6,
    0x53,0xE6,0x53,0xE6,0x53,0xE6,0x53,0xE6,0x53,0xE6,0x53,0xE6,0x53,0xE6,0x53,0xE6,
    0x53,0xE6,0x53,0xE6,0x53,0xE6,0x53,0xE6,0x53,0xE6,0x53,0xE6,0x53,0xE6,0x53,0xE6,
    0x53,0xE6,0x53,0xE6,0x53,0xE6,0x53,0xE6,0x53,0xE6,0x53,0xE6,0x53,0xE6,0x53,0xE6,
    0x53,0xE6,0x53,0xE6,0x53,0xE6,0x53,0xE6,0x53,0xE6,0x53,0xE6,0x53,0xE6,0x53,0xE6,
    0x53,0xE6,0x53,0xE6,0x53,0xE6,0x53,0xE6,0x53,0xE6,0x53,0xE6,0x53,0xE6,0x53,0xE6,
    0x53,0xE6,0x53,0xE6,0x53,0xE6,0x53,0xE6,0x53,0xE6,0x53,0xE6,0x53,0xE6,0x53,0xE6,
    0x53,0xE6,0x53,0xE6,0x53,0xE6,0x53,0xE6,0x53,0xE6,0x53,0xE6,0x53,0xE6,0x53,0xE6,
    0x53,0xE6,0x53,0xE6,0x53,0xE6,0x53,0xE6,0x53,0xE6,0x53,0xE6,0x53,0xE6,0x53,0xE6,
    0x53,0xE6,0x53,0xE6,0x53,0xE6,0x53,0xE6,0x53,0xE6,0x53,0xE6,0x53,0xE6,0x53,0xE6,
    0x53,0xE6,0x53,0xE6,0x53,0xE6,0x53,0xE6,0x53,0xE6,0x53,0xE6,0x53,0xE6,0x53,0xE6,
    0x53,0xE6,0x52,0xE6,0x32,0xE6,0xB4,0xF6,0xF2,0xDD,0x67,0x5A,0x00,0x00,0x23,0x29,
    0x64,0x31,0x61,0x10,0x00,0x00,0x00,0x00,0x20,0x00,0x00,0x00,0x20,0x08,0xE5,0x41,
    0x6A,0x83,0x29,0x73,0xA2,0x18,0x00,0x00,0x00,0x00,0x20,0x00,0x20,0x00,0x00,0x00,
    0x00,0x00,0xA2,0x18,0x29,0x73,0xB1,0xD5,0xB4,0xF6,0x73,0xEE,0x32,0xE6,0x32,0xE6,
    0x53,0xE6,0x53,0xE6,0x53,0xE6,0x53,0xE6,0x53,0xE6,0x53,0xE6,0x53,0xE6,0x53,0xE6,
    0x53,0xE6,0x53,0xE6,0x53,0xE6,0x53,0xE6,0x53,0xE6,0x53,0xE6,0x53,0xE6,0x53,0xE6,
    0xB4,0xF6,0x73,0xEE,0x52,0xE6,0x53,0xE6,0x53,0xE6,0x53,0xE6,0x53,0xE6,0x53,0xE6,
    0x53,0xE6,0x53,0xE6,0x53,0xE6,0x53,0xE6,0x53,0xE6,0x32,0xE6,0xD4,0xF6,0x84,0x39,
    0xA8,0x62,0xD4,0xFE,0x32,0xE6,0x53,0xE6,0x53,0xE6,0x53,0xE6,0x53,0xE6,0x53,0xE6,
    0x53,0xE6,0x53,0xE6,0x53,0xE6,0x53,0xE6,0x53,0xE6,0x32,0xE6,0xC2,0x20,0x00,0x00,
    0x00,0x00,0x8B,0x83,0xD4,0xF6,0x32,0xE6,0x53,0xE6,0x53,0xE6,0x53,0xE6,0x53,0xE6,
    0x53,0xE6,0x53,0xE6,0x53,0xE6,0x53,0xE6,0x53,0xE6,0x53,0xEE,0x32,0xE6,0x61,0x10,
    0x8D,0xA4,0xB4,0xF6,0x32,0xE6,0x53,0xE6,0x53,0xE6,0x53,0xE6,0x53,0xE6,0x53,0xE6,
    0x53,0xE6,0x53,0xE6,0x53,0xE6,0x53,0xE6,0x53,0xE6,0x52,0xE6,0xB4,0xF6,0x93,0xEE,
    0x52,0xE6,0x53,0xE6,0x53,0xE6,0x53,0xE6,0x53,0xE6,0x53,0xE6,0x53,0xE6,0x53,0xE6,
    0x53,0xE6,0x53,0xE6,0x53,0xE6,0x53,0xE6,0x53,0xE6,0x53,0xE6,0x53,0xE6,0x53,0xE6,
    0x32,0xE6,0x32,0xE6,0x73,0xEE,0x93,0xF6,0xB1,0xD5,0x4A,0x7B,0xA5,0x39,0x41,0x08,
    0x20,0x00,0x61,0x10,0x81,0x10,0x20,0x00,0x00,0x00,0x00,0x00,0x24,0x29,0x6A,0x7B,
    0x09,0x73,0xC2,0x20,0x00,0x00,0xE3,0x20,0x20,0x00,0x00,0x00,0x00,0x00,0x61,0x10,
    0x24,0x29,0x20,0x08,0x85,0x39,0xAE,0xAC,0x94,0xF6,0x73,0xEE,0x32,0xE6,0x53,0xE6,
    0x53,0xE6,0x53,0xE6,0x53,0xE6,0x53,0xE6,0x53,0xE6,0x53,0xE6,0x53,0xE6,0x53,0xE6,
    0x53,0xE6,0x53,0xE6,0x53,0xE6,0x53,0xE6,0x53,0xE6,0x53,0xE6,0x53,0xE6,0x53,0xE6,
    0x53,0xE6,0x53,0xE6,0x53,0xE6,0x53,0xE6,0x53,0xE6,0x53,0xE6,0x53,0xE6,0x53,0xE6,
    0x53,0xE6,0x53,0xE6,0x53,0xE6,0x53,0xE6,0x53,0xE6,0x53,0xE6,0x53,0xE6,0x53,0xE6,
    0x53,0xE6,0x53,0xE6,0x53,0xE6,0x53,0xE6,0x53,0xE6,0x53,0xE6,0x53,0xE6,0x53,0xE6,
    0x53,0xE6,0x53,0xE6,0x53,0xE6,0x53,0xE6,0x53,0xE6,0x53,0xE6,0x53,0xE6,0x53,0xE6,
    0x53,0xE6,0x53,0xE6,0x53,0xE6,0x53,0xE6,0x53,0xE6,0x53,0xE6,0x53,0xE6,0x53,0xE6,
    0x53,0xE6,0x53,0xE6,0x53,0xE6,0x53,0xE6,0x53,0xE6,0x53,0xE6,0x53,0xE6,0x53,0xE6,
    0x53,0xE6,0x53,0xE6,0x53,0xE6,0x53,0xE6,0x53,0xE6,0x53,0xE6,0x53,0xE6,0x53,0xE6,
    0x53,0xE6,0x53,0xE6,0x53,0xE6,0x53,0xE6,0x53,0xE6,0x53,0xE6,0x53,0xE6,0x53,0xE6,
    0x53,0xE6,0x53,0xE6,0x53,0xE6,0x32,0xE6,0x73,0xEE,0x94,0xF6,0xEB,0x8B,0xA2,0x18,
    0x81,0x10,0x26,0x52,0x64,0x31,0x00,0x00,0x00,0x00,0x20,0x00,0x20,0x08,0xA2,0x18,
    0x81,0x10,0x47,0x52,0x8D,0xA4,0xC8,0x62,0x41,0x08,0x00,0x00,0x00,0x00,0x20,0x00,
    0x20,0x00,0x00,0x00,0x00,0x00,0x81,0x10,0xA8,0x62,0x4F,0xBD,0x73,0xEE,0x93,0xEE,
    0x52,0xE6,0x32,0xE6,0x53,0xE6,0x53,0xE6,0x53,0xE6,0x53,0xE6,0x53,0xE6,0x53,0xE6,
    0x53,0xE6,0x53,0xE6,0x53,0xE6,0x53,0xE6,0x53,0xE6,0x53,0xE6,0x53,0xE6,0x53,0xE6,
    0x32,0xE6,0x52,0xE6,0x53,0xE6,0x53,0xE6,0x53,0xE6,0x53,0xE6,0x53,0xE6,0x53,0xE6,
    0x53,0xE6,0x53,0xE6,0x53,0xE6,0x53,0xE6,0x53,0xE6,0x52,0xE6,0x93,0xEE,0xC2,0x18,
    0x8A,0x83,0xD4,0xFE,0x32,0xE6,0x53,0xE6,0x53,0xE6,0x53,0xE6,0x53,0xE6,0x53,0xE6,
    0x53,0xE6,0x53,0xE6,0x53,0xE6,0x53,0xE6,0x53,0xE6,0x32,0xE6,0xC2,0x20,0x00,0x00,
    0x00,0x00,0x8B,0x83,0xD4,0xF6,0x32,0xE6,0x53,0xE6,0x53,0xE6,0x53,0xE6,0x53,0xE6,
    0x53,0xE6,0x53,0xE6,0x53,0xE6,0x53,0xE6,0x53,0xE6,0x52,0xE6,0x93,0xF6,0x03,0x21,
    0x29,0x73,0xD4,0xFE,0x32,0xE6,0x53,0xE6,0x53,0xE6,0x53,0xE6,0x53,0xE6,0x53,0xE6,
    0x53,0xE6,0x53,0xE6,0x53,0xE6,0x53,0xE6,0x53,0xE6,0x53,0xE6,0x32,0xE6,0x32,0xE6,
    0x53,0xE6,0x53,0xE6,0x53,0xE6,0x53,0xE6,0x53,0xE6,0x53,0xE6,0x53,0xE6,0x53,0xE6,
    0x53,0xE6,0x53,0xE6,0x53,0xE6,0x53,0xE6,0x53,0xE6,0x53,0xE6,0x32,0xE6,0x32,0xE6,
    0x93,0xF6,0xB4,0xF6,0x50,0xC5,0xE8,0x6A,0xA2,0x18,0x00,0x00,0x03,0x21,0x61,0x10,
    0x21,0x08,0x00,0x00,0x00,0x00,0x00,0x00,0xA2,0x18,0xC8,0x6A,0x09,0x6B,0x03,0x21,
    0x00,0x00,0x81,0x10,0x03,0x21,0x41,0x08,0x00,0x00,0x00,0x00,0xC2,0x18,0x23,0x29,
    0x41,0x08,0xE9,0x6A,0x93,0xF6,0x93,0xF6,0x32,0xE6,0x52,0xE6,0x53,0xE6,0x53,0xE6,
    0x53,0xE6,0x53,0xE6,0x53,0xE6,0x53,0xE6,0x53,0xE6,0x53,0xE6,0x53,0xE6,0x53,0xE6,
    0x53,0xE6,0x53,0xE6,0x53,0xE6,0x53,0xE6,0x53,0xE6,0x53,0xE6,0x53,0xE6,0x53,0xE6,
    0x53,0xE6,0x53,0xE6,0x53,0xE6,0x53,0xE6,0x53,0xE6,0x53,0xE6,0x53,0xE6,0x53,0xE6,
    0x53,0xE6,0x53,0xE6,0x53,0xE6,0x53,0xE6,0x53,0xE6,0x53,0xE6,0x53,0xE6,0x53,0xE6,
    0x53,0xE6,0x53,0xE6,0x53,0xE6,0x53,0xE6,0x53,0xE6,0x53,0xE6,0x53,0xE6,0x53,0xE6,
    0x53,0xE6,0x53,0xE6,0x53,0xE6,0x53,0xE6,0x53,0xE6,0x53,0xE6,0x53,0xE6,0x53,0xE6,
    0x53,0xE6,0x53,0xE6,0x53,0xE6,0x53,0xE6,0x53,0xE6,0x53,0xE6,0x53,0xE6,0x53,0xE6,
    0x53,0xE6,0x53,0xE6,0x53,0xE6,0x53,0xE6,0x53,0xE6,0x53,0xE6,0x53,0xE6,0x53,0xE6,
    0x53,0xE6,0x53,0xE6,0x53,0xE6,0x53,0xE6,0x53,0xE6,0x53,0xE6,0x53,0xE6,0x53,0xE6,
    0x53,0xE6,0x53,0xE6,0x53,0xE6,0x53,0xE6,0x53,0xE6,0x53,0xE6,0x53,0xE6,0x53,0xE6,
    0x53,0xE6,0x53,0xE6,0x53,0xE6,0x53,0xE6,0x52,0xE6,0x32,0xE6,0xB4,0xF6,0xD1,0xD5,
    0xA8,0x62,0x20,0x08,0x44,0x31,0xC5,0x41,0xA2,0x18,0x00,0x00,0x00,0x00,0x41,0x08,
    0x81,0x10,0x00,0x00,0xA2,0x18,0x6A,0x83,0xCB,0x8B,0x47,0x52,0x41,0x08,0x00,0x00,
    0x00,0x00,0x20,0x00,0x20,0x00,0x00,0x00,0x00,0x00,0x20,0x08,0x47,0x52,0xAE,0xAC,
    0x53,0xEE,0x93,0xEE,0x53,0xEE,0x32,0xE6,0x32,0xE6,0x53,0xE6,0x53,0xE6,0x53,0xE6,
    0x53,0xE6,0x53,0xE6,0x53,0xE6,0x53,0xE6,0x53,0xE6,0x53,0xE6,0x53,0xE6,0x53,0xE6,
    0x53,0xE6,0x53,0xE6,0x53,0xE6,0x53,0xE6,0x53,0xE6,0x53,0xE6,0x53,0xE6,0x53,0xE6,
    0x53,0xE6,0x53,0xE6,0x53,0xE6,0x53,0xE6,0x52,0xE6,0x53,0xEE,0x32,0xE6,0x64,0x31,
    0xCE,0xB4,0x94,0xF6,0x32,0xE6,0x53,0xE6,0x53,0xE6,0x53,0xE6,0x53,0xE6,0x53,0xE6,
    0x53,0xE6,0x53,0xE6,0x53,0xE6,0x53,0xE6,0x53,0xE6,0x32,0xE6,0xE3,0x20,0x20,0x00,
    0x20,0x00,0x8B,0x83,0xD4,0xF6,0x32,0xE6,0x53,0xE6,0x53,0xE6,0x53,0xE6,0x53,0xE6,
    0x53,0xE6,0x53,0xE6,0x53,0xE6,0x53,0xE6,0x53,0xE6,0x32,0xE6,0xB4,0xF6,0x47,0x52,
    0x8A,0x83,0xB4,0xF6,0x32,0xE6,0x53,0xE6,0x53,0xE6,0x53,0xE6,0x53,0xE6,0x53,0xE6,
    0x53,0xE6,0x53,0xE6,0x53,0xE6,0x53,0xE6,0x53,0xE6,0x53,0xE6,0x53,0xE6,0x53,0xE6,
    0x53,0xE6,0x53,0xE6,0x53,0xE6,0x53,0xE6,0x53,0xE6,0x53,0xE6,0x53,0xE6,0x53,0xE6,
    0x53,0xE6,0x53,0xE6,0x53,0xEE,0x53,0xE6,0x32,0xE6,0x53,0xE6,0x73,0xEE,0x32,0xE6,
    0xAE,0xAC,0x26,0x52,0x21,0x08,0x00,0x00,0x61,0x10,0x41,0x08,0x00,0x00,0x00,0x00,
    0x00,0x00,0x00,0x00,0xE3,0x20,0xA8,0x62,0x09,0x73,0x64,0x31,0x00,0x00,0x20,0x08,
    0xE3,0x20,0x41,0x08,0x00,0x00,0x00,0x00,0xC2,0x18,0x64,0x31,0x61,0x10,0xC2,0x20,
    0x0C,0x94,0xB4,0xF6,0x52,0xE6,0x32,0xE6,0x53,0xE6,0x53,0xE6,0x53,0xE6,0x53,0xE6,
    0x53,0xE6,0x53,0xE6,0x53,0xE6,0x53,0xE6,0x53,0xE6,0x53,0xE6,0x53,0xE6,0x53,0xE6,
    0x53,0xE6,0x53,0xE6,0x53,0xE6,0x53,0xE6,0x53,0xE6,0x53,0xE6,0x53,0xE6,0x53,0xE6,
    0x53,0xE6,0x53,0xE6,0x53,0xE6,0x53,0xE6,0x53,0xE6,0x53,0xE6,0x53,0xE6,0x53,0xE6,
    0x53,0xE6,0x53,0xE6,0x53,0xE6,0x53,0xE6,0x53,0xE6,0x53,0xE6,0x53,0xE6,0x53,0xE6,
    0x53,0xE6,0x53,0xE6,0x53,0xE6,0x53,0xE6,0x53,0xE6,0x53,0xE6,0x53,0xE6,0x53,0xE6,
    0x53,0xE6,0x53,0xE6,0x53,0xE6,0x53,0xE6,0x53,0xE6,0x53,0xE6,0x53,0xE6,0x53,0xE6,
    0x53,0xE6,0x53,0xE6,0x53,0xE6,0x53,0xE6,0x53,0xE6,0x53,0xE6,0x53,0xE6,0x53,0xE6,
    0x53,0xE6,0x53,0xE6,0x53,0xE6,0x53,0xE6,0x53,0xE6,0x53,0xE6,0x53,0xE6,0x53,0xE6,
    0x53,0xE6,0x53,0xE6,0x53,0xE6,0x53,0xE6,0x53,0xE6,0x53,0xE6,0x53,0xE6,0x53,0xE6,
    0x53,0xE6,0x53,0xE6,0x53,0xE6,0x53,0xE6,0x53,0xE6,0x53,0xE6,0x53,0xE6,0x53,0xE6,
    0x53,0xE6,0x53,0xE6,0x53,0xE6,0x53,0xE6,0x53,0xE6,0x53,0xE6,0x32,0xE6,0x73,0xEE,
    0xD4,0xF6,0x0F,0xBD,0x44,0x31,0x00,0x00,0x44,0x29,0xC5,0x41,0x81,0x10,0x00,0x00,
    0x00,0x00,0x20,0x08,0x00,0x00,0x81,0x10,0xC2,0x18,0x67,0x5A,0x2C,0x94,0x88,0x62,
    0x41,0x08,0x00,0x00,0x00,0x00,0x20,0x00,0x20,0x00,0x00,0x00,0x00,0x00,0x00,0x00,
    0x84,0x39,0xCB,0x8B,0xB1,0xD5,0x73,0xEE,0x93,0xEE,0x53,0xE6,0x32,0xE6,0x52,0xE6,
    0x53,0xE6,0x53,0xE6,0x53,0xE6,0x53,0xE6,0x53,0xE6,0x53,0xE6,0x53,0xE6,0x53,0xE6,
    0x53,0xE6,0x53,0xE6,0x53,0xE6,0x53,0xE6,0x53,0xE6,0x53,0xE6,0x53,0xE6,0x53,0xE6,
    0x53,0xE6,0x53,0xE6,0x53,0xE6,0x53,0xE6,0x53,0xE6,0x53,0xE6,0x53,0xEE,0x53,0xE6,
    0x32,0xE6,0x53,0xE6,0x53,0xE6,0x53,0xE6,0x53,0xE6,0x53,0xE6,0x53,0xE6,0x53,0xE6,
    0x53,0xE6,0x53,0xE6,0x53,0xE6,0x53,0xE6,0x53,0xE6,0x52,0xE6,0x82,0x18,0x00,0x00,
    0x00,0x00,0x6A,0x7B,0xD4,0xFE,0x32,0xE6,0x53,0xE6,0x53,0xE6,0x53,0xE6,0x53,0xE6,
    0x53,0xE6,0x53,0xE6,0x53,0xE6,0x53,0xE6,0x53,0xE6,0x53,0xE6,0x53,0xE6,0x32,0xE6,
    0x73,0xEE,0x53,0xE6,0x53,0xE6,0x53,0xE6,0x53,0xE6,0x53,0xE6,0x53,0xE6,0x53,0xE6,
    0x53,0xE6,0x53,0xE6,0x53,0xE6,0x53,0xE6,0x53,0xE6,0x53,0xE6,0x53,0xE6,0x53,0xE6,
    0x53,0xE6,0x53,0xE6,0x53,0xE6,0x53,0xE6,0x53,0xE6,0x53,0xE6,0x53,0xE6,0x53,0xE6,
    0x53,0xE6,0x32,0xE6,0xF2,0xDD,0x12,0xDE,0x73,0xEE,0xD1,0xD5,0xCB,0x8B,0x64,0x31,
    0x00,0x00,0x00,0x00,0x20,0x00,0x41,0x08,0x00,0x00,0x00,0x00,0x00,0x00,0x00,0x00,
    0x03,0x21,0xC8,0x62,0x8A,0x83,0xE6,0x49,0x00,0x00,0x00,0x00,0xA2,0x18,0x41,0x08,
    0x00,0x00,0x00,0x00,0x41,0x08,0x23,0x29,0x03,0x21,0x61,0x10,0xC8,0x6A,0x32,0xE6,
    0xB4,0xF6,0x32,0xE6,0x53,0xE6,0x53,0xE6,0x53,0xE6,0x53,0xE6,0x53,0xE6,0x53,0xE6,
    0x53,0xE6,0x53,0xE6,0x53,0xE6,0x53,0xE6,0x53,0xE6,0x53,0xE6,0x53,0xE6,0x53,0xE6,
    0x53,0xE6,0x53,0xE6,0x53,0xE6,0x53,0xE6,0x53,0xE6,0x53,0xE6,0x53,0xE6,0x53,0xE6,
    0x53,0xE6,0x53,0xE6,0x53,0xE6,0x53,0xE6,0x53,0xE6,0x53,0xE6,0x53,0xE6,0x53,0xE6,
    0x53,0xE6,0x53,0xE6,0x53,0xE6,0x53,0xE6,0x53,0xE6,0x53,0xE6,0x53,0xE6,0x53,0xE6,
    0x53,0xE6,0x53,0xE6,0x53,0xE6,0x53,0xE6,0x53,0xE6,0x53,0xE6,0x53,0xE6,0x53,0xE6,
    0x53,0xE6,0x53,0xE6,0x53,0xE6,0x53,0xE6,0x53,0xE6,0x53,0xE6,0x53,0xE6,0x53,0xE6,
    0x53,0xE6,0x53,0xE6,0x53,0xE6,0x53,0xE6,0x53,0xE6,0x53,0xE6,0x53,0xE6,0x53,0xE6,
    0x53,0xE6,0x53,0xE6,0x53,0xE6,0x53,0xE6,0x53,0xE6,0x53,0xE6,0x53,0xE6,0x53,0xE6,
    0x53,0xE6,0x53,0xE6,0x53,0xE6,0x53,0xE6,0x53,0xE6,0x53,0xE6,0x53,0xE6,0x53,0xE6,
    0x53,0xE6,0x53,0xE6,0x53,0xE6,0x53,0xE6,0x53,0xE6,0x53,0xE6,0x53,0xE6,0x53,0xE6,
    0x53,0xE6,0x53,0xE6,0x53,0xE6,0x53,0xE6,0x53,0xE6,0x53,0xE6,0x53,0xE6,0x52,0xE6,
    0x32,0xE6,0x93,0xF6,0x93,0xEE,0xCB,0x8B,0x82,0x10,0x41,0x08,0xA5,0x39,0x44,0x31,
    0x20,0x08,0x00,0x00,0x00,0x00,0x20,0x00,0x00,0x00,0x00,0x00,0xA2,0x18,0x09,0x73,
    0x0C,0x94,0xA8,0x62,0x81,0x10,0x00,0x00,0x00,0x00,0x00,0x00,0x20,0x00,0x00,0x00,
    0x00,0x00,0x00,0x00,0xA2,0x18,0x67,0x5A,0xAE,0xAC,0x52,0xE6,0xB4,0xF6,0x73,0xEE,
    0x52,0xE6,0x32,0xE6,0x52,0xE6,0x53,0xE6,0x53,0xE6,0x53,0xE6,0x53,0xE6,0x53,0xE6,
    0x53,0xE6,0x53,0xE6,0x53,0xE6,0x53,0xE6,0x53,0xE6,0x53,0xE6,0x53,0xE6,0x53,0xE6,
    0x53,0xE6,0x53,0xE6,0x53,0xE6,0x53,0xE6,0x53,0xE6,0x53,0xE6,0x53,0xE6,0x53,0xE6,
    0x53,0xE6,0x53,0xE6,0x53,0xE6,0x53,0xE6,0x53,0xE6,0x53,0xE6,0x53,0xE6,0x53,0xE6,
    0x53,0xE6,0x53,0xE6,0x53,0xE6,0x53,0xE6,0x53,0xE6,0x53,0xEE,0x4D,0x9C,0xAB,0x8B,
    0xAB,0x8B,0x50,0xC5,0x73,0xEE,0x52,0xE6,0x53,0xE6,0x53,0xE6,0x53,0xE6,0x53,0xE6,
    0x53,0xE6,0x53,0xE6,0x53,0xE6,0x53,0xE6,0x53,0xE6,0x53,0xE6,0x53,0xE6,0x53,0xE6,
    0x52,0xE6,0x53,0xE6,0x53,0xE6,0x53,0xE6,0x53,0xE6,0x53,0xE6,0x53,0xE6,0x53,0xE6,
    0x53,0xE6,0x53,0xE6,0x53,0xE6,0x53,0xE6,0x53,0xE6,0x53,0xE6,0x53,0xE6,0x53,0xE6,
    0x53,0xE6,0x53,0xE6,0x53,0xE6,0x53,0xE6,0x53,0xE6,0x52,0xE6,0x32,0xE6,0x32,0xE6,
    0x52,0xE6,0xF2,0xDD,0x70,0xCD,0x8D,0xA4,0xC8,0x62,0xA2,0x18,0x00,0x00,0x21,0x08,
    0x00,0x00,0x20,0x00,0x20,0x08,0x00,0x00,0x00,0x00,0x00,0x00,0x24,0x29,0x29,0x73,
    0x49,0x73,0x64,0x31,0x00,0x00,0x00,0x00,0x41,0x08,0xA2,0x18,0x00,0x00,0x00,0x00,
    0x00,0x00,0xE2,0x20,0x44,0x31,0x41,0x08,0x84,0x39,0x2F,0xBD,0xD4,0xF6,0x53,0xEE,
    0x32,0xE6,0x53,0xE6,0x53,0xE6,0x53,0xE6,0x53,0xE6,0x53,0xE6,0x53,0xE6,0x53,0xE6,
    0x53,0xE6,0x53,0xE6,0x53,0xE6,0x53,0xE6,0x53,0xE6,0x53,0xE6,0x53,0xE6,0x53,0xE6,
    0x53,0xE6,0x53,0xE6,0x53,0xE6,0x53,0xE6,0x53,0xE6,0x53,0xE6,0x53,0xE6,0x53,0xE6,
    0x53,0xE6,0x53,0xE6,0x53,0xE6,0x53,0xE6,0x53,0xE6,0x53,0xE6,0x53,0xE6,0x53,0xE6,
    0x53,0xE6,0x53,0xE6,0x53,0xE6,0x53,0xE6,0x53,0xE6,0x53,0xE6,0x53,0xE6,0x53,0xE6,
    0x53,0xE6,0x53,0xE6,0x53,0xE6,0x53,0xE6,0x53,0xE6,0x53,0xE6,0x53,0xE6,0x53,0xE6,
    0x53,0xE6,0x53,0xE6,0x53,0xE6,0x53,0xE6,0x53,0xE6,0x53,0xE6,0x53,0xE6,0x53,0xE6,
    0x53,0xE6,0x53,0xE6,0x53,0xE6,0x53,0xE6,0x53,0xE6,0x53,0xE6,0x53,0xE6,0x53,0xE6,
    0x53,0xE6,0x53,0xE6,0x53,0xE6,0x53,0xE6,0x53,0xE6,0x53,0xE6,0x53,0xE6,0x53,0xE6,
    0x53,0xE6,0x53,0xE6,0x53,0xE6,0x53,0xE6,0x53,0xE6,0x53,0xE6,0x53,0xE6,0x53,0xE6,
    0x53,0xE6,0x53,0xE6,0x53,0xE6,0x53,0xE6,0x53,0xE6,0x53,0xE6,0x53,0xE6,0x53,0xE6,
    0x53,0xE6,0x53,0xE6,0x53,0xE6,0x53,0xE6,0x53,0xE6,0x53,0xE6,0x53,0xE6,0x53,0xE6,
    0x53,0xE6,0x32,0xE6,0x53,0xE6,0xB4,0xF6,0x12,0xDE,0xA8,0x62,0x00,0x00,0x61,0x10,
    0xA5,0x39,0x23,0x29,0x20,0x00,0x00,0x00,0x00,0x00,0x20,0x08,0x00,0x00,0x00,0x00,
    0xC2,0x18,0xC8,0x6A,0xEC,0x93,0x88,0x5A,0xC2,0x18,0x00,0x00,0x00,0x00,0x00,0x00,
    0x20,0x00,0x20,0x00,0x00,0x00,0x00,0x00,0x00,0x00,0x24,0x29,0x09,0x73,0x0F,0xB5,
    0x53,0xEE,0xB4,0xF6,0x73,0xEE,0x53,0xE6,0x32,0xE6,0x52,0xE6,0x53,0xE6,0x53,0xE6,
    0x53,0xE6,0x53,0xE6,0x53,0xE6,0x53,0xE6,0x53,0xE6,0x53,0xE6,0x53,0xE6,0x53,0xE6,
    0x53,0xE6,0x53,0xE6,0x53,0xE6,0x53,0xE6,0x53,0xE6,0x53,0xE6,0x53,0xE6,0x53,0xE6,
    0x53,0xE6,0x53,0xE6,0x53,0xE6,0x53,0xE6,0x53,0xE6,0x53,0xE6,0x53,0xE6,0x53,0xE6,
    0x53,0xE6,0x53,0xE6,0x53,0xE6,0x53,0xE6,0x53,0xE6,0x53,0xE6,0xB4,0xF6,0xD4,0xF6,
    0xD4,0xF6,0x73,0xEE,0x52,0xE6,0x53,0xE6,0x53,0xE6,0x53,0xE6,0x53,0xE6,0x53,0xE6,
    0x53,0xE6,0x53,0xE6,0x53,0xE6,0x53,0xE6,0x53,0xE6,0x53,0xE6,0x53,0xE6,0x53,0xE6,
    0x53,0xE6,0x53,0xE6,0x53,0xE6,0x53,0xE6,0x53,0xE6,0x53,0xE6,0x53,0xE6,0x53,0xE6,
    0x53,0xE6,0x53,0xE6,0x53,0xE6,0x53,0xE6,0x53,0xE6,0x53,0xE6,0x53,0xE6,0x53,0xE6,
    0x53,0xE6,0x53,0xE6,0x53,0xE6,0x32,0xE6,0x52,0xE6,0x73,0xEE,0xB4,0xF6,0x73,0xEE,
    0x50,0xC5,0x6A,0x7B,0x64,0x31,0x00,0x00,0x20,0x00,0x20,0x08,0x41,0x08,0x20,0x00,
    0x20,0x00,0x00,0x00,0x00,0x00,0x20,0x00,0xC5,0x41,0x4A,0x7B,0xC8,0x6A,0x44,0x31,
    0x00,0x00,0x00,0x00,0x20,0x08,0x61,0x10,0x61,0x10,0x20,0x00,0x00,0x00,0x61,0x10,
    0x82,0x10,0x20,0x08,0xE3,0x20,0xEC,0x93,0x93,0xEE,0x93,0xF6,0x32,0xE6,0x52,0xE6,
    0x53,0xE6,0x53,0xE6,0x53,0xE6,0x53,0xE6,0x53,0xE6,0x53,0xE6,0x53,0xE6,0x53,0xE6,
    0x53,0xE6,0x53,0xE6,0x53,0xE6,0x53,0xE6,0x53,0xE6,0x53,0xE6,0x53,0xE6,0x53,0xE6,
    0x53,0xE6,0x53,0xE6,0x53,0xE6,0x53,0xE6,0x53,0xE6,0x53,0xE6,0x53,0xE6,0x53,0xE6,
    0x53,0xE6,0x53,0xE6,0x53,0xE6,0x53,0xE6,0x53,0xE6,0x53,0xE6,0x53,0xE6,0x53,0xE6,
    0x53,0xE6,0x53,0xE6,0x53,0xE6,0x53,0xE6,0x53,0xE6,0x53,0xE6,0x53,0xE6,0x53,0xE6,
    0x53,0xE6,0x53,0xE6,0x53,0xE6,0x53,0xE6,0x53,0xE6,0x53,0xE6,0x53,0xE6,0x53,0xE6,
    0x53,0xE6,0x53,0xE6,0x53,0xE6,0x53,0xE6,0x53,0xE6,0x53,0xE6,0x53,0xE6,0x53,0xE6,
    0x53,0xE6,0x53,0xE6,0x53,0xE6,0x53,0xE6,0x53,0xE6,0x53,0xE6,0x53,0xE6,0x53,0xE6,
    0x53,0xE6,0x53,0xE6,0x53,0xE6,0x53,0xE6,0x53,0xE6,0x53,0xE6,0x53,0xE6,0x53,0xE6,
    0x53,0xE6,0x53,0xE6,0x53,0xE6,0x53,0xE6,0x53,0xE6,0x53,0xE6,0x53,0xE6,0x53,0xE6,
    0x53,0xE6,0x53,0xE6,0x53,0xE6,0x53,0xE6,0x53,0xE6,0x53,0xE6,0x53,0xE6,0x53,0xE6,
    0x53,0xE6,0x53,0xE6,0x53,0xE6,0x53,0xE6,0x53,0xE6,0x53,0xE6,0x53,0xE6,0x53,0xE6,
    0x53,0xE6,0x53,0xE6,0x53,0xE6,0x32,0xE6,0x73,0xEE,0xB4,0xF6,0x2F,0xBD,0x06,0x4A,
    0x00,0x00,0xE2,0x20,0xA5,0x41,0xE3,0x20,0x00,0x00,0x00,0x00,0x00,0x00,0x00,0x00,
    0x00,0x00,0x00,0x00,0x81,0x10,0xA8,0x62,0x6D,0xA4,0x8A,0x83,0x84,0x39,0x00,0x00,
    0x00,0x00,0x00,0x00,0x00,0x00,0x20,0x08,0x61,0x10,0x00,0x00,0x00,0x00,0x81,0x10,
    0x44,0x31,0x4A,0x7B,0xEF,0xB4,0x32,0xE6,0x93,0xF6,0x73,0xEE,0x53,0xE6,0x53,0xE6,
    0x53,0xE6,0x53,0xE6,0x53,0xE6,0x53,0xE6,0x53,0xE6,0x53,0xE6,0x53,0xE6,0x53,0xE6,
    0x53,0xE6,0x53,0xE6,0x53,0xE6,0x53,0xE6,0x53,0xE6,0x53,0xE6,0x53,0xE6,0x53,0xE6,
    0x53,0xE6,0x53,0xE6,0x53,0xE6,0x53,0xE6,0x53,0xE6,0x53,0xE6,0x53,0xE6,0x53,0xE6,
    0x53,0xE6,0x53,0xE6,0x53,0xE6,0x53,0xE6,0x53,0xE6,0x53,0xE6,0x32,0xE6,0x32,0xE6,
    0x32,0xE6,0x52,0xE6,0x53,0xE6,0x53,0xE6,0x53,0xE6,0x53,0xE6,0x53,0xE6,0x53,0xE6,
    0x53,0xE6,0x53,0xE6,0x53,0xE6,0x53,0xE6,0x53,0xE6,0x53,0xE6,0x53,0xE6,0x53,0xE6,
    0x53,0xE6,0x53,0xE6,0x53,0xE6,0x53,0xE6,0x53,0xE6,0x53,0xE6,0x53,0xE6,0x53,0xE6,
    0x53,0xE6,0x53,0xE6,0x53,0xE6,0x53,0xE6,0x53,0xE6,0x53,0xE6,0x53,0xE6,0x53,0xE6,
    0x53,0xE6,0x52,0xE6,0x53,0xEE,0x93,0xF6,0x73,0xEE,0x90,0xCD,0xEB,0x8B,0xE6,0x49,
    0x81,0x10,0x00,0x00,0x41,0x08,0x41,0x08,0x41,0x08,0x00,0x00,0x00,0x00,0x00,0x00,
    0x00,0x00,0x81,0x10,0x26,0x52,0x29,0x73,0x67,0x5A,0xA2,0x18,0x00,0x00,0x00,0x00,
    0xA2,0x18,0xC2,0x20,0x61,0x10,0x00,0x00,0x00,0x00,0x20,0x08,0x20,0x08,0x61,0x10,
    0xC2,0x20,0x6A,0x7B,0x32,0xE6,0xB4,0xF6,0x52,0xE6,0x32,0xE6,0x53,0xE6,0x53,0xE6,
    0x53,0xE6,0x53,0xE6,0x53,0xE6,0x53,0xE6,0x53,0xE6,0x53,0xE6,0x53,0xE6,0x53,0xE6,
    0x53,0xE6,0x53,0xE6,0x53,0xE6,0x53,0xE6,0x53,0xE6,0x53,0xE6,0x53,0xE6,0x53,0xE6,
    0x53,0xE6,0x53,0xE6,0x53,0xE6,0x53,0xE6,0x53,0xE6,0x53,0xE6,0x53,0xE6,0x53,0xE6,
    0x53,0xE6,0x53,0xE6,0x53,0xE6,0x53,0xE6,0x53,0xE6,0x53,0xE6,0x53,0xE6,0x53,0xE6,
    0x53,0xE6,0x53,0xE6,0x53,0xE6,0x53,0xE6,0x53,0xE6,0x53,0xE6,0x53,0xE6,0x53,0xE6,
    0x53,0xE6,0x53,0xE6,0x53,0xE6,0x53,0xE6,0x53,0xE6,0x53,0xE6,0x53,0xE6,0x53,0xE6,
    0x53,0xE6,0x53,0xE6,0x53,0xE6,0x53,0xE6,0x53,0xE6,0x53,0xE6,0x53,0xE6,0x53,0xE6,
    0x53,0xE6,0x53,0xE6,0x53,0xE6,0x53,0xE6,0x53,0xE6,0x53,0xE6,0x53,0xE6,0x53,0xE6,
    0x53,0xE6,0x53,0xE6,0x53,0xE6,0x53,0xE6,0x53,0xE6,0x53,0xE6,0x53,0xE6,0x53,0xE6,
    0x53,0xE6,0x53,0xE6,0x53,0xE6,0x53,0xE6,0x53,0xE6,0x53,0xE6,0x53,0xE6,0x53,0xE6,
    0x53,0xE6,0x53,0xE6,0x53,0xE6,0x53,0xE6,0x53,0xE6,0x53,0xE6,0x53,0xE6,0x53,0xE6,
    0x53,0xE6,0x53,0xE6,0x53,0xE6,0x53,0xE6,0x53,0xE6,0x53,0xE6,0x53,0xE6,0x53,0xE6,
    0x53,0xE6,0x53,0xE6,0x53,0xE6,0x53,0xE6,0x52,0xE6,0x32,0xE6,0x93,0xF6,0xB4,0xF6,
    0xCE,0xAC,0x03,0x21,0x20,0x00,0x23,0x29,0x64,0x31,0x61,0x10,0x00,0x00,0x00,0x00,
    0x00,0x00,0x20,0x00,0x00,0x00,0x00,0x00,0xE3,0x20,0xC5,0x41,0x2C,0x9C,0xAB,0x8B,
    0xC5,0x41,0x20,0x08,0x00,0x00,0x00,0x00,0x00,0x00,0x00,0x00,0x82,0x18,0x06,0x4A,
    0x03,0x21,0x00,0x00,0xA2,0x18,0xA5,0x39,0x2A,0x7B,0x2F,0xBD,0x52,0xE6,0x32,0xE6,
    0x32,0xE6,0x53,0xE6,0x53,0xE6,0x53,0xE6,0x53,0xE6,0x53,0xE6,0x53,0xE6,0x53,0xE6,
    0x53,0xE6,0x53,0xE6,0x53,0xE6,0x53,0xE6,0x53,0xE6,0x53,0xE6,0x53,0xE6,0x53,0xE6,
    0x53,0xE6,0x53,0xE6,0x53,0xE6,0x53,0xE6,0x53,0xE6,0x53,0xE6,0x53,0xE6,0x53,0xE6,
    0x53,0xE6,0x53,0xE6,0x53,0xE6,0x53,0xE6,0x53,0xE6,0x53,0xE6,0x53,0xE6,0x53,0xE6,
    0x53,0xE6,0x53,0xE6,0x53,0xE6,0x53,0xE6,0x53,0xE6,0x53,0xE6,0x53,0xE6,0x53,0xE6,
    0x53,0xE6,0x53,0xE6,0x53,0xE6,0x53,0xE6,0x53,0xE6,0x53,0xE6,0x53,0xE6,0x53,0xE6,
    0x53,0xE6,0x53,0xE6,0x53,0xE6,0x53,0xE6,0x53,0xE6,0x53,0xE6,0x53,0xE6,0x53,0xE6,
    0x53,0xE6,0x53,0xE6,0x53,0xE6,0x53,0xE6,0x53,0xE6,0x53,0xE6,0x53,0xE6,0x52,0xE6,
    0x32,0xE6,0x32,0xE6,0xB1,0xCD,0x0C,0x94,0xE6,0x49,0x41,0x08,0x00,0x00,0x41,0x08,
    0x41,0x08,0x41,0x08,0x20,0x08,0x00,0x00,0x00,0x00,0x00,0x00,0x00,0x00,0x81,0x10,
    0xA8,0x62,0x4A,0x7B,0x06,0x4A,0x61,0x08,0x00,0x00,0x00,0x00,0x20,0x08,0x81,0x10,
    0x82,0x10,0x20,0x00,0x00,0x00,0xC2,0x18,0x61,0x10,0x41,0x08,0x21,0x08,0xA8,0x62,
    0xB1,0xD5,0xD4,0xFE,0x53,0xEE,0x32,0xE6,0x53,0xE6,0x53,0xE6,0x53,0xE6,0x53,0xE6,
    0x53,0xE6,0x53,0xE6,0x53,0xE6,0x53,0xE6,0x53,0xE6,0x53,0xE6,0x53,0xE6,0x53,0xE6,
    0x53,0xE6,0x53,0xE6,0x53,0xE6,0x53,0xE6,0x53,0xE6,0x53,0xE6,0x53,0xE6,0x53,0xE6,
    0x53,0xE6,0x53,0xE6,0x53,0xE6,0x53,0xE6,0x53,0xE6,0x53,0xE6,0x53,0xE6,0x53,0xE6,
    0x53,0xE6,0x53,0xE6,0x53,0xE6,0x53,0xE6,0x53,0xE6,0x53,0xE6,0x53,0xE6,0x53,0xE6,
    0x53,0xE6,0x53,0xE6,0x53,0xE6,0x53,0xE6,0x53,0xE6,0x53,0xE6,0x53,0xE6,0x53,0xE6,
    0x53,0xE6,0x53,0xE6,0x53,0xE6,0x53,0xE6,0x53,0xE6,0x53,0xE6,0x53,0xE6,0x53,0xE6,
    0x00,0x00,0x00,0x00,0x00,0x00,0x00,0x00,0x00,0x00,0x00,0x00,0x00,0x00,0x00,0x00,
    0x00,0x00,0x00,0x00,0x00,0x00,0x00,0x00,0x00,0x00,0x00,0x00,0x00,0x00,0x00,0x00,
    0x00,0x00,0x00,0x00,0x00,0x00,0x00,0x00,0x00,0x00,0x00,0x00,0x00,0x00,0x00,0x00,
    0x00,0x00,0x00,0x00,0x00,0x00,0x00,0x00,0x00,0x00,0x00,0x00,0x00,0x00,0x00,0x00,
    0x00,0x00,0x00,0x00,0x00,0x00,0x00,0x00,0x00,0x00,0x00,0x00,0x00,0x00,0x00,0x00,
    0x00,0x00,0x00,0x00,0x00,0x00,0x00,0x00,0x00,0x00,0x00,0x00,0x00,0x00,0x00,0x00,
    0x00,0x00,0x00,0x00,0x00,0x00,0x00,0x00,0x00,0x00,0x00,0x00,0x00,0x06,0x14,0x21,
    0x2D,0x36,0x3F,0x46,0x4C,0x50,0x53,0x54,0x54,0x53,0x50,0x4C,0x46,0x3F,0x36,0x2D,
    0x21,0x14,0x06,0x00,0x00,0x00,0x00,0x00,0x00,0x00,0x00,0x00,0x00,0x00,0x00,0x00,
    0x00,0x00,0x00,0x00,0x00,0x00,0x00,0x00,0x00,0x00,0x00,0x00,0x00,0x00,0x00,0x00,
    0x00,0x00,0x00,0x00,0x00,0x00,0x00,0x00,0x00,0x00,0x00,0x00,0x00,0x00,0x00,0x00,
    0x00,0x00,0x00,0x00,0x00,0x00,0x00,0x00,0x00,0x00,0x00,0x00,0x00,0x00,0x00,0x00,
    0x00,0x00,0x00,0x00,0x00,0x00,0x00,0x00,0x00,0x00,0x00,0x00,0x00,0x00,0x00,0x00,
    0x00,0x00,0x00,0x00,0x00,0x00,0x00,0x00,0x00,0x00,0x00,0x00,0x00,0x00,0x00,0x00,
    0x00,0x00,0x00,0x00,0x00,0x00,0x00,0x00,0x00,0x00,0x00,0x00,0x00,0x00,0x00,0x00,
    0x00,0x00,0x00,0x00,0x00,0x00,0x00,0x00,0x00,0x00,0x00,0x00,0x00,0x00,0x00,0x00,
    0x00,0x00,0x00,0x00,0x00,0x00,0x00,0x00,0x00,0x00,0x00,0x00,0x00,0x00,0x00,0x00,
    0x00,0x00,0x00,0x00,0x00,0x00,0x00,0x00,0x00,0x00,0x00,0x00,0x00,0x00,0x00,0x00,
    0x00,0x00,0x00,0x00,0x00,0x00,0x00,0x00,0x00,0x00,0x00,0x00,0x00,0x00,0x00,0x00,
    0x00,0x00,0x00,0x00,0x00,0x00,0x00,0x00,0x00,0x00,0x00,0x00,0x00,0x00,0x00,0x00,
    0x00,0x00,0x00,0x00,0x00,0x00,0x00,0x00,0x00,0x00,0x00,0x00,0x00,0x00,0x00,0x00,
    0x00,0x00,0x00,0x00,0x00,0x0A,0x24,0x3C,0x53,0x68,0x7C,0x8F,0xA0,0xB0,0xBE,0xCB,
    0xD6,0xE0,0xE9,0xF0,0xF6,0xFA,0xFD,0xFE,0xFE,0xFD,0xFA,0xF6,0xF0,0xE9,0xE0,0xD6,
    0xCB,0xBE,0xB0,0xA0,0x8F,0x7C,0x68,0x53,0x3C,0x24,0x0A,0x00,0x00,0x00,0x00,0x00,
    0x00,0x00,0x00,0x00,0x00,0x00,0x00,0x00,0x00,0x00,0x00,0x00,0x00,0x00,0x00,0x00,
    0x00,0x00,0x00,0x00,0x00,0x00,0x00,0x00,0x00,0x00,0x00,0x00,0x00,0x00,0x00,0x00,
    0x00,0x00,0x00,0x00,0x00,0x00,0x00,0x00,0x00,0x00,0x00,0x00,0x00,0x00,0x00,0x00,
    0x00,0x00,0x00,0x00,0x00,0x00,0x00,0x00,0x00,0x00,0x00,0x00,0x00,0x00,0x00,0x00,
    0x00,0x00,0x00,0x00,0x00,0x00,0x00,0x00,0x00,0x00,0x00,0x00,0x00,0x00,0x00,0x00,
    0x00,0x00,0x00,0x00,0x00,0x00,0x00,0x00,0x00,0x00,0x00,0x00,0x00,0x00,0x00,0x00,
    0x00,0x00,0x00,0x00,0x00,0x00,0x00,0x00,0x00,0x00,0x00,0x00,0x00,0x00,0x00,0x00,
    0x00,0x00,0x00,0x00,0x00,0x00,0x00,0x00,0x00,0x00,0x00,0x00,0x00,0x00,0x00,0x00,
    0x00,0x00,0x00,0x00,0x00,0x00,0x00,0x00,0x00,0x00,0x00,0x00,0x00,0x00,0x00,0x00,
    0x00,0x00,0x00,0x00,0x00,0x00,0x00,0x00,0x00,0x00,0x00,0x00,0x00,0x00,0x00,0x00,
    0x00,0x00,0x00,0x00,0x00,0x00,0x00,0x00,0x00,0x00,0x00,0x00,0x00,0x00,0x00,0x00,
    0x00,0x00,0x00,0x00,0x00,0x00,0x00,0x00,0x00,0x00,0x00,0x00,0x00,0x00,0x00,0x00,
    0x1D,0x3E,0x5D,0x7B,0x97,0xB2,0xCC,0xE5,0xFB,0xFF,0xFF,0xFF,0xFF,0xFF,0xFF,0xFF,
    0xFF,0xFF,0xFF,0xFF,0xFF,0xFF,0xFF,0xFF,0xFF,0xFF,0xFF,0xFF,0xFF,0xFF,0xFF,0xFF,
    0xFF,0xFF,0xFF,0xFF,0xFF,0xFF,0xFF,0xFB,0xE5,0xCC,0xB2,0x97,0x7B,0x5D,0x3E,0x1D,
    0x00,0x00,0x00,0x00,0x00,0x00,0x00,0x00,0x00,0x00,0x00,0x00,0x00,0x00,0x00,0x00,
    0x00,0x00,0x00,0x00,0x00,0x00,0x00,0x00,0x00,0x00,0x00,0x00,0x00,0x00,0x00,0x00,
    0x00,0x00,0x00,0x00,0x00,0x00,0x00,0x00,0x00,0x00,0x00,0x00,0x00,0x00,0x00,0x00,
    0x00,0x00,0x00,0x00,0x00,0x00,0x00,0x00,0x00,0x00,0x00,0x00,0x00,0x00,0x00,0x00,
    0x00,0x00,0x00,0x00,0x00,0x00,0x00,0x00,0x00,0x00,0x00,0x00,0x00,0x00,0x00,0x00,
    0x00,0x00,0x00,0x00,0x00,0x00,0x00,0x00,0x00,0x00,0x00,0x00,0x00,0x00,0x00,0x00,
    0x00,0x00,0x00,0x00,0x00,0x00,0x00,0x00,0x00,0x00,0x00,0x00,0x00,0x00,0x00,0x00,
    0x00,0x00,0x00,0x00,0x00,0x00,0x00,0x00,0x00,0x00,0x00,0x00,0x00,0x00,0x00,0x00,
    0x00,0x00,0x00,0x00,0x00,0x00,0x00,0x00,0x00,0x00,0x00,0x00,0x00,0x00,0x00,0x00,
    0x00,0x00,0x00,0x00,0x00,0x00,0x00,0x00,0x00,0x00,0x00,0x00,0x00,0x00,0x00,0x00,
    0x00,0x00,0x00,0x00,0x00,0x00,0x00,0x00,0x00,0x00,0x00,0x00,0x00,0x00,0x00,0x00,
    0x00,0x00,0x00,0x00,0x00,0x00,0x00,0x00,0x00,0x00,0x00,0x0A,0x32,0x59,0x7E,0xA1,
    0xC4,0xE5,0xFF,0xFF,0xFF,0xFF,0xFF,0xFF,0xFF,0xFF,0xFF,0xFF,0xFF,0xFF,0xFF,0xFF,
    0xFF,0xFF,0xFF,0xFF,0xFF,0xFF,0xFF,0xFF,0xFF,0xFF,0xFF,0xFF,0xFF,0xFF,0xFF,0xFF,
    0xFF,0xFF,0xFF,0xFF,0xFF,0xFF,0xFF,0xFF,0xFF,0xFF,0xFF,0xFF,0xFF,0xFF,0xE5,0xC4,
    0xA1,0x7E,0x59,0x32,0x0A,0x00,0x00,0x00,0x00,0x00,0x00,0x00,0x00,0x00,0x00,0x00,
    0x00,0x00,0x00,0x00,0x00,0x00,0x00,0x00,0x00,0x00,0x00,0x00,0x00,0x00,0x00,0x00,
    0x00,0x00,0x00,0x00,0x00,0x00,0x00,0x00,0x00,0x00,0x00,0x00,0x00,0x00,0x00,0x00,
    0x00,0x00,0x00,0x00,0x00,0x00,0x00,0x00,0x00,0x00,0x00,0x00,0x00,0x00,0x00,0x00,
    0x00,0x00,0x00,0x00,0x00,0x00,0x00,0x00,0x00,0x00,0x00,0x00,0x00,0x00,0x00,0x00,
    0x00,0x00,0x00,0x00,0x00,0x00,0x00,0x00,0x00,0x00,0x00,0x00,0x00,0x00,0x00,0x00,
    0x00,0x00,0x00,0x00,0x00,0x00,0x00,0x00,0x00,0x00,0x00,0x00,0x00,0x00,0x00,0x00,
    0x00,0x00,0x00,0x00,0x00,0x00,0x00,0x00,0x00,0x00,0x00,0x00,0x00,0x00,0x00,0x00,
    0x00,0x00,0x00,0x00,0x00,0x00,0x00,0x00,0x00,0x00,0x00,0x00,0x00,0x00,0x00,0x00,
    0x00,0x00,0x00,0x00,0x00,0x00,0x00,0x00,0x00,0x00,0x00,0x00,0x00,0x00,0x00,0x00,
    0x00,0x00,0x00,0x00,0x00,0x00,0x00,0x00,0x00,0x00,0x00,0x00,0x00,0x00,0x00,0x00,
    0x00,0x00,0x00,0x00,0x00,0x00,0x00,0x02,0x2F,0x5B,0x86,0xB0,0xD8,0xFE,0xFF,0xFF,
    0xFF,0xFF,0xFF,0xFF,0xFF,0xFF,0xFF,0xFF,0xFF,0xFF,0xFF,0xFF,0xFF,0xFF,0xFF,0xFF,
    0xFF,0xFF,0xFF,0xFF,0xFF,0xFF,0xFF,0xFF,0xFF,0xFF,0xFF,0xFF,0xFF,0xFF,0xFF,0xFF,
    0xFF,0xFF,0xFF,0xFF,0xFF,0xFF,0xFF,0xFF,0xFF,0xFF,0xFF,0xFF,0xFF,0xFF,0xFF,0xFF,
    0xFF,0xFF,0xFE,0xD8,0xB0,0x86,0x5B,0x2F,0x02,0x00,0x00,0x00,0x00,0x00,0x00,0x00,
    0x00,0x00,0x00,0x00,0x00,0x00,0x00,0x00,0x00,0x00,0x00,0x00,0x00,0x00,0x00,0x00,
    0x00,0x00,0x00,0x00,0x00,0x00,0x00,0x00,0x00,0x00,0x00,0x00,0x00,0x00,0x00,0x00,
    0x00,0x00,0x00,0x00,0x00,0x00,0x00,0x00,0x00,0x00,0x00,0x00,0x00,0x00,0x00,0x00,
    0x00,0x00,0x00,0x00,0x00,0x00,0x00,0x00,0x00,0x00,0x00,0x00,0x00,0x00,0x00,0x00,
    0x00,0x00,0x00,0x00,0x00,0x00,0x00,0x00,0x00,0x00,0x00,0x00,0x00,0x00,0x00,0x00,
    0x00,0x00,0x00,0x00,0x00,0x00,0x00,0x00,0x00,0x00,0x00,0x00,0x00,0x00,0x00,0x00,
    0x00,0x00,0x00,0x00,0x00,0x00,0x00,0x00,0x00,0x00,0x00,0x00,0x00,0x00,0x00,0x00,
    0x00,0x00,0x00,0x00,0x00,0x00,0x00,0x00,0x00,0x00,0x00,0x00,0x00,0x00,0x00,0x00,
    0x00,0x00,0x00,0x00,0x00,0x00,0x00,0x00,0x00,0x00,0x00,0x00,0x00,0x00,0x00,0x00,
    0x00,0x00,0x00,0x00,0x00,0x00,0x00,0x00,0x00,0x00,0x00,0x00,0x00,0x00,0x00,0x00,
    0x00,0x00,0x00,0x00,0x14,0x46,0x76,0xA6,0xD3,0xFF,0xFF,0xFF,0xFF,0xFF,0xFF,0xFF,
    0xFF,0xFF,0xFF,0xFF,0xFF,0xFF,0xFF,0xFF,0xFF,0xFF,0xFF,0xFF,0xFF,0xFF,0xFF,0xFF,
    0xFF,0xFF,0xFF,0xFF,0xFF,0xFF,0xFF,0xFF,0xFF,0xFF,0xFF,0xFF,0xFF,0xFF,0xFF,0xFF,
    0xFF,0xFF,0xFF,0xFF,0xFF,0xFF,0xFF,0xFF,0xFF,0xFF,0xFF,0xFF,0xFF,0xFF,0xFF,0xFF,
    0xFF,0xFF,0xFF,0xFF,0xFF,0xFF,0xFF,0xD3,0xA6,0x76,0x46,0x14,0x00,0x00,0x00,0x00,
    0x00,0x00,0x00,0x00,0x00,0x00,0x00,0x00,0x00,0x00,0x00,0x00,0x00,0x00,0x00,0x00,
    0x00,0x00,0x00,0x00,0x00,0x00,0x00,0x00,0x00,0x00,0x00,0x00,0x00,0x00,0x00,0x00,
    0x00,0x00,0x00,0x00,0x00,0x00,0x00,0x00,0x00,0x00,0x00,0x00,0x00,0x00,0x00,0x00,
    0x00,0x00,0x00,0x00,0x00,0x00,0x00,0x00,0x00,0x00,0x00,0x00,0x00,0x00,0x00,0x00,
    0x00,0x00,0x00,0x00,0x00,0x00,0x00,0x00,0x00,0x00,0x00,0x00,0x00,0x00,0x00,0x00,
    0x00,0x00,0x00,0x00,0x00,0x00,0x00,0x00,0x00,0x00,0x00,0x00,0x00,0x00,0x00,0x00,
    0x00,0x00,0x00,0x00,0x00,0x00,0x00,0x00,0x00,0x00,0x00,0x00,0x00,0x00,0x00,0x00,
    0x00,0x00,0x00,0x00,0x00,0x00,0x00,0x00,0x00,0x00,0x00,0x00,0x00,0x00,0x00,0x00,
    0x00,0x00,0x00,0x00,0x00,0x00,0x00,0x00,0x00,0x00,0x00,0x00,0x00,0x00,0x00,0x00,
    0x00,0x00,0x00,0x00,0x00,0x00,0x00,0x00,0x00,0x00,0x00,0x00,0x00,0x00,0x00,0x00,
    0x00,0x19,0x4F,0x83,0xB7,0xE9,0xFF,0xFF,0xFF,0xFF,0xFF,0xFF,0xFF,0xFF,0xFF,0xFF,
    0xFF,0xFF,0xFF,0xFF,0xFF,0xFF,0xFF,0xFF,0xFF,0xFF,0xFF,0xFF,0xFF,0xFF,0xFF,0xFF,
    0xFF,0xFF,0xFF,0xFF,0xFF,0xFF,0xFF,0xFF,0xFF,0xFF,0xFF,0xFF,0xFF,0xFF,0xFF,0xFF,
    0xFF,0xFF,0xFF,0xFF,0xFF,0xFF,0xFF,0xFF,0xFF,0xFF,0xFF,0xFF,0xFF,0xFF,0xFF,0xFF,
    0xFF,0xFF,0xFF,0xFF,0xFF,0xFF,0xFF,0xFF,0xFF,0xFF,0xE9,0xB7,0x83,0x4F,0x19,0x00,
    0x00,0x00,0x00,0x00,0x00,0x00,0x00,0x00,0x00,0x00,0x00,0x00,0x00,0x00,0x00,0x00,
    0x00,0x00,0x00,0x00,0x00,0x00,0x00,0x00,0x00,0x00,0x00,0x00,0x00,0x00,0x00,0x00,
    0x00,0x00,0x00,0x00,0x00,0x00,0x00,0x00,0x00,0x00,0x00,0x00,0x00,0x00,0x00,0x00,
    0x00,0x00,0x00,0x00,0x00,0x00,0x00,0x00,0x00,0x00,0x00,0x00,0x00,0x00,0x00,0x00,
    0x00,0x00,0x00,0x00,0x00,0x00,0x00,0x00,0x00,0x00,0x00,0x00,0x00,0x00,0x00,0x00,
    0x00,0x00,0x00,0x00,0x00,0x00,0x00,0x00,0x00,0x00,0x00,0x00,0x00,0x00,0x00,0x00,
    0x00,0x00,0x00,0x00,0x00,0x00,0x00,0x00,0x00,0x00,0x00,0x00,0x00,0x00,0x00,0x00,
    0x00,0x00,0x00,0x00,0x00,0x00,0x00,0x00,0x00,0x00,0x00,0x00,0x00,0x00,0x00,0x00,
    0x00,0x00,0x00,0x00,0x00,0x00,0x00,0x00,0x00,0x00,0x00,0x00,0x00,0x00,0x00,0x00,
    0x00,0x00,0x00,0x00,0x00,0x00,0x00,0x00,0x00,0x00,0x00,0x00,0x00,0x00,0x0F,0x49,
    0x82,0xBA,0xF0,0xFF,0xFF,0xFF,0xFF,0xFF,0xFF,0xFF,0xFF,0xFF,0xFF,0xFF,0xFF,0xFF,
    0xFF,0xFF,0xFF,0xFF,0xFF,0xFF,0xFF,0xFF,0xFF,0xFF,0xFF,0xFF,0xFF,0xFF,0xFF,0xFF,
    0xFF,0xFF,0xFF,0xFF,0xFF,0xFF,0xFF,0xFF,0xFF,0xFF,0xFF,0xFF,0xFF,0xFF,0xFF,0xFF,
    0xFF,0xFF,0xFF,0xFF,0xFF,0xFF,0xFF,0xFF,0xFF,0xFF,0xFF,0xFF,0xFF,0xFF,0xFF,0xFF,
    0xFF,0xFF,0xFF,0xFF,0xFF,0xFF,0xFF,0xFF,0xFF,0xFF,0xFF,0xFF,0xFF,0xF0,0xBA,0x82,
    0x49,0x0F,0x00,0x00,0x00,0x00,0x00,0x00,0x00,0x00,0x00,0x00,0x00,0x00,0x00,0x00,
    0x00,0x00,0x00,0x00,0x00,0x00,0x00,0x00,0x00,0x00,0x00,0x00,0x00,0x00,0x00,0x00,
    0x00,0x00,0x00,0x00,0x00,0x00,0x00,0x00,0x00,0x00,0x00,0x00,0x00,0x00,0x00,0x00,
    0x00,0x00,0x00,0x00,0x00,0x00,0x00,0x00,0x00,0x00,0x00,0x00,0x00,0x00,0x00,0x00,
    0x00,0x00,0x00,0x00,0x00,0x00,0x00,0x00,0x00,0x00,0x00,0x00,0x00,0x00,0x00,0x00,
    0x00,0x00,0x00,0x00,0x00,0x00,0x00,0x00,0x00,0x00,0x00,0x00,0x00,0x00,0x00,0x00,
    0x00,0x00,0x00,0x00,0x00,0x00,0x00,0x00,0x00,0x00,0x00,0x00,0x00,0x00,0x00,0x00,
    0x00,0x00,0x00,0x00,0x00,0x00,0x00,0x00,0x00,0x00,0x00,0x00,0x00,0x00,0x00,0x00,
    0x00,0x00,0x00,0x00,0x00,0x00,0x00,0x00,0x00,0x00,0x00,0x00,0x00,0x00,0x00,0x00,
    0x00,0x00,0x00,0x00,0x00,0x00,0x00,0x00,0x00,0x00,0x00,0x00,0x35,0x72,0xAE,0xE9,
    0xFF,0xFF,0xFF,0xFF,0xFF,0xFF,0xFF,0xFF,0xFF,0xFF,0xFF,0xFF,0xFF,0xFF,0xFF,0xFF,
    0xFF,0xFF,0xFF,0xFF,0xFF,0xFF,0xFF,0xFF,0xFF,0xFF,0xFF,0xFF,0xFF,0xFF,0xFF,0xFF,
    0xFF,0xFF,0xFF,0xFF,0xFF,0xFF,0xFF,0xFF,0xFF,0xFF,0xFF,0xFF,0xFF,0xFF,0xFF,0xFF,
    0xFF,0xFF,0xFF,0xFF,0xFF,0xFF,0xFF,0xFF,0xFF,0xFF,0xFF,0xFF,0xFF,0xFF,0xFF,0xFF,
    0xFF,0xFF,0xFF,0xFF,0xFF,0xFF,0xFF,0xFF,0xFF,0xFF,0xFF,0xFF,0xFF,0xFF,0xFF,0xFF,
    0xE9,0xAE,0x72,0x35,0x00,0x00,0x00,0x00,0x00,0x00,0x00,0x00,0x00,0x00,0x00,0x00,
    0x00,0x00,0x00,0x00,0x00,0x00,0x00,0x00,0x00,0x00,0x00,0x00,0x00,0x00,0x00,0x00,
    0x00,0x00,0x00,0x00,0x00,0x00,0x00,0x00,0x00,0x00,0x00,0x00,0x00,0x00,0x00,0x00,
    0x00,0x00,0x00,0x00,0x00,0x00,0x00,0x00,0x00,0x00,0x00,0x00,0x00,0x00,0x00,0x00,
    0x00,0x00,0x00,0x00,0x00,0x00,0x00,0x00,0x00,0x00,0x00,0x00,0x00,0x00,0x00,0x00,
    0x00,0x00,0x00,0x00,0x00,0x00,0x00,0x00,0x00,0x00,0x00,0x00,0x00,0x00,0x00,0x00,
    0x00,0x00,0x00,0x00,0x00,0x00,0x00,0x00,0x00,0x00,0x00,0x00,0x00,0x00,0x00,0x00,
    0x00,0x00,0x00,0x00,0x00,0x00,0x00,0x00,0x00,0x00,0x00,0x00,0x00,0x00,0x00,0x00,
    0x00,0x00,0x00,0x00,0x00,0x00,0x00,0x00,0x00,0x00,0x00,0x00,0x00,0x00,0x00,0x00,
    0x00,0x00,0x00,0x00,0x00,0x00,0x00,0x00,0x00,0x13,0x54,0x94,0xD3,0xFF,0xFF,0xFF,
    0xFF,0xFF,0xFF,0xFF,0xFF,0xFF,0xFF,0xFF,0xFF,0xFF,0xFF,0xFF,0xFF,0xFF,0xFF,0xFF,
    0xFF,0xFF,0xFF,0xFF,0xFF,0xFF,0xFF,0xFF,0xFF,0xFF,0xFF,0xFF,0xFF,0xFF,0xFF,0xFF,
    0xFF,0xFF,0xFF,0xFF,0xFF,0xFF,0xFF,0xFF,0xFF,0xFF,0xFF,0xFF,0xFF,0xFF,0xFF,0xFF,
    0xFF,0xFF,0xFF,0xFF,0xFF,0xFF,0xFF,0xFF,0xFF,0xFF,0xFF,0xFF,0xFF,0xFF,0xFF,0xFF,
    0xFF,0xFF,0xFF,0xFF,0xFF,0xFF,0xFF,0xFF,0xFF,0xFF,0xFF,0xFF,0xFF,0xFF,0xFF,0xFF,
    0xFF,0xFF,0xFF,0xD3,0x94,0x54,0x13,0x00,0x00,0x00,0x00,0x00,0x00,0x00,0x00,0x00,
    0x00,0x00,0x00,0x00,0x00,0x00,0x00,0x00,0x00,0x00,0x00,0x00,0x00,0x00,0x00,0x00,
    0x00,0x00,0x00,0x00,0x00,0x00,0x00,0x00,0x00,0x00,0x00,0x00,0x00,0x00,0x00,0x00,
    0x00,0x00,0x00,0x00,0x00,0x00,0x00,0x00,0x00,0x00,0x00,0x00,0x00,0x00,0x00,0x00,
    0x00,0x00,0x00,0x00,0x00,0x00,0x00,0x00,0x00,0x00,0x00,0x00,0x00,0x00,0x00,0x00,
    0x00,0x00,0x00,0x00,0x00,0x00,0x00,0x00,0x00,0x00,0x00,0x00,0x00,0x00,0x00,0x00,
    0x00,0x00,0x00,0x00,0x00,0x00,0x00,0x00,0x00,0x00,0x00,0x00,0x00,0x00,0x00,0x00,
    0x00,0x00,0x00,0x00,0x00,0x00,0x00,0x00,0x00,0x00,0x00,0x00,0x00,0x00,0x00,0x00,
    0x00,0x00,0x00,0x00,0x00,0x00,0x00,0x00,0x00,0x00,0x00,0x00,0x00,0x00,0x00,0x00,
    0x00,0x00,0x00,0x00,0x00,0x00,0x00,0x28,0x6D,0xB0,0xF1,0xFF,0xFF,0xFF,0xFF,0xFF,
    0xFF,0xFF,0xFF,0xFF,0xFF,0xFF,0xFF,0xFF,0xFF,0xFF,0xFF,0xFF,0xFF,0xFF,0xFF,0xFF,
    0xFF,0xFF,0xFF,0xFF,0xFF,0xFF,0xFF,0xFF,0xFF,0xFF,0xFF,0xFF,0xFF,0xFF,0xFF,0xFF,
    0xFF,0xFF,0xFF,0xFF,0xFF,0xFF,0xFF,0xFF,0xFF,0xFF,0xFF,0xFF,0xFF,0xFF,0xFF,0xFF,
    0xFF,0xFF,0xFF,0xFF,0xFF,0xFF,0xFF,0xFF,0xFF,0xFF,0xFF,0xFF,0xFF,0xFF,0xFF,0xFF,
    0xFF,0xFF,0xFF,0xFF,0xFF,0xFF,0xFF,0xFF,0xFF,0xFF,0xFF,0xFF,0xFF,0xFF,0xFF,0xFF,
    0xFF,0xFF,0xFF,0xFF,0xFF,0xF1,0xB0,0x6D,0x28,0x00,0x00,0x00,0x00,0x00,0x00,0x00,
    0x00,0x00,0x00,0x00,0x00,0x00,0x00,0x00,0x00,0x00,0x00,0x00,0x00,0x00,0x00,0x00,
    0x00,0x00,0x00,0x00,0x00,0x00,0x00,0x00,0x00,0x00,0x00,0x00,0x00,0x00,0x00,0x00,
    0x00,0x00,0x00,0x00,0x00,0x00,0x00,0x00,0x00,0x00,0x00,0x00,0x00,0x00,0x00,0x00,
    0x00,0x00,0x00,0x00,0x00,0x00,0x00,0x00,0x00,0x00,0x00,0x00,0x00,0x00,0x00,0x00,
    0x00,0x00,0x00,0x00,0x00,0x00,0x00,0x00,0x00,0x00,0x00,0x00,0x00,0x00,0x00,0x00,
    0x00,0x00,0x00,0x00,0x00,0x00,0x00,0x00,0x00,0x00,0x00,0x00,0x00,0x00,0x00,0x00,
    0x00,0x00,0x00,0x00,0x00,0x00,0x00,0x00,0x00,0x00,0x00,0x00,0x00,0x00,0x00,0x00,
    0x00,0x00,0x00,0x00,0x00,0x00,0x00,0x00,0x00,0x00,0x00,0x00,0x00,0x00,0x00,0x00,
    0x00,0x00,0x00,0x00,0x00,0x36,0x7E,0xC4,0xFF,0xFF,0xFF,0xFF,0xFF,0xFF,0xFF,0xFF,
    0xFF,0xFF,0xFF,0xFF,0xFF,0xFF,0xFF,0xFF,0xFF,0xFF,0xFF,0xFF,0xFF,0xFF,0xFF,0xFF,
    0xFF,0xFF,0xFF,0xFF,0xFF,0xFF,0xFF,0xFF,0xFF,0xFF,0xFF,0xFF,0xFF,0xFF,0xFF,0xFF,
    0xFF,0xFF,0xFF,0xFF,0xFF,0xFF,0xFF,0xFF,0xFF,0xFF,0xFF,0xFF,0xFF,0xFF,0xFF,0xFF,
    0xFF,0xFF,0xFF,0xFF,0xFF,0xFF,0xFF,0xFF,0xFF,0xFF,0xFF,0xFF,0xFF,0xFF,0xFF,0xFF,
    0xFF,0xFF,0xFF,0xFF,0xFF,0xFF,0xFF,0xFF,0xFF,0xFF,0xFF,0xFF,0xFF,0xFF,0xFF,0xFF,
    0xFF,0xFF,0xFF,0xFF,0xFF,0xFF,0xFF,0xFF,0xC4,0x7E,0x36,0x00,0x00,0x00,0x00,0x00,
    0x00,0x00,0x00,0x00,0x00,0x00,0x00,0x00,0x00,0x00,0x00,0x00,0x00,0x00,0x00,0x00,
    0x00,0x00,0x00,0x00,0x00,0x00,0x00,0x00,0x00,0x00,0x00,0x00,0x00,0x00,0x00,0x00,
    0x00,0x00,0x00,0x00,0x00,0x00,0x00,0x00,0x00,0x00,0x00,0x00,0x00,0x00,0x00,0x00,
    0x00,0x00,0x00,0x00,0x00,0x00,0x00,0x00,0x00,0x00,0x00,0x00,0x00,0x00,0x00,0x00,
    0x00,0x00,0x00,0x00,0x00,0x00,0x00,0x00,0x00,0x00,0x00,0x00,0x00,0x00,0x00,0x00,
    0x00,0x00,0x00,0x00,0x00,0x00,0x00,0x00,0x00,0x00,0x00,0x00,0x00,0x00,0x00,0x00,
    0x00,0x00,0x00,0x00,0x00,0x00,0x00,0x00,0x00,0x00,0x00,0x00,0x00,0x00,0x00,0x00,
    0x00,0x00,0x00,0x00,0x00,0x00,0x00,0x00,0x00,0x00,0x00,0x00,0x00,0x00,0x00,0x00,
    0x00,0x00,0x00,0x3E,0x88,0xD0,0xFF,0xFF,0xFF,0xFF,0xFF,0xFF,0xFF,0xFF,0xFF,0xFF,
    0xFF,0xFF,0xFF,0xFF,0xFF,0xFF,0xFF,0xFF,0xFF,0xFF,0xFF,0xFF,0xFF,0xFF,0xFF,0xFF,
    0xFF,0xFF,0xFF,0xFF,0xFF,0xFF,0xFF,0xFF,0xFF,0xFF,0xFF,0xFF,0xFF,0xFF,0xFF,0xFF,
    0xFF,0xFF,0xFF,0xFF,0xFF,0xFF,0xFF,0xFF,0xFF,0xFF,0xFF,0xFF,0xFF,0xFF,0xFF,0xFF,
    0xFF,0xFF,0xFF,0xFF,0xFF,0xFF,0xFF,0xFF,0xFF,0xFF,0xFF,0xFF,0xFF,0xFF,0xFF,0xFF,
    0xFF,0xFF,0xFF,0xFF,0xFF,0xFF,0xFF,0xFF,0xFF,0xFF,0xFF,0xFF,0xFF,0xFF,0xFF,0xFF,
    0xFF,0xFF,0xFF,0xFF,0xFF,0xFF,0xFF,0xFF,0xFF,0xFF,0xD0,0x88,0x3E,0x00,0x00,0x00,
    0x00,0x00,0x00,0x00,0x00,0x00,0x00,0x00,0x00,0x00,0x00,0x00,0x00,0x00,0x00,0x00,
    0x00,0x00,0x00,0x00,0x00,0x00,0x00,0x00,0x00,0x00,0x00,0x00,0x00,0x00,0x00,0x00,
    0x00,0x00,0x00,0x00,0x00,0x00,0x00,0x00,0x00,0x00,0x00,0x00,0x00,0x00,0x00,0x00,
    0x00,0x00,0x00,0x00,0x00,0x00,0x00,0x00,0x00,0x00,0x00,0x00,0x00,0x00,0x00,0x00,
    0x00,0x00,0x00,0x00,0x00,0x00,0x00,0x00,0x00,0x00,0x00,0x00,0x00,0x00,0x00,0x00,
    0x00,0x00,0x00,0x00,0x00,0x00,0x00,0x00,0x00,0x00,0x00,0x00,0x00,0x00,0x00,0x00,
    0x00,0x00,0x00,0x00,0x00,0x00,0x00,0x00,0x00,0x00,0x00,0x00,0x00,0x00,0x00,0x00,
    0x00,0x00,0x00,0x00,0x00,0x00,0x00,0x00,0x00,0x00,0x00,0x00,0x00,0x00,0x00,0x00,
    0x00,0x3E,0x8A,0xD6,0xFF,0xFF,0xFF,0xFF,0xFF,0xFF,0xFF,0xFF,0xFF,0xFF,0xFF,0xFF,
    0xFF,0xFF,0xFF,0xFF,0xFF,0xFF,0xFF,0xFF,0xFF,0xFF,0xFF,0xFF,0xFF,0xFF,0xFF,0xFF,
    0xFF,0xFF,0xFF,0xFF,0xFF,0xFF,0xFF,0xFF,0xFF,0xFF,0xFF,0xFF,0xFF,0xFF,0xFF,0xFF,
    0xFF,0xFF,0xFF,0xFF,0xFF,0xFF,0xFF,0xFF,0xFF,0xFF,0xFF,0xFF,0xFF,0xFF,0xFF,0xFF,
    0xFF,0xFF,0xFF,0xFF,0xFF,0xFF,0xFF,0xFF,0xFF,0xFF,0xFF,0xFF,0xFF,0xFF,0xFF,0xFF,
    0xFF,0xFF,0xFF,0xFF,0xFF,0xFF,0xFF,0xFF,0xFF,0xFF,0xFF,0xFF,0xFF,0xFF,0xFF,0xFF,
    0xFF,0xFF,0xFF,0xFF,0xFF,0xFF,0xFF,0xFF,0xFF,0xFF,0xFF,0xFF,0xD6,0x8A,0x3E,0x00,
    0x00,0x00,0x00,0x00,0x00,0x00,0x00,0x00,0x00,0x00,0x00,0x00,0x00,0x00,0x00,0x00,
    0x00,0x00,0x00,0x00,0x00,0x00,0x00,0x00,0x00,0x00,0x00,0x00,0x00,0x00,0x00,0x00,
    0x00,0x00,0x00,0x00,0x00,0x00,0x00,0x00,0x00,0x00,0x00,0x00,0x00,0x00,0x00,0x00,
    0x00,0x00,0x00,0x00,0x00,0x00,0x00,0x00,0x00,0x00,0x00,0x00,0x00,0x00,0x00,0x00,
    0x00,0x00,0x00,0x00,0x00,0x00,0x00,0x00,0x00,0x00,0x00,0x00,0x00,0x00,0x00,0x00,
    0x00,0x00,0x00,0x00,0x00,0x00,0x00,0x00,0x00,0x00,0x00,0x00,0x00,0x00,0x00,0x00,
    0x00,0x00,0x00,0x00,0x00,0x00,0x00,0x00,0x00,0x00,0x00,0x00,0x00,0x00,0x00,0x00,
    0x00,0x00,0x00,0x00,0x00,0x00,0x00,0x00,0x00,0x00,0x00,0x00,0x00,0x00,0x00,0x36,
    0x86,0xD5,0xFF,0xFF,0xFF,0xFF,0xFF,0xFF,0xFF,0xFF,0xFF,0xFF,0xFF,0xFF,0xFF,0xFF,
    0xFF,0xFF,0xFF,0xFF,0xFF,0xFF,0xFF,0xFF,0xFF,0xFF,0xFF,0xFF,0xFF,0xFF,0xFF,0xFF,
    0xFF,0xFF,0xFF,0xFF,0xFF,0xFF,0xFF,0xFF,0xFF,0xFF,0xFF,0xFF,0xFF,0xFF,0xFF,0xFF,
    0xFF,0xFF,0xFF,0xFF,0xFF,0xFF,0xFF,0xFF,0xFF,0xFF,0xFF,0xFF,0xFF,0xFF,0xFF,0xFF,
    0xFF,0xFF,0xFF,0xFF,0xFF,0xFF,0xFF,0xFF,0xFF,0xFF,0xFF,0xFF,0xFF,0xFF,0xFF,0xFF,
    0xFF,0xFF,0xFF,0xFF,0xFF,0xFF,0xFF,0xFF,0xFF,0xFF,0xFF,0xFF,0xFF,0xFF,0xFF,0xFF,
    0xFF,0xFF,0xFF,0xFF,0xFF,0xFF,0xFF,0xFF,0xFF,0xFF,0xFF,0xFF,0xFF,0xFF,0xD5,0x86,
    0x36,0x00,0x00,0x00,0x00,0x00,0x00,0x00,0x00,0x00,0x00,0x00,0x00,0x00,0x00,0x00,
    0x00,0x00,0x00,0x00,0x00,0x00,0x00,0x00,0x00,0x00,0x00,0x00,0x00,0x00,0x00,0x00,
    0x00,0x00,0x00,0x00,0x00,0x00,0x00,0x00,0x00,0x00,0x00,0x00,0x00,0x00,0x00,0x00,
    0x00,0x00,0x00,0x00,0x00,0x00,0x00,0x00,0x00,0x00,0x00,0x00,0x00,0x00,0x00,0x00,
    0x00,0x00,0x00,0x00,0x00,0x00,0x00,0x00,0x00,0x00,0x00,0x00,0x00,0x00,0x00,0x00,
    0x00,0x00,0x00,0x00,0x00,0x00,0x00,0x00,0x00,0x00,0x00,0x00,0x00,0x00,0x00,0x00,
    0x00,0x00,0x00,0x00,0x00,0x00,0x00,0x00,0x00,0x00,0x00,0x00,0x00,0x00,0x00,0x00,
    0x00,0x00,0x00,0x00,0x00,0x00,0x00,0x00,0x00,0x00,0x00,0x00,0x00,0x28,0x7B,0xCC,
    0xFF,0xFF,0xFF,0xFF,0xFF,0xFF,0xFF,0xFF,0xFF,0xFF,0xFF,0xFF,0xFF,0xFF,0xFF,0xFF,
    0xFF,0xFF,0xFF,0xFF,0xFF,0xFF,0xFF,0xFF,0xFF,0xFF,0xFF,0xFF,0xFF,0xFF,0xFF,0xFF,
    0xFF,0xFF,0xFF,0xFF,0xFF,0xFF,0xFF,0xFF,0xFF,0xFF,0xFF,0xFF,0xFF,0xFF,0xFF,0xFF,
    0xFF,0xFF,0xFF,0xFF,0xFF,0xFF,0xFF,0xFF,0xFF,0xFF,0xFF,0xFF,0xFF,0xFF,0xFF,0xFF,
    0xFF,0xFF,0xFF,0xFF,0xFF,0xFF,0xFF,0xFF,0xFF,0xFF,0xFF,0xFF,0xFF,0xFF,0xFF,0xFF,
    0xFF,0xFF,0xFF,0xFF,0xFF,0xFF,0xFF,0xFF,0xFF,0xFF,0xFF,0xFF,0xFF,0xFF,0xFF,0xFF,
    0xFF,0xFF,0xFF,0xFF,0xFF,0xFF,0xFF,0xFF,0xFF,0xFF,0xFF,0xFF,0xFF,0xFF,0xFF,0xFF,
    0xCC,0x7B,0x28,0x00,0x00,0x00,0x00,0x00,0x00,0x00,0x00,0x00,0x00,0x00,0x00,0x00,
    0x00,0x00,0x00,0x00,0x00,0x00,0x00,0x00,0x00,0x00,0x00,0x00,0x00,0x00,0x00,0x00,
    0x00,0x00,0x00,0x00,0x00,0x00,0x00,0x00,0x00,0x00,0x00,0x00,0x00,0x00,0x00,0x00,
    0x00,0x00,0x00,0x00,0x00,0x00,0x00,0x00,0x00,0x00,0x00,0x00,0x00,0x00,0x00,0x00,
    0x00,0x00,0x00,0x00,0x00,0x00,0x00,0x00,0x00,0x00,0x00,0x00,0x00,0x00,0x00,0x00,
    0x00,0x00,0x00,0x00,0x00,0x00,0x00,0x00,0x00,0x00,0x00,0x00,0x00,0x00,0x00,0x00,
    0x00,0x00,0x00,0x00,0x00,0x00,0x00,0x00,0x00,0x00,0x00,0x00,0x00,0x00,0x00,0x00,
    0x00,0x00,0x00,0x00,0x00,0x00,0x00,0x00,0x00,0x00,0x00,0x13,0x68,0xBC,0xFF,0xFF,
    0xFF,0xFF,0xFF,0xFF,0xFF,0xFF,0xFF,0xFF,0xFF,0xFF,0xFF,0xFF,0xFF,0xFF,0xFF,0xFF,
    0xFF,0xFF,0xFF,0xFF,0xFF,0xFF,0xFF,0xFF,0xFF,0xFF,0xFF,0xFF,0xFF,0xFF,0xFF,0xFF,
    0xFF,0xFF,0xFF,0xFF,0xFF,0xFF,0xFF,0xFF,0xFF,0xFF,0xFF,0xFF,0xFF,0xFF,0xFF,0xFF,
    0xFF,0xFF,0xFF,0xFF,0xFF,0xFF,0xFF,0xFF,0xFF,0xFF,0xFF,0xFF,0xFF,0xFF,0xFF,0xFF,
    0xFF,0xFF,0xFF,0xFF,0xFF,0xFF,0xFF,0xFF,0xFF,0xFF,0xFF,0xFF,0xFF,0xFF,0xFF,0xFF,
    0xFF,0xFF,0xFF,0xFF,0xFF,0xFF,0xFF,0xFF,0xFF,0xFF,0xFF,0xFF,0xFF,0xFF,0xFF,0xFF,
    0xFF,0xFF,0xFF,0xFF,0xFF,0xFF,0xFF,0xFF,0xFF,0xFF,0xFF,0xFF,0xFF,0xFF,0xFF,0xFF,
    0xFF,0xFF,0xBC,0x68,0x13,0x00,0x00,0x00,0x00,0x00,0x00,0x00,0x00,0x00,0x00,0x00,
    0x00,0x00,0x00,0x00,0x00,0x00,0x00,0x00,0x00,0x00,0x00,0x00,0x00,0x00,0x00,0x00,
    0x00,0x00,0x00,0x00,0x00,0x00,0x00,0x00,0x00,0x00,0x00,0x00,0x00,0x00,0x00,0x00,
    0x00,0x00,0x00,0x00,0x00,0x00,0x00,0x00,0x00,0x00,0x00,0x00,0x00,0x00,0x00,0x00,
    0x00,0x00,0x00,0x00,0x00,0x00,0x00,0x00,0x00,0x00,0x00,0x00,0x00,0x00,0x00,0x00,
    0x00,0x00,0x00,0x00,0x00,0x00,0x00,0x00,0x00,0x00,0x00,0x00,0x00,0x00,0x00,0x00,
    0x00,0x00,0x00,0x00,0x00,0x00,0x00,0x00,0x00,0x00,0x00,0x00,0x00,0x00,0x00,0x00,
    0x00,0x00,0x00,0x00,0x00,0x00,0x00,0x00,0x00,0x00,0x4F,0xA6,0xFB,0xFF,0xFF,0xFF,
    0xFF,0xFF,0xFF,0xFF,0xFF,0xFF,0xFF,0xFF,0xFF,0xFF,0xFF,0xFF,0xFF,0xFF,0xFF,0xFF,
    0xFF,0xFF,0xFF,0xFF,0xFF,0xFF,0xFF,0xFF,0xFF,0xFF,0xFF,0xFF,0xFF,0xFF,0xFF,0xFF,
    0xFF,0xFF,0xFF,0xFF,0xFF,0xFF,0xFF,0xFF,0xFF,0xFF,0xFF,0xFF,0xFF,0xFF,0xFF,0xFF,
    0xFF,0xFF,0xFF,0xFF,0xFF,0xFF,0xFF,0xFF,0xFF,0xFF,0xFF,0xFF,0xFF,0xFF,0xFF,0xFF,
    0xFF,0xFF,0xFF,0xFF,0xFF,0xFF,0xFF,0xFF,0xFF,0xFF,0xFF,0xFF,0xFF,0xFF,0xFF,0xFF,
    0xFF,0xFF,0xFF,0xFF,0xFF,0xFF,0xFF,0xFF,0xFF,0xFF,0xFF,0xFF,0xFF,0xFF,0xFF,0xFF,
    0xFF,0xFF,0xFF,0xFF,0xFF,0xFF,0xFF,0xFF,0xFF,0xFF,0xFF,0xFF,0xFF,0xFF,0xFF,0xFF,
    0xFF,0xFF,0xFF,0xFB,0xA6,0x4F,0x00,0x00,0x00,0x00,0x00,0x00,0x00,0x00,0x00,0x00,
    0x00,0x00,0x00,0x00,0x00,0x00,0x00,0x00,0x00,0x00,0x00,0x00,0x00,0x00,0x00,0x00,
    0x00,0x00,0x00,0x00,0x00,0x00,0x00,0x00,0x00,0x00,0x00,0x00,0x00,0x00,0x00,0x00,
    0x00,0x00,0x00,0x00,0x00,0x00,0x00,0x00,0x00,0x00,0x00,0x00,0x00,0x00,0x00,0x00,
    0x00,0x00,0x00,0x00,0x00,0x00,0x00,0x00,0x00,0x00,0x00,0x00,0x00,0x00,0x00,0x00,
    0x00,0x00,0x00,0x00,0x00,0x00,0x00,0x00,0x00,0x00,0x00,0x00,0x00,0x00,0x00,0x00,
    0x00,0x00,0x00,0x00,0x00,0x00,0x00,0x00,0x00,0x00,0x00,0x00,0x00,0x00,0x00,0x00,
    0x00,0x00,0x00,0x00,0x00,0x00,0x00,0x00,0x2E,0x88,0xE0,0xFF,0xFF,0xFF,0xFF,0xFF,
    0xFF,0xFF,0xFF,0xFF,0xFF,0xFF,0xFF,0xFF,0xFF,0xFF,0xFF,0xFF,0xFF,0xFF,0xFF,0xFF,
    0xFF,0xFF,0xFF,0xFF,0xFF,0xFF,0xFF,0xFF,0xFF,0xFF,0xFF,0xFF,0xFF,0xFF,0xFF,0xFF,
    0xFF,0xFF,0xFF,0xFF,0xFF,0xFF,0xFF,0xFF,0xFF,0xFF,0xFF,0xFF,0xFF,0xFF,0xFF,0xFF,
    0xFF,0xFF,0xFF,0xFF,0xFF,0xFF,0xFF,0xFF,0xFF,0xFF,0xFF,0xFF,0xFF,0xFF,0xFF,0xFF,
    0xFF,0xFF,0xFF,0xFF,0xFF,0xFF,0xFF,0xFF,0xFF,0xFF,0xFF,0xFF,0xFF,0xFF,0xFF,0xFF,
    0xFF,0xFF,0xFF,0xFF,0xFF,0xFF,0xFF,0xFF,0xFF,0xFF,0xFF,0xFF,0xFF,0xFF,0xFF,0xFF,
    0xFF,0xFF,0xFF,0xFF,0xFF,0xFF,0xFF,0xFF,0xFF,0xFF,0xFF,0xFF,0xFF,0xFF,0xFF,0xFF,
    0xFF,0xFF,0xFF,0xFF,0xFF,0xE0,0x88,0x2E,0x00,0x00,0x00,0x00,0x00,0x00,0x00,0x00,
    0x00,0x00,0x00,0x00,0x00,0x00,0x00,0x00,0x00,0x00,0x00,0x00,0x00,0x00,0x00,0x00,
    0x00,0x00,0x00,0x00,0x00,0x00,0x00,0x00,0x00,0x00,0x00,0x00,0x00,0x00,0x00,0x00,
    0x00,0x00,0x00,0x00,0x00,0x00,0x00,0x00,0x00,0x00,0x00,0x00,0x00,0x00,0x00,0x00,
    0x00,0x00,0x00,0x00,0x00,0x00,0x00,0x00,0x00,0x00,0x00,0x00,0x00,0x00,0x00,0x00,
    0x00,0x00,0x00,0x00,0x00,0x00,0x00,0x00,0x00,0x00,0x00,0x00,0x00,0x00,0x00,0x00,
    0x00,0x00,0x00,0x00,0x00,0x00,0x00,0x00,0x00,0x00,0x00,0x00,0x00,0x00,0x00,0x00,
    0x00,0x00,0x00,0x00,0x00,0x00,0x06,0x63,0xBE,0xFF,0xFF,0xFF,0xFF,0xFF,0xFF,0xFF,
    0xFF,0xFF,0xFF,0xFF,0xFF,0xFF,0xFF,0xFF,0xFF,0xFF,0xFF,0xFF,0xFF,0xFF,0xFF,0xFF,
    0xFF,0xFF,0xFF,0xFF,0xFF,0xFF,0xFF,0xFF,0xFF,0xFF,0xFF,0xFF,0xFF,0xFF,0xFF,0xFF,
    0xFF,0xFF,0xFF,0xFF,0xFF,0xFF,0xFF,0xFF,0xFF,0xFF,0xFF,0xFF,0xFF,0xFF,0xFF,0xFF,
    0xFF,0xFF,0xFF,0xFF,0xFF,0xFF,0xFF,0xFF,0xFF,0xFF,0xFF,0xFF,0xFF,0xFF,0xFF,0xFF,
    0xFF,0xFF,0xFF,0xFF,0xFF,0xFF,0xFF,0xFF,0xFF,0xFF,0xFF,0xFF,0xFF,0xFF,0xFF,0xFF,
    0xFF,0xFF,0xFF,0xFF,0xFF,0xFF,0xFF,0xFF,0xFF,0xFF,0xFF,0xFF,0xFF,0xFF,0xFF,0xFF,
    0xFF,0xFF,0xFF,0xFF,0xFF,0xFF,0xFF,0xFF,0xFF,0xFF,0xFF,0xFF,0xFF,0xFF,0xFF,0xFF,
    0xFF,0xFF,0xFF,0xFF,0xFF,0xFF,0xFF,0xBE,0x63,0x06,0x00,0x00,0x00,0x00,0x00,0x00,
    0x00,0x00,0x00,0x00,0x00,0x00,0x00,0x00,0x00,0x00,0x00,0x00,0x00,0x00,0x00,0x00,
    0x00,0x00,0x00,0x00,0x00,0x00,0x00,0x00,0x00,0x00,0x00,0x00,0x00,0x00,0x00,0x00,
    0x00,0x00,0x00,0x00,0x00,0x00,0x00,0x00,0x00,0x00,0x00,0x00,0x00,0x00,0x00,0x00,
    0x00,0x00,0x00,0x00,0x00,0x00,0x00,0x00,0x00,0x00,0x00,0x00,0x00,0x00,0x00,0x00,
    0x00,0x00,0x00,0x00,0x00,0x00,0x00,0x00,0x00,0x00,0x00,0x00,0x00,0x00,0x00,0x00,
    0x00,0x00,0x00,0x00,0x00,0x00,0x00,0x00,0x00,0x00,0x00,0x00,0x00,0x00,0x00,0x00,
    0x00,0x00,0x00,0x00,0x00,0x36,0x94,0xF1,0xFF,0xFF,0xFF,0xFF,0xFF,0xFF,0xFF,0xFF,
    0xFF,0xFF,0xFF,0xFF,0xFF,0xFF,0xFF,0xFF,0xFF,0xFF,0xFF,0xFF,0xFF,0xFF,0xFF,0xFF,
    0xFF,0xFF,0xFF,0xFF,0xFF,0xFF,0xFF,0xFF,0xFF,0xFF,0xFF,0xFF,0xFF,0xFF,0xFF,0xFF,
    0xFF,0xFF,0xFF,0xFF,0xFF,0xFF,0xFF,0xFF,0xFF,0xFF,0xFF,0xFF,0xFF,0xFF,0xFF,0xFF,
    0xFF,0xFF,0xFF,0xFF,0xFF,0xFF,0xFF,0xFF,0xFF,0xFF,0xFF,0xFF,0xFF,0xFF,0xFF,0xFF,
    0xFF,0xFF,0xFF,0xFF,0xFF,0xFF,0xFF,0xFF,0xFF,0xFF,0xFF,0xFF,0xFF,0xFF,0xFF,0xFF,
    0xFF,0xFF,0xFF,0xFF,0xFF,0xFF,0xFF,0xFF,0xFF,0xFF,0xFF,0xFF,0xFF,0xFF,0xFF,0xFF,
    0xFF,0xFF,0xFF,0xFF,0xFF,0xFF,0xFF,0xFF,0xFF,0xFF,0xFF,0xFF,0xFF,0xFF,0xFF,0xFF,
    0xFF,0xFF,0xFF,0xFF,0xFF,0xFF,0xFF,0xFF,0xF1,0x94,0x36,0x00,0x00,0x00,0x00,0x00,
    0x00,0x00,0x00,0x00,0x00,0x00,0x00,0x00,0x00,0x00,0x00,0x00,0x00,0x00,0x00,0x00,
    0x00,0x00,0x00,0x00,0x00,0x00,0x00,0x00,0x00,0x00,0x00,0x00,0x00,0x00,0x00,0x00,
    0x00,0x00,0x00,0x00,0x00,0x00,0x00,0x00,0x00,0x00,0x00,0x00,0x00,0x00,0x00,0x00,
    0x00,0x00,0x00,0x00,0x00,0x00,0x00,0x00,0x00,0x00,0x00,0x00,0x00,0x00,0x00,0x00,
    0x00,0x00,0x00,0x00,0x00,0x00,0x00,0x00,0x00,0x00,0x00,0x00,0x00,0x00,0x00,0x00,
    0x00,0x00,0x00,0x00,0x00,0x00,0x00,0x00,0x00,0x00,0x00,0x00,0x00,0x00,0x00,0x00,
    0x00,0x00,0x00,0x03,0x64,0xC4,0xFF,0xFF,0xFF,0xFF,0xFF,0xFF,0xFF,0xFF,0xFF,0xFF,
    0xFF,0xFF,0xFF,0xFF,0xFF,0xFF,0xFF,0xFF,0xFF,0xFF,0xFF,0xFF,0xFF,0xFF,0xFF,0xFF,
    0xFF,0xFF,0xFF,0xFF,0xFF,0xFF,0xFF,0xFF,0xFF,0xFF,0xFF,0xFF,0xFF,0xFF,0xFF,0xFF,
    0xFF,0xFF,0xFF,0xFF,0xFF,0xFF,0xFF,0xFF,0xFF,0xFF,0xFF,0xFF,0xFF,0xFF,0xFF,0xFF,
    0xFF,0xFF,0xFF,0xFF,0xFF,0xFF,0xFF,0xFF,0xFF,0xFF,0xFF,0xFF,0xFF,0xFF,0xFF,0xFF,
    0xFF,0xFF,0xFF,0xFF,0xFF,0xFF,0xFF,0xFF,0xFF,0xFF,0xFF,0xFF,0xFF,0xFF,0xFF,0xFF,
    0xFF,0xFF,0xFF,0xFF,0xFF,0xFF,0xFF,0xFF,0xFF,0xFF,0xFF,0xFF,0xFF,0xFF,0xFF,0xFF,
    0xFF,0xFF,0xFF,0xFF,0xFF,0xFF,0xFF,0xFF,0xFF,0xFF,0xFF,0xFF,0xFF,0xFF,0xFF,0xFF,
    0xFF,0xFF,0xFF,0xFF,0xFF,0xFF,0xFF,0xFF,0xFF,0xFF,0xC4,0x64,0x03,0x00,0x00,0x00,
    0x00,0x00,0x00,0x00,0x00,0x00,0x00,0x00,0x00,0x00,0x00,0x00,0x00,0x00,0x00,0x00,
    0x00,0x00,0x00,0x00,0x00,0x00,0x00,0x00,0x00,0x00,0x00,0x00,0x00,0x00,0x00,0x00,
    0x00,0x00,0x00,0x00,0x00,0x00,0x00,0x00,0x00,0x00,0x00,0x00,0x00,0x00,0x00,0x00,
    0x00,0x00,0x00,0x00,0x00,0x00,0x00,0x00,0x00,0x00,0x00,0x00,0x00,0x00,0x00,0x00,
    0x00,0x00,0x00,0x00,0x00,0x00,0x00,0x00,0x00,0x00,0x00,0x00,0x00,0x00,0x00,0x00,
    0x00,0x00,0x00,0x00,0x00,0x00,0x00,0x00,0x00,0x00,0x00,0x00,0x00,0x00,0x00,0x00,
    0x00,0x00,0x2D,0x8F,0xF0,0xFF,0xFF,0xFF,0xFF,0xFF,0xFF,0xFF,0xFF,0xFF,0xFF,0xFF,
    0xFF,0xFF,0xFF,0xFF,0xFF,0xFF,0xFF,0xFF,0xFF,0xFF,0xFF,0xFF,0xFF,0xFF,0xFF,0xFF,
    0xFF,0xFF,0xFF,0xFF,0xFF,0xFF,0xFF,0xFF,0xFF,0xFF,0xFF,0xFF,0xFF,0xFF,0xFF,0xFF,
    0xFF,0xFF,0xFF,0xFF,0xFF,0xFF,0xFF,0xFF,0xFF,0xFF,0xFF,0xFF,0xFF,0xFF,0xFF,0xFF,
    0xFF,0xFF,0xFF,0xFF,0xFF,0xFF,0xFF,0xFF,0xFF,0xFF,0xFF,0xFF,0xFF,0xFF,0xFF,0xFF,
    0xFF,0xFF,0xFF,0xFF,0xFF,0xFF,0xFF,0xFF,0xFF,0xFF,0xFF,0xFF,0xFF,0xFF,0xFF,0xFF,
    0xFF,0xFF,0xFF,0xFF,0xFF,0xFF,0xFF,0xFF,0xFF,0xFF,0xFF,0xFF,0xFF,0xFF,0xFF,0xFF,
    0xFF,0xFF,0xFF,0xFF,0xFF,0xFF,0xFF,0xFF,0xFF,0xFF,0xFF,0xFF,0xFF,0xFF,0xFF,0xFF,
    0xFF,0xFF,0xFF,0xFF,0xFF,0xFF,0xFF,0xFF,0xFF,0xFF,0xFF,0xF0,0x8F,0x2D,0x00,0x00,
    0x00,0x00,0x00,0x00,0x00,0x00,0x00,0x00,0x00,0x00,0x00,0x00,0x00,0x00,0x00,0x00,
    0x00,0x00,0x00,0x00,0x00,0x00,0x00,0x00,0x00,0x00,0x00,0x00,0x00,0x00,0x00,0x00,
    0x00,0x00,0x00,0x00,0x00,0x00,0x00,0x00,0x00,0x00,0x00,0x00,0x00,0x00,0x00,0x00,
    0x00,0x00,0x00,0x00,0x00,0x00,0x00,0x00,0x00,0x00,0x00,0x00,0x00,0x00,0x00,0x00,
    0x00,0x00,0x00,0x00,0x00,0x00,0x00,0x00,0x00,0x00,0x00,0x00,0x00,0x00,0x00,0x00,
    0x00,0x00,0x00,0x00,0x00,0x00,0x00,0x00,0x00,0x00,0x00,0x00,0x00,0x00,0x00,0x00,
    0x00,0x53,0xB7,0xFF,0xFF,0xFF,0xFF,0xFF,0xFF,0xFF,0xFF,0xFF,0xFF,0xFF,0xFF,0xFF,
    0xFF,0xFF,0xFF,0xFF,0xFF,0xFF,0xFF,0xFF,0xFF,0xFF,0xFF,0xFF,0xFF,0xFF,0xFF,0xFF,
    0xFF,0xFF,0xFF,0xFF,0xFF,0xFF,0xFF,0xFF,0xFF,0xFF,0xFF,0xFF,0xFF,0xFF,0xFF,0xFF,
    0xFF,0xFF,0xFF,0xFF,0xFF,0xFF,0xFF,0xFF,0xFF,0xFF,0xFF,0xFF,0xFF,0xFF,0xFF,0xFF,
    0xFF,0xFF,0xFF,0xFF,0xFF,0xFF,0xFF,0xFF,0xFF,0xFF,0xFF,0xFF,0xFF,0xFF,0xFF,0xFF,
    0xFF,0xFF,0xFF,0xFF,0xFF,0xFF,0xFF,0xFF,0xFF,0xFF,0xFF,0xFF,0xFF,0xFF,0xFF,0xFF,
    0xFF,0xFF,0xFF,0xFF,0xFF,0xFF,0xFF,0xFF,0xFF,0xFF,0xFF,0xFF,0xFF,0xFF,0xFF,0xFF,
    0xFF,0xFF,0xFF,0xFF,0xFF,0xFF,0xFF,0xFF,0xFF,0xFF,0xFF,0xFF,0xFF,0xFF,0xFF,0xFF,
    0xFF,0xFF,0xFF,0xFF,0xFF,0xFF,0xFF,0xFF,0xFF,0xFF,0xFF,0xFF,0xFF,0xB7,0x53,0x00,
    0x00,0x00,0x00,0x00,0x00,0x00,0x00,0x00,0x00,0x00,0x00,0x00,0x00,0x00,0x00,0x00,
    0x00,0x00,0x00,0x00,0x00,0x00,0x00,0x00,0x00,0x00,0x00,0x00,0x00,0x00,0x00,0x00,
    0x00,0x00,0x00,0x00,0x00,0x00,0x00,0x00,0x00,0x00,0x00,0x00,0x00,0x00,0x00,0x00,
    0x00,0x00,0x00,0x00,0x00,0x00,0x00,0x00,0x00,0x00,0x00,0x00,0x00,0x00,0x00,0x00,
    0x00,0x00,0x00,0x00,0x00,0x00,0x00,0x00,0x00,0x00,0x00,0x00,0x00,0x00,0x00,0x00,
    0x00,0x00,0x00,0x00,0x00,0x00,0x00,0x00,0x00,0x00,0x00,0x00,0x00,0x00,0x00,0x10,
    0x76,0xDC,0xFF,0xFF,0xFF,0xFF,0xFF,0xFF,0xFF,0xFF,0xFF,0xFF,0xFF,0xFF,0xFF,0xFF,
    0xFF,0xFF,0xFF,0xFF,0xFF,0xFF,0xFF,0xFF,0xFF,0xFF,0xFF,0xFF,0xFF,0xFF,0xFF,0xFF,
    0xFF,0xFF,0xFF,0xFF,0xFF,0xFF,0xFF,0xFF,0xFF,0xFF,0xFF,0xFF,0xFF,0xFF,0xFF,0xFF,
    0xFF,0xFF,0xFF,0xFF,0xFF,0xFF,0xFF,0xFF,0xFF,0xFF,0xFF,0xFF,0xFF,0xFF,0xFF,0xFF,
    0xFF,0xFF,0xFF,0xFF,0xFF,0xFF,0xFF,0xFF,0xFF,0xFF,0xFF,0xFF,0xFF,0xFF,0xFF,0xFF,
    0xFF,0xFF,0xFF,0xFF,0xFF,0xFF,0xFF,0xFF,0xFF,0xFF,0xFF,0xFF,0xFF,0xFF,0xFF,0xFF,
    0xFF,0xFF,0xFF,0xFF,0xFF,0xFF,0xFF,0xFF,0xFF,0xFF,0xFF,0xFF,0xFF,0xFF,0xFF,0xFF,
    0xFF,0xFF,0xFF,0xFF,0xFF,0xFF,0xFF,0xFF,0xFF,0xFF,0xFF,0xFF,0xFF,0xFF,0xFF,0xFF,
    0xFF,0xFF,0xFF,0xFF,0xFF,0xFF,0xFF,0xFF,0xFF,0xFF,0xFF,0xFF,0xFF,0xFF,0xDC,0x76,
    0x10,0x00,0x00,0x00,0x00,0x00,0x00,0x00,0x00,0x00,0x00,0x00,0x00,0x00,0x00,0x00,
    0x00,0x00,0x00,0x00,0x00,0x00,0x00,0x00,0x00,0x00,0x00,0x00,0x00,0x00,0x00,0x00,
    0x00,0x00,0x00,0x00,0x00,0x00,0x00,0x00,0x00,0x00,0x00,0x00,0x00,0x00,0x00,0x00,
    0x00,0x00,0x00,0x00,0x00,0x00,0x00,0x00,0x00,0x00,0x00,0x00,0x00,0x00,0x00,0x00,
    0x00,0x00,0x00,0x00,0x00,0x00,0x00,0x00,0x00,0x00,0x00,0x00,0x00,0x00,0x00,0x00,
    0x00,0x00,0x00,0x00,0x00,0x00,0x00,0x00,0x00,0x00,0x00,0x00,0x00,0x00,0x2F,0x97,
    0xFE,0xFF,0xFF,0xFF,0xFF,0xFF,0xFF,0xFF,0xFF,0xFF,0xFF,0xFF,0xFF,0xFF,0xFF,0xFF,
    0xFF,0xFF,0xFF,0xFF,0xFF,0xFF,0xFF,0xFF,0xFF,0xFF,0xFF,0xFF,0xFF,0xFF,0xFF,0xFF,
    0xFF,0xFF,0xFF,0xFF,0xFF,0xFF,0xFF,0xFF,0xFF,0xFF,0xFF,0xFF,0xFF,0xFF,0xFF,0xFF,
    0xFF,0xFF,0xFF,0xFF,0xFF,0xFF,0xFF,0xFF,0xFF,0xFF,0xFF,0xFF,0xFF,0xFF,0xFF,0xFF,
    0xFF,0xFF,0xFF,0xFF,0xFF,0xFF,0xFF,0xFF,0xFF,0xFF,0xFF,0xFF,0xFF,0xFF,0xFF,0xFF,
    0xFF,0xFF,0xFF,0xFF,0xFF,0xFF,0xFF,0xFF,0xFF,0xFF,0xFF,0xFF,0xFF,0xFF,0xFF,0xFF,
    0xFF,0xFF,0xFF,0xFF,0xFF,0xFF,0xFF,0xFF,0xFF,0xFF,0xFF,0xFF,0xFF,0xFF,0xFF,0xFF,
    0xFF,0xFF,0xFF,0xFF,0xFF,0xFF,0xFF,0xFF,0xFF,0xFF,0xFF,0xFF,0xFF,0xFF,0xFF,0xFF,
    0xFF,0xFF,0xFF,0xFF,0xFF,0xFF,0xFF,0xFF,0xFF,0xFF,0xFF,0xFF,0xFF,0xFF,0xFF,0xFE,
    0x97,0x2F,0x00,0x00,0x00,0x00,0x00,0x00,0x00,0x00,0x00,0x00,0x00,0x00,0x00,0x00,
    0x00,0x00,0x00,0x00,0x00,0x00,0x00,0x00,0x00,0x00,0x00,0x00,0x00,0x00,0x00,0x00,
    0x00,0x00,0x00,0x00,0x00,0x00,0x00,0x00,0x00,0x00,0x00,0x00,0x00,0x00,0x00,0x00,
    0x00,0x00,0x00,0x00,0x00,0x00,0x00,0x00,0x00,0x00,0x00,0x00,0x00,0x00,0x00,0x00,
    0x00,0x00,0x00,0x00,0x00,0x00,0x00,0x00,0x00,0x00,0x00,0x00,0x00,0x00,0x00,0x00,
    0x00,0x00,0x00,0x00,0x00,0x00,0x00,0x00,0x00,0x00,0x00,0x00,0x00,0x4C,0xB5,0xFF,
    0xFF,0xFF,0xFF,0xFF,0xFF,0xFF,0xFF,0xFF,0xFF,0xFF,0xFF,0xFF,0xFF,0xFF,0xFF,0xFF,
    0xFF,0xFF,0xFF,0xFF,0xFF,0xFF,0xFF,0xFF,0xFF,0xFF,0xFF,0xFF,0xFF,0xFF,0xFF,0xFF,
    0xFF,0xFF,0xFF,0xFF,0xFF,0xFF,0xFF,0xFF,0xFF,0xFF,0xFF,0xFF,0xFF,0xFF,0xFF,0xFF,
    0xFF,0xFF,0xFF,0xFF,0xFF,0xFF,0xFF,0xFF,0xFF,0xFF,0xFF,0xFF,0xFF,0xFF,0xFF,0xFF,
    0xFF,0xFF,0xFF,0xFF,0xFF,0xFF,0xFF,0xFF,0xFF,0xFF,0xFF,0xFF,0xFF,0xFF,0xFF,0xFF,
    0xFF,0xFF,0xFF,0xFF,0xFF,0xFF,0xFF,0xFF,0xFF,0xFF,0xFF,0xFF,0xFF,0xFF,0xFF,0xFF,
    0xFF,0xFF,0xFF,0xFF,0xFF,0xFF,0xFF,0xFF,0xFF,0xFF,0xFF,0xFF,0xFF,0xFF,0xFF,0xFF,
    0xFF,0xFF,0xFF,0xFF,0xFF,0xFF,0xFF,0xFF,0xFF,0xFF,0xFF,0xFF,0xFF,0xFF,0xFF,0xFF,
    0xFF,0xFF,0xFF,0xFF,0xFF,0xFF,0xFF,0xFF,0xFF,0xFF,0xFF,0xFF,0xFF,0xFF,0xFF,0xFF,
    0xFF,0xB5,0x4C,0x00,0x00,0x00,0x00,0x00,0x00,0x00,0x00,0x00,0x00,0x00,0x00,0x00,
    0x00,0x00,0x00,0x00,0x00,0x00,0x00,0x00,0x00,0x00,0x00,0x00,0x00,0x00,0x00,0x00,
    0x00,0x00,0x00,0x00,0x00,0x00,0x00,0x00,0x00,0x00,0x00,0x00,0x00,0x00,0x00,0x00,
    0x00,0x00,0x00,0x00,0x00,0x00,0x00,0x00,0x00,0x00,0x00,0x00,0x00,0x00,0x00,0x00,
    0x00,0x00,0x00,0x00,0x00,0x00,0x00,0x00,0x00,0x00,0x00,0x00,0x00,0x00,0x00,0x00,
    0x00,0x00,0x00,0x00,0x00,0x00,0x00,0x00,0x00,0x00,0x00,0x00,0x65,0xD0,0xFF,0xFF,
    0xFF,0xFF,0xFF,0xFF,0xFF,0xFF,0xFF,0xFF,0xFF,0xFF,0xFF,0xFF,0xFF,0xFF,0xFF,0xFF,
    0xFF,0xFF,0xFF,0xFF,0xFF,0xFF,0xFF,0xFF,0xFF,0xFF,0xFF,0xFF,0xFF,0xFF,0xFF,0xFF,
    0xFF,0xFF,0xFF,0xFF,0xFF,0xFF,0xFF,0xFF,0xFF,0xFF,0xFF,0xFF,0xFF,0xFF,0xFF,0xFF,
    0xFF,0xFF,0xFF,0xFF,0xFF,0xFF,0xFF,0xFF,0xFF,0xFF,0xFF,0xFF,0xFF,0xFF,0xFF,0xFF,
    0xFF,0xFF,0xFF,0xFF,0xFF,0xFF,0xFF,0xFF,0xFF,0xFF,0xFF,0xFF,0xFF,0xFF,0xFF,0xFF,
    0xFF,0xFF,0xFF,0xFF,0xFF,0xFF,0xFF,0xFF,0xFF,0xFF,0xFF,0xFF,0xFF,0xFF,0xFF,0xFF,
    0xFF,0xFF,0xFF,0xFF,0xFF,0xFF,0xFF,0xFF,0xFF,0xFF,0xFF,0xFF,0xFF,0xFF,0xFF,0xFF,
    0xFF,0xFF,0xFF,0xFF,0xFF,0xFF,0xFF,0xFF,0xFF,0xFF,0xFF,0xFF,0xFF,0xFF,0xFF,0xFF,
    0xFF,0xFF,0xFF,0xFF,0xFF,0xFF,0xFF,0xFF,0xFF,0xFF,0xFF,0xFF,0xFF,0xFF,0xFF,0xFF,
    0xFF,0xFF,0xD0,0x65,0x00,0x00,0x00,0x00,0x00,0x00,0x00,0x00,0x00,0x00,0x00,0x00,
    0x00,0x00,0x00,0x00,0x00,0x00,0x00,0x00,0x00,0x00,0x00,0x00,0x00,0x00,0x00,0x00,
    0x00,0x00,0x00,0x00,0x00,0x00,0x00,0x00,0x00,0x00,0x00,0x00,0x00,0x00,0x00,0x00,
    0x00,0x00,0x00,0x00,0x00,0x00,0x00,0x00,0x00,0x00,0x00,0x00,0x00,0x00,0x00,0x00,
    0x00,0x00,0x00,0x00,0x00,0x00,0x00,0x00,0x00,0x00,0x00,0x00,0x00,0x00,0x00,0x00,
    0x00,0x00,0x00,0x00,0x00,0x00,0x00,0x00,0x00,0x00,0x0F,0x7C,0xE9,0xFF,0xFF,0xFF,
    0xFF,0xFF,0xFF,0xFF,0xFF,0xFF,0xFF,0xFF,0xFF,0xFF,0xFF,0xFF,0xFF,0xFF,0xFF,0xFF,
    0xFF,0xFF,0xFF,0xFF,0xFF,0xFF,0xFF,0xFF,0xFF,0xFF,0xFF,0xFF,0xFF,0xFF,0xFF,0xFF,
    0xFF,0xFF,0xFF,0xFF,0xFF,0xFF,0xFF,0xFF,0xFF,0xFF,0xFF,0xFF,0xFF,0xFF,0xFF,0xFF,
    0xFF,0xFF,0xFF,0xFF,0xFF,0xFF,0xFF,0xFF,0xFF,0xFF,0xFF,0xFF,0xFF,0xFF,0xFF,0xFF,
    0xFF,0xFF,0xFF,0xFF,0xFF,0xFF,0xFF,0xFF,0xFF,0xFF,0xFF,0xFF,0xFF,0xFF,0xFF,0xFF,
    0xFF,0xFF,0xFF,0xFF,0xFF,0xFF,0xFF,0xFF,0xFF,0xFF,0xFF,0xFF,0xFF,0xFF,0xFF,0xFF,
    0xFF,0xFF,0xFF,0xFF,0xFF,0xFF,0xFF,0xFF,0xFF,0xFF,0xFF,0xFF,0xFF,0xFF,0xFF,0xFF,
    0xFF,0xFF,0xFF,0xFF,0xFF,0xFF,0xFF,0xFF,0xFF,0xFF,0xFF,0xFF,0xFF,0xFF,0xFF,0xFF,
    0xFF,0xFF,0xFF,0xFF,0xFF,0xFF,0xFF,0xFF,0xFF,0xFF,0xFF,0xFF,0xFF,0xFF,0xFF,0xFF,
    0xFF,0xFF,0xFF,0xE9,0x7C,0x0F,0x00,0x00,0x00,0x00,0x00,0x00,0x00,0x00,0x00,0x00,
    0x00,0x00,0x00,0x00,0x00,0x00,0x00,0x00,0x00,0x00,0x00,0x00,0x00,0x00,0x00,0x00,
    0x00,0x00,0x00,0x00,0x00,0x00,0x00,0x00,0x00,0x00,0x00,0x00,0x00,0x00,0x00,0x00,
    0x00,0x00,0x00,0x00,0x00,0x00,0x00,0x00,0x00,0x00,0x00,0x00,0x00,0x00,0x00,0x00,
    0x00,0x00,0x00,0x00,0x00,0x00,0x00,0x00,0x00,0x00,0x00,0x00,0x00,0x00,0x00,0x00,
    0x00,0x00,0x00,0x00,0x00,0x00,0x00,0x00,0x00,0x21,0x90,0xFE,0xFF,0xFF,0xFF,0xFF,
    0xFF,0xFF,0xFF,0xFF,0xFF,0xFF,0xFF,0xFF,0xFF,0xFF,0xFF,0xFF,0xFF,0xFF,0xFF,0xFF,
    0xFF,0xFF,0xFF,0xFF,0xFF,0xFF,0xFF,0xFF,0xFF,0xFF,0xFF,0xFF,0xFF,0xFF,0xFF,0xFF,
    0xFF,0xFF,0xFF,0xFF,0xFF,0xFF,0xFF,0xFF,0xFF,0xFF,0xFF,0xFF,0xFF,0xFF,0xFF,0xFF,
    0xFF,0xFF,0xFF,0xFF,0xFF,0xFF,0xFF,0xFF,0xFF,0xFF,0xFF,0xFF,0xFF,0xFF,0xFF,0xFF,
    0xFF,0xFF,0xFF,0xFF,0xFF,0xFF,0xFF,0xFF,0xFF,0xFF,0xFF,0xFF,0xFF,0xFF,0xFF,0xFF,
    0xFF,0xFF,0xFF,0xFF,0xFF,0xFF,0xFF,0xFF,0xFF,0xFF,0xFF,0xFF,0xFF,0xFF,0xFF,0xFF,
    0xFF,0xFF,0xFF,0xFF,0xFF,0xFF,0xFF,0xFF,0xFF,0xFF,0xFF,0xFF,0xFF,0xFF,0xFF,0xFF,
    0xFF,0xFF,0xFF,0xFF,0xFF,0xFF,0xFF,0xFF,0xFF,0xFF,0xFF,0xFF,0xFF,0xFF,0xFF,0xFF,
    0xFF,0xFF,0xFF,0xFF,0xFF,0xFF,0xFF,0xFF,0xFF,0xFF,0xFF,0xFF,0xFF,0xFF,0xFF,0xFF,
    0xFF,0xFF,0xFF,0xFF,0xFE,0x90,0x21,0x00,0x00,0x00,0x00,0x00,0x00,0x00,0x00,0x00,
    0x00,0x00,0x00,0x00,0x00,0x00,0x00,0x00,0x00,0x00,0x00,0x00,0x00,0x00,0x00,0x00,
    0x00,0x00,0x00,0x00,0x00,0x00,0x00,0x00,0x00,0x00,0x00,0x00,0x00,0x00,0x00,0x00,
    0x00,0x00,0x00,0x00,0x00,0x00,0x00,0x00,0x00,0x00,0x00,0x00,0x00,0x00,0x00,0x00,
    0x00,0x00,0x00,0x00,0x00,0x00,0x00,0x00,0x00,0x00,0x00,0x00,0x00,0x00,0x00,0x00,
    0x00,0x00,0x00,0x00,0x00,0x00,0x00,0x00,0x31,0xA1,0xFF,0xFF,0xFF,0xFF,0xFF,0xFF,
    0xFF,0xFF,0xFF,0xFF,0xFF,0xFF,0xFF,0xFF,0xFF,0xFF,0xFF,0xFF,0xFF,0xFF,0xFF,0xFF,
    0xFF,0xFF,0xFF,0xFF,0xFF,0xFF,0xFF,0xFF,0xFF,0xFF,0xFF,0xFF,0xFF,0xFF,0xFF,0xFF,
    0xFF,0xFF,0xFF,0xFF,0xFF,0xFF,0xFF,0xFF,0xFF,0xFF,0xFF,0xFF,0xFF,0xFF,0xFF,0xFF,
    0xFF,0xFF,0xFF,0xFF,0xFF,0xFF,0xFF,0xFF,0xFF,0xFF,0xFF,0xFF,0xFF,0xFF,0xFF,0xFF,
    0xFF,0xFF,0xFF,0xFF,0xFF,0xFF,0xFF,0xFF,0xFF,0xFF,0xFF,0xFF,0xFF,0xFF,0xFF,0xFF,
    0xFF,0xFF,0xFF,0xFF,0xFF,0xFF,0xFF,0xFF,0xFF,0xFF,0xFF,0xFF,0xFF,0xFF,0xFF,0xFF,
    0xFF,0xFF,0xFF,0xFF,0xFF,0xFF,0xFF,0xFF,0xFF,0xFF,0xFF,0xFF,0xFF,0xFF,0xFF,0xFF,
    0xFF,0xFF,0xFF,0xFF,0xFF,0xFF,0xFF,0xFF,0xFF,0xFF,0xFF,0xFF,0xFF,0xFF,0xFF,0xFF,
    0xFF,0xFF,0xFF,0xFF,0xFF,0xFF,0xFF,0xFF,0xFF,0xFF,0xFF,0xFF,0xFF,0xFF,0xFF,0xFF,
    0xFF,0xFF,0xFF,0xFF,0xFF,0xFF,0xA1,0x31,0x00,0x00,0x00,0x00,0x00,0x00,0x00,0x00,
    0x00,0x00,0x00,0x00,0x00,0x00,0x00,0x00,0x00,0x00,0x00,0x00,0x00,0x00,0x00,0x00,
    0x00,0x00,0x00,0x00,0x00,0x00,0x00,0x00,0x00,0x00,0x00,0x00,0x00,0x00,0x00,0x00,
    0x00,0x00,0x00,0x00,0x00,0x00,0x00,0x00,0x00,0x00,0x00,0x00,0x00,0x00,0x00,0x00,
    0x00,0x00,0x00,0x00,0x00,0x00,0x00,0x00,0x00,0x00,0x00,0x00,0x00,0x00,0x00,0x00,
    0x00,0x00,0x00,0x00,0x00,0x00,0x00,0x3E,0xB0,0xFF,0xFF,0xFF,0xFF,0xFF,0xFF,0xFF,
    0xFF,0xFF,0xFF,0xFF,0xFF,0xFF,0xFF,0xFF,0xFF,0xFF,0xFF,0xFF,0xFF,0xFF,0xFF,0xFF,
    0xFF,0xFF,0xFF,0xFF,0xFF,0xFF,0xFF,0xFF,0xFF,0xFF,0xFF,0xFF,0xFF,0xFF,0xFF,0xFF,
    0xFF,0xFF,0xFF,0xFF,0xFF,0xFF,0xFF,0xFF,0xFF,0xFF,0xFF,0xFF,0xFF,0xFF,0xFF,0xFF,
    0xFF,0xFF,0xFF,0xFF,0xFF,0xFF,0xFF,0xFF,0xFF,0xFF,0xFF,0xFF,0xFF,0xFF,0xFF,0xFF,
    0xFF,0xFF,0xFF,0xFF,0xFF,0xFF,0xFF,0xFF,0xFF,0xFF,0xFF,0xFF,0xFF,0xFF,0xFF,0xFF,
    0xFF,0xFF,0xFF,0xFF,0xFF,0xFF,0xFF,0xFF,0xFF,0xFF,0xFF,0xFF,0xFF,0xFF,0xFF,0xFF,
    0xFF,0xFF,0xFF,0xFF,0xFF,0xFF,0xFF,0xFF,0xFF,0xFF,0xFF,0xFF,0xFF,0xFF,0xFF,0xFF,
    0xFF,0xFF,0xFF,0xFF,0xFF,0xFF,0xFF,0xFF,0xFF,0xFF,0xFF,0xFF,0xFF,0xFF,0xFF,0xFF,
    0xFF,0xFF,0xFF,0xFF,0xFF,0xFF,0xFF,0xFF,0xFF,0xFF,0xFF,0xFF,0xFF,0xFF,0xFF,0xFF,
    0xFF,0xFF,0xFF,0xFF,0xFF,0xFF,0xFF,0xB0,0x3E,0x00,0x00,0x00,0x00,0x00,0x00,0x00,
    0x00,0x00,0x00,0x00,0x00,0x00,0x00,0x00,0x00,0x00,0x00,0x00,0x00,0x00,0x00,0x00,
    0x00,0x00,0x00,0x00,0x00,0x00,0x00,0x00,0x00,0x00,0x00,0x00,0x00,0x00,0x00,0x00,
    0x00,0x00,0x00,0x00,0x00,0x00,0x00,0x00,0x00,0x00,0x00,0x00,0x00,0x00,0x00,0x00,
    0x00,0x00,0x00,0x00,0x00,0x00,0x00,0x00,0x00,0x00,0x00,0x00,0x00,0x00,0x00,0x00,
    0x00,0x00,0x00,0x00,0x00,0x00,0x48,0xBB,0xFF,0xFF,0xFF,0xFF,0xFF,0xFF,0xFF,0xFF,
    0xFF,0xFF,0xFF,0xFF,0xFF,0xFF,0xFF,0xFF,0xFF,0xFF,0xFF,0xFF,0xFF,0xFF,0xFF,0xFF,
    0xFF,0xFF,0xFF,0xFF,0xFF,0xFF,0xFF,0xFF,0xFF,0xFF,0xFF,0xFF,0xFF,0xFF,0xFF,0xFF,
    0xFF,0xFF,0xFF,0xFF,0xFF,0xFF,0xFF,0xFF,0xFF,0xFF,0xFF,0xFF,0xFF,0xFF,0xFF,0xFF,
    0xFF,0xFF,0xFF,0xFF,0xFF,0xFF,0xFF,0xFF,0xFF,0xFF,0xFF,0xFF,0xFF,0xFF,0xFF,0xFF,
    0xFF,0xFF,0xFF,0xFF,0xFF,0xFF,0xFF,0xFF,0xFF,0xFF,0xFF,0xFF,0xFF,0xFF,0xFF,0xFF,
    0xFF,0xFF,0xFF,0xFF,0xFF,0xFF,0xFF,0xFF,0xFF,0xFF,0xFF,0xFF,0xFF,0xFF,0xFF,0xFF,
    0xFF,0xFF,0xFF,0xFF,0xFF,0xFF,0xFF,0xFF,0xFF,0xFF,0xFF,0xFF,0xFF,0xFF,0xFF,0xFF,
    0xFF,0xFF,0xFF,0xFF,0xFF,0xFF,0xFF,0xFF,0xFF,0xFF,0xFF,0xFF,0xFF,0xFF,0xFF,0xFF,
    0xFF,0xFF,0xFF,0xFF,0xFF,0xFF,0xFF,0xFF,0xFF,0xFF,0xFF,0xFF,0xFF,0xFF,0xFF,0xFF,
    0xFF,0xFF,0xFF,0xFF,0xFF,0xFF,0xFF,0xFF,0xBB,0x48,0x00,0x00,0x00,0x00,0x00,0x00,
    0x00,0x00,0x00,0x00,0x00,0x00,0x00,0x00,0x00,0x00,0x00,0x00,0x00,0x00,0x00,0x00,
    0x00,0x00,0x00,0x00,0x00,0x00,0x00,0x00,0x00,0x00,0x00,0x00,0x00,0x00,0x00,0x00,
    0x00,0x00,0x00,0x00,0x00,0x00,0x00,0x00,0x00,0x00,0x00,0x00,0x00,0x00,0x00,0x00,
    0x00,0x00,0x00,0x00,0x00,0x00,0x00,0x00,0x00,0x00,0x00,0x00,0x00,0x00,0x00,0x00,
    0x00,0x00,0x00,0x00,0x00,0x4F,0xC4,0xFF,0xFF,0xFF,0xFF,0xFF,0xFF,0xFF,0xFF,0xFF,
    0xFF,0xFF,0xFF,0xFF,0xFF,0xFF,0xFF,0xFF,0xFF,0xFF,0xFF,0xFF,0xFF,0xFF,0xFF,0xFF,
    0xFF,0xFF,0xFF,0xFF,0xFF,0xFF,0xFF,0xFF,0xFF,0xFF,0xFF,0xFF,0xFF,0xFF,0xFF,0xFF,
    0xFF,0xFF,0xFF,0xFF,0xFF,0xFF,0xFF,0xFF,0xFF,0xFF,0xFF,0xFF,0xFF,0xFF,0xFF,0xFF,
    0xFF,0xFF,0xFF,0xFF,0xFF,0xFF,0xFF,0xFF,0xFF,0xFF,0xFF,0xFF,0xFF,0xFF,0xFF,0xFF,
    0xFF,0xFF,0xFF,0xFF,0xFF,0xFF,0xFF,0xFF,0xFF,0xFF,0xFF,0xFF,0xFF,0xFF,0xFF,0xFF,
    0xFF,0xFF,0xFF,0xFF,0xFF,0xFF,0xFF,0xFF,0xFF,0xFF,0xFF,0xFF,0xFF,0xFF,0xFF,0xFF,
    0xFF,0xFF,0xFF,0xFF,0xFF,0xFF,0xFF,0xFF,0xFF,0xFF,0xFF,0xFF,0xFF,0xFF,0xFF,0xFF,
    0xFF,0xFF,0xFF,0xFF,0xFF,0xFF,0xFF,0xFF,0xFF,0xFF,0xFF,0xFF,0xFF,0xFF,0xFF,0xFF,
    0xFF,0xFF,0xFF,0xFF,0xFF,0xFF,0xFF,0xFF,0xFF,0xFF,0xFF,0xFF,0xFF,0xFF,0xFF,0xFF,
    0xFF,0xFF,0xFF,0xFF,0xFF,0xFF,0xFF,0xFF,0xFF,0xC4,0x4F,0x00,0x00,0x00,0x00,0x00,
    0x00,0x00,0x00,0x00,0x00,0x00,0x00,0x00,0x00,0x00,0x00,0x00,0x00,0x00,0x00,0x00,
    0x00,0x00,0x00,0x00,0x00,0x00,0x00,0x00,0x00,0x00,0x00,0x00,0x00,0x00,0x00,0x00,
    0x00,0x00,0x00,0x00,0x00,0x00,0x00,0x00,0x00,0x00,0x00,0x00,0x00,0x00,0x00,0x00,
    0x00,0x00,0x00,0x00,0x00,0x00,0x00,0x00,0x00,0x00,0x00,0x00,0x00,0x00,0x00,0x00,
    0x00,0x00,0x00,0x00,0x53,0xC9,0xFF,0xFF,0xFF,0xFF,0xFF,0xFF,0xFF,0xFF,0xFF,0xFF,
    0xFF,0xFF,0xFF,0xFF,0xFF,0xFF,0xFF,0xFF,0xFF,0xFF,0xFF,0xFF,0xFF,0xFF,0xFF,0xFF,
    0xFF,0xFF,0xFF,0xFF,0xFF,0xFF,0xFF,0xFF,0xFF,0xFF,0xFF,0xFF,0xFF,0xFF,0xFF,0xFF,
    0xFF,0xFF,0xFF,0xFF,0xFF,0xFF,0xFF,0xFF,0xFF,0xFF,0xFF,0xFF,0xFF,0xFF,0xFF,0xFF,
    0xFF,0xFF,0xFF,0xFF,0xFF,0xFF,0xFF,0xFF,0xFF,0xFF,0xFF,0xFF,0xFF,0xFF,0xFF,0xFF,
    0xFF,0xFF,0xFF,0xFF,0xFF,0xFF,0xFF,0xFF,0xFF,0xFF,0xFF,0xFF,0xFF,0xFF,0xFF,0xFF,
    0xFF,0xFF,0xFF,0xFF,0xFF,0xFF,0xFF,0xFF,0xFF,0xFF,0xFF,0xFF,0xFF,0xFF,0xFF,0xFF,
    0xFF,0xFF,0xFF,0xFF,0xFF,0xFF,0xFF,0xFF,0xFF,0xFF,0xFF,0xFF,0xFF,0xFF,0xFF,0xFF,
    0xFF,0xFF,0xFF,0xFF,0xFF,0xFF,0xFF,0xFF,0xFF,0xFF,0xFF,0xFF,0xFF,0xFF,0xFF,0xFF,
    0xFF,0xFF,0xFF,0xFF,0xFF,0xFF,0xFF,0xFF,0xFF,0xFF,0xFF,0xFF,0xFF,0xFF,0xFF,0xFF,
    0xFF,0xFF,0xFF,0xFF,0xFF,0xFF,0xFF,0xFF,0xFF,0xFF,0xC9,0x53,0x00,0x00,0x00,0x00,
    0x00,0x00,0x00,0x00,0x00,0x00,0x00,0x00,0x00,0x00,0x00,0x00,0x00,0x00,0x00,0x00,
    0x00,0x00,0x00,0x00,0x00,0x00,0x00,0x00,0x00,0x00,0x00,0x00,0x00,0x00,0x00,0x00,
    0x00,0x00,0x00,0x00,0x00,0x00,0x00,0x00,0x00,0x00,0x00,0x00,0x00,0x00,0x00,0x00,
    0x00,0x00,0x00,0x00,0x00,0x00,0x00,0x00,0x00,0x00,0x00,0x00,0x00,0x00,0x00,0x00,
    0x00,0x00,0x00,0x54,0xCC,0xFF,0xFF,0xFF,0xFF,0xFF,0xFF,0xFF,0xFF,0xFF,0xFF,0xFF,
    0xFF,0xFF,0xFF,0xFF,0xFF,0xFF,0xFF,0xFF,0xFF,0xFF,0xFF,0xFF,0xFF,0xFF,0xFF,0xFF,
    0xFF,0xFF,0xFF,0xFF,0xFF,0xFF,0xFF,0xFF,0xFF,0xFF,0xFF,0xFF,0xFF,0xFF,0xFF,0xFF,
    0xFF,0xFF,0xFF,0xFF,0xFF,0xFF,0xFF,0xFF,0xFF,0xFF,0xFF,0xFF,0xFF,0xFF,0xFF,0xFF,
    0xFF,0xFF,0xFF,0xFF,0xFF,0xFF,0xFF,0xFF,0xFF,0xFF,0xFF,0xFF,0xFF,0xFF,0xFF,0xFF,
    0xFF,0xFF,0xFF,0xFF,0xFF,0xFF,0xFF,0xFF,0xFF,0xFF,0xFF,0xFF,0xFF,0xFF,0xFF,0xFF,
    0xFF,0xFF,0xFF,0xFF,0xFF,0xFF,0xFF,0xFF,0xFF,0xFF,0xFF,0xFF,0xFF,0xFF,0xFF,0xFF,
    0xFF,0xFF,0xFF,0xFF,0xFF,0xFF,0xFF,0xFF,0xFF,0xFF,0xFF,0xFF,0xFF,0xFF,0xFF,0xFF,
    0xFF,0xFF,0xFF,0xFF,0xFF,0xFF,0xFF,0xFF,0xFF,0xFF,0xFF,0xFF,0xFF,0xFF,0xFF,0xFF,
    0xFF,0xFF,0xFF,0xFF,0xFF,0xFF,0xFF,0xFF,0xFF,0xFF,0xFF,0xFF,0xFF,0xFF,0xFF,0xFF,
    0xFF,0xFF,0xFF,0xFF,0xFF,0xFF,0xFF,0xFF,0xFF,0xFF,0xFF,0xCC,0x54,0x00,0x00,0x00,
    0x00,0x00,0x00,0x00,0x00,0x00,0x00,0x00,0x00,0x00,0x00,0x00,0x00,0x00,0x00,0x00,
    0x00,0x00,0x00,0x00,0x00,0x00,0x00,0x00,0x00,0x00,0x00,0x00,0x00,0x00,0x00,0x00,
    0x00,0x00,0x00,0x00,0x00,0x00,0x00,0x00,0x00,0x00,0x00,0x00,0x00,0x00,0x00,0x00,
    0x00,0x00,0x00,0x00,0x00,0x00,0x00,0x00,0x00,0x00,0x00,0x00,0x00,0x00,0x00,0x00,
    0x00,0x00,0x53,0xCC,0xFF,0xFF,0xFF,0xFF,0xFF,0xFF,0xFF,0xFF,0xFF,0xFF,0xFF,0xFF,
    0xFF,0xFF,0xFF,0xFF,0xFF,0xFF,0xFF,0xFF,0xFF,0xFF,0xFF,0xFF,0xFF,0xFF,0xFF,0xFF,
    0xFF,0xFF,0xFF,0xFF,0xFF,0xFF,0xFF,0xFF,0xFF,0xFF,0xFF,0xFF,0xFF,0xFF,0xFF,0xFF,
    0xFF,0xFF,0xFF,0xFF,0xFF,0xFF,0xFF,0xFF,0xFF,0xFF,0xFF,0xFF,0xFF,0xFF,0xFF,0xFF,
    0xFF,0xFF,0xFF,0xFF,0xFF,0xFF,0xFF,0xFF,0xFF,0xFF,0xFF,0xFF,0xFF,0xFF,0xFF,0xFF,
    0xFF,0xFF,0xFF,0xFF,0xFF,0xFF,0xFF,0xFF,0xFF,0xFF,0xFF,0xFF,0xFF,0xFF,0xFF,0xFF,
    0xFF,0xFF,0xFF,0xFF,0xFF,0xFF,0xFF,0xFF,0xFF,0xFF,0xFF,0xFF,0xFF,0xFF,0xFF,0xFF,
    0xFF,0xFF,0xFF,0xFF,0xFF,0xFF,0xFF,0xFF,0xFF,0xFF,0xFF,0xFF,0xFF,0xFF,0xFF,0xFF,
    0xFF,0xFF,0xFF,0xFF,0xFF,0xFF,0xFF,0xFF,0xFF,0xFF,0xFF,0xFF,0xFF,0xFF,0xFF,0xFF,
    0xFF,0xFF,0xFF,0xFF,0xFF,0xFF,0xFF,0xFF,0xFF,0xFF,0xFF,0xFF,0xFF,0xFF,0xFF,0xFF,
    0xFF,0xFF,0xFF,0xFF,0xFF,0xFF,0xFF,0xFF,0xFF,0xFF,0xFF,0xFF,0xCC,0x53,0x00,0x00,
    0x00,0x00,0x00,0x00,0x00,0x00,0x00,0x00,0x00,0x00,0x00,0x00,0x00,0x00,0x00,0x00,
    0x00,0x00,0x00,0x00,0x00,0x00,0x00,0x00,0x00,0x00,0x00,0x00,0x00,0x00,0x00,0x00,
    0x00,0x00,0x00,0x00,0x00,0x00,0x00,0x00,0x00,0x00,0x00,0x00,0x00,0x00,0x00,0x00,
    0x00,0x00,0x00,0x00,0x00,0x00,0x00,0x00,0x00,0x00,0x00,0x00,0x00,0x00,0x00,0x00,
    0x00,0x4F,0xC9,0xFF,0xFF,0xFF,0xFF,0xFF,0xFF,0xFF,0xFF,0xFF,0xFF,0xFF,0xFF,0xFF,
    0xFF,0xFF,0xFF,0xFF,0xFF,0xFF,0xFF,0xFF,0xFF,0xFF,0xFF,0xFF,0xFF,0xFF,0xFF,0xFF,
    0xFF,0xFF,0xFF,0xFF,0xFF,0xFF,0xFF,0xFF,0xFF,0xFF,0xFF,0xFF,0xFF,0xFF,0xFF,0xFF,
    0xFF,0xFF,0xFF,0xFF,0xFF,0xFF,0xFF,0xFF,0xFF,0xFF,0xFF,0xFF,0xFF,0xFF,0xFF,0xFF,
    0xFF,0xFF,0xFF,0xFF,0xFF,0xFF,0xFF,0xFF,0xFF,0xFF,0xFF,0xFF,0xFF,0xFF,0xFF,0xFF,
    0xFF,0xFF,0xFF,0xFF,0xFF,0xFF,0xFF,0xFF,0xFF,0xFF,0xFF,0xFF,0xFF,0xFF,0xFF,0xFF,
    0xFF,0xFF,0xFF,0xFF,0xFF,0xFF,0xFF,0xFF,0xFF,0xFF,0xFF,0xFF,0xFF,0xFF,0xFF,0xFF,
    0xFF,0xFF,0xFF,0xFF,0xFF,0xFF,0xFF,0xFF,0xFF,0xFF,0xFF,0xFF,0xFF,0xFF,0xFF,0xFF,
    0xFF,0xFF,0xFF,0xFF,0xFF,0xFF,0xFF,0xFF,0xFF,0xFF,0xFF,0xFF,0xFF,0xFF,0xFF,0xFF,
    0xFF,0xFF,0xFF,0xFF,0xFF,0xFF,0xFF,0xFF,0xFF,0xFF,0xFF,0xFF,0xFF,0xFF,0xFF,0xFF,
    0xFF,0xFF,0xFF,0xFF,0xFF,0xFF,0xFF,0xFF,0xFF,0xFF,0xFF,0xFF,0xFF,0xC9,0x4F,0x00,
    0x00,0x00,0x00,0x00,0x00,0x00,0x00,0x00,0x00,0x00,0x00,0x00,0x00,0x00,0x00,0x00,
    0x00,0x00,0x00,0x00,0x00,0x00,0x00,0x00,0x00,0x00,0x00,0x00,0x00,0x00,0x00,0x00,
    0x00,0x00,0x00,0x00,0x00,0x00,0x00,0x00,0x00,0x00,0x00,0x00,0x00,0x00,0x00,0x00,
    0x00,0x00,0x00,0x00,0x00,0x00,0x00,0x00,0x00,0x00,0x00,0x00,0x00,0x00,0x00,0x00,
    0x48,0xC4,0xFF,0xFF,0xFF,0xFF,0xFF,0xFF,0xFF,0xFF,0xFF,0xFF,0xFF,0xFF,0xFF,0xFF,
    0xFF,0xFF,0xFF,0xFF,0xFF,0xFF,0xFF,0xFF,0xFF,0xFF,0xFF,0xFF,0xFF,0xFF,0xFF,0xFF,
    0xFF,0xFF,0xFF,0xFF,0xFF,0xFF,0xFF,0xFF,0xFF,0xFF,0xFF,0xFF,0xFF,0xFF,0xFF,0xFF,
    0xFF,0xFF,0xFF,0xFF,0xFF,0xFF,0xFF,0xFF,0xFF,0xFF,0xFF,0xFF,0xFF,0xFF,0xFF,0xFF,
    0xFF,0xFF,0xFF,0xFF,0xFF,0xFF,0xFF,0xFF,0xFF,0xFF,0xFF,0xFF,0xFF,0xFF,0xFF,0xFF,
    0xFF,0xFF,0xFF,0xFF,0xFF,0xFF,0xFF,0xFF,0xFF,0xFF,0xFF,0xFF,0xFF,0xFF,0xFF,0xFF,
    0xFF,0xFF,0xFF,0xFF,0xFF,0xFF,0xFF,0xFF,0xFF,0xFF,0xFF,0xFF,0xFF,0xFF,0xFF,0xFF,
    0xFF,0xFF,0xFF,0xFF,0xFF,0xFF,0xFF,0xFF,0xFF,0xFF,0xFF,0xFF,0xFF,0xFF,0xFF,0xFF,
    0xFF,0xFF,0xFF,0xFF,0xFF,0xFF,0xFF,0xFF,0xFF,0xFF,0xFF,0xFF,0xFF,0xFF,0xFF,0xFF,
    0xFF,0xFF,0xFF,0xFF,0xFF,0xFF,0xFF,0xFF,0xFF,0xFF,0xFF,0xFF,0xFF,0xFF,0xFF,0xFF,
    0xFF,0xFF,0xFF,0xFF,0xFF,0xFF,0xFF,0xFF,0xFF,0xFF,0xFF,0xFF,0xFF,0xFF,0xC4,0x48,
    0x00,0x00,0x00,0x00,0x00,0x00,0x00,0x00,0x00,0x00,0x00,0x00,0x00,0x00,0x00,0x00,
    0x00,0x00,0x00,0x00,0x00,0x00,0x00,0x00,0x00,0x00,0x00,0x00,0x00,0x00,0x00,0x00,
    0x00,0x00,0x00,0x00,0x00,0x00,0x00,0x00,0x00,0x00,0x00,0x00,0x00,0x00,0x00,0x00,
    0x00,0x00,0x00,0x00,0x00,0x00,0x00,0x00,0x00,0x00,0x00,0x00,0x00,0x00,0x00,0x3E,
    0xBB,0xFF,0xFF,0xFF,0xFF,0xFF,0xFF,0xFF,0xFF,0xFF,0xFF,0xFF,0xFF,0xFF,0xFF,0xFF,
    0xFF,0xFF,0xFF,0xFF,0xFF,0xFF,0xFF,0xFF,0xFF,0xFF,0xFF,0xFF,0xFF,0xFF,0xFF,0xFF,
    0xFF,0xFF,0xFF,0xFF,0xFF,0xFF,0xFF,0xFF,0xFF,0xFF,0xFF,0xFF,0xFF,0xFF,0xFF,0xFF,
    0xFF,0xFF,0xFF,0xFF,0xFF,0xFF,0xFF,0xFF,0xFF,0xFF,0xFF,0xFF,0xFF,0xFF,0xFF,0xFF,
    0xFF,0xFF,0xFF,0xFF,0xFF,0xFF,0xFF,0xFF,0xFF,0xFF,0xFF,0xFF,0xFF,0xFF,0xFF,0xFF,
    0xFF,0xFF,0xFF,0xFF,0xFF,0xFF,0xFF,0xFF,0xFF,0xFF,0xFF,0xFF,0xFF,0xFF,0xFF,0xFF,
    0xFF,0xFF,0xFF,0xFF,0xFF,0xFF,0xFF,0xFF,0xFF,0xFF,0xFF,0xFF,0xFF,0xFF,0xFF,0xFF,
    0xFF,0xFF,0xFF,0xFF,0xFF,0xFF,0xFF,0xFF,0xFF,0xFF,0xFF,0xFF,0xFF,0xFF,0xFF,0xFF,
    0xFF,0xFF,0xFF,0xFF,0xFF,0xFF,0xFF,0xFF,0xFF,0xFF,0xFF,0xFF,0xFF,0xFF,0xFF,0xFF,
    0xFF,0xFF,0xFF,0xFF,0xFF,0xFF,0xFF,0xFF,0xFF,0xFF,0xFF,0xFF,0xFF,0xFF,0xFF,0xFF,
    0xFF,0xFF,0xFF,0xFF,0xFF,0xFF,0xFF,0xFF,0xFF,0xFF,0xFF,0xFF,0xFF,0xFF,0xFF,0xBB,
    0x3E,0x00,0x00,0x00,0x00,0x00,0x00,0x00,0x00,0x00,0x00,0x00,0x00,0x00,0x00,0x00,
    0x00,0x00,0x00,0x00,0x00,0x00,0x00,0x00,0x00,0x00,0x00,0x00,0x00,0x00,0x00,0x00,
    0x00,0x00,0x00,0x00,0x00,0x00,0x00,0x00,0x00,0x00,0x00,0x00,0x00,0x00,0x00,0x00,
    0x00,0x00,0x00,0x00,0x00,0x00,0x00,0x00,0x00,0x00,0x00,0x00,0x00,0x00,0x31,0xB0,
    0xFF,0xFF,0xFF,0xFF,0xFF,0xFF,0xFF,0xFF,0xFF,0xFF,0xFF,0xFF,0xFF,0xFF,0xFF,0xFF,
    0xFF,0xFF,0xFF,0xFF,0xFF,0xFF,0xFF,0xFF,0xFF,0xFF,0xFF,0xFF,0xFF,0xFF,0xFF,0xFF,
    0xFF,0xFF,0xFF,0xFF,0xFF,0xFF,0xFF,0xFF,0xFF,0xFF,0xFF,0xFF,0xFF,0xFF,0xFF,0xFF,
    0xFF,0xFF,0xFF,0xFF,0xFF,0xFF,0xFF,0xFF,0xFF,0xFF,0xFF,0xFF,0xFF,0xFF,0xFF,0xFF,
    0xFF,0xFF,0xFF,0xFF,0xFF,0xFF,0xFF,0xFF,0xFF,0xFF,0xFF,0xFF,0xFF,0xFF,0xFF,0xFF,
    0xFF,0xFF,0xFF,0xFF,0xFF,0xFF,0xFF,0xFF,0xFF,0xFF,0xFF,0xFF,0xFF,0xFF,0xFF,0xFF,
    0xFF,0xFF,0xFF,0xFF,0xFF,0xFF,0xFF,0xFF,0xFF,0xFF,0xFF,0xFF,0xFF,0xFF,0xFF,0xFF,
    0xFF,0xFF,0xFF,0xFF,0xFF,0xFF,0xFF,0xFF,0xFF,0xFF,0xFF,0xFF,0xFF,0xFF,0xFF,0xFF,
    0xFF,0xFF,0xFF,0xFF,0xFF,0xFF,0xFF,0xFF,0xFF,0xFF,0xFF,0xFF,0xFF,0xFF,0xFF,0xFF,
    0xFF,0xFF,0xFF,0xFF,0xFF,0xFF,0xFF,0xFF,0xFF,0xFF,0xFF,0xFF,0xFF,0xFF,0xFF,0xFF,
    0xFF,0xFF,0xFF,0xFF,0xFF,0xFF,0xFF,0xFF,0xFF,0xFF,0xFF,0xFF,0xFF,0xFF,0xFF,0xFF,
    0xB0,0x31,0x00,0x00,0x00,0x00,0x00,0x00,0x00,0x00,0x00,0x00,0x00,0x00,0x00,0x00,
    0x00,0x00,0x00,0x00,0x00,0x00,0x00,0x00,0x00,0x00,0x00,0x00,0x00,0x00,0x00,0x00,
    0x00,0x00,0x00,0x00,0x00,0x00,0x00,0x00,0x00,0x00,0x00,0x00,0x00,0x00,0x00,0x00,
    0x00,0x00,0x00,0x00,0x00,0x00,0x00,0x00,0x00,0x00,0x00,0x00,0x00,0x21,0xA1,0xFF,
    0xFF,0xFF,0xFF,0xFF,0xFF,0xFF,0xFF,0xFF,0xFF,0xFF,0xFF,0xFF,0xFF,0xFF,0xFF,0xFF,
    0xFF,0xFF,0xFF,0xFF,0xFF,0xFF,0xFF,0xFF,0xFF,0xFF,0xFF,0xFF,0xFF,0xFF,0xFF,0xFF,
    0xFF,0xFF,0xFF,0xFF,0xFF,0xFF,0xFF,0xFF,0xFF,0xFF,0xFF,0xFF,0xFF,0xFF,0xFF,0xFF,
    0xFF,0xFF,0xFF,0xFF,0xFF,0xFF,0xFF,0xFF,0xFF,0xFF,0xFF,0xFF,0xFF,0xFF,0xFF,0xFF,
    0xFF,0xFF,0xFF,0xFF,0xFF,0xFF,0xFF,0xFF,0xFF,0xFF,0xFF,0xFF,0xFF,0xFF,0xFF,0xFF,
    0xFF,0xFF,0xFF,0xFF,0xFF,0xFF,0xFF,0xFF,0xFF,0xFF,0xFF,0xFF,0xFF,0xFF,0xFF,0xFF,
    0xFF,0xFF,0xFF,0xFF,0xFF,0xFF,0xFF,0xFF,0xFF,0xFF,0xFF,0xFF,0xFF,0xFF,0xFF,0xFF,
    0xFF,0xFF,0xFF,0xFF,0xFF,0xFF,0xFF,0xFF,0xFF,0xFF,0xFF,0xFF,0xFF,0xFF,0xFF,0xFF,
    0xFF,0xFF,0xFF,0xFF,0xFF,0xFF,0xFF,0xFF,0xFF,0xFF,0xFF,0xFF,0xFF,0xFF,0xFF,0xFF,
    0xFF,0xFF,0xFF,0xFF,0xFF,0xFF,0xFF,0xFF,0xFF,0xFF,0xFF,0xFF,0xFF,0xFF,0xFF,0xFF,
    0xFF,0xFF,0xFF,0xFF,0xFF,0xFF,0xFF,0xFF,0xFF,0xFF,0xFF,0xFF,0xFF,0xFF,0xFF,0xFF,
    0xFF,0xA1,0x21,0x00,0x00,0x00,0x00,0x00,0x00,0x00,0x00,0x00,0x00,0x00,0x00,0x00,
    0x00,0x00,0x00,0x00,0x00,0x00,0x00,0x00,0x00,0x00,0x00,0x00,0x00,0x00,0x00,0x00,
    0x00,0x00,0x00,0x00,0x00,0x00,0x00,0x00,0x00,0x00,0x00,0x00,0x00,0x00,0x00,0x00,
    0x00,0x00,0x00,0x00,0x00,0x00,0x00,0x00,0x00,0x00,0x00,0x00,0x0F,0x90,0xFF,0xFF,
    0xFF,0xFF,0xFF,0xFF,0xFF,0xFF,0xFF,0xFF,0xFF,0xFF,0xFF,0xFF,0xFF,0xFF,0xFF,0xFF,
    0xFF,0xFF,0xFF,0xFF,0xFF,0xFF,0xFF,0xFF,0xFF,0xFF,0xFF,0xFF,0xFF,0xFF,0xFF,0xFF,
    0xFF,0xFF,0xFF,0xFF,0xFF,0xFF,0xFF,0xFF,0xFF,0xFF,0xFF,0xFF,0xFF,0xFF,0xFF,0xFF,
    0xFF,0xFF,0xFF,0xFF,0xFF,0xFF,0xFF,0xFF,0xFF,0xFF,0xFF,0xFF,0xFF,0xFF,0xFF,0xFF,
    0xFF,0xFF,0xFF,0xFF,0xFF,0xFF,0xFF,0xFF,0xFF,0xFF,0xFF,0xFF,0xFF,0xFF,0xFF,0xFF,
    0xFF,0xFF,0xFF,0xFF,0xFF,0xFF,0xFF,0xFF,0xFF,0xFF,0xFF,0xFF,0xFF,0xFF,0xFF,0xFF,
    0xFF,0xFF,0xFF,0xFF,0xFF,0xFF,0xFF,0xFF,0xFF,0xFF,0xFF,0xFF,0xFF,0xFF,0xFF,0xFF,
    0xFF,0xFF,0xFF,0xFF,0xFF,0xFF,0xFF,0xFF,0xFF,0xFF,0xFF,0xFF,0xFF,0xFF,0xFF,0xFF,
    0xFF,0xFF,0xFF,0xFF,0xFF,0xFF,0xFF,0xFF,0xFF,0xFF,0xFF,0xFF,0xFF,0xFF,0xFF,0xFF,
    0xFF,0xFF,0xFF,0xFF,0xFF,0xFF,0xFF,0xFF,0xFF,0xFF,0xFF,0xFF,0xFF,0xFF,0xFF,0xFF,
    0xFF,0xFF,0xFF,0xFF,0xFF,0xFF,0xFF,0xFF,0xFF,0xFF,0xFF,0xFF,0xFF,0xFF,0xFF,0xFF,
    0xFF,0xFF,0x90,0x0F,0x00,0x00,0x00,0x00,0x00,0x00,0x00,0x00,0x00,0x00,0x00,0x00,
    0x00,0x00,0x00,0x00,0x00,0x00,0x00,0x00,0x00,0x00,0x00,0x00,0x00,0x00,0x00,0x00,
    0x00,0x00,0x00,0x00,0x00,0x00,0x00,0x00,0x00,0x00,0x00,0x00,0x00,0x00,0x00,0x00,
    0x00,0x00,0x00,0x00,0x00,0x00,0x00,0x00,0x00,0x00,0x00,0x00,0x7C,0xFE,0xFF,0xFF,
    0xFF,0xFF,0xFF,0xFF,0xFF,0xFF,0xFF,0xFF,0xFF,0xFF,0xFF,0xFF,0xFF,0xFF,0xFF,0xFF,
    0xFF,0xFF,0xFF,0xFF,0xFF,0xFF,0xFF,0xFF,0xFF,0xFF,0xFF,0xFF,0xFF,0xFF,0xFF,0xFF,
    0xFF,0xFF,0xFF,0xFF,0xFF,0xFF,0xFF,0xFF,0xFF,0xFF,0xFF,0xFF,0xFF,0xFF,0xFF,0xFF,
    0xFF,0xFF,0xFF,0xFF,0xFF,0xFF,0xFF,0xFF,0xFF,0xFF,0xFF,0xFF,0xFF,0xFF,0xFF,0xFF,
    0xFF,0xFF,0xFF,0xFF,0xFF,0xFF,0xFF,0xFF,0xFF,0xFF,0xFF,0xFF,0xFF,0xFF,0xFF,0xFF,
    0xFF,0xFF,0xFF,0xFF,0xFF,0xFF,0xFF,0xFF,0xFF,0xFF,0xFF,0xFF,0xFF,0xFF,0xFF,0xFF,
    0xFF,0xFF,0xFF,0xFF,0xFF,0xFF,0xFF,0xFF,0xFF,0xFF,0xFF,0xFF,0xFF,0xFF,0xFF,0xFF,
    0xFF,0xFF,0xFF,0xFF,0xFF,0xFF,0xFF,0xFF,0xFF,0xFF,0xFF,0xFF,0xFF,0xFF,0xFF,0xFF,
    0xFF,0xFF,0xFF,0xFF,0xFF,0xFF,0xFF,0xFF,0xFF,0xFF,0xFF,0xFF,0xFF,0xFF,0xFF,0xFF,
    0xFF,0xFF,0xFF,0xFF,0xFF,0xFF,0xFF,0xFF,0xFF,0xFF,0xFF,0xFF,0xFF,0xFF,0xFF,0xFF,
    0xFF,0xFF,0xFF,0xFF,0xFF,0xFF,0xFF,0xFF,0xFF,0xFF,0xFF,0xFF,0xFF,0xFF,0xFF,0xFF,
    0xFF,0xFF,0xFE,0x7C,0x00,0x00,0x00,0x00,0x00,0x00,0x00,0x00,0x00,0x00,0x00,0x00,
    0x00,0x00,0x00,0x00,0x00,0x00,0x00,0x00,0x00,0x00,0x00,0x00,0x00,0x00,0x00,0x00,
    0x00,0x00,0x00,0x00,0x00,0x00,0x00,0x00,0x00,0x00,0x00,0x00,0x00,0x00,0x00,0x00,
    0x00,0x00,0x00,0x00,0x00,0x00,0x00,0x00,0x00,0x00,0x00,0x65,0xE9,0xFF,0xFF,0xFF,
    0xFF,0xFF,0xFF,0xFF,0xFF,0xFF,0xFF,0xFF,0xFF,0xFF,0xFF,0xFF,0xFF,0xFF,0xFF,0xFF,
    0xFF,0xFF,0xFF,0xFF,0xFF,0xFF,0xFF,0xFF,0xFF,0xFF,0xFF,0xFF,0xFF,0xFF,0xFF,0xFF,
    0xFF,0xFF,0xFF,0xFF,0xFF,0xFF,0xFF,0xFF,0xFF,0xFF,0xFF,0xFF,0xFF,0xFF,0xFF,0xFF,
    0xFF,0xFF,0xFF,0xFF,0xFF,0xFF,0xFF,0xFF,0xFF,0xFF,0xFF,0xFF,0xFF,0xFF,0xFF,0xFF,
    0xFF,0xFF,0xFF,0xFF,0xFF,0xFF,0xFF,0xFF,0xFF,0xFF,0xFF,0xFF,0xFF,0xFF,0xFF,0xFF,
    0xFF,0xFF,0xFF,0xFF,0xFF,0xFF,0xFF,0xFF,0xFF,0xFF,0xFF,0xFF,0xFF,0xFF,0xFF,0xFF,
    0xFF,0xFF,0xFF,0xFF,0xFF,0xFF,0xFF,0xFF,0xFF,0xFF,0xFF,0xFF,0xFF,0xFF,0xFF,0xFF,
    0xFF,0xFF,0xFF,0xFF,0xFF,0xFF,0xFF,0xFF,0xFF,0xFF,0xFF,0xFF,0xFF,0xFF,0xFF,0xFF,
    0xFF,0xFF,0xFF,0xFF,0xFF,0xFF,0xFF,0xFF,0xFF,0xFF,0xFF,0xFF,0xFF,0xFF,0xFF,0xFF,
    0xFF,0xFF,0xFF,0xFF,0xFF,0xFF,0xFF,0xFF,0xFF,0xFF,0xFF,0xFF,0xFF,0xFF,0xFF,0xFF,
    0xFF,0xFF,0xFF,0xFF,0xFF,0xFF,0xFF,0xFF,0xFF,0xFF,0xFF,0xFF,0xFF,0xFF,0xFF,0xFF,
    0xFF,0xFF,0xFF,0xE9,0x65,0x00,0x00,0x00,0x00,0x00,0x00,0x00,0x00,0x00,0x00,0x00,
    0x00,0x00,0x00,0x00,0x00,0x00,0x00,0x00,0x00,0x00,0x00,0x00,0x00,0x00,0x00,0x00,
    0x00,0x00,0x00,0x00,0x00,0x00,0x00,0x00,0x00,0x00,0x00,0x00,0x00,0x00,0x00,0x00,
    0x00,0x00,0x00,0x00,0x00,0x00,0x00,0x00,0x00,0x00,0x4C,0xD0,0xFF,0xFF,0xFF,0xFF,
    0xFF,0xFF,0xFF,0xFF,0xFF,0xFF,0xFF,0xFF,0xFF,0xFF,0xFF,0xFF,0xFF,0xFF,0xFF,0xFF,
    0xFF,0xFF,0xFF,0xFF,0xFF,0xFF,0xFF,0xFF,0xFF,0xFF,0xFF,0xFF,0xFF,0xFF,0xFF,0xFF,
    0xFF,0xFF,0xFF,0xFF,0xFF,0xFF,0xFF,0xFF,0xFF,0xFF,0xFF,0xFF,0xFF,0xFF,0xFF,0xFF,
    0xFF,0xFF,0xFF,0xFF,0xFF,0xFF,0xFF,0xFF,0xFF,0xFF,0xFF,0xFF,0xFF,0xFF,0xFF,0xFF,
    0xFF,0xFF,0xFF,0xFF,0xFF,0xFF,0xFF,0xFF,0xFF,0xFF,0xFF,0xFF,0xFF,0xFF,0xFF,0xFF,
    0xFF,0xFF,0xFF,0xFF,0xFF,0xFF,0xFF,0xFF,0xFF,0xFF,0xFF,0xFF,0xFF,0xFF,0xFF,0xFF,
    0xFF,0xFF,0xFF,0xFF,0xFF,0xFF,0xFF,0xFF,0xFF,0xFF,0xFF,0xFF,0xFF,0xFF,0xFF,0xFF,
    0xFF,0xFF,0xFF,0xFF,0xFF,0xFF,0xFF,0xFF,0xFF,0xFF,0xFF,0xFF,0xFF,0xFF,0xFF,0xFF,
    0xFF,0xFF,0xFF,0xFF,0xFF,0xFF,0xFF,0xFF,0xFF,0xFF,0xFF,0xFF,0xFF,0xFF,0xFF,0xFF,
    0xFF,0xFF,0xFF,0xFF,0xFF,0xFF,0xFF,0xFF,0xFF,0xFF,0xFF,0xFF,0xFF,0xFF,0xFF,0xFF,
    0xFF,0xFF,0xFF,0xFF,0xFF,0xFF,0xFF,0xFF,0xFF,0xFF,0xFF,0xFF,0xFF,0xFF,0xFF,0xFF,
    0xFF,0xFF,0xFF,0xFF,0xD0,0x4C,0x00,0x00,0x00,0x00,0x00,0x00,0x00,0x00,0x00,0x00,
    0x00,0x00,0x00,0x00,0x00,0x00,0x00,0x00,0x00,0x00,0x00,0x00,0x00,0x00,0x00,0x00,
    0x00,0x00,0x00,0x00,0x00,0x00,0x00,0x00,0x00,0x00,0x00,0x00,0x00,0x00,0x00,0x00,
    0x00,0x00,0x00,0x00,0x00,0x00,0x00,0x00,0x00,0x2F,0xB5,0xFF,0xFF,0xFF,0xFF,0xFF,
    0xFF,0xFF,0xFF,0xFF,0xFF,0xFF,0xFF,0xFF,0xFF,0xFF,0xFF,0xFF,0xFF,0xFF,0xFF,0xFF,
    0xFF,0xFF,0xFF,0xFF,0xFF,0xFF,0xFF,0xFF,0xFF,0xFF,0xFF,0xFF,0xFF,0xFF,0xFF,0xFF,
    0xFF,0xFF,0xFF,0xFF,0xFF,0xFF,0xFF,0xFF,0xFF,0xFF,0xFF,0xFF,0xFF,0xFF,0xFF,0xFF,
    0xFF,0xFF,0xFF,0xFF,0xFF,0xFF,0xFF,0xFF,0xFF,0xFF,0xFF,0xFF,0xFF,0xFF,0xFF,0xFF,
    0xFF,0xFF,0xFF,0xFF,0xFF,0xFF,0xFF,0xFF,0xFF,0xFF,0xFF,0xFF,0xFF,0xFF,0xFF,0xFF,
    0xFF,0xFF,0xFF,0xFF,0xFF,0xFF,0xFF,0xFF,0xFF,0xFF,0xFF,0xFF,0xFF,0xFF,0xFF,0xFF,
    0xFF,0xFF,0xFF,0xFF,0xFF,0xFF,0xFF,0xFF,0xFF,0xFF,0xFF,0xFF,0xFF,0xFF,0xFF,0xFF,
    0xFF,0xFF,0xFF,0xFF,0xFF,0xFF,0xFF,0xFF,0xFF,0xFF,0xFF,0xFF,0xFF,0xFF,0xFF,0xFF,
    0xFF,0xFF,0xFF,0xFF,0xFF,0xFF,0xFF,0xFF,0xFF,0xFF,0xFF,0xFF,0xFF,0xFF,0xFF,0xFF,
    0xFF,0xFF,0xFF,0xFF,0xFF,0xFF,0xFF,0xFF,0xFF,0xFF,0xFF,0xFF,0xFF,0xFF,0xFF,0xFF,
    0xFF,0xFF,0xFF,0xFF,0xFF,0xFF,0xFF,0xFF,0xFF,0xFF,0xFF,0xFF,0xFF,0xFF,0xFF,0xFF,
    0xFF,0xFF,0xFF,0xFF,0xFF,0xB5,0x2F,0x00,0x00,0x00,0x00,0x00,0x00,0x00,0x00,0x00,
    0x00,0x00,0x00,0x00,0x00,0x00,0x00,0x00,0x00,0x00,0x00,0x00,0x00,0x00,0x00,0x00,
    0x00,0x00,0x00,0x00,0x00,0x00,0x00,0x00,0x00,0x00,0x00,0x00,0x00,0x00,0x00,0x00,
    0x00,0x00,0x00,0x00,0x00,0x00,0x00,0x00,0x10,0x97,0xFF,0xFF,0xFF,0xFF,0xFF,0xFF,
    0xFF,0xFF,0xFF,0xFF,0xFF,0xFF,0xFF,0xFF,0xFF,0xFF,0xFF,0xFF,0xFF,0xFF,0xFF,0xFF,
    0xFF,0xFF,0xFF,0xFF,0xFF,0xFF,0xFF,0xFF,0xFF,0xFF,0xFF,0xFF,0xFF,0xFF,0xFF,0xFF,
    0xFF,0xFF,0xFF,0xFF,0xFF,0xFF,0xFF,0xFF,0xFF,0xFF,0xFF,0xFF,0xFF,0xFF,0xFF,0xFF,
    0xFF,0xFF,0xFF,0xFF,0xFF,0xFF,0xFF,0xFF,0xFF,0xFF,0xFF,0xFF,0xFF,0xFF,0xFF,0xFF,
    0xFF,0xFF,0xFF,0xFF,0xFF,0xFF,0xFF,0xFF,0xFF,0xFF,0xFF,0xFF,0xFF,0xFF,0xFF,0xFF,
    0xFF,0xFF,0xFF,0xFF,0xFF,0xFF,0xFF,0xFF,0xFF,0xFF,0xFF,0xFF,0xFF,0xFF,0xFF,0xFF,
    0xFF,0xFF,0xFF,0xFF,0xFF,0xFF,0xFF,0xFF,0xFF,0xFF,0xFF,0xFF,0xFF,0xFF,0xFF,0xFF,
    0xFF,0xFF,0xFF,0xFF,0xFF,0xFF,0xFF,0xFF,0xFF,0xFF,0xFF,0xFF,0xFF,0xFF,0xFF,0xFF,
    0xFF,0xFF,0xFF,0xFF,0xFF,0xFF,0xFF,0xFF,0xFF,0xFF,0xFF,0xFF,0xFF,0xFF,0xFF,0xFF,
    0xFF,0xFF,0xFF,0xFF,0xFF,0xFF,0xFF,0xFF,0xFF,0xFF,0xFF,0xFF,0xFF,0xFF,0xFF,0xFF,
    0xFF,0xFF,0xFF,0xFF,0xFF,0xFF,0xFF,0xFF,0xFF,0xFF,0xFF,0xFF,0xFF,0xFF,0xFF,0xFF,
    0xFF,0xFF,0xFF,0xFF,0xFF,0xFF,0x97,0x10,0x00,0x00,0x00,0x00,0x00,0x00,0x00,0x00,
    0x00,0x00,0x00,0x00,0x00,0x00,0x00,0x00,0x00,0x00,0x00,0x00,0x00,0x00,0x00,0x00,
    0x00,0x00,0x00,0x00,0x00,0x00,0x00,0x00,0x00,0x00,0x00,0x00,0x00,0x00,0x00,0x00,
    0x00,0x00,0x00,0x00,0x00,0x00,0x00,0x00,0x76,0xFE,0xFF,0xFF,0xFF,0xFF,0xFF,0xFF,
    0xFF,0xFF,0xFF,0xFF,0xFF,0xFF,0xFF,0xFF,0xFF,0xFF,0xFF,0xFF,0xFF,0xFF,0xFF,0xFF,
    0xFF,0xFF,0xFF,0xFF,0xFF,0xFF,0xFF,0xFF,0xFF,0xFF,0xFF,0xFF,0xFF,0xFF,0xFF,0xFF,
    0xFF,0xFF,0xFF,0xFF,0xFF,0xFF,0xFF,0xFF,0xFF,0xFF,0xFF,0xFF,0xFF,0xFF,0xFF,0xFF,
    0xFF,0xFF,0xFF,0xFF,0xFF,0xFF,0xFF,0xFF,0xFF,0xFF,0xFF,0xFF,0xFF,0xFF,0xFF,0xFF,
    0xFF,0xFF,0xFF,0xFF,0xFF,0xFF,0xFF,0xFF,0xFF,0xFF,0xFF,0xFF,0xFF,0xFF,0xFF,0xFF,
    0xFF,0xFF,0xFF,0xFF,0xFF,0xFF,0xFF,0xFF,0xFF,0xFF,0xFF,0xFF,0xFF,0xFF,0xFF,0xFF,
    0xFF,0xFF,0xFF,0xFF,0xFF,0xFF,0xFF,0xFF,0xFF,0xFF,0xFF,0xFF,0xFF,0xFF,0xFF,0xFF,
    0xFF,0xFF,0xFF,0xFF,0xFF,0xFF,0xFF,0xFF,0xFF,0xFF,0xFF,0xFF,0xFF,0xFF,0xFF,0xFF,
    0xFF,0xFF,0xFF,0xFF,0xFF,0xFF,0xFF,0xFF,0xFF,0xFF,0xFF,0xFF,0xFF,0xFF,0xFF,0xFF,
    0xFF,0xFF,0xFF,0xFF,0xFF,0xFF,0xFF,0xFF,0xFF,0xFF,0xFF,0xFF,0xFF,0xFF,0xFF,0xFF,
    0xFF,0xFF,0xFF,0xFF,0xFF,0xFF,0xFF,0xFF,0xFF,0xFF,0xFF,0xFF,0xFF,0xFF,0xFF,0xFF,
    0xFF,0xFF,0xFF,0xFF,0xFF,0xFF,0xFE,0x76,0x00,0x00,0x00,0x00,0x00,0x00,0x00,0x00,
    0x00,0x00,0x00,0x00,0x00,0x00,0x00,0x00,0x00,0x00,0x00,0x00,0x00,0x00,0x00,0x00,
    0x00,0x00,0x00,0x00,0x00,0x00,0x00,0x00,0x00,0x00,0x00,0x00,0x00,0x00,0x00,0x00,
    0x00,0x00,0x00,0x00,0x00,0x00,0x00,0x53,0xDC,0xFF,0xFF,0xFF,0xFF,0xFF,0xFF,0xFF,
    0xFF,0xFF,0xFF,0xFF,0xFF,0xFF,0xFF,0xFF,0xFF,0xFF,0xFF,0xFF,0xFF,0xFF,0xFF,0xFF,
    0xFF,0xFF,0xFF,0xFF,0xFF,0xFF,0xFF,0xFF,0xFF,0xFF,0xFF,0xFF,0xFF,0xFF,0xFF,0xFF,
    0xFF,0xFF,0xFF,0xFF,0xFF,0xFF,0xFF,0xFF,0xFF,0xFF,0xFF,0xFF,0xFF,0xFF,0xFF,0xFF,
    0xFF,0xFF,0xFF,0xFF,0xFF,0xFF,0xFF,0xFF,0xFF,0xFF,0xFF,0xFF,0xFF,0xFF,0xFF,0xFF,
    0xFF,0xFF,0xFF,0xFF,0xFF,0xFF,0xFF,0xFF,0xFF,0xFF,0xFF,0xFF,0xFF,0xFF,0xFF,0xFF,
    0xFF,0xFF,0xFF,0xFF,0xFF,0xFF,0xFF,0xFF,0xFF,0xFF,0xFF,0xFF,0xFF,0xFF,0xFF,0xFF,
    0xFF,0xFF,0xFF,0xFF,0xFF,0xFF,0xFF,0xFF,0xFF,0xFF,0xFF,0xFF,0xFF,0xFF,0xFF,0xFF,
    0xFF,0xFF,0xFF,0xFF,0xFF,0xFF,0xFF,0xFF,0xFF,0xFF,0xFF,0xFF,0xFF,0xFF,0xFF,0xFF,
    0xFF,0xFF,0xFF,0xFF,0xFF,0xFF,0xFF,0xFF,0xFF,0xFF,0xFF,0xFF,0xFF,0xFF,0xFF,0xFF,
    0xFF,0xFF,0xFF,0xFF,0xFF,0xFF,0xFF,0xFF,0xFF,0xFF,0xFF,0xFF,0xFF,0xFF,0xFF,0xFF,
    0xFF,0xFF,0xFF,0xFF,0xFF,0xFF,0xFF,0xFF,0xFF,0xFF,0xFF,0xFF,0xFF,0xFF,0xFF,0xFF,
    0xFF,0xFF,0xFF,0xFF,0xFF,0xFF,0xFF,0xDC,0x53,0x00,0x00,0x00,0x00,0x00,0x00,0x00,
    0x00,0x00,0x00,0x00,0x00,0x00,0x00,0x00,0x00,0x00,0x00,0x00,0x00,0x00,0x00,0x00,
    0x00,0x00,0x00,0x00,0x00,0x00,0x00,0x00,0x00,0x00,0x00,0x00,0x00,0x00,0x00,0x00,
    0x00,0x00,0x00,0x00,0x00,0x00,0x2D,0xB7,0xFF,0xFF,0xFF,0xFF,0xFF,0xFF,0xFF,0xFF,
    0xFF,0xFF,0xFF,0xFF,0xFF,0xFF,0xFF,0xFF,0xFF,0xFF,0xFF,0xFF,0xFF,0xFF,0xFF,0xFF,
    0xFF,0xFF,0xFF,0xFF,0xFF,0xFF,0xFF,0xFF,0xFF,0xFF,0xFF,0xFF,0xFF,0xFF,0xFF,0xFF,
    0xFF,0xFF,0xFF,0xFF,0xFF,0xFF,0xFF,0xFF,0xFF,0xFF,0xFF,0xFF,0xFF,0xFF,0xFF,0xFF,
    0xFF,0xFF,0xFF,0xFF,0xFF,0xFF,0xFF,0xFF,0xFF,0xFF,0xFF,0xFF,0xFF,0xFF,0xFF,0xFF,
    0xFF,0xFF,0xFF,0xFF,0xFF,0xFF,0xFF,0xFF,0xFF,0xFF,0xFF,0xFF,0xFF,0xFF,0xFF,0xFF,
    0xFF,0xFF,0xFF,0xFF,0xFF,0xFF,0xFF,0xFF,0xFF,0xFF,0xFF,0xFF,0xFF,0xFF,0xFF,0xFF,
    0xFF,0xFF,0xFF,0xFF,0xFF,0xFF,0xFF,0xFF,0xFF,0xFF,0xFF,0xFF,0xFF,0xFF,0xFF,0xFF,
    0xFF,0xFF,0xFF,0xFF,0xFF,0xFF,0xFF,0xFF,0xFF,0xFF,0xFF,0xFF,0xFF,0xFF,0xFF,0xFF,
    0xFF,0xFF,0xFF,0xFF,0xFF,0xFF,0xFF,0xFF,0xFF,0xFF,0xFF,0xFF,0xFF,0xFF,0xFF,0xFF,
    0xFF,0xFF,0xFF,0xFF,0xFF,0xFF,0xFF,0xFF,0xFF,0xFF,0xFF,0xFF,0xFF,0xFF,0xFF,0xFF,
    0xFF,0xFF,0xFF,0xFF,0xFF,0xFF,0xFF,0xFF,0xFF,0xFF,0xFF,0xFF,0xFF,0xFF,0xFF,0xFF,
    0xFF,0xFF,0xFF,0xFF,0xFF,0xFF,0xFF,0xFF,0xB7,0x2D,0x00,0x00,0x00,0x00,0x00,0x00,
    0x00,0x00,0x00,0x00,0x00,0x00,0x00,0x00,0x00,0x00,0x00,0x00,0x00,0x00,0x00,0x00,
    0x00,0x00,0x00,0x00,0x00,0x00,0x00,0x00,0x00,0x00,0x00,0x00,0x00,0x00,0x00,0x00,
    0x00,0x00,0x00,0x00,0x00,0x03,0x8F,0xFF,0xFF,0xFF,0xFF,0xFF,0xFF,0xFF,0xFF,0xFF,
    0xFF,0xFF,0xFF,0xFF,0xFF,0xFF,0xFF,0xFF,0xFF,0xFF,0xFF,0xFF,0xFF,0xFF,0xFF,0xFF,
    0xFF,0xFF,0xFF,0xFF,0xFF,0xFF,0xFF,0xFF,0xFF,0xFF,0xFF,0xFF,0xFF,0xFF,0xFF,0xFF,
    0xFF,0xFF,0xFF,0xFF,0xFF,0xFF,0xFF,0xFF,0xFF,0xFF,0xFF,0xFF,0xFF,0xFF,0xFF,0xFF,
    0xFF,0xFF,0xFF,0xFF,0xFF,0xFF,0xFF,0xFF,0xFF,0xFF,0xFF,0xFF,0xFF,0xFF,0xFF,0xFF,
    0xFF,0xFF,0xFF,0xFF,0xFF,0xFF,0xFF,0xFF,0xFF,0xFF,0xFF,0xFF,0xFF,0xFF,0xFF,0xFF,
    0xFF,0xFF,0xFF,0xFF,0xFF,0xFF,0xFF,0xFF,0xFF,0xFF,0xFF,0xFF,0xFF,0xFF,0xFF,0xFF,
    0xFF,0xFF,0xFF,0xFF,0xFF,0xFF,0xFF,0xFF,0xFF,0xFF,0xFF,0xFF,0xFF,0xFF,0xFF,0xFF,
    0xFF,0xFF,0xFF,0xFF,0xFF,0xFF,0xFF,0xFF,0xFF,0xFF,0xFF,0xFF,0xFF,0xFF,0xFF,0xFF,
    0xFF,0xFF,0xFF,0xFF,0xFF,0xFF,0xFF,0xFF,0xFF,0xFF,0xFF,0xFF,0xFF,0xFF,0xFF,0xFF,
    0xFF,0xFF,0xFF,0xFF,0xFF,0xFF,0xFF,0xFF,0xFF,0xFF,0xFF,0xFF,0xFF,0xFF,0xFF,0xFF,
    0xFF,0xFF,0xFF,0xFF,0xFF,0xFF,0xFF,0xFF,0xFF,0xFF,0xFF,0xFF,0xFF,0xFF,0xFF,0xFF,
    0xFF,0xFF,0xFF,0xFF,0xFF,0xFF,0xFF,0xFF,0xFF,0x8F,0x03,0x00,0x00,0x00,0x00,0x00,
    0x00,0x00,0x00,0x00,0x00,0x00,0x00,0x00,0x00,0x00,0x00,0x00,0x00,0x00,0x00,0x00,
    0x00,0x00,0x00,0x00,0x00,0x00,0x00,0x00,0x00,0x00,0x00,0x00,0x00,0x00,0x00,0x00,
    0x00,0x00,0x00,0x00,0x00,0x64,0xF0,0xFF,0xFF,0xFF,0xFF,0xFF,0xFF,0xFF,0xFF,0xFF,
    0xFF,0xFF,0xFF,0xFF,0xFF,0xFF,0xFF,0xFF,0xFF,0xFF,0xFF,0xFF,0xFF,0xFF,0xFF,0xFF,
    0xFF,0xFF,0xFF,0xFF,0xFF,0xFF,0xFF,0xFF,0xFF,0xFF,0xFF,0xFF,0xFF,0xFF,0xFF,0xFF,
    0xFF,0xFF,0xFF,0xFF,0xFF,0xFF,0xFF,0xFF,0xFF,0xFF,0xFF,0xFF,0xFF,0xFF,0xFF,0xFF,
    0xFF,0xFF,0xFF,0xFF,0xFF,0xFF,0xFF,0xFF,0xFF,0xFF,0xFF,0xFF,0xFF,0xFF,0xFF,0xFF,
    0xFF,0xFF,0xFF,0xFF,0xFF,0xFF,0xFF,0xFF,0xFF,0xFF,0xFF,0xFF,0xFF,0xFF,0xFF,0xFF,
    0xFF,0xFF,0xFF,0xFF,0xFF,0xFF,0xFF,0xFF,0xFF,0xFF,0xFF,0xFF,0xFF,0xFF,0xFF,0xFF,
    0xFF,0xFF,0xFF,0xFF,0xFF,0xFF,0xFF,0xFF,0xFF,0xFF,0xFF,0xFF,0xFF,0xFF,0xFF,0xFF,
    0xFF,0xFF,0xFF,0xFF,0xFF,0xFF,0xFF,0xFF,0xFF,0xFF,0xFF,0xFF,0xFF,0xFF,0xFF,0xFF,
    0xFF,0xFF,0xFF,0xFF,0xFF,0xFF,0xFF,0xFF,0xFF,0xFF,0xFF,0xFF,0xFF,0xFF,0xFF,0xFF,
    0xFF,0xFF,0xFF,0xFF,0xFF,0xFF,0xFF,0xFF,0xFF,0xFF,0xFF,0xFF,0xFF,0xFF,0xFF,0xFF,
    0xFF,0xFF,0xFF,0xFF,0xFF,0xFF,0xFF,0xFF,0xFF,0xFF,0xFF,0xFF,0xFF,0xFF,0xFF,0xFF,
    0xFF,0xFF,0xFF,0xFF,0xFF,0xFF,0xFF,0xFF,0xFF,0xF0,0x64,0x00,0x00,0x00,0x00,0x00,
    0x00,0x00,0x00,0x00,0x00,0x00,0x00,0x00,0x00,0x00,0x00,0x00,0x00,0x00,0x00,0x00,
    0x00,0x00,0x00,0x00,0x00,0x00,0x00,0x00,0x00,0x00,0x00,0x00,0x00,0x00,0x00,0x00,
    0x00,0x00,0x00,0x00,0x36,0xC4,0xFF,0xFF,0xFF,0xFF,0xFF,0xFF,0xFF,0xFF,0xFF,0xFF,
    0xFF,0xFF,0xFF,0xFF,0xFF,0xFF,0xFF,0xFF,0xFF,0xFF,0xFF,0xFF,0xFF,0xFF,0xFF,0xFF,
    0xFF,0xFF,0xFF,0xFF,0xFF,0xFF,0xFF,0xFF,0xFF,0xFF,0xFF,0xFF,0xFF,0xFF,0xFF,0xFF,
    0xFF,0xFF,0xFF,0xFF,0xFF,0xFF,0xFF,0xFF,0xFF,0xFF,0xFF,0xFF,0xFF,0xFF,0xFF,0xFF,
    0xFF,0xFF,0xFF,0xFF,0xFF,0xFF,0xFF,0xFF,0xFF,0xFF,0xFF,0xFF,0xFF,0xFF,0xFF,0xFF,
    0xFF,0xFF,0xFF,0xFF,0xFF,0xFF,0xFF,0xFF,0xFF,0xFF,0xFF,0xFF,0xFF,0xFF,0xFF,0xFF,
    0xFF,0xFF,0xFF,0xFF,0xFF,0xFF,0xFF,0xFF,0xFF,0xFF,0xFF,0xFF,0xFF,0xFF,0xFF,0xFF,
    0xFF,0xFF,0xFF,0xFF,0xFF,0xFF,0xFF,0xFF,0xFF,0xFF,0xFF,0xFF,0xFF,0xFF,0xFF,0xFF,
    0xFF,0xFF,0xFF,0xFF,0xFF,0xFF,0xFF,0xFF,0xFF,0xFF,0xFF,0xFF,0xFF,0xFF,0xFF,0xFF,
    0xFF,0xFF,0xFF,0xFF,0xFF,0xFF,0xFF,0xFF,0xFF,0xFF,0xFF,0xFF,0xFF,0xFF,0xFF,0xFF,
    0xFF,0xFF,0xFF,0xFF,0xFF,0xFF,0xFF,0xFF,0xFF,0xFF,0xFF,0xFF,0xFF,0xFF,0xFF,0xFF,
    0xFF,0xFF,0xFF,0xFF,0xFF,0xFF,0xFF,0xFF,0xFF,0xFF,0xFF,0xFF,0xFF,0xFF,0xFF,0xFF,
    0xFF,0xFF,0xFF,0xFF,0xFF,0xFF,0xFF,0xFF,0xFF,0xFF,0xC4,0x36,0x00,0x00,0x00,0x00,
    0x00,0x00,0x00,0x00,0x00,0x00,0x00,0x00,0x00,0x00,0x00,0x00,0x00,0x00,0x00,0x00,
    0x00,0x00,0x00,0x00,0x00,0x00,0x00,0x00,0x00,0x00,0x00,0x00,0x00,0x00,0x00,0x00,
    0x00,0x00,0x00,0x06,0x94,0xFF,0xFF,0xFF,0xFF,0xFF,0xFF,0xFF,0xFF,0xFF,0xFF,0xFF,
    0xFF,0xFF,0xFF,0xFF,0xFF,0xFF,0xFF,0xFF,0xFF,0xFF,0xFF,0xFF,0xFF,0xFF,0xFF,0xFF,
    0xFF,0xFF,0xFF,0xFF,0xFF,0xFF,0xFF,0xFF,0xFF,0xFF,0xFF,0xFF,0xFF,0xFF,0xFF,0xFF,
    0xFF,0xFF,0xFF,0xFF,0xFF,0xFF,0xFF,0xFF,0xFF,0xFF,0xFF,0xFF,0xFF,0xFF,0xFF,0xFF,
    0xFF,0xFF,0xFF,0xFF,0xFF,0xFF,0xFF,0xFF,0xFF,0xFF,0xFF,0xFF,0xFF,0xFF,0xFF,0xFF,
    0xFF,0xFF,0xFF,0xFF,0xFF,0xFF,0xFF,0xFF,0xFF,0xFF,0xFF,0xFF,0xFF,0xFF,0xFF,0xFF,
    0xFF,0xFF,0xFF,0xFF,0xFF,0xFF,0xFF,0xFF,0xFF,0xFF,0xFF,0xFF,0xFF,0xFF,0xFF,0xFF,
    0xFF,0xFF,0xFF,0xFF,0xFF,0xFF,0xFF,0xFF,0xFF,0xFF,0xFF,0xFF,0xFF,0xFF,0xFF,0xFF,
    0xFF,0xFF,0xFF,0xFF,0xFF,0xFF,0xFF,0xFF,0xFF,0xFF,0xFF,0xFF,0xFF,0xFF,0xFF,0xFF,
    0xFF,0xFF,0xFF,0xFF,0xFF,0xFF,0xFF,0xFF,0xFF,0xFF,0xFF,0xFF,0xFF,0xFF,0xFF,0xFF,
    0xFF,0xFF,0xFF,0xFF,0xFF,0xFF,0xFF,0xFF,0xFF,0xFF,0xFF,0xFF,0xFF,0xFF,0xFF,0xFF,
    0xFF,0xFF,0xFF,0xFF,0xFF,0xFF,0xFF,0xFF,0xFF,0xFF,0xFF,0xFF,0xFF,0xFF,0xFF,0xFF,
    0xFF,0xFF,0xFF,0xFF,0xFF,0xFF,0xFF,0xFF,0xFF,0xFF,0xFF,0x94,0x06,0x00,0x00,0x00,
    0x00,0x00,0x00,0x00,0x00,0x00,0x00,0x00,0x00,0x00,0x00,0x00,0x00,0x00,0x00,0x00,
    0x00,0x00,0x00,0x00,0x00,0x00,0x00,0x00,0x00,0x00,0x00,0x00,0x00,0x00,0x00,0x00,
    0x00,0x00,0x00,0x63,0xF1,0xFF,0xFF,0xFF,0xFF,0xFF,0xFF,0xFF,0xFF,0xFF,0xFF,0xFF,
    0xFF,0xFF,0xFF,0xFF,0xFF,0xFF,0xFF,0xFF,0xFF,0xFF,0xFF,0xFF,0xFF,0xFF,0xFF,0xFF,
    0xFF,0xFF,0xFF,0xFF,0xFF,0xFF,0xFF,0xFF,0xFF,0xFF,0xFF,0xFF,0xFF,0xFF,0xFF,0xFF,
    0xFF,0xFF,0xFF,0xFF,0xFF,0xFF,0xFF,0xFF,0xFF,0xFF,0xFF,0xFF,0xFF,0xFF,0xFF,0xFF,
    0xFF,0xFF,0xFF,0xFF,0xFF,0xFF,0xFF,0xFF,0xFF,0xFF,0xFF,0xFF,0xFF,0xFF,0xFF,0xFF,
    0xFF,0xFF,0xFF,0xFF,0xFF,0xFF,0xFF,0xFF,0xFF,0xFF,0xFF,0xFF,0xFF,0xFF,0xFF,0xFF,
    0xFF,0xFF,0xFF,0xFF,0xFF,0xFF,0xFF,0xFF,0xFF,0xFF,0xFF,0xFF,0xFF,0xFF,0xFF,0xFF,
    0xFF,0xFF,0xFF,0xFF,0xFF,0xFF,0xFF,0xFF,0xFF,0xFF,0xFF,0xFF,0xFF,0xFF,0xFF,0xFF,
    0xFF,0xFF,0xFF,0xFF,0xFF,0xFF,0xFF,0xFF,0xFF,0xFF,0xFF,0xFF,0xFF,0xFF,0xFF,0xFF,
    0xFF,0xFF,0xFF,0xFF,0xFF,0xFF,0xFF,0xFF,0xFF,0xFF,0xFF,0xFF,0xFF,0xFF,0xFF,0xFF,
    0xFF,0xFF,0xFF,0xFF,0xFF,0xFF,0xFF,0xFF,0xFF,0xFF,0xFF,0xFF,0xFF,0xFF,0xFF,0xFF,
    0xFF,0xFF,0xFF,0xFF,0xFF,0xFF,0xFF,0xFF,0xFF,0xFF,0xFF,0xFF,0xFF,0xFF,0xFF,0xFF,
    0xFF,0xFF,0xFF,0xFF,0xFF,0xFF,0xFF,0xFF,0xFF,0xFF,0xFF,0xF1,0x63,0x00,0x00,0x00,
    0x00,0x00,0x00,0x00,0x00,0x00,0x00,0x00,0x00,0x00,0x00,0x00,0x00,0x00,0x00,0x00,
    0x00,0x00,0x00,0x00,0x00,0x00,0x00,0x00,0x00,0x00,0x00,0x00,0x00,0x00,0x00,0x00,
    0x00,0x00,0x2E,0xBE,0xFF,0xFF,0xFF,0xFF,0xFF,0xFF,0xFF,0xFF,0xFF,0xFF,0xFF,0xFF,
    0xFF,0xFF,0xFF,0xFF,0xFF,0xFF,0xFF,0xFF,0xFF,0xFF,0xFF,0xFF,0xFF,0xFF,0xFF,0xFF,
    0xFF,0xFF,0xFF,0xFF,0xFF,0xFF,0xFF,0xFF,0xFF,0xFF,0xFF,0xFF,0xFF,0xFF,0xFF,0xFF,
    0xFF,0xFF,0xFF,0xFF,0xFF,0xFF,0xFF,0xFF,0xFF,0xFF,0xFF,0xFF,0xFF,0xFF,0xFF,0xFF,
    0xFF,0xFF,0xFF,0xFF,0xFF,0xFF,0xFF,0xFF,0xFF,0xFF,0xFF,0xFF,0xFF,0xFF,0xFF,0xFF,
    0xFF,0xFF,0xFF,0xFF,0xFF,0xFF,0xFF,0xFF,0xFF,0xFF,0xFF,0xFF,0xFF,0xFF,0xFF,0xFF,
    0xFF,0xFF,0xFF,0xFF,0xFF,0xFF,0xFF,0xFF,0xFF,0xFF,0xFF,0xFF,0xFF,0xFF,0xFF,0xFF,
    0xFF,0xFF,0xFF,0xFF,0xFF,0xFF,0xFF,0xFF,0xFF,0xFF,0xFF,0xFF,0xFF,0xFF,0xFF,0xFF,
    0xFF,0xFF,0xFF,0xFF,0xFF,0xFF,0xFF,0xFF,0xFF,0xFF,0xFF,0xFF,0xFF,0xFF,0xFF,0xFF,
    0xFF,0xFF,0xFF,0xFF,0xFF,0xFF,0xFF,0xFF,0xFF,0xFF,0xFF,0xFF,0xFF,0xFF,0xFF,0xFF,
    0xFF,0xFF,0xFF,0xFF,0xFF,0xFF,0xFF,0xFF,0xFF,0xFF,0xFF,0xFF,0xFF,0xFF,0xFF,0xFF,
    0xFF,0xFF,0xFF,0xFF,0xFF,0xFF,0xFF,0xFF,0xFF,0xFF,0xFF,0xFF,0xFF,0xFF,0xFF,0xFF,
    0xFF,0xFF,0xFF,0xFF,0xFF,0xFF,0xFF,0xFF,0xFF,0xFF,0xFF,0xFF,0xBE,0x2E,0x00,0x00,
    0x00,0x00,0x00,0x00,0x00,0x00,0x00,0x00,0x00,0x00,0x00,0x00,0x00,0x00,0x00,0x00,
    0x00,0x00,0x00,0x00,0x00,0x00,0x00,0x00,0x00,0x00,0x00,0x00,0x00,0x00,0x00,0x00,
    0x00,0x00,0x88,0xFF,0xFF,0xFF,0xFF,0xFF,0xFF,0xFF,0xFF,0xFF,0xFF,0xFF,0xFF,0xFF,
    0xFF,0xFF,0xFF,0xFF,0xFF,0xFF,0xFF,0xFF,0xFF,0xFF,0xFF,0xFF,0xFF,0xFF,0xFF,0xFF,
    0xFF,0xFF,0xFF,0xFF,0xFF,0xFF,0xFF,0xFF,0xFF,0xFF,0xFF,0xFF,0xFF,0xFF,0xFF,0xFF,
    0xFF,0xFF,0xFF,0xFF,0xFF,0xFF,0xFF,0xFF,0xFF,0xFF,0xFF,0xFF,0xFF,0xFF,0xFF,0xFF,
    0xFF,0xFF,0xFF,0xFF,0xFF,0xFF,0xFF,0xFF,0xFF,0xFF,0xFF,0xFF,0xFF,0xFF,0xFF,0xFF,
    0xFF,0xFF,0xFF,0xFF,0xFF,0xFF,0xFF,0xFF,0xFF,0xFF,0xFF,0xFF,0xFF,0xFF,0xFF,0xFF,
    0xFF,0xFF,0xFF,0xFF,0xFF,0xFF,0xFF,0xFF,0xFF,0xFF,0xFF,0xFF,0xFF,0xFF,0xFF,0xFF,
    0xFF,0xFF,0xFF,0xFF,0xFF,0xFF,0xFF,0xFF,0xFF,0xFF,0xFF,0xFF,0xFF,0xFF,0xFF,0xFF,
    0xFF,0xFF,0xFF,0xFF,0xFF,0xFF,0xFF,0xFF,0xFF,0xFF,0xFF,0xFF,0xFF,0xFF,0xFF,0xFF,
    0xFF,0xFF,0xFF,0xFF,0xFF,0xFF,0xFF,0xFF,0xFF,0xFF,0xFF,0xFF,0xFF,0xFF,0xFF,0xFF,
    0xFF,0xFF,0xFF,0xFF,0xFF,0xFF,0xFF,0xFF,0xFF,0xFF,0xFF,0xFF,0xFF,0xFF,0xFF,0xFF,
    0xFF,0xFF,0xFF,0xFF,0xFF,0xFF,0xFF,0xFF,0xFF,0xFF,0xFF,0xFF,0xFF,0xFF,0xFF,0xFF,
    0xFF,0xFF,0xFF,0xFF,0xFF,0xFF,0xFF,0xFF,0xFF,0xFF,0xFF,0xFF,0xFF,0x88,0x00,0x00,
    0x00,0x00,0x00,0x00,0x00,0x00,0x00,0x00,0x00,0x00,0x00,0x00,0x00,0x00,0x00,0x00,
    0x00,0x00,0x00,0x00,0x00,0x00,0x00,0x00,0x00,0x00,0x00,0x00,0x00,0x00,0x00,0x00,
    0x00,0x4F,0xE0,0xFF,0xFF,0xFF,0xFF,0xFF,0xFF,0xFF,0xFF,0xFF,0xFF,0xFF,0xFF,0xFF,
    0xFF,0xFF,0xFF,0xFF,0xFF,0xFF,0xFF,0xFF,0xFF,0xFF,0xFF,0xFF,0xFF,0xFF,0xFF,0xFF,
    0xFF,0xFF,0xFF,0xFF,0xFF,0xFF,0xFF,0xFF,0xFF,0xFF,0xFF,0xFF,0xFF,0xFF,0xFF,0xFF,
    0xFF,0xFF,0xFF,0xFF,0xFF,0xFF,0xFF,0xFF,0xFF,0xFF,0xFF,0xFF,0xFF,0xFF,0xFF,0xFF,
    0xFF,0xFF,0xFF,0xFF,0xFF,0xFF,0xFF,0xFF,0xFF,0xFF,0xFF,0xFF,0xFF,0xFF,0xFF,0xFF,
    0xFF,0xFF,0xFF,0xFF,0xFF,0xFF,0xFF,0xFF,0xFF,0xFF,0xFF,0xFF,0xFF,0xFF,0xFF,0xFF,
    0xFF,0xFF,0xFF,0xFF,0xFF,0xFF,0xFF,0xFF,0xFF,0xFF,0xFF,0xFF,0xFF,0xFF,0xFF,0xFF,
    0xFF,0xFF,0xFF,0xFF,0xFF,0xFF,0xFF,0xFF,0xFF,0xFF,0xFF,0xFF,0xFF,0xFF,0xFF,0xFF,
    0xFF,0xFF,0xFF,0xFF,0xFF,0xFF,0xFF,0xFF,0xFF,0xFF,0xFF,0xFF,0xFF,0xFF,0xFF,0xFF,
    0xFF,0xFF,0xFF,0xFF,0xFF,0xFF,0xFF,0xFF,0xFF,0xFF,0xFF,0xFF,0xFF,0xFF,0xFF,0xFF,
    0xFF,0xFF,0xFF,0xFF,0xFF,0xFF,0xFF,0xFF,0xFF,0xFF,0xFF,0xFF,0xFF,0xFF,0xFF,0xFF,
    0xFF,0xFF,0xFF,0xFF,0xFF,0xFF,0xFF,0xFF,0xFF,0xFF,0xFF,0xFF,0xFF,0xFF,0xFF,0xFF,
    0xFF,0xFF,0xFF,0xFF,0xFF,0xFF,0xFF,0xFF,0xFF,0xFF,0xFF,0xFF,0xFF,0xE0,0x4F,0x00,
    0x00,0x00,0x00,0x00,0x00,0x00,0x00,0x00,0x00,0x00,0x00,0x00,0x00,0x00,0x00,0x00,
    0x00,0x00,0x00,0x00,0x00,0x00,0x00,0x00,0x00,0x00,0x00,0x00,0x00,0x00,0x00,0x00,
    0x13,0xA6,0xFF,0xFF,0xFF,0xFF,0xFF,0xFF,0xFF,0xFF,0xFF,0xFF,0xFF,0xFF,0xFF,0xFF,
    0xFF,0xFF,0xFF,0xFF,0xFF,0xFF,0xFF,0xFF,0xFF,0xFF,0xFF,0xFF,0xFF,0xFF,0xFF,0xFF,
    0xFF,0xFF,0xFF,0xFF,0xFF,0xFF,0xFF,0xFF,0xFF,0xFF,0xFF,0xFF,0xFF,0xFF,0xFF,0xFF,
    0xFF,0xFF,0xFF,0xFF,0xFF,0xFF,0xFF,0xFF,0xFF,0xFF,0xFF,0xFF,0xFF,0xFF,0xFF,0xFF,
    0xFF,0xFF,0xFF,0xFF,0xFF,0xFF,0xFF,0xFF,0xFF,0xFF,0xFF,0xFF,0xFF,0xFF,0xFF,0xFF,
    0xFF,0xFF,0xFF,0xFF,0xFF,0xFF,0xFF,0xFF,0xFF,0xFF,0xFF,0xFF,0xFF,0xFF,0xFF,0xFF,
    0xFF,0xFF,0xFF,0xFF,0xFF,0xFF,0xFF,0xFF,0xFF,0xFF,0xFF,0xFF,0xFF,0xFF,0xFF,0xFF,
    0xFF,0xFF,0xFF,0xFF,0xFF,0xFF,0xFF,0xFF,0xFF,0xFF,0xFF,0xFF,0xFF,0xFF,0xFF,0xFF,
    0xFF,0xFF,0xFF,0xFF,0xFF,0xFF,0xFF,0xFF,0xFF,0xFF,0xFF,0xFF,0xFF,0xFF,0xFF,0xFF,
    0xFF,0xFF,0xFF,0xFF,0xFF,0xFF,0xFF,0xFF,0xFF,0xFF,0xFF,0xFF,0xFF,0xFF,0xFF,0xFF,
    0xFF,0xFF,0xFF,0xFF,0xFF,0xFF,0xFF,0xFF,0xFF,0xFF,0xFF,0xFF,0xFF,0xFF,0xFF,0xFF,
    0xFF,0xFF,0xFF,0xFF,0xFF,0xFF,0xFF,0xFF,0xFF,0xFF,0xFF,0xFF,0xFF,0xFF,0xFF,0xFF,
    0xFF,0xFF,0xFF,0xFF,0xFF,0xFF,0xFF,0xFF,0xFF,0xFF,0xFF,0xFF,0xFF,0xFF,0xA6,0x13,
    0x00,0x00,0x00,0x00,0x00,0x00,0x00,0x00,0x00,0x00,0x00,0x00,0x00,0x00,0x00,0x00,
    0x00,0x00,0x00,0x00,0x00,0x00,0x00,0x00,0x00,0x00,0x00,0x00,0x00,0x00,0x00,0x00,
    0x68,0xFB,0xFF,0xFF,0xFF,0xFF,0xFF,0xFF,0xFF,0xFF,0xFF,0xFF,0xFF,0xFF,0xFF,0xFF,
    0xFF,0xFF,0xFF,0xFF,0xFF,0xFF,0xFF,0xFF,0xFF,0xFF,0xFF,0xFF,0xFF,0xFF,0xFF,0xFF,
    0xFF,0xFF,0xFF,0xFF,0xFF,0xFF,0xFF,0xFF,0xFF,0xFF,0xFF,0xFF,0xFF,0xFF,0xFF,0xFF,
    0xFF,0xFF,0xFF,0xFF,0xFF,0xFF,0xFF,0xFF,0xFF,0xFF,0xFF,0xFF,0xFF,0xFF,0xFF,0xFF,
    0xFF,0xFF,0xFF,0xFF,0xFF,0xFF,0xFF,0xFF,0xFF,0xFF,0xFF,0xFF,0xFF,0xFF,0xFF,0xFF,
    0xFF,0xFF,0xFF,0xFF,0xFF,0xFF,0xFF,0xFF,0xFF,0xFF,0xFF,0xFF,0xFF,0xFF,0xFF,0xFF,
    0xFF,0xFF,0xFF,0xFF,0xFF,0xFF,0xFF,0xFF,0xFF,0xFF,0xFF,0xFF,0xFF,0xFF,0xFF,0xFF,
    0xFF,0xFF,0xFF,0xFF,0xFF,0xFF,0xFF,0xFF,0xFF,0xFF,0xFF,0xFF,0xFF,0xFF,0xFF,0xFF,
    0xFF,0xFF,0xFF,0xFF,0xFF,0xFF,0xFF,0xFF,0xFF,0xFF,0xFF,0xFF,0xFF,0xFF,0xFF,0xFF,
    0xFF,0xFF,0xFF,0xFF,0xFF,0xFF,0xFF,0xFF,0xFF,0xFF,0xFF,0xFF,0xFF,0xFF,0xFF,0xFF,
    0xFF,0xFF,0xFF,0xFF,0xFF,0xFF,0xFF,0xFF,0xFF,0xFF,0xFF,0xFF,0xFF,0xFF,0xFF,0xFF,
    0xFF,0xFF,0xFF,0xFF,0xFF,0xFF,0xFF,0xFF,0xFF,0xFF,0xFF,0xFF,0xFF,0xFF,0xFF,0xFF,
    0xFF,0xFF,0xFF,0xFF,0xFF,0xFF,0xFF,0xFF,0xFF,0xFF,0xFF,0xFF,0xFF,0xFF,0xFB,0x68,
    0x00,0x00,0x00,0x00,0x00,0x00,0x00,0x00,0x00,0x00,0x00,0x00,0x00,0x00,0x00,0x00,
    0x00,0x00,0x00,0x00,0x00,0x00,0x00,0x00,0x00,0x00,0x00,0x00,0x00,0x00,0x00,0x28,
    0xBC,0xFF,0xFF,0xFF,0xFF,0xFF,0xFF,0xFF,0xFF,0xFF,0xFF,0xFF,0xFF,0xFF,0xFF,0xFF,
    0xFF,0xFF,0xFF,0xFF,0xFF,0xFF,0xFF,0xFF,0xFF,0xFF,0xFF,0xFF,0xFF,0xFF,0xFF,0xFF,
    0xFF,0xFF,0xFF,0xFF,0xFF,0xFF,0xFF,0xFF,0xFF,0xFF,0xFF,0xFF,0xFF,0xFF,0xFF,0xFF,
    0xFF,0xFF,0xFF,0xFF,0xFF,0xFF,0xFF,0xFF,0xFF,0xFF,0xFF,0xFF,0xFF,0xFF,0xFF,0xFF,
    0xFF,0xFF,0xFF,0xFF,0xFF,0xFF,0xFF,0xFF,0xFF,0xFF,0xFF,0xFF,0xFF,0xFF,0xFF,0xFF,
    0xFF,0xFF,0xFF,0xFF,0xFF,0xFF,0xFF,0xFF,0xFF,0xFF,0xFF,0xFF,0xFF,0xFF,0xFF,0xFF,
    0xFF,0xFF,0xFF,0xFF,0xFF,0xFF,0xFF,0xFF,0xFF,0xFF,0xFF,0xFF,0xFF,0xFF,0xFF,0xFF,
    0xFF,0xFF,0xFF,0xFF,0xFF,0xFF,0xFF,0xFF,0xFF,0xFF,0xFF,0xFF,0xFF,0xFF,0xFF,0xFF,
    0xFF,0xFF,0xFF,0xFF,0xFF,0xFF,0xFF,0xFF,0xFF,0xFF,0xFF,0xFF,0xFF,0xFF,0xFF,0xFF,
    0xFF,0xFF,0xFF,0xFF,0xFF,0xFF,0xFF,0xFF,0xFF,0xFF,0xFF,0xFF,0xFF,0xFF,0xFF,0xFF,
    0xFF,0xFF,0xFF,0xFF,0xFF,0xFF,0xFF,0xFF,0xFF,0xFF,0xFF,0xFF,0xFF,0xFF,0xFF,0xFF,
    0xFF,0xFF,0xFF,0xFF,0xFF,0xFF,0xFF,0xFF,0xFF,0xFF,0xFF,0xFF,0xFF,0xFF,0xFF,0xFF,
    0xFF,0xFF,0xFF,0xFF,0xFF,0xFF,0xFF,0xFF,0xFF,0xFF,0xFF,0xFF,0xFF,0xFF,0xFF,0xBC,
    0x28,0x00,0x00,0x00,0x00,0x00,0x00,0x00,0x00,0x00,0x00,0x00,0x00,0x00,0x00,0x00,
    0x00,0x00,0x00,0x00,0x00,0x00,0x00,0x00,0x00,0x00,0x00,0x00,0x00,0x00,0x00,0x7B,
    0xFF,0xFF,0xFF,0xFF,0xFF,0xFF,0xFF,0xFF,0xFF,0xFF,0xFF,0xFF,0xFF,0xFF,0xFF,0xFF,
    0xFF,0xFF,0xFF,0xFF,0xFF,0xFF,0xFF,0xFF,0xFF,0xFF,0xFF,0xFF,0xFF,0xFF,0xFF,0xFF,
    0xFF,0xFF,0xFF,0xFF,0xFF,0xFF,0xFF,0xFF,0xFF,0xFF,0xFF,0xFF,0xFF,0xFF,0xFF,0xFF,
    0xFF,0xFF,0xFF,0xFF,0xFF,0xFF,0xFF,0xFF,0xFF,0xFF,0xFF,0xFF,0xFF,0xFF,0xFF,0xFF,
    0xFF,0xFF,0xFF,0xFF,0xFF,0xFF,0xFF,0xFF,0xFF,0xFF,0xFF,0xFF,0xFF,0xFF,0xFF,0xFF,
    0xFF,0xFF,0xFF,0xFF,0xFF,0xFF,0xFF,0xFF,0xFF,0xFF,0xFF,0xFF,0xFF,0xFF,0xFF,0xFF,
    0xFF,0xFF,0xFF,0xFF,0xFF,0xFF,0xFF,0xFF,0xFF,0xFF,0xFF,0xFF,0xFF,0xFF,0xFF,0xFF,
    0xFF,0xFF,0xFF,0xFF,0xFF,0xFF,0xFF,0xFF,0xFF,0xFF,0xFF,0xFF,0xFF,0xFF,0xFF,0xFF,
    0xFF,0xFF,0xFF,0xFF,0xFF,0xFF,0xFF,0xFF,0xFF,0xFF,0xFF,0xFF,0xFF,0xFF,0xFF,0xFF,
    0xFF,0xFF,0xFF,0xFF,0xFF,0xFF,0xFF,0xFF,0xFF,0xFF,0xFF,0xFF,0xFF,0xFF,0xFF,0xFF,
    0xFF,0xFF,0xFF,0xFF,0xFF,0xFF,0xFF,0xFF,0xFF,0xFF,0xFF,0xFF,0xFF,0xFF,0xFF,0xFF,
    0xFF,0xFF,0xFF,0xFF,0xFF,0xFF,0xFF,0xFF,0xFF,0xFF,0xFF,0xFF,0xFF,0xFF,0xFF,0xFF,
    0xFF,0xFF,0xFF,0xFF,0xFF,0xFF,0xFF,0xFF,0xFF,0xFF,0xFF,0xFF,0xFF,0xFF,0xFF,0xFF,
    0x7B,0x00,0x00,0x00,0x00,0x00,0x00,0x00,0x00,0x00,0x00,0x00,0x00,0x00,0x00,0x00,
    0x00,0x00,0x00,0x00,0x00,0x00,0x00,0x00,0x00,0x00,0x00,0x00,0x00,0x00,0x36,0xCC,
    0xFF,0xFF,0xFF,0xFF,0xFF,0xFF,0xFF,0xFF,0xFF,0xFF,0xFF,0xFF,0xFF,0xFF,0xFF,0xFF,
    0xFF,0xFF,0xFF,0xFF,0xFF,0xFF,0xFF,0xFF,0xFF,0xFF,0xFF,0xFF,0xFF,0xFF,0xFF,0xFF,
    0xFF,0xFF,0xFF,0xFF,0xFF,0xFF,0xFF,0xFF,0xFF,0xFF,0xFF,0xFF,0xFF,0xFF,0xFF,0xFF,
    0xFF,0xFF,0xFF,0xFF,0xFF,0xFF,0xFF,0xFF,0xFF,0xFF,0xFF,0xFF,0xFF,0xFF,0xFF,0xFF,
    0xFF,0xFF,0xFF,0xFF,0xFF,0xFF,0xFF,0xFF,0xFF,0xFF,0xFF,0xFF,0xFF,0xFF,0xFF,0xFF,
    0xFF,0xFF,0xFF,0xFF,0xFF,0xFF,0xFF,0xFF,0xFF,0xFF,0xFF,0xFF,0xFF,0xFF,0xFF,0xFF,
    0xFF,0xFF,0xFF,0xFF,0xFF,0xFF,0xFF,0xFF,0xFF,0xFF,0xFF,0xFF,0xFF,0xFF,0xFF,0xFF,
    0xFF,0xFF,0xFF,0xFF,0xFF,0xFF,0xFF,0xFF,0xFF,0xFF,0xFF,0xFF,0xFF,0xFF,0xFF,0xFF,
    0xFF,0xFF,0xFF,0xFF,0xFF,0xFF,0xFF,0xFF,0xFF,0xFF,0xFF,0xFF,0xFF,0xFF,0xFF,0xFF,
    0xFF,0xFF,0xFF,0xFF,0xFF,0xFF,0xFF,0xFF,0xFF,0xFF,0xFF,0xFF,0xFF,0xFF,0xFF,0xFF,
    0xFF,0xFF,0xFF,0xFF,0xFF,0xFF,0xFF,0xFF,0xFF,0xFF,0xFF,0xFF,0xFF,0xFF,0xFF,0xFF,
    0xFF,0xFF,0xFF,0xFF,0xFF,0xFF,0xFF,0xFF,0xFF,0xFF,0xFF,0xFF,0xFF,0xFF,0xFF,0xFF,
    0xFF,0xFF,0xFF,0xFF,0xFF,0xFF,0xFF,0xFF,0xFF,0xFF,0xFF,0xFF,0xFF,0xFF,0xFF,0xFF,
    0xCC,0x36,0x00,0x00,0x00,0x00,0x00,0x00,0x00,0x00,0x00,0x00,0x00,0x00,0x00,0x00,
    0x00,0x00,0x00,0x00,0x00,0x00,0x00,0x00,0x00,0x00,0x00,0x00,0x00,0x00,0x86,0xFF,
    0xFF,0xFF,0xFF,0xFF,0xFF,0xFF,0xFF,0xFF,0xFF,0xFF,0xFF,0xFF,0xFF,0xFF,0xFF,0xFF,
    0xFF,0xFF,0xFF,0xFF,0xFF,0xFF,0xFF,0xFF,0xFF,0xFF,0xFF,0xFF,0xFF,0xFF,0xFF,0xFF,
    0xFF,0xFF,0xFF,0xFF,0xFF,0xFF,0xFF,0xFF,0xFF,0xFF,0xFF,0xFF,0xFF,0xFF,0xFF,0xFF,
    0xFF,0xFF,0xFF,0xFF,0xFF,0xFF,0xFF,0xFF,0xFF,0xFF,0xFF,0xFF,0xFF,0xFF,0xFF,0xFF,
    0xFF,0xFF,0xFF,0xFF,0xFF,0xFF,0xFF,0xFF,0xFF,0xFF,0xFF,0xFF,0xFF,0xFF,0xFF,0xFF,
    0xFF,0xFF,0xFF,0xFF,0xFF,0xFF,0xFF,0xFF,0xFF,0xFF,0xFF,0xFF,0xFF,0xFF,0xFF,0xFF,
    0xFF,0xFF,0xFF,0xFF,0xFF,0xFF,0xFF,0xFF,0xFF,0xFF,0xFF,0xFF,0xFF,0xFF,0xFF,0xFF,
    0xFF,0xFF,0xFF,0xFF,0xFF,0xFF,0xFF,0xFF,0xFF,0xFF,0xFF,0xFF,0xFF,0xFF,0xFF,0xFF,
    0xFF,0xFF,0xFF,0xFF,0xFF,0xFF,0xFF,0xFF,0xFF,0xFF,0xFF,0xFF,0xFF,0xFF,0xFF,0xFF,
    0xFF,0xFF,0xFF,0xFF,0xFF,0xFF,0xFF,0xFF,0xFF,0xFF,0xFF,0xFF,0xFF,0xFF,0xFF,0xFF,
    0xFF,0xFF,0xFF,0xFF,0xFF,0xFF,0xFF,0xFF,0xFF,0xFF,0xFF,0xFF,0xFF,0xFF,0xFF,0xFF,
    0xFF,0xFF,0xFF,0xFF,0xFF,0xFF,0xFF,0xFF,0xFF,0xFF,0xFF,0xFF,0xFF,0xFF,0xFF,0xFF,
    0xFF,0xFF,0xFF,0xFF,0xFF,0xFF,0xFF,0xFF,0xFF,0xFF,0xFF,0xFF,0xFF,0xFF,0xFF,0xFF,
    0xFF,0x86,0x00,0x00,0x00,0x00,0x00,0x00,0x00,0x00,0x00,0x00,0x00,0x00,0x00,0x00,
    0x00,0x00,0x00,0x00,0x00,0x00,0x00,0x00,0x00,0x00,0x00,0x00,0x00,0x3E,0xD5,0xFF,
    0xFF,0xFF,0xFF,0xFF,0xFF,0xFF,0xFF,0xFF,0xFF,0xFF,0xFF,0xFF,0xFF,0xFF,0xFF,0xFF,
    0xFF,0xFF,0xFF,0xFF,0xFF,0xFF,0xFF,0xFF,0xFF,0xFF,0xFF,0xFF,0xFF,0xFF,0xFF,0xFF,
    0xFF,0xFF,0xFF,0xFF,0xFF,0xFF,0xFF,0xFF,0xFF,0xFF,0xFF,0xFF,0xFF,0xFF,0xFF,0xFF,
    0xFF,0xFF,0xFF,0xFF,0xFF,0xFF,0xFF,0xFF,0xFF,0xFF,0xFF,0xFF,0xFF,0xFF,0xFF,0xFF,
    0xFF,0xFF,0xFF,0xFF,0xFF,0xFF,0xFF,0xFF,0xFF,0xFF,0xFF,0xFF,0xFF,0xFF,0xFF,0xFF,
    0xFF,0xFF,0xFF,0xFF,0xFF,0xFF,0xFF,0xFF,0xFF,0xFF,0xFF,0xFF,0xFF,0xFF,0xFF,0xFF,
    0xFF,0xFF,0xFF,0xFF,0xFF,0xFF,0xFF,0xFF,0xFF,0xFF,0xFF,0xFF,0xFF,0xFF,0xFF,0xFF,
    0xFF,0xFF,0xFF,0xFF,0xFF,0xFF,0xFF,0xFF,0xFF,0xFF,0xFF,0xFF,0xFF,0xFF,0xFF,0xFF,
    0xFF,0xFF,0xFF,0xFF,0xFF,0xFF,0xFF,0xFF,0xFF,0xFF,0xFF,0xFF,0xFF,0xFF,0xFF,0xFF,
    0xFF,0xFF,0xFF,0xFF,0xFF,0xFF,0xFF,0xFF,0xFF,0xFF,0xFF,0xFF,0xFF,0xFF,0xFF,0xFF,
    0xFF,0xFF,0xFF,0xFF,0xFF,0xFF,0xFF,0xFF,0xFF,0xFF,0xFF,0xFF,0xFF,0xFF,0xFF,0xFF,
    0xFF,0xFF,0xFF,0xFF,0xFF,0xFF,0xFF,0xFF,0xFF,0xFF,0xFF,0xFF,0xFF,0xFF,0xFF,0xFF,
    0xFF,0xFF,0xFF,0xFF,0xFF,0xFF,0xFF,0xFF,0xFF,0xFF,0xFF,0xFF,0xFF,0xFF,0xFF,0xFF,
    0xFF,0xD5,0x3E,0x00,0x00,0x00,0x00,0x00,0x00,0x00,0x00,0x00,0x00,0x00,0x00,0x00,
    0x00,0x00,0x00,0x00,0x00,0x00,0x00,0x00,0x00,0x00,0x00,0x00,0x00,0x8A,0xFF,0xFF,
    0xFF,0xFF,0xFF,0xFF,0xFF,0xFF,0xFF,0xFF,0xFF,0xFF,0xFF,0xFF,0xFF,0xFF,0xFF,0xFF,
    0xFF,0xFF,0xFF,0xFF,0xFF,0xFF,0xFF,0xFF,0xFF,0xFF,0xFF,0xFF,0xFF,0xFF,0xFF,0xFF,
    0xFF,0xFF,0xFF,0xFF,0xFF,0xFF,0xFF,0xFF,0xFF,0xFF,0xFF,0xFF,0xFF,0xFF,0xFF,0xFF,
    0xFF,0xFF,0xFF,0xFF,0xFF,0xFF,0xFF,0xFF,0xFF,0xFF,0xFF,0xFF,0xFF,0xFF,0xFF,0xFF,
    0xFF,0xFF,0xFF,0xFF,0xFF,0xFF,0xFF,0xFF,0xFF,0xFF,0xFF,0xFF,0xFF,0xFF,0xFF,0xFF,
    0xFF,0xFF,0xFF,0xFF,0xFF,0xFF,0xFF,0xFF,0xFF,0xFF,0xFF,0xFF,0xFF,0xFF,0xFF,0xFF,
    0xFF,0xFF,0xFF,0xFF,0xFF,0xFF,0xFF,0xFF,0xFF,0xFF,0xFF,0xFF,0xFF,0xFF,0xFF,0xFF,
    0xFF,0xFF,0xFF,0xFF,0xFF,0xFF,0xFF,0xFF,0xFF,0xFF,0xFF,0xFF,0xFF,0xFF,0xFF,0xFF,
    0xFF,0xFF,0xFF,0xFF,0xFF,0xFF,0xFF,0xFF,0xFF,0xFF,0xFF,0xFF,0xFF,0xFF,0xFF,0xFF,
    0xFF,0xFF,0xFF,0xFF,0xFF,0xFF,0xFF,0xFF,0xFF,0xFF,0xFF,0xFF,0xFF,0xFF,0xFF,0xFF,
    0xFF,0xFF,0xFF,0xFF,0xFF,0xFF,0xFF,0xFF,0xFF,0xFF,0xFF,0xFF,0xFF,0xFF,0xFF,0xFF,
    0xFF,0xFF,0xFF,0xFF,0xFF,0xFF,0xFF,0xFF,0xFF,0xFF,0xFF,0xFF,0xFF,0xFF,0xFF,0xFF,
    0xFF,0xFF,0xFF,0xFF,0xFF,0xFF,0xFF,0xFF,0xFF,0xFF,0xFF,0xFF,0xFF,0xFF,0xFF,0xFF,
    0xFF,0xFF,0x8A,0x00,0x00,0x00,0x00,0x00,0x00,0x00,0x00,0x00,0x00,0x00,0x00,0x00,
    0x00,0x00,0x00,0x00,0x00,0x00,0x00,0x00,0x00,0x00,0x00,0x00,0x3E,0xD6,0xFF,0xFF,
    0xFF,0xFF,0xFF,0xFF,0xFF,0xFF,0xFF,0xFF,0xFF,0xFF,0xFF,0xFF,0xFF,0xFF,0xFF,0xFF,
    0xFF,0xFF,0xFF,0xFF,0xFF,0xFF,0xFF,0xFF,0xFF,0xFF,0xFF,0xFF,0xFF,0xFF,0xFF,0xFF,
    0xFF,0xFF,0xFF,0xFF,0xFF,0xFF,0xFF,0xFF,0xFF,0xFF,0xFF,0xFF,0xFF,0xFF,0xFF,0xFF,
    0xFF,0xFF,0xFF,0xFF,0xFF,0xFF,0xFF,0xFF,0xFF,0xFF,0xFF,0xFF,0xFF,0xFF,0xFF,0xFF,
    0xFF,0xFF,0xFF,0xFF,0xFF,0xFF,0xFF,0xFF,0xFF,0xFF,0xFF,0xFF,0xFF,0xFF,0xFF,0xFF,
    0xFF,0xFF,0xFF,0xFF,0xFF,0xFF,0xFF,0xFF,0xFF,0xFF,0xFF,0xFF,0xFF,0xFF,0xFF,0xFF,
    0xFF,0xFF,0xFF,0xFF,0xFF,0xFF,0xFF,0xFF,0xFF,0xFF,0xFF,0xFF,0xFF,0xFF,0xFF,0xFF,
    0xFF,0xFF,0xFF,0xFF,0xFF,0xFF,0xFF,0xFF,0xFF,0xFF,0xFF,0xFF,0xFF,0xFF,0xFF,0xFF,
    0xFF,0xFF,0xFF,0xFF,0xFF,0xFF,0xFF,0xFF,0xFF,0xFF,0xFF,0xFF,0xFF,0xFF,0xFF,0xFF,
    0xFF,0xFF,0xFF,0xFF,0xFF,0xFF,0xFF,0xFF,0xFF,0xFF,0xFF,0xFF,0xFF,0xFF,0xFF,0xFF,
    0xFF,0xFF,0xFF,0xFF,0xFF,0xFF,0xFF,0xFF,0xFF,0xFF,0xFF,0xFF,0xFF,0xFF,0xFF,0xFF,
    0xFF,0xFF,0xFF,0xFF,0xFF,0xFF,0xFF,0xFF,0xFF,0xFF,0xFF,0xFF,0xFF,0xFF,0xFF,0xFF,
    0xFF,0xFF,0xFF,0xFF,0xFF,0xFF,0xFF,0xFF,0xFF,0xFF,0xFF,0xFF,0xFF,0xFF,0xFF,0xFF,
    0xFF,0xFF,0xD6,0x3E,0x00,0x00,0x00,0x00,0x00,0x00,0x00,0x00,0x00,0x00,0x00,0x00,
    0x00,0x00,0x00,0x00,0x00,0x00,0x00,0x00,0x00,0x00,0x00,0x00,0x88,0xFF,0xFF,0xFF,
    0xFF,0xFF,0xFF,0xFF,0xFF,0xFF,0xFF,0xFF,0xFF,0xFF,0xFF,0xFF,0xFF,0xFF,0xFF,0xFF,
    0xFF,0xFF,0xFF,0xFF,0xFF,0xFF,0xFF,0xFF,0xFF,0xFF,0xFF,0xFF,0xFF,0xFF,0xFF,0xFF,
    0xFF,0xFF,0xFF,0xFF,0xFF,0xFF,0xFF,0xFF,0xFF,0xFF,0xFF,0xFF,0xFF,0xFF,0xFF,0xFF,
    0xFF,0xFF,0xFF,0xFF,0xFF,0xFF,0xFF,0xFF,0xFF,0xFF,0xFF,0xFF,0xFF,0xFF,0xFF,0xFF,
    0xFF,0xFF,0xFF,0xFF,0xFF,0xFF,0xFF,0xFF,0xFF,0xFF,0xFF,0xFF,0xFF,0xFF,0xFF,0xFF,
    0xFF,0xFF,0xFF,0xFF,0xFF,0xFF,0xFF,0xFF,0xFF,0xFF,0xFF,0xFF,0xFF,0xFF,0xFF,0xFF,
    0xFF,0xFF,0xFF,0xFF,0xFF,0xFF,0xFF,0xFF,0xFF,0xFF,0xFF,0xFF,0xFF,0xFF,0xFF,0xFF,
    0xFF,0xFF,0xFF,0xFF,0xFF,0xFF,0xFF,0xFF,0xFF,0xFF,0xFF,0xFF,0xFF,0xFF,0xFF,0xFF,
    0xFF,0xFF,0xFF,0xFF,0xFF,0xFF,0xFF,0xFF,0xFF,0xFF,0xFF,0xFF,0xFF,0xFF,0xFF,0xFF,
    0xFF,0xFF,0xFF,0xFF,0xFF,0xFF,0xFF,0xFF,0xFF,0xFF,0xFF,0xFF,0xFF,0xFF,0xFF,0xFF,
    0xFF,0xFF,0xFF,0xFF,0xFF,0xFF,0xFF,0xFF,0xFF,0xFF,0xFF,0xFF,0xFF,0xFF,0xFF,0xFF,
    0xFF,0xFF,0xFF,0xFF,0xFF,0xFF,0xFF,0xFF,0xFF,0xFF,0xFF,0xFF,0xFF,0xFF,0xFF,0xFF,
    0xFF,0xFF,0xFF,0xFF,0xFF,0xFF,0xFF,0xFF,0xFF,0xFF,0xFF,0xFF,0xFF,0xFF,0xFF,0xFF,
    0xFF,0xFF,0xFF,0x88,0x00,0x00,0x00,0x00,0x00,0x00,0x00,0x00,0x00,0x00,0x00,0x00,
    0x00,0x00,0x00,0x00,0x00,0x00,0x00,0x00,0x00,0x00,0x00,0x36,0xD0,0xFF,0xFF,0xFF,
    0xFF,0xFF,0xFF,0xFF,0xFF,0xFF,0xFF,0xFF,0xFF,0xFF,0xFF,0xFF,0xFF,0xFF,0xFF,0xFF,
    0xFF,0xFF,0xFF,0xFF,0xFF,0xFF,0xFF,0xFF,0xFF,0xFF,0xFF,0xFF,0xFF,0xFF,0xFF,0xFF,
    0xFF,0xFF,0xFF,0xFF,0xFF,0xFF,0xFF,0xFF,0xFF,0xFF,0xFF,0xFF,0xFF,0xFF,0xFF,0xFF,
    0xFF,0xFF,0xFF,0xFF,0xFF,0xFF,0xFF,0xFF,0xFF,0xFF,0xFF,0xFF,0xFF,0xFF,0xFF,0xFF,
    0xFF,0xFF,0xFF,0xFF,0xFF,0xFF,0xFF,0xFF,0xFF,0xFF,0xFF,0xFF,0xFF,0xFF,0xFF,0xFF,
    0xFF,0xFF,0xFF,0xFF,0xFF,0xFF,0xFF,0xFF,0xFF,0xFF,0xFF,0xFF,0xFF,0xFF,0xFF,0xFF,
    0xFF,0xFF,0xFF,0xFF,0xFF,0xFF,0xFF,0xFF,0xFF,0xFF,0xFF,0xFF,0xFF,0xFF,0xFF,0xFF,
    0xFF,0xFF,0xFF,0xFF,0xFF,0xFF,0xFF,0xFF,0xFF,0xFF,0xFF,0xFF,0xFF,0xFF,0xFF,0xFF,
    0xFF,0xFF,0xFF,0xFF,0xFF,0xFF,0xFF,0xFF,0xFF,0xFF,0xFF,0xFF,0xFF,0xFF,0xFF,0xFF,
    0xFF,0xFF,0xFF,0xFF,0xFF,0xFF,0xFF,0xFF,0xFF,0xFF,0xFF,0xFF,0xFF,0xFF,0xFF,0xFF,
    0xFF,0xFF,0xFF,0xFF,0xFF,0xFF,0xFF,0xFF,0xFF,0xFF,0xFF,0xFF,0xFF,0xFF,0xFF,0xFF,
    0xFF,0xFF,0xFF,0xFF,0xFF,0xFF,0xFF,0xFF,0xFF,0xFF,0xFF,0xFF,0xFF,0xFF,0xFF,0xFF,
    0xFF,0xFF,0xFF,0xFF,0xFF,0xFF,0xFF,0xFF,0xFF,0xFF,0xFF,0xFF,0xFF,0xFF,0xFF,0xFF,
    0xFF,0xFF,0xFF,0xD0,0x36,0x00,0x00,0x00,0x00,0x00,0x00,0x00,0x00,0x00,0x00,0x00,
    0x00,0x00,0x00,0x00,0x00,0x00,0x00,0x00,0x00,0x00,0x00,0x7E,0xFF,0xFF,0xFF,0xFF,
    0xFF,0xFF,0xFF,0xFF,0xFF,0xFF,0xFF,0xFF,0xFF,0xFF,0xFF,0xFF,0xFF,0xFF,0xFF,0xFF,
    0xFF,0xFF,0xFF,0xFF,0xFF,0xFF,0xFF,0xFF,0xFF,0xFF,0xFF,0xFF,0xFF,0xFF,0xFF,0xFF,
    0xFF,0xFF,0xFF,0xFF,0xFF,0xFF,0xFF,0xFF,0xFF,0xFF,0xFF,0xFF,0xFF,0xFF,0xFF,0xFF,
    0xFF,0xFF,0xFF,0xFF,0xFF,0xFF,0xFF,0xFF,0xFF,0xFF,0xFF,0xFF,0xFF,0xFF,0xFF,0xFF,
    0xFF,0xFF,0xFF,0xFF,0xFF,0xFF,0xFF,0xFF,0xFF,0xFF,0xFF,0xFF,0xFF,0xFF,0xFF,0xFF,
    0xFF,0xFF,0xFF,0xFF,0xFF,0xFF,0xFF,0xFF,0xFF,0xFF,0xFF,0xFF,0xFF,0xFF,0xFF,0xFF,
    0xFF,0xFF,0xFF,0xFF,0xFF,0xFF,0xFF,0xFF,0xFF,0xFF,0xFF,0xFF,0xFF,0xFF,0xFF,0xFF,
    0xFF,0xFF,0xFF,0xFF,0xFF,0xFF,0xFF,0xFF,0xFF,0xFF,0xFF,0xFF,0xFF,0xFF,0xFF,0xFF,
    0xFF,0xFF,0xFF,0xFF,0xFF,0xFF,0xFF,0xFF,0xFF,0xFF,0xFF,0xFF,0xFF,0xFF,0xFF,0xFF,
    0xFF,0xFF,0xFF,0xFF,0xFF,0xFF,0xFF,0xFF,0xFF,0xFF,0xFF,0xFF,0xFF,0xFF,0xFF,0xFF,
    0xFF,0xFF,0xFF,0xFF,0xFF,0xFF,0xFF,0xFF,0xFF,0xFF,0xFF,0xFF,0xFF,0xFF,0xFF,0xFF,
    0xFF,0xFF,0xFF,0xFF,0xFF,0xFF,0xFF,0xFF,0xFF,0xFF,0xFF,0xFF,0xFF,0xFF,0xFF,0xFF,
    0xFF,0xFF,0xFF,0xFF,0xFF,0xFF,0xFF,0xFF,0xFF,0xFF,0xFF,0xFF,0xFF,0xFF,0xFF,0xFF,
    0xFF,0xFF,0xFF,0xFF,0x7E,0x00,0x00,0x00,0x00,0x00,0x00,0x00,0x00,0x00,0x00,0x00,
    0x00,0x00,0x00,0x00,0x00,0x00,0x00,0x00,0x00,0x00,0x28,0xC4,0xFF,0xFF,0xFF,0xFF,
    0xFF,0xFF,0xFF,0xFF,0xFF,0xFF,0xFF,0xFF,0xFF,0xFF,0xFF,0xFF,0xFF,0xFF,0xFF,0xFF,
    0xFF,0xFF,0xFF,0xFF,0xFF,0xFF,0xFF,0xFF,0xFF,0xFF,0xFF,0xFF,0xFF,0xFF,0xFF,0xFF,
    0xFF,0xFF,0xFF,0xFF,0xFF,0xFF,0xFF,0xFF,0xFF,0xFF,0xFF,0xFF,0xFF,0xFF,0xFF,0xFF,
    0xFF,0xFF,0xFF,0xFF,0xFF,0xFF,0xFF,0xFF,0xFF,0xFF,0xFF,0xFF,0xFF,0xFF,0xFF,0xFF,
    0xFF,0xFF,0xFF,0xFF,0xFF,0xFF,0xFF,0xFF,0xFF,0xFF,0xFF,0xFF,0xFF,0xFF,0xFF,0xFF,
    0xFF,0xFF,0xFF,0xFF,0xFF,0xFF,0xFF,0xFF,0xFF,0xFF,0xFF,0xFF,0xFF,0xFF,0xFF,0xFF,
    0xFF,0xFF,0xFF,0xFF,0xFF,0xFF,0xFF,0xFF,0xFF,0xFF,0xFF,0xFF,0xFF,0xFF,0xFF,0xFF,
    0xFF,0xFF,0xFF,0xFF,0xFF,0xFF,0xFF,0xFF,0xFF,0xFF,0xFF,0xFF,0xFF,0xFF,0xFF,0xFF,
    0xFF,0xFF,0xFF,0xFF,0xFF,0xFF,0xFF,0xFF,0xFF,0xFF,0xFF,0xFF,0xFF,0xFF,0xFF,0xFF,
    0xFF,0xFF,0xFF,0xFF,0xFF,0xFF,0xFF,0xFF,0xFF,0xFF,0xFF,0xFF,0xFF,0xFF,0xFF,0xFF,
    0xFF,0xFF,0xFF,0xFF,0xFF,0xFF,0xFF,0xFF,0xFF,0xFF,0xFF,0xFF,0xFF,0xFF,0xFF,0xFF,
    0xFF,0xFF,0xFF,0xFF,0xFF,0xFF,0xFF,0xFF,0xFF,0xFF,0xFF,0xFF,0xFF,0xFF,0xFF,0xFF,
    0xFF,0xFF,0xFF,0xFF,0xFF,0xFF,0xFF,0xFF,0xFF,0xFF,0xFF,0xFF,0xFF,0xFF,0xFF,0xFF,
    0xFF,0xFF,0xFF,0xFF,0xC4,0x28,0x00,0x00,0x00,0x00,0x00,0x00,0x00,0x00,0x00,0x00,
    0x00,0x00,0x00,0x00,0x00,0x00,0x00,0x00,0x00,0x00,0x6D,0xFF,0xFF,0xFF,0xFF,0xFF,
    0xFF,0xFF,0xFF,0xFF,0xFF,0xFF,0xFF,0xFF,0xFF,0xFF,0xFF,0xFF,0xFF,0xFF,0xFF,0xFF,
    0xFF,0xFF,0xFF,0xFF,0xFF,0xFF,0xFF,0xFF,0xFF,0xFF,0xFF,0xFF,0xFF,0xFF,0xFF,0xFF,
    0xFF,0xFF,0xFF,0xFF,0xFF,0xFF,0xFF,0xFF,0xFF,0xFF,0xFF,0xFF,0xFF,0xFF,0xFF,0xFF,
    0xFF,0xFF,0xFF,0xFF,0xFF,0xFF,0xFF,0xFF,0xFF,0xFF,0xFF,0xFF,0xFF,0xFF,0xFF,0xFF,
    0xFF,0xFF,0xFF,0xFF,0xFF,0xFF,0xFF,0xFF,0xFF,0xFF,0xFF,0xFF,0xFF,0xFF,0xFF,0xFF,
    0xFF,0xFF,0xFF,0xFF,0xFF,0xFF,0xFF,0xFF,0xFF,0xFF,0xFF,0xFF,0xFF,0xFF,0xFF,0xFF,
    0xFF,0xFF,0xFF,0xFF,0xFF,0xFF,0xFF,0xFF,0xFF,0xFF,0xFF,0xFF,0xFF,0xFF,0xFF,0xFF,
    0xFF,0xFF,0xFF,0xFF,0xFF,0xFF,0xFF,0xFF,0xFF,0xFF,0xFF,0xFF,0xFF,0xFF,0xFF,0xFF,
    0xFF,0xFF,0xFF,0xFF,0xFF,0xFF,0xFF,0xFF,0xFF,0xFF,0xFF,0xFF,0xFF,0xFF,0xFF,0xFF,
    0xFF,0xFF,0xFF,0xFF,0xFF,0xFF,0xFF,0xFF,0xFF,0xFF,0xFF,0xFF,0xFF,0xFF,0xFF,0xFF,
    0xFF,0xFF,0xFF,0xFF,0xFF,0xFF,0xFF,0xFF,0xFF,0xFF,0xFF,0xFF,0xFF,0xFF,0xFF,0xFF,
    0xFF,0xFF,0xFF,0xFF,0xFF,0xFF,0xFF,0xFF,0xFF,0xFF,0xFF,0xFF,0xFF,0xFF,0xFF,0xFF,
    0xFF,0xFF,0xFF,0xFF,0xFF,0xFF,0xFF,0xFF,0xFF,0xFF,0xFF,0xFF,0xFF,0xFF,0xFF,0xFF,
    0xFF,0xFF,0xFF,0xFF,0xFF,0x6D,0x00,0x00,0x00,0x00,0x00,0x00,0x00,0x00,0x00,0x00,
    0x00,0x00,0x00,0x00,0x00,0x00,0x00,0x00,0x00,0x13,0xB0,0xFF,0xFF,0xFF,0xFF,0xFF,
    0xFF,0xFF,0xFF,0xFF,0xFF,0xFF,0xFF,0xFF,0xFF,0xFF,0xFF,0xFF,0xFF,0xFF,0xFF,0xFF,
    0xFF,0xFF,0xFF,0xFF,0xFF,0xFF,0xFF,0xFF,0xFF,0xFF,0xFF,0xFF,0xFF,0xFF,0xFF,0xFF,
    0xFF,0xFF,0xFF,0xFF,0xFF,0xFF,0xFF,0xFF,0xFF,0xFF,0xFF,0xFF,0xFF,0xFF,0xFF,0xFF,
    0xFF,0xFF,0xFF,0xFF,0xFF,0xFF,0xFF,0xFF,0xFF,0xFF,0xFF,0xFF,0xFF,0xFF,0xFF,0xFF,
    0xFF,0xFF,0xFF,0xFF,0xFF,0xFF,0xFF,0xFF,0xFF,0xFF,0xFF,0xFF,0xFF,0xFF,0xFF,0xFF,
    0xFF,0xFF,0xFF,0xFF,0xFF,0xFF,0xFF,0xFF,0xFF,0xFF,0xFF,0xFF,0xFF,0xFF,0xFF,0xFF,
    0xFF,0xFF,0xFF,0xFF,0xFF,0xFF,0xFF,0xFF,0xFF,0xFF,0xFF,0xFF,0xFF,0xFF,0xFF,0xFF,
    0xFF,0xFF,0xFF,0xFF,0xFF,0xFF,0xFF,0xFF,0xFF,0xFF,0xFF,0xFF,0xFF,0xFF,0xFF,0xFF,
    0xFF,0xFF,0xFF,0xFF,0xFF,0xFF,0xFF,0xFF,0xFF,0xFF,0xFF,0xFF,0xFF,0xFF,0xFF,0xFF,
    0xFF,0xFF,0xFF,0xFF,0xFF,0xFF,0xFF,0xFF,0xFF,0xFF,0xFF,0xFF,0xFF,0xFF,0xFF,0xFF,
    0xFF,0xFF,0xFF,0xFF,0xFF,0xFF,0xFF,0xFF,0xFF,0xFF,0xFF,0xFF,0xFF,0xFF,0xFF,0xFF,
    0xFF,0xFF,0xFF,0xFF,0xFF,0xFF,0xFF,0xFF,0xFF,0xFF,0xFF,0xFF,0xFF,0xFF,0xFF,0xFF,
    0xFF,0xFF,0xFF,0xFF,0xFF,0xFF,0xFF,0xFF,0xFF,0xFF,0xFF,0xFF,0xFF,0xFF,0xFF,0xFF,
    0xFF,0xFF,0xFF,0xFF,0xFF,0xB0,0x13,0x00,0x00,0x00,0x00,0x00,0x00,0x00,0x00,0x00,
    0x00,0x00,0x00,0x00,0x00,0x00,0x00,0x00,0x00,0x54,0xF1,0xFF,0xFF,0xFF,0xFF,0xFF,
    0xFF,0xFF,0xFF,0xFF,0xFF,0xFF,0xFF,0xFF,0xFF,0xFF,0xFF,0xFF,0xFF,0xFF,0xFF,0xFF,
    0xFF,0xFF,0xFF,0xFF,0xFF,0xFF,0xFF,0xFF,0xFF,0xFF,0xFF,0xFF,0xFF,0xFF,0xFF,0xFF,
    0xFF,0xFF,0xFF,0xFF,0xFF,0xFF,0xFF,0xFF,0xFF,0xFF,0xFF,0xFF,0xFF,0xFF,0xFF,0xFF,
    0xFF,0xFF,0xFF,0xFF,0xFF,0xFF,0xFF,0xFF,0xFF,0xFF,0xFF,0xFF,0xFF,0xFF,0xFF,0xFF,
    0xFF,0xFF,0xFF,0xFF,0xFF,0xFF,0xFF,0xFF,0xFF,0xFF,0xFF,0xFF,0xFF,0xFF,0xFF,0xFF,
    0xFF,0xFF,0xFF,0xFF,0xFF,0xFF,0xFF,0xFF,0xFF,0xFF,0xFF,0xFF,0xFF,0xFF,0xFF,0xFF,
    0xFF,0xFF,0xFF,0xFF,0xFF,0xFF,0xFF,0xFF,0xFF,0xFF,0xFF,0xFF,0xFF,0xFF,0xFF,0xFF,
    0xFF,0xFF,0xFF,0xFF,0xFF,0xFF,0xFF,0xFF,0xFF,0xFF,0xFF,0xFF,0xFF,0xFF,0xFF,0xFF,
    0xFF,0xFF,0xFF,0xFF,0xFF,0xFF,0xFF,0xFF,0xFF,0xFF,0xFF,0xFF,0xFF,0xFF,0xFF,0xFF,
    0xFF,0xFF,0xFF,0xFF,0xFF,0xFF,0xFF,0xFF,0xFF,0xFF,0xFF,0xFF,0xFF,0xFF,0xFF,0xFF,
    0xFF,0xFF,0xFF,0xFF,0xFF,0xFF,0xFF,0xFF,0xFF,0xFF,0xFF,0xFF,0xFF,0xFF,0xFF,0xFF,
    0xFF,0xFF,0xFF,0xFF,0xFF,0xFF,0xFF,0xFF,0xFF,0xFF,0xFF,0xFF,0xFF,0xFF,0xFF,0xFF,
    0xFF,0xFF,0xFF,0xFF,0xFF,0xFF,0xFF,0xFF,0xFF,0xFF,0xFF,0xFF,0xFF,0xFF,0xFF,0xFF,
    0xFF,0xFF,0xFF,0xFF,0xFF,0xF1,0x54,0x00,0x00,0x00,0x00,0x00,0x00,0x00,0x00,0x00,
    0x00,0x00,0x00,0x00,0x00,0x00,0x00,0x00,0x00,0x94,0xFF,0xFF,0xFF,0xFF,0xFF,0xFF,
    0xFF,0xFF,0xFF,0xFF,0xFF,0xFF,0xFF,0xFF,0xFF,0xFF,0xFF,0xFF,0xFF,0xFF,0xFF,0xFF,
    0xFF,0xFF,0xFF,0xFF,0xFF,0xFF,0xFF,0xFF,0xFF,0xFF,0xFF,0xFF,0xFF,0xFF,0xFF,0xFF,
    0xFF,0xFF,0xFF,0xFF,0xFF,0xFF,0xFF,0xFF,0xFF,0xFF,0xFF,0xFF,0xFF,0xFF,0xFF,0xFF,
    0xFF,0xFF,0xFF,0xFF,0xFF,0xFF,0xFF,0xFF,0xFF,0xFF,0xFF,0xFF,0xFF,0xFF,0xFF,0xFF,
    0xFF,0xFF,0xFF,0xFF,0xFF,0xFF,0xFF,0xFF,0xFF,0xFF,0xFF,0xFF,0xFF,0xFF,0xFF,0xFF,
    0xFF,0xFF,0xFF,0xFF,0xFF,0xFF,0xFF,0xFF,0xFF,0xFF,0xFF,0xFF,0xFF,0xFF,0xFF,0xFF,
    0xFF,0xFF,0xFF,0xFF,0xFF,0xFF,0xFF,0xFF,0xFF,0xFF,0xFF,0xFF,0xFF,0xFF,0xFF,0xFF,
    0xFF,0xFF,0xFF,0xFF,0xFF,0xFF,0xFF,0xFF,0xFF,0xFF,0xFF,0xFF,0xFF,0xFF,0xFF,0xFF,
    0xFF,0xFF,0xFF,0xFF,0xFF,0xFF,0xFF,0xFF,0xFF,0xFF,0xFF,0xFF,0xFF,0xFF,0xFF,0xFF,
    0xFF,0xFF,0xFF,0xFF,0xFF,0xFF,0xFF,0xFF,0xFF,0xFF,0xFF,0xFF,0xFF,0xFF,0xFF,0xFF,
    0xFF,0xFF,0xFF,0xFF,0xFF,0xFF,0xFF,0xFF,0xFF,0xFF,0xFF,0xFF,0xFF,0xFF,0xFF,0xFF,
    0xFF,0xFF,0xFF,0xFF,0xFF,0xFF,0xFF,0xFF,0xFF,0xFF,0xFF,0xFF,0xFF,0xFF,0xFF,0xFF,
    0xFF,0xFF,0xFF,0xFF,0xFF,0xFF,0xFF,0xFF,0xFF,0xFF,0xFF,0xFF,0xFF,0xFF,0xFF,0xFF,
    0xFF,0xFF,0xFF,0xFF,0xFF,0xFF,0x94,0x00,0x00,0x00,0x00,0x00,0x00,0x00,0x00,0x00,
    0x00,0x00,0x00,0x00,0x00,0x00,0x00,0x00,0x35,0xD3,0xFF,0xFF,0xFF,0xFF,0xFF,0xFF,
    0xFF,0xFF,0xFF,0xFF,0xFF,0xFF,0xFF,0xFF,0xFF,0xFF,0xFF,0xFF,0xFF,0xFF,0xFF,0xFF,
    0xFF,0xFF,0xFF,0xFF,0xFF,0xFF,0xFF,0xFF,0xFF,0xFF,0xFF,0xFF,0xFF,0xFF,0xFF,0xFF,
    0xFF,0xFF,0xFF,0xFF,0xFF,0xFF,0xFF,0xFF,0xFF,0xFF,0xFF,0xFF,0xFF,0xFF,0xFF,0xFF,
    0xFF,0xFF,0xFF,0xFF,0xFF,0xFF,0xFF,0xFF,0xFF,0xFF,0xFF,0xFF,0xFF,0xFF,0xFF,0xFF,
    0xFF,0xFF,0xFF,0xFF,0xFF,0xFF,0xFF,0xFF,0xFF,0xFF,0xFF,0xFF,0xFF,0xFF,0xFF,0xFF,
    0xFF,0xFF,0xFF,0xFF,0xFF,0xFF,0xFF,0xFF,0xFF,0xFF,0xFF,0xFF,0xFF,0xFF,0xFF,0xFF,
    0xFF,0xFF,0xFF,0xFF,0xFF,0xFF,0xFF,0xFF,0xFF,0xFF,0xFF,0xFF,0xFF,0xFF,0xFF,0xFF,
    0xFF,0xFF,0xFF,0xFF,0xFF,0xFF,0xFF,0xFF,0xFF,0xFF,0xFF,0xFF,0xFF,0xFF,0xFF,0xFF,
    0xFF,0xFF,0xFF,0xFF,0xFF,0xFF,0xFF,0xFF,0xFF,0xFF,0xFF,0xFF,0xFF,0xFF,0xFF,0xFF,
    0xFF,0xFF,0xFF,0xFF,0xFF,0xFF,0xFF,0xFF,0xFF,0xFF,0xFF,0xFF,0xFF,0xFF,0xFF,0xFF,
    0xFF,0xFF,0xFF,0xFF,0xFF,0xFF,0xFF,0xFF,0xFF,0xFF,0xFF,0xFF,0xFF,0xFF,0xFF,0xFF,
    0xFF,0xFF,0xFF,0xFF,0xFF,0xFF,0xFF,0xFF,0xFF,0xFF,0xFF,0xFF,0xFF,0xFF,0xFF,0xFF,
    0xFF,0xFF,0xFF,0xFF,0xFF,0xFF,0xFF,0xFF,0xFF,0xFF,0xFF,0xFF,0xFF,0xFF,0xFF,0xFF,
    0xFF,0xFF,0xFF,0xFF,0xFF,0xFF,0xD3,0x35,0x00,0x00,0x00,0x00,0x00,0x00,0x00,0x00,
    0x00,0x00,0x00,0x00,0x00,0x00,0x00,0x00,0x72,0xFF,0xFF,0xFF,0xFF,0xFF,0xFF,0xFF,
    0xFF,0xFF,0xFF,0xFF,0xFF,0xFF,0xFF,0xFF,0xFF,0xFF,0xFF,0xFF,0xFF,0xFF,0xFF,0xFF,
    0xFF,0xFF,0xFF,0xFF,0xFF,0xFF,0xFF,0xFF,0xFF,0xFF,0xFF,0xFF,0xFF,0xFF,0xFF,0xFF,
    0xFF,0xFF,0xFF,0xFF,0xFF,0xFF,0xFF,0xFF,0xFF,0xFF,0xFF,0xFF,0xFF,0xFF,0xFF,0xFF,
    0xFF,0xFF,0xFF,0xFF,0xFF,0xFF,0xFF,0xFF,0xFF,0xFF,0xFF,0xFF,0xFF,0xFF,0xFF,0xFF,
    0xFF,0xFF,0xFF,0xFF,0xFF,0xFF,0xFF,0xFF,0xFF,0xFF,0xFF,0xFF,0xFF,0xFF,0xFF,0xFF,
    0xFF,0xFF,0xFF,0xFF,0xFF,0xFF,0xFF,0xFF,0xFF,0xFF,0xFF,0xFF,0xFF,0xFF,0xFF,0xFF,
    0xFF,0xFF,0xFF,0xFF,0xFF,0xFF,0xFF,0xFF,0xFF,0xFF,0xFF,0xFF,0xFF,0xFF,0xFF,0xFF,
    0xFF,0xFF,0xFF,0xFF,0xFF,0xFF,0xFF,0xFF,0xFF,0xFF,0xFF,0xFF,0xFF,0xFF,0xFF,0xFF,
    0xFF,0xFF,0xFF,0xFF,0xFF,0xFF,0xFF,0xFF,0xFF,0xFF,0xFF,0xFF,0xFF,0xFF,0xFF,0xFF,
    0xFF,0xFF,0xFF,0xFF,0xFF,0xFF,0xFF,0xFF,0xFF,0xFF,0xFF,0xFF,0xFF,0xFF,0xFF,0xFF,
    0xFF,0xFF,0xFF,0xFF,0xFF,0xFF,0xFF,0xFF,0xFF,0xFF,0xFF,0xFF,0xFF,0xFF,0xFF,0xFF,
    0xFF,0xFF,0xFF,0xFF,0xFF,0xFF,0xFF,0xFF,0xFF,0xFF,0xFF,0xFF,0xFF,0xFF,0xFF,0xFF,
    0xFF,0xFF,0xFF,0xFF,0xFF,0xFF,0xFF,0xFF,0xFF,0xFF,0xFF,0xFF,0xFF,0xFF,0xFF,0xFF,
    0xFF,0xFF,0xFF,0xFF,0xFF,0xFF,0xFF,0x72,0x00,0x00,0x00,0x00,0x00,0x00,0x00,0x00,
    0x00,0x00,0x00,0x00,0x00,0x00,0x00,0x0F,0xAE,0xFF,0xFF,0xFF,0xFF,0xFF,0xFF,0xFF,
    0xFF,0xFF,0xFF,0xFF,0xFF,0xFF,0xFF,0xFF,0xFF,0xFF,0xFF,0xFF,0xFF,0xFF,0xFF,0xFF,
    0xFF,0xFF,0xFF,0xFF,0xFF,0xFF,0xFF,0xFF,0xFF,0xFF,0xFF,0xFF,0xFF,0xFF,0xFF,0xFF,
    0xFF,0xFF,0xFF,0xFF,0xFF,0xFF,0xFF,0xFF,0xFF,0xFF,0xFF,0xFF,0xFF,0xFF,0xFF,0xFF,
    0xFF,0xFF,0xFF,0xFF,0xFF,0xFF,0xFF,0xFF,0xFF,0xFF,0xFF,0xFF,0xFF,0xFF,0xFF,0xFF,
    0xFF,0xFF,0xFF,0xFF,0xFF,0xFF,0xFF,0xFF,0xFF,0xFF,0xFF,0xFF,0xFF,0xFF,0xFF,0xFF,
    0xFF,0xFF,0xFF,0xFF,0xFF,0xFF,0xFF,0xFF,0xFF,0xFF,0xFF,0xFF,0xFF,0xFF,0xFF,0xFF,
    0xFF,0xFF,0xFF,0xFF,0xFF,0xFF,0xFF,0xFF,0xFF,0xFF,0xFF,0xFF,0xFF,0xFF,0xFF,0xFF,
    0xFF,0xFF,0xFF,0xFF,0xFF,0xFF,0xFF,0xFF,0xFF,0xFF,0xFF,0xFF,0xFF,0xFF,0xFF,0xFF,
    0xFF,0xFF,0xFF,0xFF,0xFF,0xFF,0xFF,0xFF,0xFF,0xFF,0xFF,0xFF,0xFF,0xFF,0xFF,0xFF,
    0xFF,0xFF,0xFF,0xFF,0xFF,0xFF,0xFF,0xFF,0xFF,0xFF,0xFF,0xFF,0xFF,0xFF,0xFF,0xFF,
    0xFF,0xFF,0xFF,0xFF,0xFF,0xFF,0xFF,0xFF,0xFF,0xFF,0xFF,0xFF,0xFF,0xFF,0xFF,0xFF,
    0xFF,0xFF,0xFF,0xFF,0xFF,0xFF,0xFF,0xFF,0xFF,0xFF,0xFF,0xFF,0xFF,0xFF,0xFF,0xFF,
    0xFF,0xFF,0xFF,0xFF,0xFF,0xFF,0xFF,0xFF,0xFF,0xFF,0xFF,0xFF,0xFF,0xFF,0xFF,0xFF,
    0xFF,0xFF,0xFF,0xFF,0xFF,0xFF,0xFF,0xAE,0x0F,0x00,0x00,0x00,0x00,0x00,0x00,0x00,
    0x00,0x00,0x00,0x00,0x00,0x00,0x00,0x49,0xE9,0xFF,0xFF,0xFF,0xFF,0xFF,0xFF,0xFF,
    0xFF,0xFF,0xFF,0xFF,0xFF,0xFF,0xFF,0xFF,0xFF,0xFF,0xFF,0xFF,0xFF,0xFF,0xFF,0xFF,
    0xFF,0xFF,0xFF,0xFF,0xFF,0xFF,0xFF,0xFF,0xFF,0xFF,0xFF,0xFF,0xFF,0xFF,0xFF,0xFF,
    0xFF,0xFF,0xFF,0xFF,0xFF,0xFF,0xFF,0xFF,0xFF,0xFF,0xFF,0xFF,0xFF,0xFF,0xFF,0xFF,
    0xFF,0xFF,0xFF,0xFF,0xFF,0xFF,0xFF,0xFF,0xFF,0xFF,0xFF,0xFF,0xFF,0xFF,0xFF,0xFF,
    0xFF,0xFF,0xFF,0xFF,0xFF,0xFF,0xFF,0xFF,0xFF,0xFF,0xFF,0xFF,0xFF,0xFF,0xFF,0xFF,
    0xFF,0xFF,0xFF,0xFF,0xFF,0xFF,0xFF,0xFF,0xFF,0xFF,0xFF,0xFF,0xFF,0xFF,0xFF,0xFF,
    0xFF,0xFF,0xFF,0xFF,0xFF,0xFF,0xFF,0xFF,0xFF,0xFF,0xFF,0xFF,0xFF,0xFF,0xFF,0xFF,
    0xFF,0xFF,0xFF,0xFF,0xFF,0xFF,0xFF,0xFF,0xFF,0xFF,0xFF,0xFF,0xFF,0xFF,0xFF,0xFF,
    0xFF,0xFF,0xFF,0xFF,0xFF,0xFF,0xFF,0xFF,0xFF,0xFF,0xFF,0xFF,0xFF,0xFF,0xFF,0xFF,
    0xFF,0xFF,0xFF,0xFF,0xFF,0xFF,0xFF,0xFF,0xFF,0xFF,0xFF,0xFF,0xFF,0xFF,0xFF,0xFF,
    0xFF,0xFF,0xFF,0xFF,0xFF,0xFF,0xFF,0xFF,0xFF,0xFF,0xFF,0xFF,0xFF,0xFF,0xFF,0xFF,
    0xFF,0xFF,0xFF,0xFF,0xFF,0xFF,0xFF,0xFF,0xFF,0xFF,0xFF,0xFF,0xFF,0xFF,0xFF,0xFF,
    0xFF,0xFF,0xFF,0xFF,0xFF,0xFF,0xFF,0xFF,0xFF,0xFF,0xFF,0xFF,0xFF,0xFF,0xFF,0xFF,
    0xFF,0xFF,0xFF,0xFF,0xFF,0xFF,0xFF,0xE9,0x49,0x00,0x00,0x00,0x00,0x00,0x00,0x00,
    0x00,0x00,0x00,0x00,0x00,0x00,0x00,0x82,0xFF,0xFF,0xFF,0xFF,0xFF,0xFF,0xFF,0xFF,
    0xFF,0xFF,0xFF,0xFF,0xFF,0xFF,0xFF,0xFF,0xFF,0xFF,0xFF,0xFF,0xFF,0xFF,0xFF,0xFF,
    0xFF,0xFF,0xFF,0xFF,0xFF,0xFF,0xFF,0xFF,0xFF,0xFF,0xFF,0xFF,0xFF,0xFF,0xFF,0xFF,
    0xFF,0xFF,0xFF,0xFF,0xFF,0xFF,0xFF,0xFF,0xFF,0xFF,0xFF,0xFF,0xFF,0xFF,0xFF,0xFF,
    0xFF,0xFF,0xFF,0xFF,0xFF,0xFF,0xFF,0xFF,0xFF,0xFF,0xFF,0xFF,0xFF,0xFF,0xFF,0xFF,
    0xFF,0xFF,0xFF,0xFF,0xFF,0xFF,0xFF,0xFF,0xFF,0xFF,0xFF,0xFF,0xFF,0xFF,0xFF,0xFF,
    0xFF,0xFF,0xFF,0xFF,0xFF,0xFF,0xFF,0xFF,0xFF,0xFF,0xFF,0xFF,0xFF,0xFF,0xFF,0xFF,
    0xFF,0xFF,0xFF,0xFF,0xFF,0xFF,0xFF,0xFF,0xFF,0xFF,0xFF,0xFF,0xFF,0xFF,0xFF,0xFF,
    0xFF,0xFF,0xFF,0xFF,0xFF,0xFF,0xFF,0xFF,0xFF,0xFF,0xFF,0xFF,0xFF,0xFF,0xFF,0xFF,
    0xFF,0xFF,0xFF,0xFF,0xFF,0xFF,0xFF,0xFF,0xFF,0xFF,0xFF,0xFF,0xFF,0xFF,0xFF,0xFF,
    0xFF,0xFF,0xFF,0xFF,0xFF,0xFF,0xFF,0xFF,0xFF,0xFF,0xFF,0xFF,0xFF,0xFF,0xFF,0xFF,
    0xFF,0xFF,0xFF,0xFF,0xFF,0xFF,0xFF,0xFF,0xFF,0xFF,0xFF,0xFF,0xFF,0xFF,0xFF,0xFF,
    0xFF,0xFF,0xFF,0xFF,0xFF,0xFF,0xFF,0xFF,0xFF,0xFF,0xFF,0xFF,0xFF,0xFF,0xFF,0xFF,
    0xFF,0xFF,0xFF,0xFF,0xFF,0xFF,0xFF,0xFF,0xFF,0xFF,0xFF,0xFF,0xFF,0xFF,0xFF,0xFF,
    0xFF,0xFF,0xFF,0xFF,0xFF,0xFF,0xFF,0xFF,0x82,0x00,0x00,0x00,0x00,0x00,0x00,0x00,
    0x00,0x00,0x00,0x00,0x00,0x00,0x19,0xBA,0xFF,0xFF,0xFF,0xFF,0xFF,0xFF,0xFF,0xFF,
    0xFF,0xFF,0xFF,0xFF,0xFF,0xFF,0xFF,0xFF,0xFF,0xFF,0xFF,0xFF,0xFF,0xFF,0xFF,0xFF,
    0xFF,0xFF,0xFF,0xFF,0xFF,0xFF,0xFF,0xFF,0xFF,0xFF,0xFF,0xFF,0xFF,0xFF,0xFF,0xFF,
    0xFF,0xFF,0xFF,0xFF,0xFF,0xFF,0xFF,0xFF,0xFF,0xFF,0xFF,0xFF,0xFF,0xFF,0xFF,0xFF,
    0xFF,0xFF,0xFF,0xFF,0xFF,0xFF,0xFF,0xFF,0xFF,0xFF,0xFF,0xFF,0xFF,0xFF,0xFF,0xFF,
    0xFF,0xFF,0xFF,0xFF,0xFF,0xFF,0xFF,0xFF,0xFF,0xFF,0xFF,0xFF,0xFF,0xFF,0xFF,0xFF,
    0xFF,0xFF,0xFF,0xFF,0xFF,0xFF,0xFF,0xFF,0xFF,0xFF,0xFF,0xFF,0xFF,0xFF,0xFF,0xFF,
    0xFF,0xFF,0xFF,0xFF,0xFF,0xFF,0xFF,0xFF,0xFF,0xFF,0xFF,0xFF,0xFF,0xFF,0xFF,0xFF,
    0xFF,0xFF,0xFF,0xFF,0xFF,0xFF,0xFF,0xFF,0xFF,0xFF,0xFF,0xFF,0xFF,0xFF,0xFF,0xFF,
    0xFF,0xFF,0xFF,0xFF,0xFF,0xFF,0xFF,0xFF,0xFF,0xFF,0xFF,0xFF,0xFF,0xFF,0xFF,0xFF,
    0xFF,0xFF,0xFF,0xFF,0xFF,0xFF,0xFF,0xFF,0xFF,0xFF,0xFF,0xFF,0xFF,0xFF,0xFF,0xFF,
    0xFF,0xFF,0xFF,0xFF,0xFF,0xFF,0xFF,0xFF,0xFF,0xFF,0xFF,0xFF,0xFF,0xFF,0xFF,0xFF,
    0xFF,0xFF,0xFF,0xFF,0xFF,0xFF,0xFF,0xFF,0xFF,0xFF,0xFF,0xFF,0xFF,0xFF,0xFF,0xFF,
    0xFF,0xFF,0xFF,0xFF,0xFF,0xFF,0xFF,0xFF,0xFF,0xFF,0xFF,0xFF,0xFF,0xFF,0xFF,0xFF,
    0xFF,0xFF,0xFF,0xFF,0xFF,0xFF,0xFF,0xFF,0xBA,0x19,0x00,0x00,0x00,0x00,0x00,0x00,
    0x00,0x00,0x00,0x00,0x00,0x00,0x4F,0xF0,0xFF,0xFF,0xFF,0xFF,0xFF,0xFF,0xFF,0xFF,
    0xFF,0xFF,0xFF,0xFF,0xFF,0xFF,0xFF,0xFF,0xFF,0xFF,0xFF,0xFF,0xFF,0xFF,0xFF,0xFF,
    0xFF,0xFF,0xFF,0xFF,0xFF,0xFF,0xFF,0xFF,0xFF,0xFF,0xFF,0xFF,0xFF,0xFF,0xFF,0xFF,
    0xFF,0xFF,0xFF,0xFF,0xFF,0xFF,0xFF,0xFF,0xFF,0xFF,0xFF,0xFF,0xFF,0xFF,0xFF,0xFF,
    0xFF,0xFF,0xFF,0xFF,0xFF,0xFF,0xFF,0xFF,0xFF,0xFF,0xFF,0xFF,0xFF,0xFF,0xFF,0xFF,
    0xFF,0xFF,0xFF,0xFF,0xFF,0xFF,0xFF,0xFF,0xFF,0xFF,0xFF,0xFF,0xFF,0xFF,0xFF,0xFF,
    0xFF,0xFF,0xFF,0xFF,0xFF,0xFF,0xFF,0xFF,0xFF,0xFF,0xFF,0xFF,0xFF,0xFF,0xFF,0xFF,
    0xFF,0xFF,0xFF,0xFF,0xFF,0xFF,0xFF,0xFF,0xFF,0xFF,0xFF,0xFF,0xFF,0xFF,0xFF,0xFF,
    0xFF,0xFF,0xFF,0xFF,0xFF,0xFF,0xFF,0xFF,0xFF,0xFF,0xFF,0xFF,0xFF,0xFF,0xFF,0xFF,
    0xFF,0xFF,0xFF,0xFF,0xFF,0xFF,0xFF,0xFF,0xFF,0xFF,0xFF,0xFF,0xFF,0xFF,0xFF,0xFF,
    0xFF,0xFF,0xFF,0xFF,0xFF,0xFF,0xFF,0xFF,0xFF,0xFF,0xFF,0xFF,0xFF,0xFF,0xFF,0xFF,
    0xFF,0xFF,0xFF,0xFF,0xFF,0xFF,0xFF,0xFF,0xFF,0xFF,0xFF,0xFF,0xFF,0xFF,0xFF,0xFF,
    0xFF,0xFF,0xFF,0xFF,0xFF,0xFF,0xFF,0xFF,0xFF,0xFF,0xFF,0xFF,0xFF,0xFF,0xFF,0xFF,
    0xFF,0xFF,0xFF,0xFF,0xFF,0xFF,0xFF,0xFF,0xFF,0xFF,0xFF,0xFF,0xFF,0xFF,0xFF,0xFF,
    0xFF,0xFF,0xFF,0xFF,0xFF,0xFF,0xFF,0xFF,0xF0,0x4F,0x00,0x00,0x00,0x00,0x00,0x00,
    0x00,0x00,0x00,0x00,0x00,0x00,0x83,0xFF,0xFF,0xFF,0xFF,0xFF,0xFF,0xFF,0xFF,0xFF,
    0xFF,0xFF,0xFF,0xFF,0xFF,0xFF,0xFF,0xFF,0xFF,0xFF,0xFF,0xFF,0xFF,0xFF,0xFF,0xFF,
    0xFF,0xFF,0xFF,0xFF,0xFF,0xFF,0xFF,0xFF,0xFF,0xFF,0xFF,0xFF,0xFF,0xFF,0xFF,0xFF,
    0xFF,0xFF,0xFF,0xFF,0xFF,0xFF,0xFF,0xFF,0xFF,0xFF,0xFF,0xFF,0xFF,0xFF,0xFF,0xFF,
    0xFF,0xFF,0xFF,0xFF,0xFF,0xFF,0xFF,0xFF,0xFF,0xFF,0xFF,0xFF,0xFF,0xFF,0xFF,0xFF,
    0xFF,0xFF,0xFF,0xFF,0xFF,0xFF,0xFF,0xFF,0xFF,0xFF,0xFF,0xFF,0xFF,0xFF,0xFF,0xFF,
    0xFF,0xFF,0xFF,0xFF,0xFF,0xFF,0xFF,0xFF,0xFF,0xFF,0xFF,0xFF,0xFF,0xFF,0xFF,0xFF,
    0xFF,0xFF,0xFF,0xFF,0xFF,0xFF,0xFF,0xFF,0xFF,0xFF,0xFF,0xFF,0xFF,0xFF,0xFF,0xFF,
    0xFF,0xFF,0xFF,0xFF,0xFF,0xFF,0xFF,0xFF,0xFF,0xFF,0xFF,0xFF,0xFF,0xFF,0xFF,0xFF,
    0xFF,0xFF,0xFF,0xFF,0xFF,0xFF,0xFF,0xFF,0xFF,0xFF,0xFF,0xFF,0xFF,0xFF,0xFF,0xFF,
    0xFF,0xFF,0xFF,0xFF,0xFF,0xFF,0xFF,0xFF,0xFF,0xFF,0xFF,0xFF,0xFF,0xFF,0xFF,0xFF,
    0xFF,0xFF,0xFF,0xFF,0xFF,0xFF,0xFF,0xFF,0xFF,0xFF,0xFF,0xFF,0xFF,0xFF,0xFF,0xFF,
    0xFF,0xFF,0xFF,0xFF,0xFF,0xFF,0xFF,0xFF,0xFF,0xFF,0xFF,0xFF,0xFF,0xFF,0xFF,0xFF,
    0xFF,0xFF,0xFF,0xFF,0xFF,0xFF,0xFF,0xFF,0xFF,0xFF,0xFF,0xFF,0xFF,0xFF,0xFF,0xFF,
    0xFF,0xFF,0xFF,0xFF,0xFF,0xFF,0xFF,0xFF,0xFF,0x83,0x00,0x00,0x00,0x00,0x00,0x00,
    0x00,0x00,0x00,0x00,0x00,0x14,0xB7,0xFF,0xFF,0xFF,0xFF,0xFF,0xFF,0xFF,0xFF,0xFF,
    0xFF,0xFF,0xFF,0xFF,0xFF,0xFF,0xFF,0xFF,0xFF,0xFF,0xFF,0xFF,0xFF,0xFF,0xFF,0xFF,
    0xFF,0xFF,0xFF,0xFF,0xFF,0xFF,0xFF,0xFF,0xFF,0xFF,0xFF,0xFF,0xFF,0xFF,0xFF,0xFF,
    0xFF,0xFF,0xFF,0xFF,0xFF,0xFF,0xFF,0xFF,0xFF,0xFF,0xFF,0xFF,0xFF,0xFF,0xFF,0xFF,
    0xFF,0xFF,0xFF,0xFF,0xFF,0xFF,0xFF,0xFF,0xFF,0xFF,0xFF,0xFF,0xFF,0xFF,0xFF,0xFF,
    0xFF,0xFF,0xFF,0xFF,0xFF,0xFF,0xFF,0xFF,0xFF,0xFF,0xFF,0xFF,0xFF,0xFF,0xFF,0xFF,
    0xFF,0xFF,0xFF,0xFF,0xFF,0xFF,0xFF,0xFF,0xFF,0xFF,0xFF,0xFF,0xFF,0xFF,0xFF,0xFF,
    0xFF,0xFF,0xFF,0xFF,0xFF,0xFF,0xFF,0xFF,0xFF,0xFF,0xFF,0xFF,0xFF,0xFF,0xFF,0xFF,
    0xFF,0xFF,0xFF,0xFF,0xFF,0xFF,0xFF,0xFF,0xFF,0xFF,0xFF,0xFF,0xFF,0xFF,0xFF,0xFF,
    0xFF,0xFF,0xFF,0xFF,0xFF,0xFF,0xFF,0xFF,0xFF,0xFF,0xFF,0xFF,0xFF,0xFF,0xFF,0xFF,
    0xFF,0xFF,0xFF,0xFF,0xFF,0xFF,0xFF,0xFF,0xFF,0xFF,0xFF,0xFF,0xFF,0xFF,0xFF,0xFF,
    0xFF,0xFF,0xFF,0xFF,0xFF,0xFF,0xFF,0xFF,0xFF,0xFF,0xFF,0xFF,0xFF,0xFF,0xFF,0xFF,
    0xFF,0xFF,0xFF,0xFF,0xFF,0xFF,0xFF,0xFF,0xFF,0xFF,0xFF,0xFF,0xFF,0xFF,0xFF,0xFF,
    0xFF,0xFF,0xFF,0xFF,0xFF,0xFF,0xFF,0xFF,0xFF,0xFF,0xFF,0xFF,0xFF,0xFF,0xFF,0xFF,
    0xFF,0xFF,0xFF,0xFF,0xFF,0xFF,0xFF,0xFF,0xFF,0xB7,0x14,0x00,0x00,0x00,0x00,0x00,
    0x00,0x00,0x00,0x00,0x00,0x46,0xE9,0xFF,0xFF,0xFF,0xFF,0xFF,0xFF,0xFF,0xFF,0xFF,
    0xFF,0xFF,0xFF,0xFF,0xFF,0xFF,0xFF,0xFF,0xFF,0xFF,0xFF,0xFF,0xFF,0xFF,0xFF,0xFF,
    0xFF,0xFF,0xFF,0xFF,0xFF,0xFF,0xFF,0xFF,0xFF,0xFF,0xFF,0xFF,0xFF,0xFF,0xFF,0xFF,
    0xFF,0xFF,0xFF,0xFF,0xFF,0xFF,0xFF,0xFF,0xFF,0xFF,0xFF,0xFF,0xFF,0xFF,0xFF,0xFF,
    0xFF,0xFF,0xFF,0xFF,0xFF,0xFF,0xFF,0xFF,0xFF,0xFF,0xFF,0xFF,0xFF,0xFF,0xFF,0xFF,
    0xFF,0xFF,0xFF,0xFF,0xFF,0xFF,0xFF,0xFF,0xFF,0xFF,0xFF,0xFF,0xFF,0xFF,0xFF,0xFF,
    0xFF,0xFF,0xFF,0xFF,0xFF,0xFF,0xFF,0xFF,0xFF,0xFF,0xFF,0xFF,0xFF,0xFF,0xFF,0xFF,
    0xFF,0xFF,0xFF,0xFF,0xFF,0xFF,0xFF,0xFF,0xFF,0xFF,0xFF,0xFF,0xFF,0xFF,0xFF,0xFF,
    0xFF,0xFF,0xFF,0xFF,0xFF,0xFF,0xFF,0xFF,0xFF,0xFF,0xFF,0xFF,0xFF,0xFF,0xFF,0xFF,
    0xFF,0xFF,0xFF,0xFF,0xFF,0xFF,0xFF,0xFF,0xFF,0xFF,0xFF,0xFF,0xFF,0xFF,0xFF,0xFF,
    0xFF,0xFF,0xFF,0xFF,0xFF,0xFF,0xFF,0xFF,0xFF,0xFF,0xFF,0xFF,0xFF,0xFF,0xFF,0xFF,
    0xFF,0xFF,0xFF,0xFF,0xFF,0xFF,0xFF,0xFF,0xFF,0xFF,0xFF,0xFF,0xFF,0xFF,0xFF,0xFF,
    0xFF,0xFF,0xFF,0xFF,0xFF,0xFF,0xFF,0xFF,0xFF,0xFF,0xFF,0xFF,0xFF,0xFF,0xFF,0xFF,
    0xFF,0xFF,0xFF,0xFF,0xFF,0xFF,0xFF,0xFF,0xFF,0xFF,0xFF,0xFF,0xFF,0xFF,0xFF,0xFF,
    0xFF,0xFF,0xFF,0xFF,0xFF,0xFF,0xFF,0xFF,0xFF,0xE9,0x46,0x00,0x00,0x00,0x00,0x00,
    0x00,0x00,0x00,0x00,0x00,0x76,0xFF,0xFF,0xFF,0xFF,0xFF,0xFF,0xFF,0xFF,0xFF,0xFF,
    0xFF,0xFF,0xFF,0xFF,0xFF,0xFF,0xFF,0xFF,0xFF,0xFF,0xFF,0xFF,0xFF,0xFF,0xFF,0xFF,
    0xFF,0xFF,0xFF,0xFF,0xFF,0xFF,0xFF,0xFF,0xFF,0xFF,0xFF,0xFF,0xFF,0xFF,0xFF,0xFF,
    0xFF,0xFF,0xFF,0xFF,0xFF,0xFF,0xFF,0xFF,0xFF,0xFF,0xFF,0xFF,0xFF,0xFF,0xFF,0xFF,
    0xFF,0xFF,0xFF,0xFF,0xFF,0xFF,0xFF,0xFF,0xFF,0xFF,0xFF,0xFF,0xFF,0xFF,0xFF,0xFF,
    0xFF,0xFF,0xFF,0xFF,0xFF,0xFF,0xFF,0xFF,0xFF,0xFF,0xFF,0xFF,0xFF,0xFF,0xFF,0xFF,
    0xFF,0xFF,0xFF,0xFF,0xFF,0xFF,0xFF,0xFF,0xFF,0xFF,0xFF,0xFF,0xFF,0xFF,0xFF,0xFF,
    0xFF,0xFF,0xFF,0xFF,0xFF,0xFF,0xFF,0xFF,0xFF,0xFF,0xFF,0xFF,0xFF,0xFF,0xFF,0xFF,
    0xFF,0xFF,0xFF,0xFF,0xFF,0xFF,0xFF,0xFF,0xFF,0xFF,0xFF,0xFF,0xFF,0xFF,0xFF,0xFF,
    0xFF,0xFF,0xFF,0xFF,0xFF,0xFF,0xFF,0xFF,0xFF,0xFF,0xFF,0xFF,0xFF,0xFF,0xFF,0xFF,
    0xFF,0xFF,0xFF,0xFF,0xFF,0xFF,0xFF,0xFF,0xFF,0xFF,0xFF,0xFF,0xFF,0xFF,0xFF,0xFF,
    0xFF,0xFF,0xFF,0xFF,0xFF,0xFF,0xFF,0xFF,0xFF,0xFF,0xFF,0xFF,0xFF,0xFF,0xFF,0xFF,
    0xFF,0xFF,0xFF,0xFF,0xFF,0xFF,0xFF,0xFF,0xFF,0xFF,0xFF,0xFF,0xFF,0xFF,0xFF,0xFF,
    0xFF,0xFF,0xFF,0xFF,0xFF,0xFF,0xFF,0xFF,0xFF,0xFF,0xFF,0xFF,0xFF,0xFF,0xFF,0xFF,
    0xFF,0xFF,0xFF,0xFF,0xFF,0xFF,0xFF,0xFF,0xFF,0xFF,0x76,0x00,0x00,0x00,0x00,0x00,
    0x00,0x00,0x00,0x00,0x02,0xA6,0xFF,0xFF,0xFF,0xFF,0xFF,0xFF,0xFF,0xFF,0xFF,0xFF,
    0xFF,0xFF,0xFF,0xFF,0xFF,0xFF,0xFF,0xFF,0xFF,0xFF,0xFF,0xFF,0xFF,0xFF,0xFF,0xFF,
    0xFF,0xFF,0xFF,0xFF,0xFF,0xFF,0xFF,0xFF,0xFF,0xFF,0xFF,0xFF,0xFF,0xFF,0xFF,0xFF,
    0xFF,0xFF,0xFF,0xFF,0xFF,0xFF,0xFF,0xFF,0xFF,0xFF,0xFF,0xFF,0xFF,0xFF,0xFF,0xFF,
    0xFF,0xFF,0xFF,0xFF,0xFF,0xFF,0xFF,0xFF,0xFF,0xFF,0xFF,0xFF,0xFF,0xFF,0xFF,0xFF,
    0xFF,0xFF,0xFF,0xFF,0xFF,0xFF,0xFF,0xFF,0xFF,0xFF,0xFF,0xFF,0xFF,0xFF,0xFF,0xFF,
    0xFF,0xFF,0xFF,0xFF,0xFF,0xFF,0xFF,0xFF,0xFF,0xFF,0xFF,0xFF,0xFF,0xFF,0xFF,0xFF,
    0xFF,0xFF,0xFF,0xFF,0xFF,0xFF,0xFF,0xFF,0xFF,0xFF,0xFF,0xFF,0xFF,0xFF,0xFF,0xFF,
    0xFF,0xFF,0xFF,0xFF,0xFF,0xFF,0xFF,0xFF,0xFF,0xFF,0xFF,0xFF,0xFF,0xFF,0xFF,0xFF,
    0xFF,0xFF,0xFF,0xFF,0xFF,0xFF,0xFF,0xFF,0xFF,0xFF,0xFF,0xFF,0xFF,0xFF,0xFF,0xFF,
    0xFF,0xFF,0xFF,0xFF,0xFF,0xFF,0xFF,0xFF,0xFF,0xFF,0xFF,0xFF,0xFF,0xFF,0xFF,0xFF,
    0xFF,0xFF,0xFF,0xFF,0xFF,0xFF,0xFF,0xFF,0xFF,0xFF,0xFF,0xFF,0xFF,0xFF,0xFF,0xFF,
    0xFF,0xFF,0xFF,0xFF,0xFF,0xFF,0xFF,0xFF,0xFF,0xFF,0xFF,0xFF,0xFF,0xFF,0xFF,0xFF,
    0xFF,0xFF,0xFF,0xFF,0xFF,0xFF,0xFF,0xFF,0xFF,0xFF,0xFF,0xFF,0xFF,0xFF,0xFF,0xFF,
    0xFF,0xFF,0xFF,0xFF,0xFF,0xFF,0xFF,0xFF,0xFF,0xFF,0xA6,0x02,0x00,0x00,0x00,0x00,
    0x00,0x00,0x00,0x00,0x2F,0xD3,0xFF,0xFF,0xFF,0xFF,0xFF,0xFF,0xFF,0xFF,0xFF,0xFF,
    0xFF,0xFF,0xFF,0xFF,0xFF,0xFF,0xFF,0xFF,0xFF,0xFF,0xFF,0xFF,0xFF,0xFF,0xFF,0xFF,
    0xFF,0xFF,0xFF,0xFF,0xFF,0xFF,0xFF,0xFF,0xFF,0xFF,0xFF,0xFF,0xFF,0xFF,0xFF,0xFF,
    0xFF,0xFF,0xFF,0xFF,0xFF,0xFF,0xFF,0xFF,0xFF,0xFF,0xFF,0xFF,0xFF,0xFF,0xFF,0xFF,
    0xFF,0xFF,0xFF,0xFF,0xFF,0xFF,0xFF,0xFF,0xFF,0xFF,0xFF,0xFF,0xFF,0xFF,0xFF,0xFF,
    0xFF,0xFF,0xFF,0xFF,0xFF,0xFF,0xFF,0xFF,0xFF,0xFF,0xFF,0xFF,0xFF,0xFF,0xFF,0xFF,
    0xFF,0xFF,0xFF,0xFF,0xFF,0xFF,0xFF,0xFF,0xFF,0xFF,0xFF,0xFF,0xFF,0xFF,0xFF,0xFF,
    0xFF,0xFF,0xFF,0xFF,0xFF,0xFF,0xFF,0xFF,0xFF,0xFF,0xFF,0xFF,0xFF,0xFF,0xFF,0xFF,
    0xFF,0xFF,0xFF,0xFF,0xFF,0xFF,0xFF,0xFF,0xFF,0xFF,0xFF,0xFF,0xFF,0xFF,0xFF,0xFF,
    0xFF,0xFF,0xFF,0xFF,0xFF,0xFF,0xFF,0xFF,0xFF,0xFF,0xFF,0xFF,0xFF,0xFF,0xFF,0xFF,
    0xFF,0xFF,0xFF,0xFF,0xFF,0xFF,0xFF,0xFF,0xFF,0xFF,0xFF,0xFF,0xFF,0xFF,0xFF,0xFF,
    0xFF,0xFF,0xFF,0xFF,0xFF,0xFF,0xFF,0xFF,0xFF,0xFF,0xFF,0xFF,0xFF,0xFF,0xFF,0xFF,
    0xFF,0xFF,0xFF,0xFF,0xFF,0xFF,0xFF,0xFF,0xFF,0xFF,0xFF,0xFF,0xFF,0xFF,0xFF,0xFF,
    0xFF,0xFF,0xFF,0xFF,0xFF,0xFF,0xFF,0xFF,0xFF,0xFF,0xFF,0xFF,0xFF,0xFF,0xFF,0xFF,
    0xFF,0xFF,0xFF,0xFF,0xFF,0xFF,0xFF,0xFF,0xFF,0xFF,0xD3,0x2F,0x00,0x00,0x00,0x00,
    0x00,0x00,0x00,0x00,0x5B,0xFF,0xFF,0xFF,0xFF,0xFF,0xFF,0xFF,0xFF,0xFF,0xFF,0xFF,
    0xFF,0xFF,0xFF,0xFF,0xFF,0xFF,0xFF,0xFF,0xFF,0xFF,0xFF,0xFF,0xFF,0xFF,0xFF,0xFF,
    0xFF,0xFF,0xFF,0xFF,0xFF,0xFF,0xFF,0xFF,0xFF,0xFF,0xFF,0xFF,0xFF,0xFF,0xFF,0xFF,
    0xFF,0xFF,0xFF,0xFF,0xFF,0xFF,0xFF,0xFF,0xFF,0xFF,0xFF,0xFF,0xFF,0xFF,0xFF,0xFF,
    0xFF,0xFF,0xFF,0xFF,0xFF,0xFF,0xFF,0xFF,0xFF,0xFF,0xFF,0xFF,0xFF,0xFF,0xFF,0xFF,
    0xFF,0xFF,0xFF,0xFF,0xFF,0xFF,0xFF,0xFF,0xFF,0xFF,0xFF,0xFF,0xFF,0xFF,0xFF,0xFF,
    0xFF,0xFF,0xFF,0xFF,0xFF,0xFF,0xFF,0xFF,0xFF,0xFF,0xFF,0xFF,0xFF,0xFF,0xFF,0xFF,
    0xFF,0xFF,0xFF,0xFF,0xFF,0xFF,0xFF,0xFF,0xFF,0xFF,0xFF,0xFF,0xFF,0xFF,0xFF,0xFF,
    0xFF,0xFF,0xFF,0xFF,0xFF,0xFF,0xFF,0xFF,0xFF,0xFF,0xFF,0xFF,0xFF,0xFF,0xFF,0xFF,
    0xFF,0xFF,0xFF,0xFF,0xFF,0xFF,0xFF,0xFF,0xFF,0xFF,0xFF,0xFF,0xFF,0xFF,0xFF,0xFF,
    0xFF,0xFF,0xFF,0xFF,0xFF,0xFF,0xFF,0xFF,0xFF,0xFF,0xFF,0xFF,0xFF,0xFF,0xFF,0xFF,
    0xFF,0xFF,0xFF,0xFF,0xFF,0xFF,0xFF,0xFF,0xFF,0xFF,0xFF,0xFF,0xFF,0xFF,0xFF,0xFF,
    0xFF,0xFF,0xFF,0xFF,0xFF,0xFF,0xFF,0xFF,0xFF,0xFF,0xFF,0xFF,0xFF,0xFF,0xFF,0xFF,
    0xFF,0xFF,0xFF,0xFF,0xFF,0xFF,0xFF,0xFF,0xFF,0xFF,0xFF,0xFF,0xFF,0xFF,0xFF,0xFF,
    0xFF,0xFF,0xFF,0xFF,0xFF,0xFF,0xFF,0xFF,0xFF,0xFF,0xFF,0x5B,0x00,0x00,0x00,0x00,
    0x00,0x00,0x00,0x00,0x86,0xFF,0xFF,0xFF,0xFF,0xFF,0xFF,0xFF,0xFF,0xFF,0xFF,0xFF,
    0xFF,0xFF,0xFF,0xFF,0xFF,0xFF,0xFF,0xFF,0xFF,0xFF,0xFF,0xFF,0xFF,0xFF,0xFF,0xFF,
    0xFF,0xFF,0xFF,0xFF,0xFF,0xFF,0xFF,0xFF,0xFF,0xFF,0xFF,0xFF,0xFF,0xFF,0xFF,0xFF,
    0xFF,0xFF,0xFF,0xFF,0xFF,0xFF,0xFF,0xFF,0xFF,0xFF,0xFF,0xFF,0xFF,0xFF,0xFF,0xFF,
    0xFF,0xFF,0xFF,0xFF,0xFF,0xFF,0xFF,0xFF,0xFF,0xFF,0xFF,0xFF,0xFF,0xFF,0xFF,0xFF,
    0xFF,0xFF,0xFF,0xFF,0xFF,0xFF,0xFF,0xFF,0xFF,0xFF,0xFF,0xFF,0xFF,0xFF,0xFF,0xFF,
    0xFF,0xFF,0xFF,0xFF,0xFF,0xFF,0xFF,0xFF,0xFF,0xFF,0xFF,0xFF,0xFF,0xFF,0xFF,0xFF,
    0xFF,0xFF,0xFF,0xFF,0xFF,0xFF,0xFF,0xFF,0xFF,0xFF,0xFF,0xFF,0xFF,0xFF,0xFF,0xFF,
    0xFF,0xFF,0xFF,0xFF,0xFF,0xFF,0xFF,0xFF,0xFF,0xFF,0xFF,0xFF,0xFF,0xFF,0xFF,0xFF,
    0xFF,0xFF,0xFF,0xFF,0xFF,0xFF,0xFF,0xFF,0xFF,0xFF,0xFF,0xFF,0xFF,0xFF,0xFF,0xFF,
    0xFF,0xFF,0xFF,0xFF,0xFF,0xFF,0xFF,0xFF,0xFF,0xFF,0xFF,0xFF,0xFF,0xFF,0xFF,0xFF,
    0xFF,0xFF,0xFF,0xFF,0xFF,0xFF,0xFF,0xFF,0xFF,0xFF,0xFF,0xFF,0xFF,0xFF,0xFF,0xFF,
    0xFF,0xFF,0xFF,0xFF,0xFF,0xFF,0xFF,0xFF,0xFF,0xFF,0xFF,0xFF,0xFF,0xFF,0xFF,0xFF,
    0xFF,0xFF,0xFF,0xFF,0xFF,0xFF,0xFF,0xFF,0xFF,0xFF,0xFF,0xFF,0xFF,0xFF,0xFF,0xFF,
    0xFF,0xFF,0xFF,0xFF,0xFF,0xFF,0xFF,0xFF,0xFF,0xFF,0xFF,0x86,0x00,0x00,0x00,0x00,
    0x00,0x00,0x00,0x0A,0xB0,0xFF,0xFF,0xFF,0xFF,0xFF,0xFF,0xFF,0xFF,0xFF,0xFF,0xFF,
    0xFF,0xFF,0xFF,0xFF,0xFF,0xFF,0xFF,0xFF,0xFF,0xFF,0xFF,0xFF,0xFF,0xFF,0xFF,0xFF,
    0xFF,0xFF,0xFF,0xFF,0xFF,0xFF,0xFF,0xFF,0xFF,0xFF,0xFF,0xFF,0xFF,0xFF,0xFF,0xFF,
    0xFF,0xFF,0xFF,0xFF,0xFF,0xFF,0xFF,0xFF,0xFF,0xFF,0xFF,0xFF,0xFF,0xFF,0xFF,0xFF,
    0xFF,0xFF,0xFF,0xFF,0xFF,0xFF,0xFF,0xFF,0xFF,0xFF,0xFF,0xFF,0xFF,0xFF,0xFF,0xFF,
    0xFF,0xFF,0xFF,0xFF,0xFF,0xFF,0xFF,0xFF,0xFF,0xFF,0xFF,0xFF,0xFF,0xFF,0xFF,0xFF,
    0xFF,0xFF,0xFF,0xFF,0xFF,0xFF,0xFF,0xFF,0xFF,0xFF,0xFF,0xFF,0xFF,0xFF,0xFF,0xFF,
    0xFF,0xFF,0xFF,0xFF,0xFF,0xFF,0xFF,0xFF,0xFF,0xFF,0xFF,0xFF,0xFF,0xFF,0xFF,0xFF,
    0xFF,0xFF,0xFF,0xFF,0xFF,0xFF,0xFF,0xFF,0xFF,0xFF,0xFF,0xFF,0xFF,0xFF,0xFF,0xFF,
    0xFF,0xFF,0xFF,0xFF,0xFF,0xFF,0xFF,0xFF,0xFF,0xFF,0xFF,0xFF,0xFF,0xFF,0xFF,0xFF,
    0xFF,0xFF,0xFF,0xFF,0xFF,0xFF,0xFF,0xFF,0xFF,0xFF,0xFF,0xFF,0xFF,0xFF,0xFF,0xFF,
    0xFF,0xFF,0xFF,0xFF,0xFF,0xFF,0xFF,0xFF,0xFF,0xFF,0xFF,0xFF,0xFF,0xFF,0xFF,0xFF,
    0xFF,0xFF,0xFF,0xFF,0xFF,0xFF,0xFF,0xFF,0xFF,0xFF,0xFF,0xFF,0xFF,0xFF,0xFF,0xFF,
    0xFF,0xFF,0xFF,0xFF,0xFF,0xFF,0xFF,0xFF,0xFF,0xFF,0xFF,0xFF,0xFF,0xFF,0xFF,0xFF,
    0xFF,0xFF,0xFF,0xFF,0xFF,0xFF,0xFF,0xFF,0xFF,0xFF,0xFF,0xB0,0x0A,0x00,0x00,0x00,
    0x00,0x00,0x00,0x32,0xD8,0xFF,0xFF,0xFF,0xFF,0xFF,0xFF,0xFF,0xFF,0xFF,0xFF,0xFF,
    0xFF,0xFF,0xFF,0xFF,0xFF,0xFF,0xFF,0xFF,0xFF,0xFF,0xFF,0xFF,0xFF,0xFF,0xFF,0xFF,
    0xFF,0xFF,0xFF,0xFF,0xFF,0xFF,0xFF,0xFF,0xFF,0xFF,0xFF,0xFF,0xFF,0xFF,0xFF,0xFF,
    0xFF,0xFF,0xFF,0xFF,0xFF,0xFF,0xFF,0xFF,0xFF,0xFF,0xFF,0xFF,0xFF,0xFF,0xFF,0xFF,
    0xFF,0xFF,0xFF,0xFF,0xFF,0xFF,0xFF,0xFF,0xFF,0xFF,0xFF,0xFF,0xFF,0xFF,0xFF,0xFF,
    0xFF,0xFF,0xFF,0xFF,0xFF,0xFF,0xFF,0xFF,0xFF,0xFF,0xFF,0xFF,0xFF,0xFF,0xFF,0xFF,
    0xFF,0xFF,0xFF,0xFF,0xFF,0xFF,0xFF,0xFF,0xFF,0xFF,0xFF,0xFF,0xFF,0xFF,0xFF,0xFF,
    0xFF,0xFF,0xFF,0xFF,0xFF,0xFF,0xFF,0xFF,0xFF,0xFF,0xFF,0xFF,0xFF,0xFF,0xFF,0xFF,
    0xFF,0xFF,0xFF,0xFF,0xFF,0xFF,0xFF,0xFF,0xFF,0xFF,0xFF,0xFF,0xFF,0xFF,0xFF,0xFF,
    0xFF,0xFF,0xFF,0xFF,0xFF,0xFF,0xFF,0xFF,0xFF,0xFF,0xFF,0xFF,0xFF,0xFF,0xFF,0xFF,
    0xFF,0xFF,0xFF,0xFF,0xFF,0xFF,0xFF,0xFF,0xFF,0xFF,0xFF,0xFF,0xFF,0xFF,0xFF,0xFF,
    0xFF,0xFF,0xFF,0xFF,0xFF,0xFF,0xFF,0xFF,0xFF,0xFF,0xFF,0xFF,0xFF,0xFF,0xFF,0xFF,
    0xFF,0xFF,0xFF,0xFF,0xFF,0xFF,0xFF,0xFF,0xFF,0xFF,0xFF,0xFF,0xFF,0xFF,0xFF,0xFF,
    0xFF,0xFF,0xFF,0xFF,0xFF,0xFF,0xFF,0xFF,0xFF,0xFF,0xFF,0xFF,0xFF,0xFF,0xFF,0xFF,
    0xFF,0xFF,0xFF,0xFF,0xFF,0xFF,0xFF,0xFF,0xFF,0xFF,0xFF,0xD8,0x32,0x00,0x00,0x00,
    0x00,0x00,0x00,0x59,0xFE,0xFF,0xFF,0xFF,0xFF,0xFF,0xFF,0xFF,0xFF,0xFF,0xFF,0xFF,
    0xFF,0xFF,0xFF,0xFF,0xFF,0xFF,0xFF,0xFF,0xFF,0xFF,0xFF,0xFF,0xFF,0xFF,0xFF,0xFF,
    0xFF,0xFF,0xFF,0xFF,0xFF,0xFF,0xFF,0xFF,0xFF,0xFF,0xFF,0xFF,0xFF,0xFF,0xFF,0xFF,
    0xFF,0xFF,0xFF,0xFF,0xFF,0xFF,0xFF,0xFF,0xFF,0xFF,0xFF,0xFF,0xFF,0xFF,0xFF,0xFF,
    0xFF,0xFF,0xFF,0xFF,0xFF,0xFF,0xFF,0xFF,0xFF,0xFF,0xFF,0xFF,0xFF,0xFF,0xFF,0xFF,
    0xFF,0xFF,0xFF,0xFF,0xFF,0xFF,0xFF,0xFF,0xFF,0xFF,0xFF,0xFF,0xFF,0xFF,0xFF,0xFF,
    0xFF,0xFF,0xFF,0xFF,0xFF,0xFF,0xFF,0xFF,0xFF,0xFF,0xFF,0xFF,0xFF,0xFF,0xFF,0xFF,
    0xFF,0xFF,0xFF,0xFF,0xFF,0xFF,0xFF,0xFF,0xFF,0xFF,0xFF,0xFF,0xFF,0xFF,0xFF,0xFF,
    0xFF,0xFF,0xFF,0xFF,0xFF,0xFF,0xFF,0xFF,0xFF,0xFF,0xFF,0xFF,0xFF,0xFF,0xFF,0xFF,
    0xFF,0xFF,0xFF,0xFF,0xFF,0xFF,0xFF,0xFF,0xFF,0xFF,0xFF,0xFF,0xFF,0xFF,0xFF,0xFF,
    0xFF,0xFF,0xFF,0xFF,0xFF,0xFF,0xFF,0xFF,0xFF,0xFF,0xFF,0xFF,0xFF,0xFF,0xFF,0xFF,
    0xFF,0xFF,0xFF,0xFF,0xFF,0xFF,0xFF,0xFF,0xFF,0xFF,0xFF,0xFF,0xFF,0xFF,0xFF,0xFF,
    0xFF,0xFF,0xFF,0xFF,0xFF,0xFF,0xFF,0xFF,0xFF,0xFF,0xFF,0xFF,0xFF,0xFF,0xFF,0xFF,
    0xFF,0xFF,0xFF,0xFF,0xFF,0xFF,0xFF,0xFF,0xFF,0xFF,0xFF,0xFF,0xFF,0xFF,0xFF,0xFF,
    0xFF,0xFF,0xFF,0xFF,0xFF,0xFF,0xFF,0xFF,0xFF,0xFF,0xFF,0xFE,0x59,0x00,0x00,0x00,
    0x00,0x00,0x00,0x7E,0xFF,0xFF,0xFF,0xFF,0xFF,0xFF,0xFF,0xFF,0xFF,0xFF,0xFF,0xFF,
    0xFF,0xFF,0xFF,0xFF,0xFF,0xFF,0xFF,0xFF,0xFF,0xFF,0xFF,0xFF,0xFF,0xFF,0xFF,0xFF,
    0xFF,0xFF,0xFF,0xFF,0xFF,0xFF,0xFF,0xFF,0xFF,0xFF,0xFF,0xFF,0xFF,0xFF,0xFF,0xFF,
    0xFF,0xFF,0xFF,0xFF,0xFF,0xFF,0xFF,0xFF,0xFF,0xFF,0xFF,0xFF,0xFF,0xFF,0xFF,0xFF,
    0xFF,0xFF,0xFF,0xFF,0xFF,0xFF,0xFF,0xFF,0xFF,0xFF,0xFF,0xFF,0xFF,0xFF,0xFF,0xFF,
    0xFF,0xFF,0xFF,0xFF,0xFF,0xFF,0xFF,0xFF,0xFF,0xFF,0xFF,0xFF,0xFF,0xFF,0xFF,0xFF,
    0xFF,0xFF,0xFF,0xFF,0xFF,0xFF,0xFF,0xFF,0xFF,0xFF,0xFF,0xFF,0xFF,0xFF,0xFF,0xFF,
    0xFF,0xFF,0xFF,0xFF,0xFF,0xFF,0xFF,0xFF,0xFF,0xFF,0xFF,0xFF,0xFF,0xFF,0xFF,0xFF,
    0xFF,0xFF,0xFF,0xFF,0xFF,0xFF,0xFF,0xFF,0xFF,0xFF,0xFF,0xFF,0xFF,0xFF,0xFF,0xFF,
    0xFF,0xFF,0xFF,0xFF,0xFF,0xFF,0xFF,0xFF,0xFF,0xFF,0xFF,0xFF,0xFF,0xFF,0xFF,0xFF,
    0xFF,0xFF,0xFF,0xFF,0xFF,0xFF,0xFF,0xFF,0xFF,0xFF,0xFF,0xFF,0xFF,0xFF,0xFF,0xFF,
    0xFF,0xFF,0xFF,0xFF,0xFF,0xFF,0xFF,0xFF,0xFF,0xFF,0xFF,0xFF,0xFF,0xFF,0xFF,0xFF,
    0xFF,0xFF,0xFF,0xFF,0xFF,0xFF,0xFF,0xFF,0xFF,0xFF,0xFF,0xFF,0xFF,0xFF,0xFF,0xFF,
    0xFF,0xFF,0xFF,0xFF,0xFF,0xFF,0xFF,0xFF,0xFF,0xFF,0xFF,0xFF,0xFF,0xFF,0xFF,0xFF,
    0xFF,0xFF,0xFF,0xFF,0xFF,0xFF,0xFF,0xFF,0xFF,0xFF,0xFF,0xFF,0x7E,0x00,0x00,0x00,
    0x00,0x00,0x00,0xA1,0xFF,0xFF,0xFF,0xFF,0xFF,0xFF,0xFF,0xFF,0xFF,0xFF,0xFF,0xFF,
    0xFF,0xFF,0xFF,0xFF,0xFF,0xFF,0xFF,0xFF,0xFF,0xFF,0xFF,0xFF,0xFF,0xFF,0xFF,0xFF,
    0xFF,0xFF,0xFF,0xFF,0xFF,0xFF,0xFF,0xFF,0xFF,0xFF,0xFF,0xFF,0xFF,0xFF,0xFF,0xFF,
    0xFF,0xFF,0xFF,0xFF,0xFF,0xFF,0xFF,0xFF,0xFF,0xFF,0xFF,0xFF,0xFF,0xFF,0xFF,0xFF,
    0xFF,0xFF,0xFF,0xFF,0xFF,0xFF,0xFF,0xFF,0xFF,0xFF,0xFF,0xFF,0xFF,0xFF,0xFF,0xFF,
    0xFF,0xFF,0xFF,0xFF,0xFF,0xFF,0xFF,0xFF,0xFF,0xFF,0xFF,0xFF,0xFF,0xFF,0xFF,0xFF,
    0xFF,0xFF,0xFF,0xFF,0xFF,0xFF,0xFF,0xFF,0xFF,0xFF,0xFF,0xFF,0xFF,0xFF,0xFF,0xFF,
    0xFF,0xFF,0xFF,0xFF,0xFF,0xFF,0xFF,0xFF,0xFF,0xFF,0xFF,0xFF,0xFF,0xFF,0xFF,0xFF,
    0xFF,0xFF,0xFF,0xFF,0xFF,0xFF,0xFF,0xFF,0xFF,0xFF,0xFF,0xFF,0xFF,0xFF,0xFF,0xFF,
    0xFF,0xFF,0xFF,0xFF,0xFF,0xFF,0xFF,0xFF,0xFF,0xFF,0xFF,0xFF,0xFF,0xFF,0xFF,0xFF,
    0xFF,0xFF,0xFF,0xFF,0xFF,0xFF,0xFF,0xFF,0xFF,0xFF,0xFF,0xFF,0xFF,0xFF,0xFF,0xFF,
    0xFF,0xFF,0xFF,0xFF,0xFF,0xFF,0xFF,0xFF,0xFF,0xFF,0xFF,0xFF,0xFF,0xFF,0xFF,0xFF,
    0xFF,0xFF,0xFF,0xFF,0xFF,0xFF,0xFF,0xFF,0xFF,0xFF,0xFF,0xFF,0xFF,0xFF,0xFF,0xFF,
    0xFF,0xFF,0xFF,0xFF,0xFF,0xFF,0xFF,0xFF,0xFF,0xFF,0xFF,0xFF,0xFF,0xFF,0xFF,0xFF,
    0xFF,0xFF,0xFF,0xFF,0xFF,0xFF,0xFF,0xFF,0xFF,0xFF,0xFF,0xFF,0xA1,0x00,0x00,0x00,
    0x00,0x00,0x1D,0xC4,0xFF,0xFF,0xFF,0xFF,0xFF,0xFF,0xFF,0xFF,0xFF,0xFF,0xFF,0xFF,
    0xFF,0xFF,0xFF,0xFF,0xFF,0xFF,0xFF,0xFF,0xFF,0xFF,0xFF,0xFF,0xFF,0xFF,0xFF,0xFF,
    0xFF,0xFF,0xFF,0xFF,0xFF,0xFF,0xFF,0xFF,0xFF,0xFF,0xFF,0xFF,0xFF,0xFF,0xFF,0xFF,
    0xFF,0xFF,0xFF,0xFF,0xFF,0xFF,0xFF,0xFF,0xFF,0xFF,0xFF,0xFF,0xFF,0xFF,0xFF,0xFF,
    0xFF,0xFF,0xFF,0xFF,0xFF,0xFF,0xFF,0xFF,0xFF,0xFF,0xFF,0xFF,0xFF,0xFF,0xFF,0xFF,
    0xFF,0xFF,0xFF,0xFF,0xFF,0xFF,0xFF,0xFF,0xFF,0xFF,0xFF,0xFF,0xFF,0xFF,0xFF,0xFF,
    0xFF,0xFF,0xFF,0xFF,0xFF,0xFF,0xFF,0xFF,0xFF,0xFF,0xFF,0xFF,0xFF,0xFF,0xFF,0xFF,
    0xFF,0xFF,0xFF,0xFF,0xFF,0xFF,0xFF,0xFF,0xFF,0xFF,0xFF,0xFF,0xFF,0xFF,0xFF,0xFF,
    0xFF,0xFF,0xFF,0xFF,0xFF,0xFF,0xFF,0xFF,0xFF,0xFF,0xFF,0xFF,0xFF,0xFF,0xFF,0xFF,
    0xFF,0xFF,0xFF,0xFF,0xFF,0xFF,0xFF,0xFF,0xFF,0xFF,0xFF,0xFF,0xFF,0xFF,0xFF,0xFF,
    0xFF,0xFF,0xFF,0xFF,0xFF,0xFF,0xFF,0xFF,0xFF,0xFF,0xFF,0xFF,0xFF,0xFF,0xFF,0xFF,
    0xFF,0xFF,0xFF,0xFF,0xFF,0xFF,0xFF,0xFF,0xFF,0xFF,0xFF,0xFF,0xFF,0xFF,0xFF,0xFF,
    0xFF,0xFF,0xFF,0xFF,0xFF,0xFF,0xFF,0xFF,0xFF,0xFF,0xFF,0xFF,0xFF,0xFF,0xFF,0xFF,
    0xFF,0xFF,0xFF,0xFF,0xFF,0xFF,0xFF,0xFF,0xFF,0xFF,0xFF,0xFF,0xFF,0xFF,0xFF,0xFF,
    0xFF,0xFF,0xFF,0xFF,0xFF,0xFF,0xFF,0xFF,0xFF,0xFF,0xFF,0xFF,0xC4,0x1D,0x00,0x00,
    0x00,0x00,0x3E,0xE5,0xFF,0xFF,0xFF,0xFF,0xFF,0xFF,0xFF,0xFF,0xFF,0xFF,0xFF,0xFF,
    0xFF,0xFF,0xFF,0xFF,0xFF,0xFF,0xFF,0xFF,0xFF,0xFF,0xFF,0xFF,0xFF,0xFF,0xFF,0xFF,
    0xFF,0xFF,0xFF,0xFF,0xFF,0xFF,0xFF,0xFF,0xFF,0xFF,0xFF,0xFF,0xFF,0xFF,0xFF,0xFF,
    0xFF,0xFF,0xFF,0xFF,0xFF,0xFF,0xFF,0xFF,0xFF,0xFF,0xFF,0xFF,0xFF,0xFF,0xFF,0xFF,
    0xFF,0xFF,0xFF,0xFF,0xFF,0xFF,0xFF,0xFF,0xFF,0xFF,0xFF,0xFF,0xFF,0xFF,0xFF,0xFF,
    0xFF,0xFF,0xFF,0xFF,0xFF,0xFF,0xFF,0xFF,0xFF,0xFF,0xFF,0xFF,0xFF,0xFF,0xFF,0xFF,
    0xFF,0xFF,0xFF,0xFF,0xFF,0xFF,0xFF,0xFF,0xFF,0xFF,0xFF,0xFF,0xFF,0xFF,0xFF,0xFF,
    0xFF,0xFF,0xFF,0xFF,0xFF,0xFF,0xFF,0xFF,0xFF,0xFF,0xFF,0xFF,0xFF,0xFF,0xFF,0xFF,
    0xFF,0xFF,0xFF,0xFF,0xFF,0xFF,0xFF,0xFF,0xFF,0xFF,0xFF,0xFF,0xFF,0xFF,0xFF,0xFF,
    0xFF,0xFF,0xFF,0xFF,0xFF,0xFF,0xFF,0xFF,0xFF,0xFF,0xFF,0xFF,0xFF,0xFF,0xFF,0xFF,
    0xFF,0xFF,0xFF,0xFF,0xFF,0xFF,0xFF,0xFF,0xFF,0xFF,0xFF,0xFF,0xFF,0xFF,0xFF,0xFF,
    0xFF,0xFF,0xFF,0xFF,0xFF,0xFF,0xFF,0xFF,0xFF,0xFF,0xFF,0xFF,0xFF,0xFF,0xFF,0xFF,
    0xFF,0xFF,0xFF,0xFF,0xFF,0xFF,0xFF,0xFF,0xFF,0xFF,0xFF,0xFF,0xFF,0xFF,0xFF,0xFF,
    0xFF,0xFF,0xFF,0xFF,0xFF,0xFF,0xFF,0xFF,0xFF,0xFF,0xFF,0xFF,0xFF,0xFF,0xFF,0xFF,
    0xFF,0xFF,0xFF,0xFF,0xFF,0xFF,0xFF,0xFF,0xFF,0xFF,0xFF,0xFF,0xE5,0x3E,0x00,0x00,
    0x00,0x00,0x5D,0xFF,0xFF,0xFF,0xFF,0xFF,0xFF,0xFF,0xFF,0xFF,0xFF,0xFF,0xFF,0xFF,
    0xFF,0xFF,0xFF,0xFF,0xFF,0xFF,0xFF,0xFF,0xFF,0xFF,0xFF,0xFF,0xFF,0xFF,0xFF,0xFF,
    0xFF,0xFF,0xFF,0xFF,0xFF,0xFF,0xFF,0xFF,0xFF,0xFF,0xFF,0xFF,0xFF,0xFF,0xFF,0xFF,
    0xFF,0xFF,0xFF,0xFF,0xFF,0xFF,0xFF,0xFF,0xFF,0xFF,0xFF,0xFF,0xFF,0xFF,0xFF,0xFF,
    0xFF,0xFF,0xFF,0xFF,0xFF,0xFF,0xFF,0xFF,0xFF,0xFF,0xFF,0xFF,0xFF,0xFF,0xFF,0xFF,
    0xFF,0xFF,0xFF,0xFF,0xFF,0xFF,0xFF,0xFF,0xFF,0xFF,0xFF,0xFF,0xFF,0xFF,0xFF,0xFF,
    0xFF,0xFF,0xFF,0xFF,0xFF,0xFF,0xFF,0xFF,0xFF,0xFF,0xFF,0xFF,0xFF,0xFF,0xFF,0xFF,
    0xFF,0xFF,0xFF,0xFF,0xFF,0xFF,0xFF,0xFF,0xFF,0xFF,0xFF,0xFF,0xFF,0xFF,0xFF,0xFF,
    0xFF,0xFF,0xFF,0xFF,0xFF,0xFF,0xFF,0xFF,0xFF,0xFF,0xFF,0xFF,0xFF,0xFF,0xFF,0xFF,
    0xFF,0xFF,0xFF,0xFF,0xFF,0xFF,0xFF,0xFF,0xFF,0xFF,0xFF,0xFF,0xFF,0xFF,0xFF,0xFF,
    0xFF,0xFF,0xFF,0xFF,0xFF,0xFF,0xFF,0xFF,0xFF,0xFF,0xFF,0xFF,0xFF,0xFF,0xFF,0xFF,
    0xFF,0xFF,0xFF,0xFF,0xFF,0xFF,0xFF,0xFF,0xFF,0xFF,0xFF,0xFF,0xFF,0xFF,0xFF,0xFF,
    0xFF,0xFF,0xFF,0xFF,0xFF,0xFF,0xFF,0xFF,0xFF,0xFF,0xFF,0xFF,0xFF,0xFF,0xFF,0xFF,
    0xFF,0xFF,0xFF,0xFF,0xFF,0xFF,0xFF,0xFF,0xFF,0xFF,0xFF,0xFF,0xFF,0xFF,0xFF,0xFF,
    0xFF,0xFF,0xFF,0xFF,0xFF,0xFF,0xFF,0xFF,0xFF,0xFF,0xFF,0xFF,0xFF,0x5D,0x00,0x00,
    0x00,0x00,0x7B,0xFF,0xFF,0xFF,0xFF,0xFF,0xFF,0xFF,0xFF,0xFF,0xFF,0xFF,0xFF,0xFF,
    0xFF,0xFF,0xFF,0xFF,0xFF,0xFF,0xFF,0xFF,0xFF,0xFF,0xFF,0xFF,0xFF,0xFF,0xFF,0xFF,
    0xFF,0xFF,0xFF,0xFF,0xFF,0xFF,0xFF,0xFF,0xFF,0xFF,0xFF,0xFF,0xFF,0xFF,0xFF,0xFF,
    0xFF,0xFF,0xFF,0xFF,0xFF,0xFF,0xFF,0xFF,0xFF,0xFF,0xFF,0xFF,0xFF,0xFF,0xFF,0xFF,
    0xFF,0xFF,0xFF,0xFF,0xFF,0xFF,0xFF,0xFF,0xFF,0xFF,0xFF,0xFF,0xFF,0xFF,0xFF,0xFF,
    0xFF,0xFF,0xFF,0xFF,0xFF,0xFF,0xFF,0xFF,0xFF,0xFF,0xFF,0xFF,0xFF,0xFF,0xFF,0xFF,
    0xFF,0xFF,0xFF,0xFF,0xFF,0xFF,0xFF,0xFF,0xFF,0xFF,0xFF,0xFF,0xFF,0xFF,0xFF,0xFF,
    0xFF,0xFF,0xFF,0xFF,0xFF,0xFF,0xFF,0xFF,0xFF,0xFF,0xFF,0xFF,0xFF,0xFF,0xFF,0xFF,
    0xFF,0xFF,0xFF,0xFF,0xFF,0xFF,0xFF,0xFF,0xFF,0xFF,0xFF,0xFF,0xFF,0xFF,0xFF,0xFF,
    0xFF,0xFF,0xFF,0xFF,0xFF,0xFF,0xFF,0xFF,0xFF,0xFF,0xFF,0xFF,0xFF,0xFF,0xFF,0xFF,
    0xFF,0xFF,0xFF,0xFF,0xFF,0xFF,0xFF,0xFF,0xFF,0xFF,0xFF,0xFF,0xFF,0xFF,0xFF,0xFF,
    0xFF,0xFF,0xFF,0xFF,0xFF,0xFF,0xFF,0xFF,0xFF,0xFF,0xFF,0xFF,0xFF,0xFF,0xFF,0xFF,
    0xFF,0xFF,0xFF,0xFF,0xFF,0xFF,0xFF,0xFF,0xFF,0xFF,0xFF,0xFF,0xFF,0xFF,0xFF,0xFF,
    0xFF,0xFF,0xFF,0xFF,0xFF,0xFF,0xFF,0xFF,0xFF,0xFF,0xFF,0xFF,0xFF,0xFF,0xFF,0xFF,
    0xFF,0xFF,0xFF,0xFF,0xFF,0xFF,0xFF,0xFF,0xFF,0xFF,0xFF,0xFF,0xFF,0x7B,0x00,0x00,
    0x00,0x00,0x97,0xFF,0xFF,0xFF,0xFF,0xFF,0xFF,0xFF,0xFF,0xFF,0xFF,0xFF,0xFF,0xFF,
    0xFF,0xFF,0xFF,0xFF,0xFF,0xFF,0xFF,0xFF,0xFF,0xFF,0xFF,0xFF,0xFF,0xFF,0xFF,0xFF,
    0xFF,0xFF,0xFF,0xFF,0xFF,0xFF,0xFF,0xFF,0xFF,0xFF,0xFF,0xFF,0xFF,0xFF,0xFF,0xFF,
    0xFF,0xFF,0xFF,0xFF,0xFF,0xFF,0xFF,0xFF,0xFF,0xFF,0xFF,0xFF,0xFF,0xFF,0xFF,0xFF,
    0xFF,0xFF,0xFF,0xFF,0xFF,0xFF,0xFF,0xFF,0xFF,0xFF,0xFF,0xFF,0xFF,0xFF,0xFF,0xFF,
    0xFF,0xFF,0xFF,0xFF,0xFF,0xFF,0xFF,0xFF,0xFF,0xFF,0xFF,0xFF,0xFF,0xFF,0xFF,0xFF,
    0xFF,0xFF,0xFF,0xFF,0xFF,0xFF,0xFF,0xFF,0xFF,0xFF,0xFF,0xFF,0xFF,0xFF,0xFF,0xFF,
    0xFF,0xFF,0xFF,0xFF,0xFF,0xFF,0xFF,0xFF,0xFF,0xFF,0xFF,0xFF,0xFF,0xFF,0xFF,0xFF,
    0xFF,0xFF,0xFF,0xFF,0xFF,0xFF,0xFF,0xFF,0xFF,0xFF,0xFF,0xFF,0xFF,0xFF,0xFF,0xFF,
    0xFF,0xFF,0xFF,0xFF,0xFF,0xFF,0xFF,0xFF,0xFF,0xFF,0xFF,0xFF,0xFF,0xFF,0xFF,0xFF,
    0xFF,0xFF,0xFF,0xFF,0xFF,0xFF,0xFF,0xFF,0xFF,0xFF,0xFF,0xFF,0xFF,0xFF,0xFF,0xFF,
    0xFF,0xFF,0xFF,0xFF,0xFF,0xFF,0xFF,0xFF,0xFF,0xFF,0xFF,0xFF,0xFF,0xFF,0xFF,0xFF,
    0xFF,0xFF,0xFF,0xFF,0xFF,0xFF,0xFF,0xFF,0xFF,0xFF,0xFF,0xFF,0xFF,0xFF,0xFF,0xFF,
    0xFF,0xFF,0xFF,0xFF,0xFF,0xFF,0xFF,0xFF,0xFF,0xFF,0xFF,0xFF,0xFF,0xFF,0xFF,0xFF,
    0xFF,0xFF,0xFF,0xFF,0xFF,0xFF,0xFF,0xFF,0xFF,0xFF,0xFF,0xFF,0xFF,0x97,0x00,0x00,
    0x00,0x0A,0xB2,0xFF,0xFF,0xFF,0xFF,0xFF,0xFF,0xFF,0xFF,0xFF,0xFF,0xFF,0xFF,0xFF,
    0xFF,0xFF,0xFF,0xFF,0xFF,0xFF,0xFF,0xFF,0xFF,0xFF,0xFF,0xFF,0xFF,0xFF,0xFF,0xFF,
    0xFF,0xFF,0xFF,0xFF,0xFF,0xFF,0xFF,0xFF,0xFF,0xFF,0xFF,0xFF,0xFF,0xFF,0xFF,0xFF,
    0xFF,0xFF,0xFF,0xFF,0xFF,0xFF,0xFF,0xFF,0xFF,0xFF,0xFF,0xFF,0xFF,0xFF,0xFF,0xFF,
    0xFF,0xFF,0xFF,0xFF,0xFF,0xFF,0xFF,0xFF,0xFF,0xFF,0xFF,0xFF,0xFF,0xFF,0xFF,0xFF,
    0xFF,0xFF,0xFF,0xFF,0xFF,0xFF,0xFF,0xFF,0xFF,0xFF,0xFF,0xFF,0xFF,0xFF,0xFF,0xFF,
    0xFF,0xFF,0xFF,0xFF,0xFF,0xFF,0xFF,0xFF,0xFF,0xFF,0xFF,0xFF,0xFF,0xFF,0xFF,0xFF,
    0xFF,0xFF,0xFF,0xFF,0xFF,0xFF,0xFF,0xFF,0xFF,0xFF,0xFF,0xFF,0xFF,0xFF,0xFF,0xFF,
    0xFF,0xFF,0xFF,0xFF,0xFF,0xFF,0xFF,0xFF,0xFF,0xFF,0xFF,0xFF,0xFF,0xFF,0xFF,0xFF,
    0xFF,0xFF,0xFF,0xFF,0xFF,0xFF,0xFF,0xFF,0xFF,0xFF,0xFF,0xFF,0xFF,0xFF,0xFF,0xFF,
    0xFF,0xFF,0xFF,0xFF,0xFF,0xFF,0xFF,0xFF,0xFF,0xFF,0xFF,0xFF,0xFF,0xFF,0xFF,0xFF,
    0xFF,0xFF,0xFF,0xFF,0xFF,0xFF,0xFF,0xFF,0xFF,0xFF,0xFF,0xFF,0xFF,0xFF,0xFF,0xFF,
    0xFF,0xFF,0xFF,0xFF,0xFF,0xFF,0xFF,0xFF,0xFF,0xFF,0xFF,0xFF,0xFF,0xFF,0xFF,0xFF,
    0xFF,0xFF,0xFF,0xFF,0xFF,0xFF,0xFF,0xFF,0xFF,0xFF,0xFF,0xFF,0xFF,0xFF,0xFF,0xFF,
    0xFF,0xFF,0xFF,0xFF,0xFF,0xFF,0xFF,0xFF,0xFF,0xFF,0xFF,0xFF,0xFF,0xB2,0x0A,0x00,
    0x00,0x24,0xCC,0xFF,0xFF,0xFF,0xFF,0xFF,0xFF,0xFF,0xFF,0xFF,0xFF,0xFF,0xFF,0xFF,
    0xFF,0xFF,0xFF,0xFF,0xFF,0xFF,0xFF,0xFF,0xFF,0xFF,0xFF,0xFF,0xFF,0xFF,0xFF,0xFF,
    0xFF,0xFF,0xFF,0xFF,0xFF,0xFF,0xFF,0xFF,0xFF,0xFF,0xFF,0xFF,0xFF,0xFF,0xFF,0xFF,
    0xFF,0xFF,0xFF,0xFF,0xFF,0xFF,0xFF,0xFF,0xFF,0xFF,0xFF,0xFF,0xFF,0xFF,0xFF,0xFF,
    0xFF,0xFF,0xFF,0xFF,0xFF,0xFF,0xFF,0xFF,0xFF,0xFF,0xFF,0xFF,0xFF,0xFF,0xFF,0xFF,
    0xFF,0xFF,0xFF,0xFF,0xFF,0xFF,0xFF,0xFF,0xFF,0xFF,0xFF,0xFF,0xFF,0xFF,0xFF,0xFF,
    0xFF,0xFF,0xFF,0xFF,0xFF,0xFF,0xFF,0xFF,0xFF,0xFF,0xFF,0xFF,0xFF,0xFF,0xFF,0xFF,
    0xFF,0xFF,0xFF,0xFF,0xFF,0xFF,0xFF,0xFF,0xFF,0xFF,0xFF,0xFF,0xFF,0xFF,0xFF,0xFF,
    0xFF,0xFF,0xFF,0xFF,0xFF,0xFF,0xFF,0xFF,0xFF,0xFF,0xFF,0xFF,0xFF,0xFF,0xFF,0xFF,
    0xFF,0xFF,0xFF,0xFF,0xFF,0xFF,0xFF,0xFF,0xFF,0xFF,0xFF,0xFF,0xFF,0xFF,0xFF,0xFF,
    0xFF,0xFF,0xFF,0xFF,0xFF,0xFF,0xFF,0xFF,0xFF,0xFF,0xFF,0xFF,0xFF,0xFF,0xFF,0xFF,
    0xFF,0xFF,0xFF,0xFF,0xFF,0xFF,0xFF,0xFF,0xFF,0xFF,0xFF,0xFF,0xFF,0xFF,0xFF,0xFF,
    0xFF,0xFF,0xFF,0xFF,0xFF,0xFF,0xFF,0xFF,0xFF,0xFF,0xFF,0xFF,0xFF,0xFF,0xFF,0xFF,
    0xFF,0xFF,0xFF,0xFF,0xFF,0xFF,0xFF,0xFF,0xFF,0xFF,0xFF,0xFF,0xFF,0xFF,0xFF,0xFF,
    0xFF,0xFF,0xFF,0xFF,0xFF,0xFF,0xFF,0xFF,0xFF,0xFF,0xFF,0xFF,0xFF,0xCC,0x24,0x00,
    0x00,0x3C,0xE5,0xFF,0xFF,0xFF,0xFF,0xFF,0xFF,0xFF,0xFF,0xFF,0xFF,0xFF,0xFF,0xFF,
    0xFF,0xFF,0xFF,0xFF,0xFF,0xFF,0xFF,0xFF,0xFF,0xFF,0xFF,0xFF,0xFF,0xFF,0xFF,0xFF,
    0xFF,0xFF,0xFF,0xFF,0xFF,0xFF,0xFF,0xFF,0xFF,0xFF,0xFF,0xFF,0xFF,0xFF,0xFF,0xFF,
    0xFF,0xFF,0xFF,0xFF,0xFF,0xFF,0xFF,0xFF,0xFF,0xFF,0xFF,0xFF,0xFF,0xFF,0xFF,0xFF,
    0xFF,0xFF,0xFF,0xFF,0xFF,0xFF,0xFF,0xFF,0xFF,0xFF,0xFF,0xFF,0xFF,0xFF,0xFF,0xFF,
    0xFF,0xFF,0xFF,0xFF,0xFF,0xFF,0xFF,0xFF,0xFF,0xFF,0xFF,0xFF,0xFF,0xFF,0xFF,0xFF,
    0xFF,0xFF,0xFF,0xFF,0xFF,0xFF,0xFF,0xFF,0xFF,0xFF,0xFF,0xFF,0xFF,0xFF,0xFF,0xFF,
    0xFF,0xFF,0xFF,0xFF,0xFF,0xFF,0xFF,0xFF,0xFF,0xFF,0xFF,0xFF,0xFF,0xFF,0xFF,0xFF,
    0xFF,0xFF,0xFF,0xFF,0xFF,0xFF,0xFF,0xFF,0xFF,0xFF,0xFF,0xFF,0xFF,0xFF,0xFF,0xFF,
    0xFF,0xFF,0xFF,0xFF,0xFF,0xFF,0xFF,0xFF,0xFF,0xFF,0xFF,0xFF,0xFF,0xFF,0xFF,0xFF,
    0xFF,0xFF,0xFF,0xFF,0xFF,0xFF,0xFF,0xFF,0xFF,0xFF,0xFF,0xFF,0xFF,0xFF,0xFF,0xFF,
    0xFF,0xFF,0xFF,0xFF,0xFF,0xFF,0xFF,0xFF,0xFF,0xFF,0xFF,0xFF,0xFF,0xFF,0xFF,0xFF,
    0xFF,0xFF,0xFF,0xFF,0xFF,0xFF,0xFF,0xFF,0xFF,0xFF,0xFF,0xFF,0xFF,0xFF,0xFF,0xFF,
    0xFF,0xFF,0xFF,0xFF,0xFF,0xFF,0xFF,0xFF,0xFF,0xFF,0xFF,0xFF,0xFF,0xFF,0xFF,0xFF,
    0xFF,0xFF,0xFF,0xFF,0xFF,0xFF,0xFF,0xFF,0xFF,0xFF,0xFF,0xFF,0xFF,0xE5,0x3C,0x00,
    0x00,0x53,0xFB,0xFF,0xFF,0xFF,0xFF,0xFF,0xFF,0xFF,0xFF,0xFF,0xFF,0xFF,0xFF,0xFF,
    0xFF,0xFF,0xFF,0xFF,0xFF,0xFF,0xFF,0xFF,0xFF,0xFF,0xFF,0xFF,0xFF,0xFF,0xFF,0xFF,
    0xFF,0xFF,0xFF,0xFF,0xFF,0xFF,0xFF,0xFF,0xFF,0xFF,0xFF,0xFF,0xFF,0xFF,0xFF,0xFF,
    0xFF,0xFF,0xFF,0xFF,0xFF,0xFF,0xFF,0xFF,0xFF,0xFF,0xFF,0xFF,0xFF,0xFF,0xFF,0xFF,
    0xFF,0xFF,0xFF,0xFF,0xFF,0xFF,0xFF,0xFF,0xFF,0xFF,0xFF,0xFF,0xFF,0xFF,0xFF,0xFF,
    0xFF,0xFF,0xFF,0xFF,0xFF,0xFF,0xFF,0xFF,0xFF,0xFF,0xFF,0xFF,0xFF,0xFF,0xFF,0xFF,
    0xFF,0xFF,0xFF,0xFF,0xFF,0xFF,0xFF,0xFF,0xFF,0xFF,0xFF,0xFF,0xFF,0xFF,0xFF,0xFF,
    0xFF,0xFF,0xFF,0xFF,0xFF,0xFF,0xFF,0xFF,0xFF,0xFF,0xFF,0xFF,0xFF,0xFF,0xFF,0xFF,
    0xFF,0xFF,0xFF,0xFF,0xFF,0xFF,0xFF,0xFF,0xFF,0xFF,0xFF,0xFF,0xFF,0xFF,0xFF,0xFF,
    0xFF,0xFF,0xFF,0xFF,0xFF,0xFF,0xFF,0xFF,0xFF,0xFF,0xFF,0xFF,0xFF,0xFF,0xFF,0xFF,
    0xFF,0xFF,0xFF,0xFF,0xFF,0xFF,0xFF,0xFF,0xFF,0xFF,0xFF,0xFF,0xFF,0xFF,0xFF,0xFF,
    0xFF,0xFF,0xFF,0xFF,0xFF,0xFF,0xFF,0xFF,0xFF,0xFF,0xFF,0xFF,0xFF,0xFF,0xFF,0xFF,
    0xFF,0xFF,0xFF,0xFF,0xFF,0xFF,0xFF,0xFF,0xFF,0xFF,0xFF,0xFF,0xFF,0xFF,0xFF,0xFF,
    0xFF,0xFF,0xFF,0xFF,0xFF,0xFF,0xFF,0xFF,0xFF,0xFF,0xFF,0xFF,0xFF,0xFF,0xFF,0xFF,
    0xFF,0xFF,0xFF,0xFF,0xFF,0xFF,0xFF,0xFF,0xFF,0xFF,0xFF,0xFF,0xFF,0xFB,0x53,0x00,
    0x00,0x68,0xFF,0xFF,0xFF,0xFF,0xFF,0xFF,0xFF,0xFF,0xFF,0xFF,0xFF,0xFF,0xFF,0xFF,
    0xFF,0xFF,0xFF,0xFF,0xFF,0xFF,0xFF,0xFF,0xFF,0xFF,0xFF,0xFF,0xFF,0xFF,0xFF,0xFF,
    0xFF,0xFF,0xFF,0xFF,0xFF,0xFF,0xFF,0xFF,0xFF,0xFF,0xFF,0xFF,0xFF,0xFF,0xFF,0xFF,
    0xFF,0xFF,0xFF,0xFF,0xFF,0xFF,0xFF,0xFF,0xFF,0xFF,0xFF,0xFF,0xFF,0xFF,0xFF,0xFF,
    0xFF,0xFF,0xFF,0xFF,0xFF,0xFF,0xFF,0xFF,0xFF,0xFF,0xFF,0xFF,0xFF,0xFF,0xFF,0xFF,
    0xFF,0xFF,0xFF,0xFF,0xFF,0xFF,0xFF,0xFF,0xFF,0xFF,0xFF,0xFF,0xFF,0xFF,0xFF,0xFF,
    0xFF,0xFF,0xFF,0xFF,0xFF,0xFF,0xFF,0xFF,0xFF,0xFF,0xFF,0xFF,0xFF,0xFF,0xFF,0xFF,
    0xFF,0xFF,0xFF,0xFF,0xFF,0xFF,0xFF,0xFF,0xFF,0xFF,0xFF,0xFF,0xFF,0xFF,0xFF,0xFF,
    0xFF,0xFF,0xFF,0xFF,0xFF,0xFF,0xFF,0xFF,0xFF,0xFF,0xFF,0xFF,0xFF,0xFF,0xFF,0xFF,
    0xFF,0xFF,0xFF,0xFF,0xFF,0xFF,0xFF,0xFF,0xFF,0xFF,0xFF,0xFF,0xFF,0xFF,0xFF,0xFF,
    0xFF,0xFF,0xFF,0xFF,0xFF,0xFF,0xFF,0xFF,0xFF,0xFF,0xFF,0xFF,0xFF,0xFF,0xFF,0xFF,
    0xFF,0xFF,0xFF,0xFF,0xFF,0xFF,0xFF,0xFF,0xFF,0xFF,0xFF,0xFF,0xFF,0xFF,0xFF,0xFF,
    0xFF,0xFF,0xFF,0xFF,0xFF,0xFF,0xFF,0xFF,0xFF,0xFF,0xFF,0xFF,0xFF,0xFF,0xFF,0xFF,
    0xFF,0xFF,0xFF,0xFF,0xFF,0xFF,0xFF,0xFF,0xFF,0xFF,0xFF,0xFF,0xFF,0xFF,0xFF,0xFF,
    0xFF,0xFF,0xFF,0xFF,0xFF,0xFF,0xFF,0xFF,0xFF,0xFF,0xFF,0xFF,0xFF,0xFF,0x68,0x00,
    0x00,0x7C,0xFF,0xFF,0xFF,0xFF,0xFF,0xFF,0xFF,0xFF,0xFF,0xFF,0xFF,0xFF,0xFF,0xFF,
    0xFF,0xFF,0xFF,0xFF,0xFF,0xFF,0xFF,0xFF,0xFF,0xFF,0xFF,0xFF,0xFF,0xFF,0xFF,0xFF,
    0xFF,0xFF,0xFF,0xFF,0xFF,0xFF,0xFF,0xFF,0xFF,0xFF,0xFF,0xFF,0xFF,0xFF,0xFF,0xFF,
    0xFF,0xFF,0xFF,0xFF,0xFF,0xFF,0xFF,0xFF,0xFF,0xFF,0xFF,0xFF,0xFF,0xFF,0xFF,0xFF,
    0xFF,0xFF,0xFF,0xFF,0xFF,0xFF,0xFF,0xFF,0xFF,0xFF,0xFF,0xFF,0xFF,0xFF,0xFF,0xFF,
    0xFF,0xFF,0xFF,0xFF,0xFF,0xFF,0xFF,0xFF,0xFF,0xFF,0xFF,0xFF,0xFF,0xFF,0xFF,0xFF,
    0xFF,0xFF,0xFF,0xFF,0xFF,0xFF,0xFF,0xFF,0xFF,0xFF,0xFF,0xFF,0xFF,0xFF,0xFF,0xFF,
    0xFF,0xFF,0xFF,0xFF,0xFF,0xFF,0xFF,0xFF,0xFF,0xFF,0xFF,0xFF,0xFF,0xFF,0xFF,0xFF,
    0xFF,0xFF,0xFF,0xFF,0xFF,0xFF,0xFF,0xFF,0xFF,0xFF,0xFF,0xFF,0xFF,0xFF,0xFF,0xFF,
    0xFF,0xFF,0xFF,0xFF,0xFF,0xFF,0xFF,0xFF,0xFF,0xFF,0xFF,0xFF,0xFF,0xFF,0xFF,0xFF,
    0xFF,0xFF,0xFF,0xFF,0xFF,0xFF,0xFF,0xFF,0xFF,0xFF,0xFF,0xFF,0xFF,0xFF,0xFF,0xFF,
    0xFF,0xFF,0xFF,0xFF,0xFF,0xFF,0xFF,0xFF,0xFF,0xFF,0xFF,0xFF,0xFF,0xFF,0xFF,0xFF,
    0xFF,0xFF,0xFF,0xFF,0xFF,0xFF,0xFF,0xFF,0xFF,0xFF,0xFF,0xFF,0xFF,0xFF,0xFF,0xFF,
    0xFF,0xFF,0xFF,0xFF,0xFF,0xFF,0xFF,0xFF,0xFF,0xFF,0xFF,0xFF,0xFF,0xFF,0xFF,0xFF,
    0xFF,0xFF,0xFF,0xFF,0xFF,0xFF,0xFF,0xFF,0xFF,0xFF,0xFF,0xFF,0xFF,0xFF,0x7C,0x00,
    0x00,0x8F,0xFF,0xFF,0xFF,0xFF,0xFF,0xFF,0xFF,0xFF,0xFF,0xFF,0xFF,0xFF,0xFF,0xFF,
    0xFF,0xFF,0xFF,0xFF,0xFF,0xFF,0xFF,0xFF,0xFF,0xFF,0xFF,0xFF,0xFF,0xFF,0xFF,0xFF,
    0xFF,0xFF,0xFF,0xFF,0xFF,0xFF,0xFF,0xFF,0xFF,0xFF,0xFF,0xFF,0xFF,0xFF,0xFF,0xFF,
    0xFF,0xFF,0xFF,0xFF,0xFF,0xFF,0xFF,0xFF,0xFF,0xFF,0xFF,0xFF,0xFF,0xFF,0xFF,0xFF,
    0xFF,0xFF,0xFF,0xFF,0xFF,0xFF,0xFF,0xFF,0xFF,0xFF,0xFF,0xFF,0xFF,0xFF,0xFF,0xFF,
    0xFF,0xFF,0xFF,0xFF,0xFF,0xFF,0xFF,0xFF,0xFF,0xFF,0xFF,0xFF,0xFF,0xFF,0xFF,0xFF,
    0xFF,0xFF,0xFF,0xFF,0xFF,0xFF,0xFF,0xFF,0xFF,0xFF,0xFF,0xFF,0xFF,0xFF,0xFF,0xFF,
    0xFF,0xFF,0xFF,0xFF,0xFF,0xFF,0xFF,0xFF,0xFF,0xFF,0xFF,0xFF,0xFF,0xFF,0xFF,0xFF,
    0xFF,0xFF,0xFF,0xFF,0xFF,0xFF,0xFF,0xFF,0xFF,0xFF,0xFF,0xFF,0xFF,0xFF,0xFF,0xFF,
    0xFF,0xFF,0xFF,0xFF,0xFF,0xFF,0xFF,0xFF,0xFF,0xFF,0xFF,0xFF,0xFF,0xFF,0xFF,0xFF,
    0xFF,0xFF,0xFF,0xFF,0xFF,0xFF,0xFF,0xFF,0xFF,0xFF,0xFF,0xFF,0xFF,0xFF,0xFF,0xFF,
    0xFF,0xFF,0xFF,0xFF,0xFF,0xFF,0xFF,0xFF,0xFF,0xFF,0xFF,0xFF,0xFF,0xFF,0xFF,0xFF,
    0xFF,0xFF,0xFF,0xFF,0xFF,0xFF,0xFF,0xFF,0xFF,0xFF,0xFF,0xFF,0xFF,0xFF,0xFF,0xFF,
    0xFF,0xFF,0xFF,0xFF,0xFF,0xFF,0xFF,0xFF,0xFF,0xFF,0xFF,0xFF,0xFF,0xFF,0xFF,0xFF,
    0xFF,0xFF,0xFF,0xFF,0xFF,0xFF,0xFF,0xFF,0xFF,0xFF,0xFF,0xFF,0xFF,0xFF,0x8F,0x00,
    0x00,0xA0,0xFF,0xFF,0xFF,0xFF,0xFF,0xFF,0xFF,0xFF,0xFF,0xFF,0xFF,0xFF,0xFF,0xFF,
    0xFF,0xFF,0xFF,0xFF,0xFF,0xFF,0xFF,0xFF,0xFF,0xFF,0xFF,0xFF,0xFF,0xFF,0xFF,0xFF,
    0xFF,0xFF,0xFF,0xFF,0xFF,0xFF,0xFF,0xFF,0xFF,0xFF,0xFF,0xFF,0xFF,0xFF,0xFF,0xFF,
    0xFF,0xFF,0xFF,0xFF,0xFF,0xFF,0xFF,0xFF,0xFF,0xFF,0xFF,0xFF,0xFF,0xFF,0xFF,0xFF,
    0xFF,0xFF,0xFF,0xFF,0xFF,0xFF,0xFF,0xFF,0xFF,0xFF,0xFF,0xFF,0xFF,0xFF,0xFF,0xFF,
    0xFF,0xFF,0xFF,0xFF,0xFF,0xFF,0xFF,0xFF,0xFF,0xFF,0xFF,0xFF,0xFF,0xFF,0xFF,0xFF,
    0xFF,0xFF,0xFF,0xFF,0xFF,0xFF,0xFF,0xFF,0xFF,0xFF,0xFF,0xFF,0xFF,0xFF,0xFF,0xFF,
    0xFF,0xFF,0xFF,0xFF,0xFF,0xFF,0xFF,0xFF,0xFF,0xFF,0xFF,0xFF,0xFF,0xFF,0xFF,0xFF,
    0xFF,0xFF,0xFF,0xFF,0xFF,0xFF,0xFF,0xFF,0xFF,0xFF,0xFF,0xFF,0xFF,0xFF,0xFF,0xFF,
    0xFF,0xFF,0xFF,0xFF,0xFF,0xFF,0xFF,0xFF,0xFF,0xFF,0xFF,0xFF,0xFF,0xFF,0xFF,0xFF,
    0xFF,0xFF,0xFF,0xFF,0xFF,0xFF,0xFF,0xFF,0xFF,0xFF,0xFF,0xFF,0xFF,0xFF,0xFF,0xFF,
    0xFF,0xFF,0xFF,0xFF,0xFF,0xFF,0xFF,0xFF,0xFF,0xFF,0xFF,0xFF,0xFF,0xFF,0xFF,0xFF,
    0xFF,0xFF,0xFF,0xFF,0xFF,0xFF,0xFF,0xFF,0xFF,0xFF,0xFF,0xFF,0xFF,0xFF,0xFF,0xFF,
    0xFF,0xFF,0xFF,0xFF,0xFF,0xFF,0xFF,0xFF,0xFF,0xFF,0xFF,0xFF,0xFF,0xFF,0xFF,0xFF,
    0xFF,0xFF,0xFF,0xFF,0xFF,0xFF,0xFF,0xFF,0xFF,0xFF,0xFF,0xFF,0xFF,0xFF,0xA0,0x00,
    0x06,0xB0,0xFF,0xFF,0xFF,0xFF,0xFF,0xFF,0xFF,0xFF,0xFF,0xFF,0xFF,0xFF,0xFF,0xFF,
    0xFF,0xFF,0xFF,0xFF,0xFF,0xFF,0xFF,0xFF,0xFF,0xFF,0xFF,0xFF,0xFF,0xFF,0xFF,0xFF,
    0xFF,0xFF,0xFF,0xFF,0xFF,0xFF,0xFF,0xFF,0xFF,0xFF,0xFF,0xFF,0xFF,0xFF,0xFF,0xFF,
    0xFF,0xFF,0xFF,0xFF,0xFF,0xFF,0xFF,0xFF,0xFF,0xFF,0xFF,0xFF,0xFF,0xFF,0xFF,0xFF,
    0xFF,0xFF,0xFF,0xFF,0xFF,0xFF,0xFF,0xFF,0xFF,0xFF,0xFF,0xFF,0xFF,0xFF,0xFF,0xFF,
    0xFF,0xFF,0xFF,0xFF,0xFF,0xFF,0xFF,0xFF,0xFF,0xFF,0xFF,0xFF,0xFF,0xFF,0xFF,0xFF,
    0xFF,0xFF,0xFF,0xFF,0xFF,0xFF,0xFF,0xFF,0xFF,0xFF,0xFF,0xFF,0xFF,0xFF,0xFF,0xFF,
    0xFF,0xFF,0xFF,0xFF,0xFF,0xFF,0xFF,0xFF,0xFF,0xFF,0xFF,0xFF,0xFF,0xFF,0xFF,0xFF,
    0xFF,0xFF,0xFF,0xFF,0xFF,0xFF,0xFF,0xFF,0xFF,0xFF,0xFF,0xFF,0xFF,0xFF,0xFF,0xFF,
    0xFF,0xFF,0xFF,0xFF,0xFF,0xFF,0xFF,0xFF,0xFF,0xFF,0xFF,0xFF,0xFF,0xFF,0xFF,0xFF,
    0xFF,0xFF,0xFF,0xFF,0xFF,0xFF,0xFF,0xFF,0xFF,0xFF,0xFF,0xFF,0xFF,0xFF,0xFF,0xFF,
    0xFF,0xFF,0xFF,0xFF,0xFF,0xFF,0xFF,0xFF,0xFF,0xFF,0xFF,0xFF,0xFF,0xFF,0xFF,0xFF,
    0xFF,0xFF,0xFF,0xFF,0xFF,0xFF,0xFF,0xFF,0xFF,0xFF,0xFF,0xFF,0xFF,0xFF,0xFF,0xFF,
    0xFF,0xFF,0xFF,0xFF,0xFF,0xFF,0xFF,0xFF,0xFF,0xFF,0xFF,0xFF,0xFF,0xFF,0xFF,0xFF,
    0xFF,0xFF,0xFF,0xFF,0xFF,0xFF,0xFF,0xFF,0xFF,0xFF,0xFF,0xFF,0xFF,0xFF,0xB0,0x06,
    0x14,0xBE,0xFF,0xFF,0xFF,0xFF,0xFF,0xFF,0xFF,0xFF,0xFF,0xFF,0xFF,0xFF,0xFF,0xFF,
    0xFF,0xFF,0xFF,0xFF,0xFF,0xFF,0xFF,0xFF,0xFF,0xFF,0xFF,0xFF,0xFF,0xFF,0xFF,0xFF,
    0xFF,0xFF,0xFF,0xFF,0xFF,0xFF,0xFF,0xFF,0xFF,0xFF,0xFF,0xFF,0xFF,0xFF,0xFF,0xFF,
    0xFF,0xFF,0xFF,0xFF,0xFF,0xFF,0xFF,0xFF,0xFF,0xFF,0xFF,0xFF,0xFF,0xFF,0xFF,0xFF,
    0xFF,0xFF,0xFF,0xFF,0xFF,0xFF,0xFF,0xFF,0xFF,0xFF,0xFF,0xFF,0xFF,0xFF,0xFF,0xFF,
    0xFF,0xFF,0xFF,0xFF,0xFF,0xFF,0xFF,0xFF,0xFF,0xFF,0xFF,0xFF,0xFF,0xFF,0xFF,0xFF,
    0xFF,0xFF,0xFF,0xFF,0xFF,0xFF,0xFF,0xFF,0xFF,0xFF,0xFF,0xFF,0xFF,0xFF,0xFF,0xFF,
    0xFF,0xFF,0xFF,0xFF,0xFF,0xFF,0xFF,0xFF,0xFF,0xFF,0xFF,0xFF,0xFF,0xFF,0xFF,0xFF,
    0xFF,0xFF,0xFF,0xFF,0xFF,0xFF,0xFF,0xFF,0xFF,0xFF,0xFF,0xFF,0xFF,0xFF,0xFF,0xFF,
    0xFF,0xFF,0xFF,0xFF,0xFF,0xFF,0xFF,0xFF,0xFF,0xFF,0xFF,0xFF,0xFF,0xFF,0xFF,0xFF,
    0xFF,0xFF,0xFF,0xFF,0xFF,0xFF,0xFF,0xFF,0xFF,0xFF,0xFF,0xFF,0xFF,0xFF,0xFF,0xFF,
    0xFF,0xFF,0xFF,0xFF,0xFF,0xFF,0xFF,0xFF,0xFF,0xFF,0xFF,0xFF,0xFF,0xFF,0xFF,0xFF,
    0xFF,0xFF,0xFF,0xFF,0xFF,0xFF,0xFF,0xFF,0xFF,0xFF,0xFF,0xFF,0xFF,0xFF,0xFF,0xFF,
    0xFF,0xFF,0xFF,0xFF,0xFF,0xFF,0xFF,0xFF,0xFF,0xFF,0xFF,0xFF,0xFF,0xFF,0xFF,0xFF,
    0xFF,0xFF,0xFF,0xFF,0xFF,0xFF,0xFF,0xFF,0xFF,0xFF,0xFF,0xFF,0xFF,0xFF,0xBE,0x14,
    0x21,0xCB,0xFF,0xFF,0xFF,0xFF,0xFF,0xFF,0xFF,0xFF,0xFF,0xFF,0xFF,0xFF,0xFF,0xFF,
    0xFF,0xFF,0xFF,0xFF,0xFF,0xFF,0xFF,0xFF,0xFF,0xFF,0xFF,0xFF,0xFF,0xFF,0xFF,0xFF,
    0xFF,0xFF,0xFF,0xFF,0xFF,0xFF,0xFF,0xFF,0xFF,0xFF,0xFF,0xFF,0xFF,0xFF,0xFF,0xFF,
    0xFF,0xFF,0xFF,0xFF,0xFF,0xFF,0xFF,0xFF,0xFF,0xFF,0xFF,0xFF,0xFF,0xFF,0xFF,0xFF,
    0xFF,0xFF,0xFF,0xFF,0xFF,0xFF,0xFF,0xFF,0xFF,0xFF,0xFF,0xFF,0xFF,0xFF,0xFF,0xFF,
    0xFF,0xFF,0xFF,0xFF,0xFF,0xFF,0xFF,0xFF,0xFF,0xFF,0xFF,0xFF,0xFF,0xFF,0xFF,0xFF,
    0xFF,0xFF,0xFF,0xFF,0xFF,0xFF,0xFF,0xFF,0xFF,0xFF,0xFF,0xFF,0xFF,0xFF,0xFF,0xFF,
    0xFF,0xFF,0xFF,0xFF,0xFF,0xFF,0xFF,0xFF,0xFF,0xFF,0xFF,0xFF,0xFF,0xFF,0xFF,0xFF,
    0xFF,0xFF,0xFF,0xFF,0xFF,0xFF,0xFF,0xFF,0xFF,0xFF,0xFF,0xFF,0xFF,0xFF,0xFF,0xFF,
    0xFF,0xFF,0xFF,0xFF,0xFF,0xFF,0xFF,0xFF,0xFF,0xFF,0xFF,0xFF,0xFF,0xFF,0xFF,0xFF,
    0xFF,0xFF,0xFF,0xFF,0xFF,0xFF,0xFF,0xFF,0xFF,0xFF,0xFF,0xFF,0xFF,0xFF,0xFF,0xFF,
    0xFF,0xFF,0xFF,0xFF,0xFF,0xFF,0xFF,0xFF,0xFF,0xFF,0xFF,0xFF,0xFF,0xFF,0xFF,0xFF,
    0xFF,0xFF,0xFF,0xFF,0xFF,0xFF,0xFF,0xFF,0xFF,0xFF,0xFF,0xFF,0xFF,0xFF,0xFF,0xFF,
    0xFF,0xFF,0xFF,0xFF,0xFF,0xFF,0xFF,0xFF,0xFF,0xFF,0xFF,0xFF,0xFF,0xFF,0xFF,0xFF,
    0xFF,0xFF,0xFF,0xFF,0xFF,0xFF,0xFF,0xFF,0xFF,0xFF,0xFF,0xFF,0xFF,0xFF,0xCB,0x21,
    0x2D,0xD6,0xFF,0xFF,0xFF,0xFF,0xFF,0xFF,0xFF,0xFF,0xFF,0xFF,0xFF,0xFF,0xFF,0xFF,
    0xFF,0xFF,0xFF,0xFF,0xFF,0xFF,0xFF,0xFF,0xFF,0xFF,0xFF,0xFF,0xFF,0xFF,0xFF,0xFF,
    0xFF,0xFF,0xFF,0xFF,0xFF,0xFF,0xFF,0xFF,0xFF,0xFF,0xFF,0xFF,0xFF,0xFF,0xFF,0xFF,
    0xFF,0xFF,0xFF,0xFF,0xFF,0xFF,0xFF,0xFF,0xFF,0xFF,0xFF,0xFF,0xFF,0xFF,0xFF,0xFF,
    0xFF,0xFF,0xFF,0xFF,0xFF,0xFF,0xFF,0xFF,0xFF,0xFF,0xFF,0xFF,0xFF,0xFF,0xFF,0xFF,
    0xFF,0xFF,0xFF,0xFF,0xFF,0xFF,0xFF,0xFF,0xFF,0xFF,0xFF,0xFF,0xFF,0xFF,0xFF,0xFF,
    0xFF,0xFF,0xFF,0xFF,0xFF,0xFF,0xFF,0xFF,0xFF,0xFF,0xFF,0xFF,0xFF,0xFF,0xFF,0xFF,
    0xFF,0xFF,0xFF,0xFF,0xFF,0xFF,0xFF,0xFF,0xFF,0xFF,0xFF,0xFF,0xFF,0xFF,0xFF,0xFF,
    0xFF,0xFF,0xFF,0xFF,0xFF,0xFF,0xFF,0xFF,0xFF,0xFF,0xFF,0xFF,0xFF,0xFF,0xFF,0xFF,
    0xFF,0xFF,0xFF,0xFF,0xFF,0xFF,0xFF,0xFF,0xFF,0xFF,0xFF,0xFF,0xFF,0xFF,0xFF,0xFF,
    0xFF,0xFF,0xFF,0xFF,0xFF,0xFF,0xFF,0xFF,0xFF,0xFF,0xFF,0xFF,0xFF,0xFF,0xFF,0xFF,
    0xFF,0xFF,0xFF,0xFF,0xFF,0xFF,0xFF,0xFF,0xFF,0xFF,0xFF,0xFF,0xFF,0xFF,0xFF,0xFF,
    0xFF,0xFF,0xFF,0xFF,0xFF,0xFF,0xFF,0xFF,0xFF,0xFF,0xFF,0xFF,0xFF,0xFF,0xFF,0xFF,
    0xFF,0xFF,0xFF,0xFF,0xFF,0xFF,0xFF,0xFF,0xFF,0xFF,0xFF,0xFF,0xFF,0xFF,0xFF,0xFF,
    0xFF,0xFF,0xFF,0xFF,0xFF,0xFF,0xFF,0xFF,0xFF,0xFF,0xFF,0xFF,0xFF,0xFF,0xD6,0x2D,
    0x36,0xE0,0xFF,0xFF,0xFF,0xFF,0xFF,0xFF,0xFF,0xFF,0xFF,0xFF,0xFF,0xFF,0xFF,0xFF,
    0xFF,0xFF,0xFF,0xFF,0xFF,0xFF,0xFF,0xFF,0xFF,0xFF,0xFF,0xFF,0xFF,0xFF,0xFF,0xFF,
    0xFF,0xFF,0xFF,0xFF,0xFF,0xFF,0xFF,0xFF,0xFF,0xFF,0xFF,0xFF,0xFF,0xFF,0xFF,0xFF,
    0xFF,0xFF,0xFF,0xFF,0xFF,0xFF,0xFF,0xFF,0xFF,0xFF,0xFF,0xFF,0xFF,0xFF,0xFF,0xFF,
    0xFF,0xFF,0xFF,0xFF,0xFF,0xFF,0xFF,0xFF,0xFF,0xFF,0xFF,0xFF,0xFF,0xFF,0xFF,0xFF,
    0xFF,0xFF,0xFF,0xFF,0xFF,0xFF,0xFF,0xFF,0xFF,0xFF,0xFF,0xFF,0xFF,0xFF,0xFF,0xFF,
    0xFF,0xFF,0xFF,0xFF,0xFF,0xFF,0xFF,0xFF,0xFF,0xFF,0xFF,0xFF,0xFF,0xFF,0xFF,0xFF,
    0xFF,0xFF,0xFF,0xFF,0xFF,0xFF,0xFF,0xFF,0xFF,0xFF,0xFF,0xFF,0xFF,0xFF,0xFF,0xFF,
    0xFF,0xFF,0xFF,0xFF,0xFF,0xFF,0xFF,0xFF,0xFF,0xFF,0xFF,0xFF,0xFF,0xFF,0xFF,0xFF,
    0xFF,0xFF,0xFF,0xFF,0xFF,0xFF,0xFF,0xFF,0xFF,0xFF,0xFF,0xFF,0xFF,0xFF,0xFF,0xFF,
    0xFF,0xFF,0xFF,0xFF,0xFF,0xFF,0xFF,0xFF,0xFF,0xFF,0xFF,0xFF,0xFF,0xFF,0xFF,0xFF,
    0xFF,0xFF,0xFF,0xFF,0xFF,0xFF,0xFF,0xFF,0xFF,0xFF,0xFF,0xFF,0xFF,0xFF,0xFF,0xFF,
    0xFF,0xFF,0xFF,0xFF,0xFF,0xFF,0xFF,0xFF,0xFF,0xFF,0xFF,0xFF,0xFF,0xFF,0xFF,0xFF,
    0xFF,0xFF,0xFF,0xFF,0xFF,0xFF,0xFF,0xFF,0xFF,0xFF,0xFF,0xFF,0xFF,0xFF,0xFF,0xFF,
    0xFF,0xFF,0xFF,0xFF,0xFF,0xFF,0xFF,0xFF,0xFF,0xFF,0xFF,0xFF,0xFF,0xFF,0xE0,0x36,
    0x3F,0xE9,0xFF,0xFF,0xFF,0xFF,0xFF,0xFF,0xFF,0xFF,0xFF,0xFF,0xFF,0xFF,0xFF,0xFF,
    0xFF,0xFF,0xFF,0xFF,0xFF,0xFF,0xFF,0xFF,0xFF,0xFF,0xFF,0xFF,0xFF,0xFF,0xFF,0xFF,
    0xFF,0xFF,0xFF,0xFF,0xFF,0xFF,0xFF,0xFF,0xFF,0xFF,0xFF,0xFF,0xFF,0xFF,0xFF,0xFF,
    0xFF,0xFF,0xFF,0xFF,0xFF,0xFF,0xFF,0xFF,0xFF,0xFF,0xFF,0xFF,0xFF,0xFF,0xFF,0xFF,
    0xFF,0xFF,0xFF,0xFF,0xFF,0xFF,0xFF,0xFF,0xFF,0xFF,0xFF,0xFF,0xFF,0xFF,0xFF,0xFF,
    0xFF,0xFF,0xFF,0xFF,0xFF,0xFF,0xFF,0xFF,0xFF,0xFF,0xFF,0xFF,0xFF,0xFF,0xFF,0xFF,
    0xFF,0xFF,0xFF,0xFF,0xFF,0xFF,0xFF,0xFF,0xFF,0xFF,0xFF,0xFF,0xFF,0xFF,0xFF,0xFF,
    0xFF,0xFF,0xFF,0xFF,0xFF,0xFF,0xFF,0xFF,0xFF,0xFF,0xFF,0xFF,0xFF,0xFF,0xFF,0xFF,
    0xFF,0xFF,0xFF,0xFF,0xFF,0xFF,0xFF,0xFF,0xFF,0xFF,0xFF,0xFF,0xFF,0xFF,0xFF,0xFF,
    0xFF,0xFF,0xFF,0xFF,0xFF,0xFF,0xFF,0xFF,0xFF,0xFF,0xFF,0xFF,0xFF,0xFF,0xFF,0xFF,
    0xFF,0xFF,0xFF,0xFF,0xFF,0xFF,0xFF,0xFF,0xFF,0xFF,0xFF,0xFF,0xFF,0xFF,0xFF,0xFF,
    0xFF,0xFF,0xFF,0xFF,0xFF,0xFF,0xFF,0xFF,0xFF,0xFF,0xFF,0xFF,0xFF,0xFF,0xFF,0xFF,
    0xFF,0xFF,0xFF,0xFF,0xFF,0xFF,0xFF,0xFF,0xFF,0xFF,0xFF,0xFF,0xFF,0xFF,0xFF,0xFF,
    0xFF,0xFF,0xFF,0xFF,0xFF,0xFF,0xFF,0xFF,0xFF,0xFF,0xFF,0xFF,0xFF,0xFF,0xFF,0xFF,
    0xFF,0xFF,0xFF,0xFF,0xFF,0xFF,0xFF,0xFF,0xFF,0xFF,0xFF,0xFF,0xFF,0xFF,0xE9,0x3F,
    0x46,0xF0,0xFF,0xFF,0xFF,0xFF,0xFF,0xFF,0xFF,0xFF,0xFF,0xFF,0xFF,0xFF,0xFF,0xFF,
    0xFF,0xFF,0xFF,0xFF,0xFF,0xFF,0xFF,0xFF,0xFF,0xFF,0xFF,0xFF,0xFF,0xFF,0xFF,0xFF,
    0xFF,0xFF,0xFF,0xFF,0xFF,0xFF,0xFF,0xFF,0xFF,0xFF,0xFF,0xFF,0xFF,0xFF,0xFF,0xFF,
    0xFF,0xFF,0xFF,0xFF,0xFF,0xFF,0xFF,0xFF,0xFF,0xFF,0xFF,0xFF,0xFF,0xFF,0xFF,0xFF,
    0xFF,0xFF,0xFF,0xFF,0xFF,0xFF,0xFF,0xFF,0xFF,0xFF,0xFF,0xFF,0xFF,0xFF,0xFF,0xFF,
    0xFF,0xFF,0xFF,0xFF,0xFF,0xFF,0xFF,0xFF,0xFF,0xFF,0xFF,0xFF,0xFF,0xFF,0xFF,0xFF,
    0xFF,0xFF,0xFF,0xFF,0xFF,0xFF,0xFF,0xFF,0xFF,0xFF,0xFF,0xFF,0xFF,0xFF,0xFF,0xFF,
    0xFF,0xFF,0xFF,0xFF,0xFF,0xFF,0xFF,0xFF,0xFF,0xFF,0xFF,0xFF,0xFF,0xFF,0xFF,0xFF,
    0xFF,0xFF,0xFF,0xFF,0xFF,0xFF,0xFF,0xFF,0xFF,0xFF,0xFF,0xFF,0xFF,0xFF,0xFF,0xFF,
    0xFF,0xFF,0xFF,0xFF,0xFF,0xFF,0xFF,0xFF,0xFF,0xFF,0xFF,0xFF,0xFF,0xFF,0xFF,0xFF,
    0xFF,0xFF,0xFF,0xFF,0xFF,0xFF,0xFF,0xFF,0xFF,0xFF,0xFF,0xFF,0xFF,0xFF,0xFF,0xFF,
    0xFF,0xFF,0xFF,0xFF,0xFF,0xFF,0xFF,0xFF,0xFF,0xFF,0xFF,0xFF,0xFF,0xFF,0xFF,0xFF,
    0xFF,0xFF,0xFF,0xFF,0xFF,0xFF,0xFF,0xFF,0xFF,0xFF,0xFF,0xFF,0xFF,0xFF,0xFF,0xFF,
    0xFF,0xFF,0xFF,0xFF,0xFF,0xFF,0xFF,0xFF,0xFF,0xFF,0xFF,0xFF,0xFF,0xFF,0xFF,0xFF,
    0xFF,0xFF,0xFF,0xFF,0xFF,0xFF,0xFF,0xFF,0xFF,0xFF,0xFF,0xFF,0xFF,0xFF,0xF0,0x46,
    0x4C,0xF6,0xFF,0xFF,0xFF,0xFF,0xFF,0xFF,0xFF,0xFF,0xFF,0xFF,0xFF,0xFF,0xFF,0xFF,
    0xFF,0xFF,0xFF,0xFF,0xFF,0xFF,0xFF,0xFF,0xFF,0xFF,0xFF,0xFF,0xFF,0xFF,0xFF,0xFF,
    0xFF,0xFF,0xFF,0xFF,0xFF,0xFF,0xFF,0xFF,0xFF,0xFF,0xFF,0xFF,0xFF,0xFF,0xFF,0xFF,
    0xFF,0xFF,0xFF,0xFF,0xFF,0xFF,0xFF,0xFF,0xFF,0xFF,0xFF,0xFF,0xFF,0xFF,0xFF,0xFF,
    0xFF,0xFF,0xFF,0xFF,0xFF,0xFF,0xFF,0xFF,0xFF,0xFF,0xFF,0xFF,0xFF,0xFF,0xFF,0xFF,
    0xFF,0xFF,0xFF,0xFF,0xFF,0xFF,0xFF,0xFF,0xFF,0xFF,0xFF,0xFF,0xFF,0xFF,0xFF,0xFF,
    0xFF,0xFF,0xFF,0xFF,0xFF,0xFF,0xFF,0xFF,0xFF,0xFF,0xFF,0xFF,0xFF,0xFF,0xFF,0xFF,
    0xFF,0xFF,0xFF,0xFF,0xFF,0xFF,0xFF,0xFF,0xFF,0xFF,0xFF,0xFF,0xFF,0xFF,0xFF,0xFF,
    0xFF,0xFF,0xFF,0xFF,0xFF,0xFF,0xFF,0xFF,0xFF,0xFF,0xFF,0xFF,0xFF,0xFF,0xFF,0xFF,
    0xFF,0xFF,0xFF,0xFF,0xFF,0xFF,0xFF,0xFF,0xFF,0xFF,0xFF,0xFF,0xFF,0xFF,0xFF,0xFF,
    0xFF,0xFF,0xFF,0xFF,0xFF,0xFF,0xFF,0xFF,0xFF,0xFF,0xFF,0xFF,0xFF,0xFF,0xFF,0xFF,
    0xFF,0xFF,0xFF,0xFF,0xFF,0xFF,0xFF,0xFF,0xFF,0xFF,0xFF,0xFF,0xFF,0xFF,0xFF,0xFF,
    0xFF,0xFF,0xFF,0xFF,0xFF,0xFF,0xFF,0xFF,0xFF,0xFF,0xFF,0xFF,0xFF,0xFF,0xFF,0xFF,
    0xFF,0xFF,0xFF,0xFF,0xFF,0xFF,0xFF,0xFF,0xFF,0xFF,0xFF,0xFF,0xFF,0xFF,0xFF,0xFF,
    0xFF,0xFF,0xFF,0xFF,0xFF,0xFF,0xFF,0xFF,0xFF,0xFF,0xFF,0xFF,0xFF,0xFF,0xF6,0x4C,
    0x50,0xFA,0xFF,0xFF,0xFF,0xFF,0xFF,0xFF,0xFF,0xFF,0xFF,0xFF,0xFF,0xFF,0xFF,0xFF,
    0xFF,0xFF,0xFF,0xFF,0xFF,0xFF,0xFF,0xFF,0xFF,0xFF,0xFF,0xFF,0xFF,0xFF,0xFF,0xFF,
    0xFF,0xFF,0xFF,0xFF,0xFF,0xFF,0xFF,0xFF,0xFF,0xFF,0xFF,0xFF,0xFF,0xFF,0xFF,0xFF,
    0xFF,0xFF,0xFF,0xFF,0xFF,0xFF,0xFF,0xFF,0xFF,0xFF,0xFF,0xFF,0xFF,0xFF,0xFF,0xFF,
    0xFF,0xFF,0xFF,0xFF,0xFF,0xFF,0xFF,0xFF,0xFF,0xFF,0xFF,0xFF,0xFF,0xFF,0xFF,0xFF,
    0xFF,0xFF,0xFF,0xFF,0xFF,0xFF,0xFF,0xFF,0xFF,0xFF,0xFF,0xFF,0xFF,0xFF,0xFF,0xFF,
    0xFF,0xFF,0xFF,0xFF,0xFF,0xFF,0xFF,0xFF,0xFF,0xFF,0xFF,0xFF,0xFF,0xFF,0xFF,0xFF,
    0xFF,0xFF,0xFF,0xFF,0xFF,0xFF,0xFF,0xFF,0xFF,0xFF,0xFF,0xFF,0xFF,0xFF,0xFF,0xFF,
    0xFF,0xFF,0xFF,0xFF,0xFF,0xFF,0xFF,0xFF,0xFF,0xFF,0xFF,0xFF,0xFF,0xFF,0xFF,0xFF,
    0xFF,0xFF,0xFF,0xFF,0xFF,0xFF,0xFF,0xFF,0xFF,0xFF,0xFF,0xFF,0xFF,0xFF,0xFF,0xFF,
    0xFF,0xFF,0xFF,0xFF,0xFF,0xFF,0xFF,0xFF,0xFF,0xFF,0xFF,0xFF,0xFF,0xFF,0xFF,0xFF,
    0xFF,0xFF,0xFF,0xFF,0xFF,0xFF,0xFF,0xFF,0xFF,0xFF,0xFF,0xFF,0xFF,0xFF,0xFF,0xFF,
    0xFF,0xFF,0xFF,0xFF,0xFF,0xFF,0xFF,0xFF,0xFF,0xFF,0xFF,0xFF,0xFF,0xFF,0xFF,0xFF,
    0xFF,0xFF,0xFF,0xFF,0xFF,0xFF,0xFF,0xFF,0xFF,0xFF,0xFF,0xFF,0xFF,0xFF,0xFF,0xFF,
    0xFF,0xFF,0xFF,0xFF,0xFF,0xFF,0xFF,0xFF,0xFF,0xFF,0xFF,0xFF,0xFF,0xFF,0xFA,0x50,
    0x53,0xFD,0xFF,0xFF,0xFF,0xFF,0xFF,0xFF,0xFF,0xFF,0xFF,0xFF,0xFF,0xFF,0xFF,0xFF,
    0xFF,0xFF,0xFF,0xFF,0xFF,0xFF,0xFF,0xFF,0xFF,0xFF,0xFF,0xFF,0xFF,0xFF,0xFF,0xFF,
    0xFF,0xFF,0xFF,0xFF,0xFF,0xFF,0xFF,0xFF,0xFF,0xFF,0xFF,0xFF,0xFF,0xFF,0xFF,0xFF,
    0xFF,0xFF,0xFF,0xFF,0xFF,0xFF,0xFF,0xFF,0xFF,0xFF,0xFF,0xFF,0xFF,0xFF,0xFF,0xFF,
    0xFF,0xFF,0xFF,0xFF,0xFF,0xFF,0xFF,0xFF,0xFF,0xFF,0xFF,0xFF,0xFF,0xFF,0xFF,0xFF,
    0xFF,0xFF,0xFF,0xFF,0xFF,0xFF,0xFF,0xFF,0xFF,0xFF,0xFF,0xFF,0xFF,0xFF,0xFF,0xFF,
    0xFF,0xFF,0xFF,0xFF,0xFF,0xFF,0xFF,0xFF,0xFF,0xFF,0xFF,0xFF,0xFF,0xFF,0xFF,0xFF,
    0xFF,0xFF,0xFF,0xFF,0xFF,0xFF,0xFF,0xFF,0xFF,0xFF,0xFF,0xFF,0xFF,0xFF,0xFF,0xFF,
    0xFF,0xFF,0xFF,0xFF,0xFF,0xFF,0xFF,0xFF,0xFF,0xFF,0xFF,0xFF,0xFF,0xFF,0xFF,0xFF,
    0xFF,0xFF,0xFF,0xFF,0xFF,0xFF,0xFF,0xFF,0xFF,0xFF,0xFF,0xFF,0xFF,0xFF,0xFF,0xFF,
    0xFF,0xFF,0xFF,0xFF,0xFF,0xFF,0xFF,0xFF,0xFF,0xFF,0xFF,0xFF,0xFF,0xFF,0xFF,0xFF,
    0xFF,0xFF,0xFF,0xFF,0xFF,0xFF,0xFF,0xFF,0xFF,0xFF,0xFF,0xFF,0xFF,0xFF,0xFF,0xFF,
    0xFF,0xFF,0xFF,0xFF,0xFF,0xFF,0xFF,0xFF,0xFF,0xFF,0xFF,0xFF,0xFF,0xFF,0xFF,0xFF,
    0xFF,0xFF,0xFF,0xFF,0xFF,0xFF,0xFF,0xFF,0xFF,0xFF,0xFF,0xFF,0xFF,0xFF,0xFF,0xFF,
    0xFF,0xFF,0xFF,0xFF,0xFF,0xFF,0xFF,0xFF,0xFF,0xFF,0xFF,0xFF,0xFF,0xFF,0xFD,0x53,
    0x54,0xFE,0xFF,0xFF,0xFF,0xFF,0xFF,0xFF,0xFF,0xFF,0xFF,0xFF,0xFF,0xFF,0xFF,0xFF,
    0xFF,0xFF,0xFF,0xFF,0xFF,0xFF,0xFF,0xFF,0xFF,0xFF,0xFF,0xFF,0xFF,0xFF,0xFF,0xFF,
    0xFF,0xFF,0xFF,0xFF,0xFF,0xFF,0xFF,0xFF,0xFF,0xFF,0xFF,0xFF,0xFF,0xFF,0xFF,0xFF,
    0xFF,0xFF,0xFF,0xFF,0xFF,0xFF,0xFF,0xFF,0xFF,0xFF,0xFF,0xFF,0xFF,0xFF,0xFF,0xFF,
    0xFF,0xFF,0xFF,0xFF,0xFF,0xFF,0xFF,0xFF,0xFF,0xFF,0xFF,0xFF,0xFF,0xFF,0xFF,0xFF,
    0xFF,0xFF,0xFF,0xFF,0xFF,0xFF,0xFF,0xFF,0xFF,0xFF,0xFF,0xFF,0xFF,0xFF,0xFF,0xFF,
    0xFF,0xFF,0xFF,0xFF,0xFF,0xFF,0xFF,0xFF,0xFF,0xFF,0xFF,0xFF,0xFF,0xFF,0xFF,0xFF,
    0xFF,0xFF,0xFF,0xFF,0xFF,0xFF,0xFF,0xFF,0xFF,0xFF,0xFF,0xFF,0xFF,0xFF,0xFF,0xFF,
    0xFF,0xFF,0xFF,0xFF,0xFF,0xFF,0xFF,0xFF,0xFF,0xFF,0xFF,0xFF,0xFF,0xFF,0xFF,0xFF,
    0xFF,0xFF,0xFF,0xFF,0xFF,0xFF,0xFF,0xFF,0xFF,0xFF,0xFF,0xFF,0xFF,0xFF,0xFF,0xFF,
    0xFF,0xFF,0xFF,0xFF,0xFF,0xFF,0xFF,0xFF,0xFF,0xFF,0xFF,0xFF,0xFF,0xFF,0xFF,0xFF,
    0xFF,0xFF,0xFF,0xFF,0xFF,0xFF,0xFF,0xFF,0xFF,0xFF,0xFF,0xFF,0xFF,0xFF,0xFF,0xFF,
    0xFF,0xFF,0xFF,0xFF,0xFF,0xFF,0xFF,0xFF,0xFF,0xFF,0xFF,0xFF,0xFF,0xFF,0xFF,0xFF,
    0xFF,0xFF,0xFF,0xFF,0xFF,0xFF,0xFF,0xFF,0xFF,0xFF,0xFF,0xFF,0xFF,0xFF,0xFF,0xFF,
    0xFF,0xFF,0xFF,0xFF,0xFF,0xFF,0xFF,0xFF,0xFF,0xFF,0xFF,0xFF,0xFF,0xFF,0xFE,0x54,
    0x54,0xFE,0xFF,0xFF,0xFF,0xFF,0xFF,0xFF,0xFF,0xFF,0xFF,0xFF,0xFF,0xFF,0xFF,0xFF,
    0xFF,0xFF,0xFF,0xFF,0xFF,0xFF,0xFF,0xFF,0xFF,0xFF,0xFF,0xFF,0xFF,0xFF,0xFF,0xFF,
    0xFF,0xFF,0xFF,0xFF,0xFF,0xFF,0xFF,0xFF,0xFF,0xFF,0xFF,0xFF,0xFF,0xFF,0xFF,0xFF,
    0xFF,0xFF,0xFF,0xFF,0xFF,0xFF,0xFF,0xFF,0xFF,0xFF,0xFF,0xFF,0xFF,0xFF,0xFF,0xFF,
    0xFF,0xFF,0xFF,0xFF,0xFF,0xFF,0xFF,0xFF,0xFF,0xFF,0xFF,0xFF,0xFF,0xFF,0xFF,0xFF,
    0xFF,0xFF,0xFF,0xFF,0xFF,0xFF,0xFF,0xFF,0xFF,0xFF,0xFF,0xFF,0xFF,0xFF,0xFF,0xFF,
    0xFF,0xFF,0xFF,0xFF,0xFF,0xFF,0xFF,0xFF,0xFF,0xFF,0xFF,0xFF,0xFF,0xFF,0xFF,0xFF,
    0xFF,0xFF,0xFF,0xFF,0xFF,0xFF,0xFF,0xFF,0xFF,0xFF,0xFF,0xFF,0xFF,0xFF,0xFF,0xFF,
    0xFF,0xFF,0xFF,0xFF,0xFF,0xFF,0xFF,0xFF,0xFF,0xFF,0xFF,0xFF,0xFF,0xFF,0xFF,0xFF,
    0xFF,0xFF,0xFF,0xFF,0xFF,0xFF,0xFF,0xFF,0xFF,0xFF,0xFF,0xFF,0xFF,0xFF,0xFF,0xFF,
    0xFF,0xFF,0xFF,0xFF,0xFF,0xFF,0xFF,0xFF,0xFF,0xFF,0xFF,0xFF,0xFF,0xFF,0xFF,0xFF,
    0xFF,0xFF,0xFF,0xFF,0xFF,0xFF,0xFF,0xFF,0xFF,0xFF,0xFF,0xFF,0xFF,0xFF,0xFF,0xFF,
    0xFF,0xFF,0xFF,0xFF,0xFF,0xFF,0xFF,0xFF,0xFF,0xFF,0xFF,0xFF,0xFF,0xFF,0xFF,0xFF,
    0xFF,0xFF,0xFF,0xFF,0xFF,0xFF,0xFF,0xFF,0xFF,0xFF,0xFF,0xFF,0xFF,0xFF,0xFF,0xFF,
    0xFF,0xFF,0xFF,0xFF,0xFF,0xFF,0xFF,0xFF,0xFF,0xFF,0xFF,0xFF,0xFF,0xFF,0xFE,0x54,
    0x53,0xFD,0xFF,0xFF,0xFF,0xFF,0xFF,0xFF,0xFF,0xFF,0xFF,0xFF,0xFF,0xFF,0xFF,0xFF,
    0xFF,0xFF,0xFF,0xFF,0xFF,0xFF,0xFF,0xFF,0xFF,0xFF,0xFF,0xFF,0xFF,0xFF,0xFF,0xFF,
    0xFF,0xFF,0xFF,0xFF,0xFF,0xFF,0xFF,0xFF,0xFF,0xFF,0xFF,0xFF,0xFF,0xFF,0xFF,0xFF,
    0xFF,0xFF,0xFF,0xFF,0xFF,0xFF,0xFF,0xFF,0xFF,0xFF,0xFF,0xFF,0xFF,0xFF,0xFF,0xFF,
    0xFF,0xFF,0xFF,0xFF,0xFF,0xFF,0xFF,0xFF,0xFF,0xFF,0xFF,0xFF,0xFF,0xFF,0xFF,0xFF,
    0xFF,0xFF,0xFF,0xFF,0xFF,0xFF,0xFF,0xFF,0xFF,0xFF,0xFF,0xFF,0xFF,0xFF,0xFF,0xFF,
    0xFF,0xFF,0xFF,0xFF,0xFF,0xFF,0xFF,0xFF,0xFF,0xFF,0xFF,0xFF,0xFF,0xFF,0xFF,0xFF,
    0xFF,0xFF,0xFF,0xFF,0xFF,0xFF,0xFF,0xFF,0xFF,0xFF,0xFF,0xFF,0xFF,0xFF,0xFF,0xFF,
    0xFF,0xFF,0xFF,0xFF,0xFF,0xFF,0xFF,0xFF,0xFF,0xFF,0xFF,0xFF,0xFF,0xFF,0xFF,0xFF,
    0xFF,0xFF,0xFF,0xFF,0xFF,0xFF,0xFF,0xFF,0xFF,0xFF,0xFF,0xFF,0xFF,0xFF,0xFF,0xFF,
    0xFF,0xFF,0xFF,0xFF,0xFF,0xFF,0xFF,0xFF,0xFF,0xFF,0xFF,0xFF,0xFF,0xFF,0xFF,0xFF,
    0xFF,0xFF,0xFF,0xFF,0xFF,0xFF,0xFF,0xFF,0xFF,0xFF,0xFF,0xFF,0xFF,0xFF,0xFF,0xFF,
    0xFF,0xFF,0xFF,0xFF,0xFF,0xFF,0xFF,0xFF,0xFF,0xFF,0xFF,0xFF,0xFF,0xFF,0xFF,0xFF,
    0xFF,0xFF,0xFF,0xFF,0xFF,0xFF,0xFF,0xFF,0xFF,0xFF,0xFF,0xFF,0xFF,0xFF,0xFF,0xFF,
    0xFF,0xFF,0xFF,0xFF,0xFF,0xFF,0xFF,0xFF,0xFF,0xFF,0xFF,0xFF,0xFF,0xFF,0xFD,0x53,
    0x50,0xFA,0xFF,0xFF,0xFF,0xFF,0xFF,0xFF,0xFF,0xFF,0xFF,0xFF,0xFF,0xFF,0xFF,0xFF,
    0xFF,0xFF,0xFF,0xFF,0xFF,0xFF,0xFF,0xFF,0xFF,0xFF,0xFF,0xFF,0xFF,0xFF,0xFF,0xFF,
    0xFF,0xFF,0xFF,0xFF,0xFF,0xFF,0xFF,0xFF,0xFF,0xFF,0xFF,0xFF,0xFF,0xFF,0xFF,0xFF,
    0xFF,0xFF,0xFF,0xFF,0xFF,0xFF,0xFF,0xFF,0xFF,0xFF,0xFF,0xFF,0xFF,0xFF,0xFF,0xFF,
    0xFF,0xFF,0xFF,0xFF,0xFF,0xFF,0xFF,0xFF,0xFF,0xFF,0xFF,0xFF,0xFF,0xFF,0xFF,0xFF,
    0xFF,0xFF,0xFF,0xFF,0xFF,0xFF,0xFF,0xFF,0xFF,0xFF,0xFF,0xFF,0xFF,0xFF,0xFF,0xFF,
    0xFF,0xFF,0xFF,0xFF,0xFF,0xFF,0xFF,0xFF,0xFF,0xFF,0xFF,0xFF,0xFF,0xFF,0xFF,0xFF,
    0xFF,0xFF,0xFF,0xFF,0xFF,0xFF,0xFF,0xFF,0xFF,0xFF,0xFF,0xFF,0xFF,0xFF,0xFF,0xFF,
    0xFF,0xFF,0xFF,0xFF,0xFF,0xFF,0xFF,0xFF,0xFF,0xFF,0xFF,0xFF,0xFF,0xFF,0xFF,0xFF,
    0xFF,0xFF,0xFF,0xFF,0xFF,0xFF,0xFF,0xFF,0xFF,0xFF,0xFF,0xFF,0xFF,0xFF,0xFF,0xFF,
    0xFF,0xFF,0xFF,0xFF,0xFF,0xFF,0xFF,0xFF,0xFF,0xFF,0xFF,0xFF,0xFF,0xFF,0xFF,0xFF,
    0xFF,0xFF,0xFF,0xFF,0xFF,0xFF,0xFF,0xFF,0xFF,0xFF,0xFF,0xFF,0xFF,0xFF,0xFF,0xFF,
    0xFF,0xFF,0xFF,0xFF,0xFF,0xFF,0xFF,0xFF,0xFF,0xFF,0xFF,0xFF,0xFF,0xFF,0xFF,0xFF,
    0xFF,0xFF,0xFF,0xFF,0xFF,0xFF,0xFF,0xFF,0xFF,0xFF,0xFF,0xFF,0xFF,0xFF,0xFF,0xFF,
    0xFF,0xFF,0xFF,0xFF,0xFF,0xFF,0xFF,0xFF,0xFF,0xFF,0xFF,0xFF,0xFF,0xFF,0xFA,0x50,
    0x4C,0xF6,0xFF,0xFF,0xFF,0xFF,0xFF,0xFF,0xFF,0xFF,0xFF,0xFF,0xFF,0xFF,0xFF,0xFF,
    0xFF,0xFF,0xFF,0xFF,0xFF,0xFF,0xFF,0xFF,0xFF,0xFF,0xFF,0xFF,0xFF,0xFF,0xFF,0xFF,
    0xFF,0xFF,0xFF,0xFF,0xFF,0xFF,0xFF,0xFF,0xFF,0xFF,0xFF,0xFF,0xFF,0xFF,0xFF,0xFF,
    0xFF,0xFF,0xFF,0xFF,0xFF,0xFF,0xFF,0xFF,0xFF,0xFF,0xFF,0xFF,0xFF,0xFF,0xFF,0xFF,
    0xFF,0xFF,0xFF,0xFF,0xFF,0xFF,0xFF,0xFF,0xFF,0xFF,0xFF,0xFF,0xFF,0xFF,0xFF,0xFF,
    0xFF,0xFF,0xFF,0xFF,0xFF,0xFF,0xFF,0xFF,0xFF,0xFF,0xFF,0xFF,0xFF,0xFF,0xFF,0xFF,
    0xFF,0xFF,0xFF,0xFF,0xFF,0xFF,0xFF,0xFF,0xFF,0xFF,0xFF,0xFF,0xFF,0xFF,0xFF,0xFF,
    0xFF,0xFF,0xFF,0xFF,0xFF,0xFF,0xFF,0xFF,0xFF,0xFF,0xFF,0xFF,0xFF,0xFF,0xFF,0xFF,
    0xFF,0xFF,0xFF,0xFF,0xFF,0xFF,0xFF,0xFF,0xFF,0xFF,0xFF,0xFF,0xFF,0xFF,0xFF,0xFF,
    0xFF,0xFF,0xFF,0xFF,0xFF,0xFF,0xFF,0xFF,0xFF,0xFF,0xFF,0xFF,0xFF,0xFF,0xFF,0xFF,
    0xFF,0xFF,0xFF,0xFF,0xFF,0xFF,0xFF,0xFF,0xFF,0xFF,0xFF,0xFF,0xFF,0xFF,0xFF,0xFF,
    0xFF,0xFF,0xFF,0xFF,0xFF,0xFF,0xFF,0xFF,0xFF,0xFF,0xFF,0xFF,0xFF,0xFF,0xFF,0xFF,
    0xFF,0xFF,0xFF,0xFF,0xFF,0xFF,0xFF,0xFF,0xFF,0xFF,0xFF,0xFF,0xFF,0xFF,0xFF,0xFF,
    0xFF,0xFF,0xFF,0xFF,0xFF,0xFF,0xFF,0xFF,0xFF,0xFF,0xFF,0xFF,0xFF,0xFF,0xFF,0xFF,
    0xFF,0xFF,0xFF,0xFF,0xFF,0xFF,0xFF,0xFF,0xFF,0xFF,0xFF,0xFF,0xFF,0xFF,0xF6,0x4C,
    0x46,0xF0,0xFF,0xFF,0xFF,0xFF,0xFF,0xFF,0xFF,0xFF,0xFF,0xFF,0xFF,0xFF,0xFF,0xFF,
    0xFF,0xFF,0xFF,0xFF,0xFF,0xFF,0xFF,0xFF,0xFF,0xFF,0xFF,0xFF,0xFF,0xFF,0xFF,0xFF,
    0xFF,0xFF,0xFF,0xFF,0xFF,0xFF,0xFF,0xFF,0xFF,0xFF,0xFF,0xFF,0xFF,0xFF,0xFF,0xFF,
    0xFF,0xFF,0xFF,0xFF,0xFF,0xFF,0xFF,0xFF,0xFF,0xFF,0xFF,0xFF,0xFF,0xFF,0xFF,0xFF,
    0xFF,0xFF,0xFF,0xFF,0xFF,0xFF,0xFF,0xFF,0xFF,0xFF,0xFF,0xFF,0xFF,0xFF,0xFF,0xFF,
    0xFF,0xFF,0xFF,0xFF,0xFF,0xFF,0xFF,0xFF,0xFF,0xFF,0xFF,0xFF,0xFF,0xFF,0xFF,0xFF,
    0xFF,0xFF,0xFF,0xFF,0xFF,0xFF,0xFF,0xFF,0xFF,0xFF,0xFF,0xFF,0xFF,0xFF,0xFF,0xFF,
    0xFF,0xFF,0xFF,0xFF,0xFF,0xFF,0xFF,0xFF,0xFF,0xFF,0xFF,0xFF,0xFF,0xFF,0xFF,0xFF,
    0xFF,0xFF,0xFF,0xFF,0xFF,0xFF,0xFF,0xFF,0xFF,0xFF,0xFF,0xFF,0xFF,0xFF,0xFF,0xFF,
    0xFF,0xFF,0xFF,0xFF,0xFF,0xFF,0xFF,0xFF,0xFF,0xFF,0xFF,0xFF,0xFF,0xFF,0xFF,0xFF,
    0xFF,0xFF,0xFF,0xFF,0xFF,0xFF,0xFF,0xFF,0xFF,0xFF,0xFF,0xFF,0xFF,0xFF,0xFF,0xFF,
    0xFF,0xFF,0xFF,0xFF,0xFF,0xFF,0xFF,0xFF,0xFF,0xFF,0xFF,0xFF,0xFF,0xFF,0xFF,0xFF,
    0xFF,0xFF,0xFF,0xFF,0xFF,0xFF,0xFF,0xFF,0xFF,0xFF,0xFF,0xFF,0xFF,0xFF,0xFF,0xFF,
    0xFF,0xFF,0xFF,0xFF,0xFF,0xFF,0xFF,0xFF,0xFF,0xFF,0xFF,0xFF,0xFF,0xFF,0xFF,0xFF,
    0xFF,0xFF,0xFF,0xFF,0xFF,0xFF,0xFF,0xFF,0xFF,0xFF,0xFF,0xFF,0xFF,0xFF,0xF0,0x46,
    0x3F,0xE9,0xFF,0xFF,0xFF,0xFF,0xFF,0xFF,0xFF,0xFF,0xFF,0xFF,0xFF,0xFF,0xFF,0xFF,
    0xFF,0xFF,0xFF,0xFF,0xFF,0xFF,0xFF,0xFF,0xFF,0xFF,0xFF,0xFF,0xFF,0xFF,0xFF,0xFF,
    0xFF,0xFF,0xFF,0xFF,0xFF,0xFF,0xFF,0xFF,0xFF,0xFF,0xFF,0xFF,0xFF,0xFF,0xFF,0xFF,
    0xFF,0xFF,0xFF,0xFF,0xFF,0xFF,0xFF,0xFF,0xFF,0xFF,0xFF,0xFF,0xFF,0xFF,0xFF,0xFF,
    0xFF,0xFF,0xFF,0xFF,0xFF,0xFF,0xFF,0xFF,0xFF,0xFF,0xFF,0xFF,0xFF,0xFF,0xFF,0xFF,
    0xFF,0xFF,0xFF,0xFF,0xFF,0xFF,0xFF,0xFF,0xFF,0xFF,0xFF,0xFF,0xFF,0xFF,0xFF,0xFF,
    0xFF,0xFF,0xFF,0xFF,0xFF,0xFF,0xFF,0xFF,0xFF,0xFF,0xFF,0xFF,0xFF,0xFF,0xFF,0xFF,
    0xFF,0xFF,0xFF,0xFF,0xFF,0xFF,0xFF,0xFF,0xFF,0xFF,0xFF,0xFF,0xFF,0xFF,0xFF,0xFF,
    0xFF,0xFF,0xFF,0xFF,0xFF,0xFF,0xFF,0xFF,0xFF,0xFF,0xFF,0xFF,0xFF,0xFF,0xFF,0xFF,
    0xFF,0xFF,0xFF,0xFF,0xFF,0xFF,0xFF,0xFF,0xFF,0xFF,0xFF,0xFF,0xFF,0xFF,0xFF,0xFF,
    0xFF,0xFF,0xFF,0xFF,0xFF,0xFF,0xFF,0xFF,0xFF,0xFF,0xFF,0xFF,0xFF,0xFF,0xFF,0xFF,
    0xFF,0xFF,0xFF,0xFF,0xFF,0xFF,0xFF,0xFF,0xFF,0xFF,0xFF,0xFF,0xFF,0xFF,0xFF,0xFF,
    0xFF,0xFF,0xFF,0xFF,0xFF,0xFF,0xFF,0xFF,0xFF,0xFF,0xFF,0xFF,0xFF,0xFF,0xFF,0xFF,
    0xFF,0xFF,0xFF,0xFF,0xFF,0xFF,0xFF,0xFF,0xFF,0xFF,0xFF,0xFF,0xFF,0xFF,0xFF,0xFF,
    0xFF,0xFF,0xFF,0xFF,0xFF,0xFF,0xFF,0xFF,0xFF,0xFF,0xFF,0xFF,0xFF,0xFF,0xE9,0x3F,
    0x36,0xE0,0xFF,0xFF,0xFF,0xFF,0xFF,0xFF,0xFF,0xFF,0xFF,0xFF,0xFF,0xFF,0xFF,0xFF,
    0xFF,0xFF,0xFF,0xFF,0xFF,0xFF,0xFF,0xFF,0xFF,0xFF,0xFF,0xFF,0xFF,0xFF,0xFF,0xFF,
    0xFF,0xFF,0xFF,0xFF,0xFF,0xFF,0xFF,0xFF,0xFF,0xFF,0xFF,0xFF,0xFF,0xFF,0xFF,0xFF,
    0xFF,0xFF,0xFF,0xFF,0xFF,0xFF,0xFF,0xFF,0xFF,0xFF,0xFF,0xFF,0xFF,0xFF,0xFF,0xFF,
    0xFF,0xFF,0xFF,0xFF,0xFF,0xFF,0xFF,0xFF,0xFF,0xFF,0xFF,0xFF,0xFF,0xFF,0xFF,0xFF,
    0xFF,0xFF,0xFF,0xFF,0xFF,0xFF,0xFF,0xFF,0xFF,0xFF,0xFF,0xFF,0xFF,0xFF,0xFF,0xFF,
    0xFF,0xFF,0xFF,0xFF,0xFF,0xFF,0xFF,0xFF,0xFF,0xFF,0xFF,0xFF,0xFF,0xFF,0xFF,0xFF,
    0xFF,0xFF,0xFF,0xFF,0xFF,0xFF,0xFF,0xFF,0xFF,0xFF,0xFF,0xFF,0xFF,0xFF,0xFF,0xFF,
    0xFF,0xFF,0xFF,0xFF,0xFF,0xFF,0xFF,0xFF,0xFF,0xFF,0xFF,0xFF,0xFF,0xFF,0xFF,0xFF,
    0xFF,0xFF,0xFF,0xFF,0xFF,0xFF,0xFF,0xFF,0xFF,0xFF,0xFF,0xFF,0xFF,0xFF,0xFF,0xFF,
    0xFF,0xFF,0xFF,0xFF,0xFF,0xFF,0xFF,0xFF,0xFF,0xFF,0xFF,0xFF,0xFF,0xFF,0xFF,0xFF,
    0xFF,0xFF,0xFF,0xFF,0xFF,0xFF,0xFF,0xFF,0xFF,0xFF,0xFF,0xFF,0xFF,0xFF,0xFF,0xFF,
    0xFF,0xFF,0xFF,0xFF,0xFF,0xFF,0xFF,0xFF,0xFF,0xFF,0xFF,0xFF,0xFF,0xFF,0xFF,0xFF,
    0xFF,0xFF,0xFF,0xFF,0xFF,0xFF,0xFF,0xFF,0xFF,0xFF,0xFF,0xFF,0xFF,0xFF,0xFF,0xFF,
    0xFF,0xFF,0xFF,0xFF,0xFF,0xFF,0xFF,0xFF,0xFF,0xFF,0xFF,0xFF,0xFF,0xFF,0xE0,0x36,
    0x2D,0xD6,0xFF,0xFF,0xFF,0xFF,0xFF,0xFF,0xFF,0xFF,0xFF,0xFF,0xFF,0xFF,0xFF,0xFF,
    0xFF,0xFF,0xFF,0xFF,0xFF,0xFF,0xFF,0xFF,0xFF,0xFF,0xFF,0xFF,0xFF,0xFF,0xFF,0xFF,
    0xFF,0xFF,0xFF,0xFF,0xFF,0xFF,0xFF,0xFF,0xFF,0xFF,0xFF,0xFF,0xFF,0xFF,0xFF,0xFF,
    0xFF,0xFF,0xFF,0xFF,0xFF,0xFF,0xFF,0xFF,0xFF,0xFF,0xFF,0xFF,0xFF,0xFF,0xFF,0xFF,
    0xFF,0xFF,0xFF,0xFF,0xFF,0xFF,0xFF,0xFF,0xFF,0xFF,0xFF,0xFF,0xFF,0xFF,0xFF,0xFF,
    0xFF,0xFF,0xFF,0xFF,0xFF,0xFF,0xFF,0xFF,0xFF,0xFF,0xFF,0xFF,0xFF,0xFF,0xFF,0xFF,
    0xFF,0xFF,0xFF,0xFF,0xFF,0xFF,0xFF,0xFF,0xFF,0xFF,0xFF,0xFF,0xFF,0xFF,0xFF,0xFF,
    0xFF,0xFF,0xFF,0xFF,0xFF,0xFF,0xFF,0xFF,0xFF,0xFF,0xFF,0xFF,0xFF,0xFF,0xFF,0xFF,
    0xFF,0xFF,0xFF,0xFF,0xFF,0xFF,0xFF,0xFF,0xFF,0xFF,0xFF,0xFF,0xFF,0xFF,0xFF,0xFF,
    0xFF,0xFF,0xFF,0xFF,0xFF,0xFF,0xFF,0xFF,0xFF,0xFF,0xFF,0xFF,0xFF,0xFF,0xFF,0xFF,
    0xFF,0xFF,0xFF,0xFF,0xFF,0xFF,0xFF,0xFF,0xFF,0xFF,0xFF,0xFF,0xFF,0xFF,0xFF,0xFF,
    0xFF,0xFF,0xFF,0xFF,0xFF,0xFF,0xFF,0xFF,0xFF,0xFF,0xFF,0xFF,0xFF,0xFF,0xFF,0xFF,
    0xFF,0xFF,0xFF,0xFF,0xFF,0xFF,0xFF,0xFF,0xFF,0xFF,0xFF,0xFF,0xFF,0xFF,0xFF,0xFF,
    0xFF,0xFF,0xFF,0xFF,0xFF,0xFF,0xFF,0xFF,0xFF,0xFF,0xFF,0xFF,0xFF,0xFF,0xFF,0xFF,
    0xFF,0xFF,0xFF,0xFF,0xFF,0xFF,0xFF,0xFF,0xFF,0xFF,0xFF,0xFF,0xFF,0xFF,0xD6,0x2D,
    0x21,0xCB,0xFF,0xFF,0xFF,0xFF,0xFF,0xFF,0xFF,0xFF,0xFF,0xFF,0xFF,0xFF,0xFF,0xFF,
    0xFF,0xFF,0xFF,0xFF,0xFF,0xFF,0xFF,0xFF,0xFF,0xFF,0xFF,0xFF,0xFF,0xFF,0xFF,0xFF,
    0xFF,0xFF,0xFF,0xFF,0xFF,0xFF,0xFF,0xFF,0xFF,0xFF,0xFF,0xFF,0xFF,0xFF,0xFF,0xFF,
    0xFF,0xFF,0xFF,0xFF,0xFF,0xFF,0xFF,0xFF,0xFF,0xFF,0xFF,0xFF,0xFF,0xFF,0xFF,0xFF,
    0xFF,0xFF,0xFF,0xFF,0xFF,0xFF,0xFF,0xFF,0xFF,0xFF,0xFF,0xFF,0xFF,0xFF,0xFF,0xFF,
    0xFF,0xFF,0xFF,0xFF,0xFF,0xFF,0xFF,0xFF,0xFF,0xFF,0xFF,0xFF,0xFF,0xFF,0xFF,0xFF,
    0xFF,0xFF,0xFF,0xFF,0xFF,0xFF,0xFF,0xFF,0xFF,0xFF,0xFF,0xFF,0xFF,0xFF,0xFF,0xFF,
    0xFF,0xFF,0xFF,0xFF,0xFF,0xFF,0xFF,0xFF,0xFF,0xFF,0xFF,0xFF,0xFF,0xFF,0xFF,0xFF,
    0xFF,0xFF,0xFF,0xFF,0xFF,0xFF,0xFF,0xFF,0xFF,0xFF,0xFF,0xFF,0xFF,0xFF,0xFF,0xFF,
    0xFF,0xFF,0xFF,0xFF,0xFF,0xFF,0xFF,0xFF,0xFF,0xFF,0xFF,0xFF,0xFF,0xFF,0xFF,0xFF,
    0xFF,0xFF,0xFF,0xFF,0xFF,0xFF,0xFF,0xFF,0xFF,0xFF,0xFF,0xFF,0xFF,0xFF,0xFF,0xFF,
    0xFF,0xFF,0xFF,0xFF,0xFF,0xFF,0xFF,0xFF,0xFF,0xFF,0xFF,0xFF,0xFF,0xFF,0xFF,0xFF,
    0xFF,0xFF,0xFF,0xFF,0xFF,0xFF,0xFF,0xFF,0xFF,0xFF,0xFF,0xFF,0xFF,0xFF,0xFF,0xFF,
    0xFF,0xFF,0xFF,0xFF,0xFF,0xFF,0xFF,0xFF,0xFF,0xFF,0xFF,0xFF,0xFF,0xFF,0xFF,0xFF,
    0xFF,0xFF,0xFF,0xFF,0xFF,0xFF,0xFF,0xFF,0xFF,0xFF,0xFF,0xFF,0xFF,0xFF,0xCB,0x21,
    0x14,0xBE,0xFF,0xFF,0xFF,0xFF,0xFF,0xFF,0xFF,0xFF,0xFF,0xFF,0xFF,0xFF,0xFF,0xFF,
    0xFF,0xFF,0xFF,0xFF,0xFF,0xFF,0xFF,0xFF,0xFF,0xFF,0xFF,0xFF,0xFF,0xFF,0xFF,0xFF,
    0xFF,0xFF,0xFF,0xFF,0xFF,0xFF,0xFF,0xFF,0xFF,0xFF,0xFF,0xFF,0xFF,0xFF,0xFF,0xFF,
    0xFF,0xFF,0xFF,0xFF,0xFF,0xFF,0xFF,0xFF,0xFF,0xFF,0xFF,0xFF,0xFF,0xFF,0xFF,0xFF,
    0xFF,0xFF,0xFF,0xFF,0xFF,0xFF,0xFF,0xFF,0xFF,0xFF,0xFF,0xFF,0xFF,0xFF,0xFF,0xFF,
    0xFF,0xFF,0xFF,0xFF,0xFF,0xFF,0xFF,0xFF,0xFF,0xFF,0xFF,0xFF,0xFF,0xFF,0xFF,0xFF,
    0xFF,0xFF,0xFF,0xFF,0xFF,0xFF,0xFF,0xFF,0xFF,0xFF,0xFF,0xFF,0xFF,0xFF,0xFF,0xFF,
    0xFF,0xFF,0xFF,0xFF,0xFF,0xFF,0xFF,0xFF,0xFF,0xFF,0xFF,0xFF,0xFF,0xFF,0xFF,0xFF,
    0xFF,0xFF,0xFF,0xFF,0xFF,0xFF,0xFF,0xFF,0xFF,0xFF,0xFF,0xFF,0xFF,0xFF,0xFF,0xFF,
    0xFF,0xFF,0xFF,0xFF,0xFF,0xFF,0xFF,0xFF,0xFF,0xFF,0xFF,0xFF,0xFF,0xFF,0xFF,0xFF,
    0xFF,0xFF,0xFF,0xFF,0xFF,0xFF,0xFF,0xFF,0xFF,0xFF,0xFF,0xFF,0xFF,0xFF,0xFF,0xFF,
    0xFF,0xFF,0xFF,0xFF,0xFF,0xFF,0xFF,0xFF,0xFF,0xFF,0xFF,0xFF,0xFF,0xFF,0xFF,0xFF,
    0xFF,0xFF,0xFF,0xFF,0xFF,0xFF,0xFF,0xFF,0xFF,0xFF,0xFF,0xFF,0xFF,0xFF,0xFF,0xFF,
    0xFF,0xFF,0xFF,0xFF,0xFF,0xFF,0xFF,0xFF,0xFF,0xFF,0xFF,0xFF,0xFF,0xFF,0xFF,0xFF,
    0xFF,0xFF,0xFF,0xFF,0xFF,0xFF,0xFF,0xFF,0xFF,0xFF,0xFF,0xFF,0xFF,0xFF,0xBE,0x14,
    0x06,0xB0,0xFF,0xFF,0xFF,0xFF,0xFF,0xFF,0xFF,0xFF,0xFF,0xFF,0xFF,0xFF,0xFF,0xFF,
    0xFF,0xFF,0xFF,0xFF,0xFF,0xFF,0xFF,0xFF,0xFF,0xFF,0xFF,0xFF,0xFF,0xFF,0xFF,0xFF,
    0xFF,0xFF,0xFF,0xFF,0xFF,0xFF,0xFF,0xFF,0xFF,0xFF,0xFF,0xFF,0xFF,0xFF,0xFF,0xFF,
    0xFF,0xFF,0xFF,0xFF,0xFF,0xFF,0xFF,0xFF,0xFF,0xFF,0xFF,0xFF,0xFF,0xFF,0xFF,0xFF,
    0xFF,0xFF,0xFF,0xFF,0xFF,0xFF,0xFF,0xFF,0xFF,0xFF,0xFF,0xFF,0xFF,0xFF,0xFF,0xFF,
    0xFF,0xFF,0xFF,0xFF,0xFF,0xFF,0xFF,0xFF,0xFF,0xFF,0xFF,0xFF,0xFF,0xFF,0xFF,0xFF,
    0xFF,0xFF,0xFF,0xFF,0xFF,0xFF,0xFF,0xFF,0xFF,0xFF,0xFF,0xFF,0xFF,0xFF,0xFF,0xFF,
    0xFF,0xFF,0xFF,0xFF,0xFF,0xFF,0xFF,0xFF,0xFF,0xFF,0xFF,0xFF,0xFF,0xFF,0xFF,0xFF,
    0xFF,0xFF,0xFF,0xFF,0xFF,0xFF,0xFF,0xFF,0xFF,0xFF,0xFF,0xFF,0xFF,0xFF,0xFF,0xFF,
    0xFF,0xFF,0xFF,0xFF,0xFF,0xFF,0xFF,0xFF,0xFF,0xFF,0xFF,0xFF,0xFF,0xFF,0xFF,0xFF,
    0xFF,0xFF,0xFF,0xFF,0xFF,0xFF,0xFF,0xFF,0xFF,0xFF,0xFF,0xFF,0xFF,0xFF,0xFF,0xFF,
    0xFF,0xFF,0xFF,0xFF,0xFF,0xFF,0xFF,0xFF,0xFF,0xFF,0xFF,0xFF,0xFF,0xFF,0xFF,0xFF,
    0xFF,0xFF,0xFF,0xFF,0xFF,0xFF,0xFF,0xFF,0xFF,0xFF,0xFF,0xFF,0xFF,0xFF,0xFF,0xFF,
    0xFF,0xFF,0xFF,0xFF,0xFF,0xFF,0xFF,0xFF,0xFF,0xFF,0xFF,0xFF,0xFF,0xFF,0xFF,0xFF,
    0xFF,0xFF,0xFF,0xFF,0xFF,0xFF,0xFF,0xFF,0xFF,0xFF,0xFF,0xFF,0xFF,0xFF,0xB0,0x06,
    0x00,0xA0,0xFF,0xFF,0xFF,0xFF,0xFF,0xFF,0xFF,0xFF,0xFF,0xFF,0xFF,0xFF,0xFF,0xFF,
    0xFF,0xFF,0xFF,0xFF,0xFF,0xFF,0xFF,0xFF,0xFF,0xFF,0xFF,0xFF,0xFF,0xFF,0xFF,0xFF,
    0xFF,0xFF,0xFF,0xFF,0xFF,0xFF,0xFF,0xFF,0xFF,0xFF,0xFF,0xFF,0xFF,0xFF,0xFF,0xFF,
    0xFF,0xFF,0xFF,0xFF,0xFF,0xFF,0xFF,0xFF,0xFF,0xFF,0xFF,0xFF,0xFF,0xFF,0xFF,0xFF,
    0xFF,0xFF,0xFF,0xFF,0xFF,0xFF,0xFF,0xFF,0xFF,0xFF,0xFF,0xFF,0xFF,0xFF,0xFF,0xFF,
    0xFF,0xFF,0xFF,0xFF,0xFF,0xFF,0xFF,0xFF,0xFF,0xFF,0xFF,0xFF,0xFF,0xFF,0xFF,0xFF,
    0xFF,0xFF,0xFF,0xFF,0xFF,0xFF,0xFF,0xFF,0xFF,0xFF,0xFF,0xFF,0xFF,0xFF,0xFF,0xFF,
    0xFF,0xFF,0xFF,0xFF,0xFF,0xFF,0xFF,0xFF,0xFF,0xFF,0xFF,0xFF,0xFF,0xFF,0xFF,0xFF,
    0xFF,0xFF,0xFF,0xFF,0xFF,0xFF,0xFF,0xFF,0xFF,0xFF,0xFF,0xFF,0xFF,0xFF,0xFF,0xFF,
    0xFF,0xFF,0xFF,0xFF,0xFF,0xFF,0xFF,0xFF,0xFF,0xFF,0xFF,0xFF,0xFF,0xFF,0xFF,0xFF,
    0xFF,0xFF,0xFF,0xFF,0xFF,0xFF,0xFF,0xFF,0xFF,0xFF,0xFF,0xFF,0xFF,0xFF,0xFF,0xFF,
    0xFF,0xFF,0xFF,0xFF,0xFF,0xFF,0xFF,0xFF,0xFF,0xFF,0xFF,0xFF,0xFF,0xFF,0xFF,0xFF,
    0xFF,0xFF,0xFF,0xFF,0xFF,0xFF,0xFF,0xFF,0xFF,0xFF,0xFF,0xFF,0xFF,0xFF,0xFF,0xFF,
    0xFF,0xFF,0xFF,0xFF,0xFF,0xFF,0xFF,0xFF,0xFF,0xFF,0xFF,0xFF,0xFF,0xFF,0xFF,0xFF,
    0xFF,0xFF,0xFF,0xFF,0xFF,0xFF,0xFF,0xFF,0xFF,0xFF,0xFF,0xFF,0xFF,0xFF,0xA0,0x00,
    0x00,0x8F,0xFF,0xFF,0xFF,0xFF,0xFF,0xFF,0xFF,0xFF,0xFF,0xFF,0xFF,0xFF,0xFF,0xFF,
    0xFF,0xFF,0xFF,0xFF,0xFF,0xFF,0xFF,0xFF,0xFF,0xFF,0xFF,0xFF,0xFF,0xFF,0xFF,0xFF,
    0xFF,0xFF,0xFF,0xFF,0xFF,0xFF,0xFF,0xFF,0xFF,0xFF,0xFF,0xFF,0xFF,0xFF,0xFF,0xFF,
    0xFF,0xFF,0xFF,0xFF,0xFF,0xFF,0xFF,0xFF,0xFF,0xFF,0xFF,0xFF,0xFF,0xFF,0xFF,0xFF,
    0xFF,0xFF,0xFF,0xFF,0xFF,0xFF,0xFF,0xFF,0xFF,0xFF,0xFF,0xFF,0xFF,0xFF,0xFF,0xFF,
    0xFF,0xFF,0xFF,0xFF,0xFF,0xFF,0xFF,0xFF,0xFF,0xFF,0xFF,0xFF,0xFF,0xFF,0xFF,0xFF,
    0xFF,0xFF,0xFF,0xFF,0xFF,0xFF,0xFF,0xFF,0xFF,0xFF,0xFF,0xFF,0xFF,0xFF,0xFF,0xFF,
    0xFF,0xFF,0xFF,0xFF,0xFF,0xFF,0xFF,0xFF,0xFF,0xFF,0xFF,0xFF,0xFF,0xFF,0xFF,0xFF,
    0xFF,0xFF,0xFF,0xFF,0xFF,0xFF,0xFF,0xFF,0xFF,0xFF,0xFF,0xFF,0xFF,0xFF,0xFF,0xFF,
    0xFF,0xFF,0xFF,0xFF,0xFF,0xFF,0xFF,0xFF,0xFF,0xFF,0xFF,0xFF,0xFF,0xFF,0xFF,0xFF,
    0xFF,0xFF,0xFF,0xFF,0xFF,0xFF,0xFF,0xFF,0xFF,0xFF,0xFF,0xFF,0xFF,0xFF,0xFF,0xFF,
    0xFF,0xFF,0xFF,0xFF,0xFF,0xFF,0xFF,0xFF,0xFF,0xFF,0xFF,0xFF,0xFF,0xFF,0xFF,0xFF,
    0xFF,0xFF,0xFF,0xFF,0xFF,0xFF,0xFF,0xFF,0xFF,0xFF,0xFF,0xFF,0xFF,0xFF,0xFF,0xFF,
    0xFF,0xFF,0xFF,0xFF,0xFF,0xFF,0xFF,0xFF,0xFF,0xFF,0xFF,0xFF,0xFF,0xFF,0xFF,0xFF,
    0xFF,0xFF,0xFF,0xFF,0xFF,0xFF,0xFF,0xFF,0xFF,0xFF,0xFF,0xFF,0xFF,0xFF,0x8F,0x00,
    0x00,0x7C,0xFF,0xFF,0xFF,0xFF,0xFF,0xFF,0xFF,0xFF,0xFF,0xFF,0xFF,0xFF,0xFF,0xFF,
    0xFF,0xFF,0xFF,0xFF,0xFF,0xFF,0xFF,0xFF,0xFF,0xFF,0xFF,0xFF,0xFF,0xFF,0xFF,0xFF,
    0xFF,0xFF,0xFF,0xFF,0xFF,0xFF,0xFF,0xFF,0xFF,0xFF,0xFF,0xFF,0xFF,0xFF,0xFF,0xFF,
    0xFF,0xFF,0xFF,0xFF,0xFF,0xFF,0xFF,0xFF,0xFF,0xFF,0xFF,0xFF,0xFF,0xFF,0xFF,0xFF,
    0xFF,0xFF,0xFF,0xFF,0xFF,0xFF,0xFF,0xFF,0xFF,0xFF,0xFF,0xFF,0xFF,0xFF,0xFF,0xFF,
    0xFF,0xFF,0xFF,0xFF,0xFF,0xFF,0xFF,0xFF,0xFF,0xFF,0xFF,0xFF,0xFF,0xFF,0xFF,0xFF,
    0xFF,0xFF,0xFF,0xFF,0xFF,0xFF,0xFF,0xFF,0xFF,0xFF,0xFF,0xFF,0xFF,0xFF,0xFF,0xFF,
    0xFF,0xFF,0xFF,0xFF,0xFF,0xFF,0xFF,0xFF,0xFF,0xFF,0xFF,0xFF,0xFF,0xFF,0xFF,0xFF,
    0xFF,0xFF,0xFF,0xFF,0xFF,0xFF,0xFF,0xFF,0xFF,0xFF,0xFF,0xFF,0xFF,0xFF,0xFF,0xFF,
    0xFF,0xFF,0xFF,0xFF,0xFF,0xFF,0xFF,0xFF,0xFF,0xFF,0xFF,0xFF,0xFF,0xFF,0xFF,0xFF,
    0xFF,0xFF,0xFF,0xFF,0xFF,0xFF,0xFF,0xFF,0xFF,0xFF,0xFF,0xFF,0xFF,0xFF,0xFF,0xFF,
    0xFF,0xFF,0xFF,0xFF,0xFF,0xFF,0xFF,0xFF,0xFF,0xFF,0xFF,0xFF,0xFF,0xFF,0xFF,0xFF,
    0xFF,0xFF,0xFF,0xFF,0xFF,0xFF,0xFF,0xFF,0xFF,0xFF,0xFF,0xFF,0xFF,0xFF,0xFF,0xFF,
    0xFF,0xFF,0xFF,0xFF,0xFF,0xFF,0xFF,0xFF,0xFF,0xFF,0xFF,0xFF,0xFF,0xFF,0xFF,0xFF,
    0xFF,0xFF,0xFF,0xFF,0xFF,0xFF,0xFF,0xFF,0xFF,0xFF,0xFF,0xFF,0xFF,0xFF,0x7C,0x00,
    0x00,0x68,0xFF,0xFF,0xFF,0xFF,0xFF,0xFF,0xFF,0xFF,0xFF,0xFF,0xFF,0xFF,0xFF,0xFF,
    0xFF,0xFF,0xFF,0xFF,0xFF,0xFF,0xFF,0xFF,0xFF,0xFF,0xFF,0xFF,0xFF,0xFF,0xFF,0xFF,
    0xFF,0xFF,0xFF,0xFF,0xFF,0xFF,0xFF,0xFF,0xFF,0xFF,0xFF,0xFF,0xFF,0xFF,0xFF,0xFF,
    0xFF,0xFF,0xFF,0xFF,0xFF,0xFF,0xFF,0xFF,0xFF,0xFF,0xFF,0xFF,0xFF,0xFF,0xFF,0xFF,
    0xFF,0xFF,0xFF,0xFF,0xFF,0xFF,0xFF,0xFF,0xFF,0xFF,0xFF,0xFF,0xFF,0xFF,0xFF,0xFF,
    0xFF,0xFF,0xFF,0xFF,0xFF,0xFF,0xFF,0xFF,0xFF,0xFF,0xFF,0xFF,0xFF,0xFF,0xFF,0xFF,
    0xFF,0xFF,0xFF,0xFF,0xFF,0xFF,0xFF,0xFF,0xFF,0xFF,0xFF,0xFF,0xFF,0xFF,0xFF,0xFF,
    0xFF,0xFF,0xFF,0xFF,0xFF,0xFF,0xFF,0xFF,0xFF,0xFF,0xFF,0xFF,0xFF,0xFF,0xFF,0xFF,
    0xFF,0xFF,0xFF,0xFF,0xFF,0xFF,0xFF,0xFF,0xFF,0xFF,0xFF,0xFF,0xFF,0xFF,0xFF,0xFF,
    0xFF,0xFF,0xFF,0xFF,0xFF,0xFF,0xFF,0xFF,0xFF,0xFF,0xFF,0xFF,0xFF,0xFF,0xFF,0xFF,
    0xFF,0xFF,0xFF,0xFF,0xFF,0xFF,0xFF,0xFF,0xFF,0xFF,0xFF,0xFF,0xFF,0xFF,0xFF,0xFF,
    0xFF,0xFF,0xFF,0xFF,0xFF,0xFF,0xFF,0xFF,0xFF,0xFF,0xFF,0xFF,0xFF,0xFF,0xFF,0xFF,
    0xFF,0xFF,0xFF,0xFF,0xFF,0xFF,0xFF,0xFF,0xFF,0xFF,0xFF,0xFF,0xFF,0xFF,0xFF,0xFF,
    0xFF,0xFF,0xFF,0xFF,0xFF,0xFF,0xFF,0xFF,0xFF,0xFF,0xFF,0xFF,0xFF,0xFF,0xFF,0xFF,
    0xFF,0xFF,0xFF,0xFF,0xFF,0xFF,0xFF,0xFF,0xFF,0xFF,0xFF,0xFF,0xFF,0xFF,0x68,0x00,
    0x00,0x53,0xFB,0xFF,0xFF,0xFF,0xFF,0xFF,0xFF,0xFF,0xFF,0xFF,0xFF,0xFF,0xFF,0xFF,
    0xFF,0xFF,0xFF,0xFF,0xFF,0xFF,0xFF,0xFF,0xFF,0xFF,0xFF,0xFF,0xFF,0xFF,0xFF,0xFF,
    0xFF,0xFF,0xFF,0xFF,0xFF,0xFF,0xFF,0xFF,0xFF,0xFF,0xFF,0xFF,0xFF,0xFF,0xFF,0xFF,
    0xFF,0xFF,0xFF,0xFF,0xFF,0xFF,0xFF,0xFF,0xFF,0xFF,0xFF,0xFF,0xFF,0xFF,0xFF,0xFF,
    0xFF,0xFF,0xFF,0xFF,0xFF,0xFF,0xFF,0xFF,0xFF,0xFF,0xFF,0xFF,0xFF,0xFF,0xFF,0xFF,
    0xFF,0xFF,0xFF,0xFF,0xFF,0xFF,0xFF,0xFF,0xFF,0xFF,0xFF,0xFF,0xFF,0xFF,0xFF,0xFF,
    0xFF,0xFF,0xFF,0xFF,0xFF,0xFF,0xFF,0xFF,0xFF,0xFF,0xFF,0xFF,0xFF,0xFF,0xFF,0xFF,
    0xFF,0xFF,0xFF,0xFF,0xFF,0xFF,0xFF,0xFF,0xFF,0xFF,0xFF,0xFF,0xFF,0xFF,0xFF,0xFF,
    0xFF,0xFF,0xFF,0xFF,0xFF,0xFF,0xFF,0xFF,0xFF,0xFF,0xFF,0xFF,0xFF,0xFF,0xFF,0xFF,
    0xFF,0xFF,0xFF,0xFF,0xFF,0xFF,0xFF,0xFF,0xFF,0xFF,0xFF,0xFF,0xFF,0xFF,0xFF,0xFF,
    0xFF,0xFF,0xFF,0xFF,0xFF,0xFF,0xFF,0xFF,0xFF,0xFF,0xFF,0xFF,0xFF,0xFF,0xFF,0xFF,
    0xFF,0xFF,0xFF,0xFF,0xFF,0xFF,0xFF,0xFF,0xFF,0xFF,0xFF,0xFF,0xFF,0xFF,0xFF,0xFF,
    0xFF,0xFF,0xFF,0xFF,0xFF,0xFF,0xFF,0xFF,0xFF,0xFF,0xFF,0xFF,0xFF,0xFF,0xFF,0xFF,
    0xFF,0xFF,0xFF,0xFF,0xFF,0xFF,0xFF,0xFF,0xFF,0xFF,0xFF,0xFF,0xFF,0xFF,0xFF,0xFF,
    0xFF,0xFF,0xFF,0xFF,0xFF,0xFF,0xFF,0xFF,0xFF,0xFF,0xFF,0xFF,0xFF,0xFB,0x53,0x00,
    0x00,0x3C,0xE5,0xFF,0xFF,0xFF,0xFF,0xFF,0xFF,0xFF,0xFF,0xFF,0xFF,0xFF,0xFF,0xFF,
    0xFF,0xFF,0xFF,0xFF,0xFF,0xFF,0xFF,0xFF,0xFF,0xFF,0xFF,0xFF,0xFF,0xFF,0xFF,0xFF,
    0xFF,0xFF,0xFF,0xFF,0xFF,0xFF,0xFF,0xFF,0xFF,0xFF,0xFF,0xFF,0xFF,0xFF,0xFF,0xFF,
    0xFF,0xFF,0xFF,0xFF,0xFF,0xFF,0xFF,0xFF,0xFF,0xFF,0xFF,0xFF,0xFF,0xFF,0xFF,0xFF,
    0xFF,0xFF,0xFF,0xFF,0xFF,0xFF,0xFF,0xFF,0xFF,0xFF,0xFF,0xFF,0xFF,0xFF,0xFF,0xFF,
    0xFF,0xFF,0xFF,0xFF,0xFF,0xFF,0xFF,0xFF,0xFF,0xFF,0xFF,0xFF,0xFF,0xFF,0xFF,0xFF,
    0xFF,0xFF,0xFF,0xFF,0xFF,0xFF,0xFF,0xFF,0xFF,0xFF,0xFF,0xFF,0xFF,0xFF,0xFF,0xFF,
    0xFF,0xFF,0xFF,0xFF,0xFF,0xFF,0xFF,0xFF,0xFF,0xFF,0xFF,0xFF,0xFF,0xFF,0xFF,0xFF,
    0xFF,0xFF,0xFF,0xFF,0xFF,0xFF,0xFF,0xFF,0xFF,0xFF,0xFF,0xFF,0xFF,0xFF,0xFF,0xFF,
    0xFF,0xFF,0xFF,0xFF,0xFF,0xFF,0xFF,0xFF,0xFF,0xFF,0xFF,0xFF,0xFF,0xFF,0xFF,0xFF,
    0xFF,0xFF,0xFF,0xFF,0xFF,0xFF,0xFF,0xFF,0xFF,0xFF,0xFF,0xFF,0xFF,0xFF,0xFF,0xFF,
    0xFF,0xFF,0xFF,0xFF,0xFF,0xFF,0xFF,0xFF,0xFF,0xFF,0xFF,0xFF,0xFF,0xFF,0xFF,0xFF,
    0xFF,0xFF,0xFF,0xFF,0xFF,0xFF,0xFF,0xFF,0xFF,0xFF,0xFF,0xFF,0xFF,0xFF,0xFF,0xFF,
    0xFF,0xFF,0xFF,0xFF,0xFF,0xFF,0xFF,0xFF,0xFF,0xFF,0xFF,0xFF,0xFF,0xFF,0xFF,0xFF,
    0xFF,0xFF,0xFF,0xFF,0xFF,0xFF,0xFF,0xFF,0xFF,0xFF,0xFF,0xFF,0xFF,0xE5,0x3C,0x00,
    0x00,0x24,0xCC,0xFF,0xFF,0xFF,0xFF,0xFF,0xFF,0xFF,0xFF,0xFF,0xFF,0xFF,0xFF,0xFF,
    0xFF,0xFF,0xFF,0xFF,0xFF,0xFF,0xFF,0xFF,0xFF,0xFF,0xFF,0xFF,0xFF,0xFF,0xFF,0xFF,
    0xFF,0xFF,0xFF,0xFF,0xFF,0xFF,0xFF,0xFF,0xFF,0xFF,0xFF,0xFF,0xFF,0xFF,0xFF,0xFF,
    0xFF,0xFF,0xFF,0xFF,0xFF,0xFF,0xFF,0xFF,0xFF,0xFF,0xFF,0xFF,0xFF,0xFF,0xFF,0xFF,
    0xFF,0xFF,0xFF,0xFF,0xFF,0xFF,0xFF,0xFF,0xFF,0xFF,0xFF,0xFF,0xFF,0xFF,0xFF,0xFF,
    0xFF,0xFF,0xFF,0xFF,0xFF,0xFF,0xFF,0xFF,0xFF,0xFF,0xFF,0xFF,0xFF,0xFF,0xFF,0xFF,
    0xFF,0xFF,0xFF,0xFF,0xFF,0xFF,0xFF,0xFF,0xFF,0xFF,0xFF,0xFF,0xFF,0xFF,0xFF,0xFF,
    0xFF,0xFF,0xFF,0xFF,0xFF,0xFF,0xFF,0xFF,0xFF,0xFF,0xFF,0xFF,0xFF,0xFF,0xFF,0xFF,
    0xFF,0xFF,0xFF,0xFF,0xFF,0xFF,0xFF,0xFF,0xFF,0xFF,0xFF,0xFF,0xFF,0xFF,0xFF,0xFF,
    0xFF,0xFF,0xFF,0xFF,0xFF,0xFF,0xFF,0xFF,0xFF,0xFF,0xFF,0xFF,0xFF,0xFF,0xFF,0xFF,
    0xFF,0xFF,0xFF,0xFF,0xFF,0xFF,0xFF,0xFF,0xFF,0xFF,0xFF,0xFF,0xFF,0xFF,0xFF,0xFF,
    0xFF,0xFF,0xFF,0xFF,0xFF,0xFF,0xFF,0xFF,0xFF,0xFF,0xFF,0xFF,0xFF,0xFF,0xFF,0xFF,
    0xFF,0xFF,0xFF,0xFF,0xFF,0xFF,0xFF,0xFF,0xFF,0xFF,0xFF,0xFF,0xFF,0xFF,0xFF,0xFF,
    0xFF,0xFF,0xFF,0xFF,0xFF,0xFF,0xFF,0xFF,0xFF,0xFF,0xFF,0xFF,0xFF,0xFF,0xFF,0xFF,
    0xFF,0xFF,0xFF,0xFF,0xFF,0xFF,0xFF,0xFF,0xFF,0xFF,0xFF,0xFF,0xFF,0xCC,0x24,0x00,
    0x00,0x0A,0xB2,0xFF,0xFF,0xFF,0xFF,0xFF,0xFF,0xFF,0xFF,0xFF,0xFF,0xFF,0xFF,0xFF,
    0xFF,0xFF,0xFF,0xFF,0xFF,0xFF,0xFF,0xFF,0xFF,0xFF,0xFF,0xFF,0xFF,0xFF,0xFF,0xFF,
    0xFF,0xFF,0xFF,0xFF,0xFF,0xFF,0xFF,0xFF,0xFF,0xFF,0xFF,0xFF,0xFF,0xFF,0xFF,0xFF,
    0xFF,0xFF,0xFF,0xFF,0xFF,0xFF,0xFF,0xFF,0xFF,0xFF,0xFF,0xFF,0xFF,0xFF,0xFF,0xFF,
    0xFF,0xFF,0xFF,0xFF,0xFF,0xFF,0xFF,0xFF,0xFF,0xFF,0xFF,0xFF,0xFF,0xFF,0xFF,0xFF,
    0xFF,0xFF,0xFF,0xFF,0xFF,0xFF,0xFF,0xFF,0xFF,0xFF,0xFF,0xFF,0xFF,0xFF,0xFF,0xFF,
    0xFF,0xFF,0xFF,0xFF,0xFF,0xFF,0xFF,0xFF,0xFF,0xFF,0xFF,0xFF,0xFF,0xFF,0xFF,0xFF,
    0xFF,0xFF,0xFF,0xFF,0xFF,0xFF,0xFF,0xFF,0xFF,0xFF,0xFF,0xFF,0xFF,0xFF,0xFF,0xFF,
    0xFF,0xFF,0xFF,0xFF,0xFF,0xFF,0xFF,0xFF,0xFF,0xFF,0xFF,0xFF,0xFF,0xFF,0xFF,0xFF,
    0xFF,0xFF,0xFF,0xFF,0xFF,0xFF,0xFF,0xFF,0xFF,0xFF,0xFF,0xFF,0xFF,0xFF,0xFF,0xFF,
    0xFF,0xFF,0xFF,0xFF,0xFF,0xFF,0xFF,0xFF,0xFF,0xFF,0xFF,0xFF,0xFF,0xFF,0xFF,0xFF,
    0xFF,0xFF,0xFF,0xFF,0xFF,0xFF,0xFF,0xFF,0xFF,0xFF,0xFF,0xFF,0xFF,0xFF,0xFF,0xFF,
    0xFF,0xFF,0xFF,0xFF,0xFF,0xFF,0xFF,0xFF,0xFF,0xFF,0xFF,0xFF,0xFF,0xFF,0xFF,0xFF,
    0xFF,0xFF,0xFF,0xFF,0xFF,0xFF,0xFF,0xFF,0xFF,0xFF,0xFF,0xFF,0xFF,0xFF,0xFF,0xFF,
    0xFF,0xFF,0xFF,0xFF,0xFF,0xFF,0xFF,0xFF,0xFF,0xFF,0xFF,0xFF,0xFF,0xB2,0x0A,0x00,
    0x00,0x00,0x97,0xFF,0xFF,0xFF,0xFF,0xFF,0xFF,0xFF,0xFF,0xFF,0xFF,0xFF,0xFF,0xFF,
    0xFF,0xFF,0xFF,0xFF,0xFF,0xFF,0xFF,0xFF,0xFF,0xFF,0xFF,0xFF,0xFF,0xFF,0xFF,0xFF,
    0xFF,0xFF,0xFF,0xFF,0xFF,0xFF,0xFF,0xFF,0xFF,0xFF,0xFF,0xFF,0xFF,0xFF,0xFF,0xFF,
    0xFF,0xFF,0xFF,0xFF,0xFF,0xFF,0xFF,0xFF,0xFF,0xFF,0xFF,0xFF,0xFF,0xFF,0xFF,0xFF,
    0xFF,0xFF,0xFF,0xFF,0xFF,0xFF,0xFF,0xFF,0xFF,0xFF,0xFF,0xFF,0xFF,0xFF,0xFF,0xFF,
    0xFF,0xFF,0xFF,0xFF,0xFF,0xFF,0xFF,0xFF,0xFF,0xFF,0xFF,0xFF,0xFF,0xFF,0xFF,0xFF,
    0xFF,0xFF,0xFF,0xFF,0xFF,0xFF,0xFF,0xFF,0xFF,0xFF,0xFF,0xFF,0xFF,0xFF,0xFF,0xFF,
    0xFF,0xFF,0xFF,0xFF,0xFF,0xFF,0xFF,0xFF,0xFF,0xFF,0xFF,0xFF,0xFF,0xFF,0xFF,0xFF,
    0xFF,0xFF,0xFF,0xFF,0xFF,0xFF,0xFF,0xFF,0xFF,0xFF,0xFF,0xFF,0xFF,0xFF,0xFF,0xFF,
    0xFF,0xFF,0xFF,0xFF,0xFF,0xFF,0xFF,0xFF,0xFF,0xFF,0xFF,0xFF,0xFF,0xFF,0xFF,0xFF,
    0xFF,0xFF,0xFF,0xFF,0xFF,0xFF,0xFF,0xFF,0xFF,0xFF,0xFF,0xFF,0xFF,0xFF,0xFF,0xFF,
    0xFF,0xFF,0xFF,0xFF,0xFF,0xFF,0xFF,0xFF,0xFF,0xFF,0xFF,0xFF,0xFF,0xFF,0xFF,0xFF,
    0xFF,0xFF,0xFF,0xFF,0xFF,0xFF,0xFF,0xFF,0xFF,0xFF,0xFF,0xFF,0xFF,0xFF,0xFF,0xFF,
    0xFF,0xFF,0xFF,0xFF,0xFF,0xFF,0xFF,0xFF,0xFF,0xFF,0xFF,0xFF,0xFF,0xFF,0xFF,0xFF,
    0xFF,0xFF,0xFF,0xFF,0xFF,0xFF,0xFF,0xFF,0xFF,0xFF,0xFF,0xFF,0xFF,0x97,0x00,0x00,
    0x00,0x00,0x7B,0xFF,0xFF,0xFF,0xFF,0xFF,0xFF,0xFF,0xFF,0xFF,0xFF,0xFF,0xFF,0xFF,
    0xFF,0xFF,0xFF,0xFF,0xFF,0xFF,0xFF,0xFF,0xFF,0xFF,0xFF,0xFF,0xFF,0xFF,0xFF,0xFF,
    0xFF,0xFF,0xFF,0xFF,0xFF,0xFF,0xFF,0xFF,0xFF,0xFF,0xFF,0xFF,0xFF,0xFF,0xFF,0xFF,
    0xFF,0xFF,0xFF,0xFF,0xFF,0xFF,0xFF,0xFF,0xFF,0xFF,0xFF,0xFF,0xFF,0xFF,0xFF,0xFF,
    0xFF,0xFF,0xFF,0xFF,0xFF,0xFF,0xFF,0xFF,0xFF,0xFF,0xFF,0xFF,0xFF,0xFF,0xFF,0xFF,
    0xFF,0xFF,0xFF,0xFF,0xFF,0xFF,0xFF,0xFF,0xFF,0xFF,0xFF,0xFF,0xFF,0xFF,0xFF,0xFF,
    0xFF,0xFF,0xFF,0xFF,0xFF,0xFF,0xFF,0xFF,0xFF,0xFF,0xFF,0xFF,0xFF,0xFF,0xFF,0xFF,
    0xFF,0xFF,0xFF,0xFF,0xFF,0xFF,0xFF,0xFF,0xFF,0xFF,0xFF,0xFF,0xFF,0xFF,0xFF,0xFF,
    0xFF,0xFF,0xFF,0xFF,0xFF,0xFF,0xFF,0xFF,0xFF,0xFF,0xFF,0xFF,0xFF,0xFF,0xFF,0xFF,
    0xFF,0xFF,0xFF,0xFF,0xFF,0xFF,0xFF,0xFF,0xFF,0xFF,0xFF,0xFF,0xFF,0xFF,0xFF,0xFF,
    0xFF,0xFF,0xFF,0xFF,0xFF,0xFF,0xFF,0xFF,0xFF,0xFF,0xFF,0xFF,0xFF,0xFF,0xFF,0xFF,
    0xFF,0xFF,0xFF,0xFF,0xFF,0xFF,0xFF,0xFF,0xFF,0xFF,0xFF,0xFF,0xFF,0xFF,0xFF,0xFF,
    0xFF,0xFF,0xFF,0xFF,0xFF,0xFF,0xFF,0xFF,0xFF,0xFF,0xFF,0xFF,0xFF,0xFF,0xFF,0xFF,
    0xFF,0xFF,0xFF,0xFF,0xFF,0xFF,0xFF,0xFF,0xFF,0xFF,0xFF,0xFF,0xFF,0xFF,0xFF,0xFF,
    0xFF,0xFF,0xFF,0xFF,0xFF,0xFF,0xFF,0xFF,0xFF,0xFF,0xFF,0xFF,0xFF,0x7B,0x00,0x00,
    0x00,0x00,0x5D,0xFF,0xFF,0xFF,0xFF,0xFF,0xFF,0xFF,0xFF,0xFF,0xFF,0xFF,0xFF,0xFF,
    0xFF,0xFF,0xFF,0xFF,0xFF,0xFF,0xFF,0xFF,0xFF,0xFF,0xFF,0xFF,0xFF,0xFF,0xFF,0xFF,
    0xFF,0xFF,0xFF,0xFF,0xFF,0xFF,0xFF,0xFF,0xFF,0xFF,0xFF,0xFF,0xFF,0xFF,0xFF,0xFF,
    0xFF,0xFF,0xFF,0xFF,0xFF,0xFF,0xFF,0xFF,0xFF,0xFF,0xFF,0xFF,0xFF,0xFF,0xFF,0xFF,
    0xFF,0xFF,0xFF,0xFF,0xFF,0xFF,0xFF,0xFF,0xFF,0xFF,0xFF,0xFF,0xFF,0xFF,0xFF,0xFF,
    0xFF,0xFF,0xFF,0xFF,0xFF,0xFF,0xFF,0xFF,0xFF,0xFF,0xFF,0xFF,0xFF,0xFF,0xFF,0xFF,
    0xFF,0xFF,0xFF,0xFF,0xFF,0xFF,0xFF,0xFF,0xFF,0xFF,0xFF,0xFF,0xFF,0xFF,0xFF,0xFF,
    0xFF,0xFF,0xFF,0xFF,0xFF,0xFF,0xFF,0xFF,0xFF,0xFF,0xFF,0xFF,0xFF,0xFF,0xFF,0xFF,
    0xFF,0xFF,0xFF,0xFF,0xFF,0xFF,0xFF,0xFF,0xFF,0xFF,0xFF,0xFF,0xFF,0xFF,0xFF,0xFF,
    0xFF,0xFF,0xFF,0xFF,0xFF,0xFF,0xFF,0xFF,0xFF,0xFF,0xFF,0xFF,0xFF,0xFF,0xFF,0xFF,
    0xFF,0xFF,0xFF,0xFF,0xFF,0xFF,0xFF,0xFF,0xFF,0xFF,0xFF,0xFF,0xFF,0xFF,0xFF,0xFF,
    0xFF,0xFF,0xFF,0xFF,0xFF,0xFF,0xFF,0xFF,0xFF,0xFF,0xFF,0xFF,0xFF,0xFF,0xFF,0xFF,
    0xFF,0xFF,0xFF,0xFF,0xFF,0xFF,0xFF,0xFF,0xFF,0xFF,0xFF,0xFF,0xFF,0xFF,0xFF,0xFF,
    0xFF,0xFF,0xFF,0xFF,0xFF,0xFF,0xFF,0xFF,0xFF,0xFF,0xFF,0xFF,0xFF,0xFF,0xFF,0xFF,
    0xFF,0xFF,0xFF,0xFF,0xFF,0xFF,0xFF,0xFF,0xFF,0xFF,0xFF,0xFF,0xFF,0x5D,0x00,0x00,
    0x00,0x00,0x3E,0xE5,0xFF,0xFF,0xFF,0xFF,0xFF,0xFF,0xFF,0xFF,0xFF,0xFF,0xFF,0xFF,
    0xFF,0xFF,0xFF,0xFF,0xFF,0xFF,0xFF,0xFF,0xFF,0xFF,0xFF,0xFF,0xFF,0xFF,0xFF,0xFF,
    0xFF,0xFF,0xFF,0xFF,0xFF,0xFF,0xFF,0xFF,0xFF,0xFF,0xFF,0xFF,0xFF,0xFF,0xFF,0xFF,
    0xFF,0xFF,0xFF,0xFF,0xFF,0xFF,0xFF,0xFF,0xFF,0xFF,0xFF,0xFF,0xFF,0xFF,0xFF,0xFF,
    0xFF,0xFF,0xFF,0xFF,0xFF,0xFF,0xFF,0xFF,0xFF,0xFF,0xFF,0xFF,0xFF,0xFF,0xFF,0xFF,
    0xFF,0xFF,0xFF,0xFF,0xFF,0xFF,0xFF,0xFF,0xFF,0xFF,0xFF,0xFF,0xFF,0xFF,0xFF,0xFF,
    0xFF,0xFF,0xFF,0xFF,0xFF,0xFF,0xFF,0xFF,0xFF,0xFF,0xFF,0xFF,0xFF,0xFF,0xFF,0xFF,
    0xFF,0xFF,0xFF,0xFF,0xFF,0xFF,0xFF,0xFF,0xFF,0xFF,0xFF,0xFF,0xFF,0xFF,0xFF,0xFF,
    0xFF,0xFF,0xFF,0xFF,0xFF,0xFF,0xFF,0xFF,0xFF,0xFF,0xFF,0xFF,0xFF,0xFF,0xFF,0xFF,
    0xFF,0xFF,0xFF,0xFF,0xFF,0xFF,0xFF,0xFF,0xFF,0xFF,0xFF,0xFF,0xFF,0xFF,0xFF,0xFF,
    0xFF,0xFF,0xFF,0xFF,0xFF,0xFF,0xFF,0xFF,0xFF,0xFF,0xFF,0xFF,0xFF,0xFF,0xFF,0xFF,
    0xFF,0xFF,0xFF,0xFF,0xFF,0xFF,0xFF,0xFF,0xFF,0xFF,0xFF,0xFF,0xFF,0xFF,0xFF,0xFF,
    0xFF,0xFF,0xFF,0xFF,0xFF,0xFF,0xFF,0xFF,0xFF,0xFF,0xFF,0xFF,0xFF,0xFF,0xFF,0xFF,
    0xFF,0xFF,0xFF,0xFF,0xFF,0xFF,0xFF,0xFF,0xFF,0xFF,0xFF,0xFF,0xFF,0xFF,0xFF,0xFF,
    0xFF,0xFF,0xFF,0xFF,0xFF,0xFF,0xFF,0xFF,0xFF,0xFF,0xFF,0xFF,0xE5,0x3E,0x00,0x00,
    0x00,0x00,0x1D,0xC4,0xFF,0xFF,0xFF,0xFF,0xFF,0xFF,0xFF,0xFF,0xFF,0xFF,0xFF,0xFF,
    0xFF,0xFF,0xFF,0xFF,0xFF,0xFF,0xFF,0xFF,0xFF,0xFF,0xFF,0xFF,0xFF,0xFF,0xFF,0xFF,
    0xFF,0xFF,0xFF,0xFF,0xFF,0xFF,0xFF,0xFF,0xFF,0xFF,0xFF,0xFF,0xFF,0xFF,0xFF,0xFF,
    0xFF,0xFF,0xFF,0xFF,0xFF,0xFF,0xFF,0xFF,0xFF,0xFF,0xFF,0xFF,0xFF,0xFF,0xFF,0xFF,
    0xFF,0xFF,0xFF,0xFF,0xFF,0xFF,0xFF,0xFF,0xFF,0xFF,0xFF,0xFF,0xFF,0xFF,0xFF,0xFF,
    0xFF,0xFF,0xFF,0xFF,0xFF,0xFF,0xFF,0xFF,0xFF,0xFF,0xFF,0xFF,0xFF,0xFF,0xFF,0xFF,
    0xFF,0xFF,0xFF,0xFF,0xFF,0xFF,0xFF,0xFF,0xFF,0xFF,0xFF,0xFF,0xFF,0xFF,0xFF,0xFF,
    0xFF,0xFF,0xFF,0xFF,0xFF,0xFF,0xFF,0xFF,0xFF,0xFF,0xFF,0xFF,0xFF,0xFF,0xFF,0xFF,
    0xFF,0xFF,0xFF,0xFF,0xFF,0xFF,0xFF,0xFF,0xFF,0xFF,0xFF,0xFF,0xFF,0xFF,0xFF,0xFF,
    0xFF,0xFF,0xFF,0xFF,0xFF,0xFF,0xFF,0xFF,0xFF,0xFF,0xFF,0xFF,0xFF,0xFF,0xFF,0xFF,
    0xFF,0xFF,0xFF,0xFF,0xFF,0xFF,0xFF,0xFF,0xFF,0xFF,0xFF,0xFF,0xFF,0xFF,0xFF,0xFF,
    0xFF,0xFF,0xFF,0xFF,0xFF,0xFF,0xFF,0xFF,0xFF,0xFF,0xFF,0xFF,0xFF,0xFF,0xFF,0xFF,
    0xFF,0xFF,0xFF,0xFF,0xFF,0xFF,0xFF,0xFF,0xFF,0xFF,0xFF,0xFF,0xFF,0xFF,0xFF,0xFF,
    0xFF,0xFF,0xFF,0xFF,0xFF,0xFF,0xFF,0xFF,0xFF,0xFF,0xFF,0xFF,0xFF,0xFF,0xFF,0xFF,
    0xFF,0xFF,0xFF,0xFF,0xFF,0xFF,0xFF,0xFF,0xFF,0xFF,0xFF,0xFF,0xC4,0x1D,0x00,0x00,
    0x00,0x00,0x00,0xA1,0xFF,0xFF,0xFF,0xFF,0xFF,0xFF,0xFF,0xFF,0xFF,0xFF,0xFF,0xFF,
    0xFF,0xFF,0xFF,0xFF,0xFF,0xFF,0xFF,0xFF,0xFF,0xFF,0xFF,0xFF,0xFF,0xFF,0xFF,0xFF,
    0xFF,0xFF,0xFF,0xFF,0xFF,0xFF,0xFF,0xFF,0xFF,0xFF,0xFF,0xFF,0xFF,0xFF,0xFF,0xFF,
    0xFF,0xFF,0xFF,0xFF,0xFF,0xFF,0xFF,0xFF,0xFF,0xFF,0xFF,0xFF,0xFF,0xFF,0xFF,0xFF,
    0xFF,0xFF,0xFF,0xFF,0xFF,0xFF,0xFF,0xFF,0xFF,0xFF,0xFF,0xFF,0xFF,0xFF,0xFF,0xFF,
    0xFF,0xFF,0xFF,0xFF,0xFF,0xFF,0xFF,0xFF,0xFF,0xFF,0xFF,0xFF,0xFF,0xFF,0xFF,0xFF,
    0xFF,0xFF,0xFF,0xFF,0xFF,0xFF,0xFF,0xFF,0xFF,0xFF,0xFF,0xFF,0xFF,0xFF,0xFF,0xFF,
    0xFF,0xFF,0xFF,0xFF,0xFF,0xFF,0xFF,0xFF,0xFF,0xFF,0xFF,0xFF,0xFF,0xFF,0xFF,0xFF,
    0xFF,0xFF,0xFF,0xFF,0xFF,0xFF,0xFF,0xFF,0xFF,0xFF,0xFF,0xFF,0xFF,0xFF,0xFF,0xFF,
    0xFF,0xFF,0xFF,0xFF,0xFF,0xFF,0xFF,0xFF,0xFF,0xFF,0xFF,0xFF,0xFF,0xFF,0xFF,0xFF,
    0xFF,0xFF,0xFF,0xFF,0xFF,0xFF,0xFF,0xFF,0xFF,0xFF,0xFF,0xFF,0xFF,0xFF,0xFF,0xFF,
    0xFF,0xFF,0xFF,0xFF,0xFF,0xFF,0xFF,0xFF,0xFF,0xFF,0xFF,0xFF,0xFF,0xFF,0xFF,0xFF,
    0xFF,0xFF,0xFF,0xFF,0xFF,0xFF,0xFF,0xFF,0xFF,0xFF,0xFF,0xFF,0xFF,0xFF,0xFF,0xFF,
    0xFF,0xFF,0xFF,0xFF,0xFF,0xFF,0xFF,0xFF,0xFF,0xFF,0xFF,0xFF,0xFF,0xFF,0xFF,0xFF,
    0xFF,0xFF,0xFF,0xFF,0xFF,0xFF,0xFF,0xFF,0xFF,0xFF,0xFF,0xFF,0xA1,0x00,0x00,0x00,
    0x00,0x00,0x00,0x7E,0xFF,0xFF,0xFF,0xFF,0xFF,0xFF,0xFF,0xFF,0xFF,0xFF,0xFF,0xFF,
    0xFF,0xFF,0xFF,0xFF,0xFF,0xFF,0xFF,0xFF,0xFF,0xFF,0xFF,0xFF,0xFF,0xFF,0xFF,0xFF,
    0xFF,0xFF,0xFF,0xFF,0xFF,0xFF,0xFF,0xFF,0xFF,0xFF,0xFF,0xFF,0xFF,0xFF,0xFF,0xFF,
    0xFF,0xFF,0xFF,0xFF,0xFF,0xFF,0xFF,0xFF,0xFF,0xFF,0xFF,0xFF,0xFF,0xFF,0xFF,0xFF,
    0xFF,0xFF,0xFF,0xFF,0xFF,0xFF,0xFF,0xFF,0xFF,0xFF,0xFF,0xFF,0xFF,0xFF,0xFF,0xFF,
    0xFF,0xFF,0xFF,0xFF,0xFF,0xFF,0xFF,0xFF,0xFF,0xFF,0xFF,0xFF,0xFF,0xFF,0xFF,0xFF,
    0xFF,0xFF,0xFF,0xFF,0xFF,0xFF,0xFF,0xFF,0xFF,0xFF,0xFF,0xFF,0xFF,0xFF,0xFF,0xFF,
    0xFF,0xFF,0xFF,0xFF,0xFF,0xFF,0xFF,0xFF,0xFF,0xFF,0xFF,0xFF,0xFF,0xFF,0xFF,0xFF,
    0xFF,0xFF,0xFF,0xFF,0xFF,0xFF,0xFF,0xFF,0xFF,0xFF,0xFF,0xFF,0xFF,0xFF,0xFF,0xFF,
    0xFF,0xFF,0xFF,0xFF,0xFF,0xFF,0xFF,0xFF,0xFF,0xFF,0xFF,0xFF,0xFF,0xFF,0xFF,0xFF,
    0xFF,0xFF,0xFF,0xFF,0xFF,0xFF,0xFF,0xFF,0xFF,0xFF,0xFF,0xFF,0xFF,0xFF,0xFF,0xFF,
    0xFF,0xFF,0xFF,0xFF,0xFF,0xFF,0xFF,0xFF,0xFF,0xFF,0xFF,0xFF,0xFF,0xFF,0xFF,0xFF,
    0xFF,0xFF,0xFF,0xFF,0xFF,0xFF,0xFF,0xFF,0xFF,0xFF,0xFF,0xFF,0xFF,0xFF,0xFF,0xFF,
    0xFF,0xFF,0xFF,0xFF,0xFF,0xFF,0xFF,0xFF,0xFF,0xFF,0xFF,0xFF,0xFF,0xFF,0xFF,0xFF,
    0xFF,0xFF,0xFF,0xFF,0xFF,0xFF,0xFF,0xFF,0xFF,0xFF,0xFF,0xFF,0x7E,0x00,0x00,0x00,
    0x00,0x00,0x00,0x59,0xFE,0xFF,0xFF,0xFF,0xFF,0xFF,0xFF,0xFF,0xFF,0xFF,0xFF,0xFF,
    0xFF,0xFF,0xFF,0xFF,0xFF,0xFF,0xFF,0xFF,0xFF,0xFF,0xFF,0xFF,0xFF,0xFF,0xFF,0xFF,
    0xFF,0xFF,0xFF,0xFF,0xFF,0xFF,0xFF,0xFF,0xFF,0xFF,0xFF,0xFF,0xFF,0xFF,0xFF,0xFF,
    0xFF,0xFF,0xFF,0xFF,0xFF,0xFF,0xFF,0xFF,0xFF,0xFF,0xFF,0xFF,0xFF,0xFF,0xFF,0xFF,
    0xFF,0xFF,0xFF,0xFF,0xFF,0xFF,0xFF,0xFF,0xFF,0xFF,0xFF,0xFF,0xFF,0xFF,0xFF,0xFF,
    0xFF,0xFF,0xFF,0xFF,0xFF,0xFF,0xFF,0xFF,0xFF,0xFF,0xFF,0xFF,0xFF,0xFF,0xFF,0xFF,
    0xFF,0xFF,0xFF,0xFF,0xFF,0xFF,0xFF,0xFF,0xFF,0xFF,0xFF,0xFF,0xFF,0xFF,0xFF,0xFF,
    0xFF,0xFF,0xFF,0xFF,0xFF,0xFF,0xFF,0xFF,0xFF,0xFF,0xFF,0xFF,0xFF,0xFF,0xFF,0xFF,
    0xFF,0xFF,0xFF,0xFF,0xFF,0xFF,0xFF,0xFF,0xFF,0xFF,0xFF,0xFF,0xFF,0xFF,0xFF,0xFF,
    0xFF,0xFF,0xFF,0xFF,0xFF,0xFF,0xFF,0xFF,0xFF,0xFF,0xFF,0xFF,0xFF,0xFF,0xFF,0xFF,
    0xFF,0xFF,0xFF,0xFF,0xFF,0xFF,0xFF,0xFF,0xFF,0xFF,0xFF,0xFF,0xFF,0xFF,0xFF,0xFF,
    0xFF,0xFF,0xFF,0xFF,0xFF,0xFF,0xFF,0xFF,0xFF,0xFF,0xFF,0xFF,0xFF,0xFF,0xFF,0xFF,
    0xFF,0xFF,0xFF,0xFF,0xFF,0xFF,0xFF,0xFF,0xFF,0xFF,0xFF,0xFF,0xFF,0xFF,0xFF,0xFF,
    0xFF,0xFF,0xFF,0xFF,0xFF,0xFF,0xFF,0xFF,0xFF,0xFF,0xFF,0xFF,0xFF,0xFF,0xFF,0xFF,
    0xFF,0xFF,0xFF,0xFF,0xFF,0xFF,0xFF,0xFF,0xFF,0xFF,0xFF,0xFE,0x59,0x00,0x00,0x00,
    0x00,0x00,0x00,0x32,0xD8,0xFF,0xFF,0xFF,0xFF,0xFF,0xFF,0xFF,0xFF,0xFF,0xFF,0xFF,
    0xFF,0xFF,0xFF,0xFF,0xFF,0xFF,0xFF,0xFF,0xFF,0xFF,0xFF,0xFF,0xFF,0xFF,0xFF,0xFF,
    0xFF,0xFF,0xFF,0xFF,0xFF,0xFF,0xFF,0xFF,0xFF,0xFF,0xFF,0xFF,0xFF,0xFF,0xFF,0xFF,
    0xFF,0xFF,0xFF,0xFF,0xFF,0xFF,0xFF,0xFF,0xFF,0xFF,0xFF,0xFF,0xFF,0xFF,0xFF,0xFF,
    0xFF,0xFF,0xFF,0xFF,0xFF,0xFF,0xFF,0xFF,0xFF,0xFF,0xFF,0xFF,0xFF,0xFF,0xFF,0xFF,
    0xFF,0xFF,0xFF,0xFF,0xFF,0xFF,0xFF,0xFF,0xFF,0xFF,0xFF,0xFF,0xFF,0xFF,0xFF,0xFF,
    0xFF,0xFF,0xFF,0xFF,0xFF,0xFF,0xFF,0xFF,0xFF,0xFF,0xFF,0xFF,0xFF,0xFF,0xFF,0xFF,
    0xFF,0xFF,0xFF,0xFF,0xFF,0xFF,0xFF,0xFF,0xFF,0xFF,0xFF,0xFF,0xFF,0xFF,0xFF,0xFF,
    0xFF,0xFF,0xFF,0xFF,0xFF,0xFF,0xFF,0xFF,0xFF,0xFF,0xFF,0xFF,0xFF,0xFF,0xFF,0xFF,
    0xFF,0xFF,0xFF,0xFF,0xFF,0xFF,0xFF,0xFF,0xFF,0xFF,0xFF,0xFF,0xFF,0xFF,0xFF,0xFF,
    0xFF,0xFF,0xFF,0xFF,0xFF,0xFF,0xFF,0xFF,0xFF,0xFF,0xFF,0xFF,0xFF,0xFF,0xFF,0xFF,
    0xFF,0xFF,0xFF,0xFF,0xFF,0xFF,0xFF,0xFF,0xFF,0xFF,0xFF,0xFF,0xFF,0xFF,0xFF,0xFF,
    0xFF,0xFF,0xFF,0xFF,0xFF,0xFF,0xFF,0xFF,0xFF,0xFF,0xFF,0xFF,0xFF,0xFF,0xFF,0xFF,
    0xFF,0xFF,0xFF,0xFF,0xFF,0xFF,0xFF,0xFF,0xFF,0xFF,0xFF,0xFF,0xFF,0xFF,0xFF,0xFF,
    0xFF,0xFF,0xFF,0xFF,0xFF,0xFF,0xFF,0xFF,0xFF,0xFF,0xFF,0xD8,0x32,0x00,0x00,0x00,
    0x00,0x00,0x00,0x0A,0xB0,0xFF,0xFF,0xFF,0xFF,0xFF,0xFF,0xFF,0xFF,0xFF,0xFF,0xFF,
    0xFF,0xFF,0xFF,0xFF,0xFF,0xFF,0xFF,0xFF,0xFF,0xFF,0xFF,0xFF,0xFF,0xFF,0xFF,0xFF,
    0xFF,0xFF,0xFF,0xFF,0xFF,0xFF,0xFF,0xFF,0xFF,0xFF,0xFF,0xFF,0xFF,0xFF,0xFF,0xFF,
    0xFF,0xFF,0xFF,0xFF,0xFF,0xFF,0xFF,0xFF,0xFF,0xFF,0xFF,0xFF,0xFF,0xFF,0xFF,0xFF,
    0xFF,0xFF,0xFF,0xFF,0xFF,0xFF,0xFF,0xFF,0xFF,0xFF,0xFF,0xFF,0xFF,0xFF,0xFF,0xFF,
    0xFF,0xFF,0xFF,0xFF,0xFF,0xFF,0xFF,0xFF,0xFF,0xFF,0xFF,0xFF,0xFF,0xFF,0xFF,0xFF,
    0xFF,0xFF,0xFF,0xFF,0xFF,0xFF,0xFF,0xFF,0xFF,0xFF,0xFF,0xFF,0xFF,0xFF,0xFF,0xFF,
    0xFF,0xFF,0xFF,0xFF,0xFF,0xFF,0xFF,0xFF,0xFF,0xFF,0xFF,0xFF,0xFF,0xFF,0xFF,0xFF,
    0xFF,0xFF,0xFF,0xFF,0xFF,0xFF,0xFF,0xFF,0xFF,0xFF,0xFF,0xFF,0xFF,0xFF,0xFF,0xFF,
    0xFF,0xFF,0xFF,0xFF,0xFF,0xFF,0xFF,0xFF,0xFF,0xFF,0xFF,0xFF,0xFF,0xFF,0xFF,0xFF,
    0xFF,0xFF,0xFF,0xFF,0xFF,0xFF,0xFF,0xFF,0xFF,0xFF,0xFF,0xFF,0xFF,0xFF,0xFF,0xFF,
    0xFF,0xFF,0xFF,0xFF,0xFF,0xFF,0xFF,0xFF,0xFF,0xFF,0xFF,0xFF,0xFF,0xFF,0xFF,0xFF,
    0xFF,0xFF,0xFF,0xFF,0xFF,0xFF,0xFF,0xFF,0xFF,0xFF,0xFF,0xFF,0xFF,0xFF,0xFF,0xFF,
    0xFF,0xFF,0xFF,0xFF,0xFF,0xFF,0xFF,0xFF,0xFF,0xFF,0xFF,0xFF,0xFF,0xFF,0xFF,0xFF,
    0xFF,0xFF,0xFF,0xFF,0xFF,0xFF,0xFF,0xFF,0xFF,0xFF,0xFF,0xB0,0x0A,0x00,0x00,0x00,
    0x00,0x00,0x00,0x00,0x86,0xFF,0xFF,0xFF,0xFF,0xFF,0xFF,0xFF,0xFF,0xFF,0xFF,0xFF,
    0xFF,0xFF,0xFF,0xFF,0xFF,0xFF,0xFF,0xFF,0xFF,0xFF,0xFF,0xFF,0xFF,0xFF,0xFF,0xFF,
    0xFF,0xFF,0xFF,0xFF,0xFF,0xFF,0xFF,0xFF,0xFF,0xFF,0xFF,0xFF,0xFF,0xFF,0xFF,0xFF,
    0xFF,0xFF,0xFF,0xFF,0xFF,0xFF,0xFF,0xFF,0xFF,0xFF,0xFF,0xFF,0xFF,0xFF,0xFF,0xFF,
    0xFF,0xFF,0xFF,0xFF,0xFF,0xFF,0xFF,0xFF,0xFF,0xFF,0xFF,0xFF,0xFF,0xFF,0xFF,0xFF,
    0xFF,0xFF,0xFF,0xFF,0xFF,0xFF,0xFF,0xFF,0xFF,0xFF,0xFF,0xFF,0xFF,0xFF,0xFF,0xFF,
    0xFF,0xFF,0xFF,0xFF,0xFF,0xFF,0xFF,0xFF,0xFF,0xFF,0xFF,0xFF,0xFF,0xFF,0xFF,0xFF,
    0xFF,0xFF,0xFF,0xFF,0xFF,0xFF,0xFF,0xFF,0xFF,0xFF,0xFF,0xFF,0xFF,0xFF,0xFF,0xFF,
    0xFF,0xFF,0xFF,0xFF,0xFF,0xFF,0xFF,0xFF,0xFF,0xFF,0xFF,0xFF,0xFF,0xFF,0xFF,0xFF,
    0xFF,0xFF,0xFF,0xFF,0xFF,0xFF,0xFF,0xFF,0xFF,0xFF,0xFF,0xFF,0xFF,0xFF,0xFF,0xFF,
    0xFF,0xFF,0xFF,0xFF,0xFF,0xFF,0xFF,0xFF,0xFF,0xFF,0xFF,0xFF,0xFF,0xFF,0xFF,0xFF,
    0xFF,0xFF,0xFF,0xFF,0xFF,0xFF,0xFF,0xFF,0xFF,0xFF,0xFF,0xFF,0xFF,0xFF,0xFF,0xFF,
    0xFF,0xFF,0xFF,0xFF,0xFF,0xFF,0xFF,0xFF,0xFF,0xFF,0xFF,0xFF,0xFF,0xFF,0xFF,0xFF,
    0xFF,0xFF,0xFF,0xFF,0xFF,0xFF,0xFF,0xFF,0xFF,0xFF,0xFF,0xFF,0xFF,0xFF,0xFF,0xFF,
    0xFF,0xFF,0xFF,0xFF,0xFF,0xFF,0xFF,0xFF,0xFF,0xFF,0xFF,0x86,0x00,0x00,0x00,0x00,
    0x00,0x00,0x00,0x00,0x5B,0xFF,0xFF,0xFF,0xFF,0xFF,0xFF,0xFF,0xFF,0xFF,0xFF,0xFF,
    0xFF,0xFF,0xFF,0xFF,0xFF,0xFF,0xFF,0xFF,0xFF,0xFF,0xFF,0xFF,0xFF,0xFF,0xFF,0xFF,
    0xFF,0xFF,0xFF,0xFF,0xFF,0xFF,0xFF,0xFF,0xFF,0xFF,0xFF,0xFF,0xFF,0xFF,0xFF,0xFF,
    0xFF,0xFF,0xFF,0xFF,0xFF,0xFF,0xFF,0xFF,0xFF,0xFF,0xFF,0xFF,0xFF,0xFF,0xFF,0xFF,
    0xFF,0xFF,0xFF,0xFF,0xFF,0xFF,0xFF,0xFF,0xFF,0xFF,0xFF,0xFF,0xFF,0xFF,0xFF,0xFF,
    0xFF,0xFF,0xFF,0xFF,0xFF,0xFF,0xFF,0xFF,0xFF,0xFF,0xFF,0xFF,0xFF,0xFF,0xFF,0xFF,
    0xFF,0xFF,0xFF,0xFF,0xFF,0xFF,0xFF,0xFF,0xFF,0xFF,0xFF,0xFF,0xFF,0xFF,0xFF,0xFF,
    0xFF,0xFF,0xFF,0xFF,0xFF,0xFF,0xFF,0xFF,0xFF,0xFF,0xFF,0xFF,0xFF,0xFF,0xFF,0xFF,
    0xFF,0xFF,0xFF,0xFF,0xFF,0xFF,0xFF,0xFF,0xFF,0xFF,0xFF,0xFF,0xFF,0xFF,0xFF,0xFF,
    0xFF,0xFF,0xFF,0xFF,0xFF,0xFF,0xFF,0xFF,0xFF,0xFF,0xFF,0xFF,0xFF,0xFF,0xFF,0xFF,
    0xFF,0xFF,0xFF,0xFF,0xFF,0xFF,0xFF,0xFF,0xFF,0xFF,0xFF,0xFF,0xFF,0xFF,0xFF,0xFF,
    0xFF,0xFF,0xFF,0xFF,0xFF,0xFF,0xFF,0xFF,0xFF,0xFF,0xFF,0xFF,0xFF,0xFF,0xFF,0xFF,
    0xFF,0xFF,0xFF,0xFF,0xFF,0xFF,0xFF,0xFF,0xFF,0xFF,0xFF,0xFF,0xFF,0xFF,0xFF,0xFF,
    0xFF,0xFF,0xFF,0xFF,0xFF,0xFF,0xFF,0xFF,0xFF,0xFF,0xFF,0xFF,0xFF,0xFF,0xFF,0xFF,
    0xFF,0xFF,0xFF,0xFF,0xFF,0xFF,0xFF,0xFF,0xFF,0xFF,0xFF,0x5B,0x00,0x00,0x00,0x00,
    0x00,0x00,0x00,0x00,0x2F,0xD3,0xFF,0xFF,0xFF,0xFF,0xFF,0xFF,0xFF,0xFF,0xFF,0xFF,
    0xFF,0xFF,0xFF,0xFF,0xFF,0xFF,0xFF,0xFF,0xFF,0xFF,0xFF,0xFF,0xFF,0xFF,0xFF,0xFF,
    0xFF,0xFF,0xFF,0xFF,0xFF,0xFF,0xFF,0xFF,0xFF,0xFF,0xFF,0xFF,0xFF,0xFF,0xFF,0xFF,
    0xFF,0xFF,0xFF,0xFF,0xFF,0xFF,0xFF,0xFF,0xFF,0xFF,0xFF,0xFF,0xFF,0xFF,0xFF,0xFF,
    0xFF,0xFF,0xFF,0xFF,0xFF,0xFF,0xFF,0xFF,0xFF,0xFF,0xFF,0xFF,0xFF,0xFF,0xFF,0xFF,
    0xFF,0xFF,0xFF,0xFF,0xFF,0xFF,0xFF,0xFF,0xFF,0xFF,0xFF,0xFF,0xFF,0xFF,0xFF,0xFF,
    0xFF,0xFF,0xFF,0xFF,0xFF,0xFF,0xFF,0xFF,0xFF,0xFF,0xFF,0xFF,0xFF,0xFF,0xFF,0xFF,
    0xFF,0xFF,0xFF,0xFF,0xFF,0xFF,0xFF,0xFF,0xFF,0xFF,0xFF,0xFF,0xFF,0xFF,0xFF,0xFF,
    0xFF,0xFF,0xFF,0xFF,0xFF,0xFF,0xFF,0xFF,0xFF,0xFF,0xFF,0xFF,0xFF,0xFF,0xFF,0xFF,
    0xFF,0xFF,0xFF,0xFF,0xFF,0xFF,0xFF,0xFF,0xFF,0xFF,0xFF,0xFF,0xFF,0xFF,0xFF,0xFF,
    0xFF,0xFF,0xFF,0xFF,0xFF,0xFF,0xFF,0xFF,0xFF,0xFF,0xFF,0xFF,0xFF,0xFF,0xFF,0xFF,
    0xFF,0xFF,0xFF,0xFF,0xFF,0xFF,0xFF,0xFF,0xFF,0xFF,0xFF,0xFF,0xFF,0xFF,0xFF,0xFF,
    0xFF,0xFF,0xFF,0xFF,0xFF,0xFF,0xFF,0xFF,0xFF,0xFF,0xFF,0xFF,0xFF,0xFF,0xFF,0xFF,
    0xFF,0xFF,0xFF,0xFF,0xFF,0xFF,0xFF,0xFF,0xFF,0xFF,0xFF,0xFF,0xFF,0xFF,0xFF,0xFF,
    0xFF,0xFF,0xFF,0xFF,0xFF,0xFF,0xFF,0xFF,0xFF,0xFF,0xD3,0x2F,0x00,0x00,0x00,0x00,
    0x00,0x00,0x00,0x00,0x02,0xA6,0xFF,0xFF,0xFF,0xFF,0xFF,0xFF,0xFF,0xFF,0xFF,0xFF,
    0xFF,0xFF,0xFF,0xFF,0xFF,0xFF,0xFF,0xFF,0xFF,0xFF,0xFF,0xFF,0xFF,0xFF,0xFF,0xFF,
    0xFF,0xFF,0xFF,0xFF,0xFF,0xFF,0xFF,0xFF,0xFF,0xFF,0xFF,0xFF,0xFF,0xFF,0xFF,0xFF,
    0xFF,0xFF,0xFF,0xFF,0xFF,0xFF,0xFF,0xFF,0xFF,0xFF,0xFF,0xFF,0xFF,0xFF,0xFF,0xFF,
    0xFF,0xFF,0xFF,0xFF,0xFF,0xFF,0xFF,0xFF,0xFF,0xFF,0xFF,0xFF,0xFF,0xFF,0xFF,0xFF,
    0xFF,0xFF,0xFF,0xFF,0xFF,0xFF,0xFF,0xFF,0xFF,0xFF,0xFF,0xFF,0xFF,0xFF,0xFF,0xFF,
    0xFF,0xFF,0xFF,0xFF,0xFF,0xFF,0xFF,0xFF,0xFF,0xFF,0xFF,0xFF,0xFF,0xFF,0xFF,0xFF,
    0xFF,0xFF,0xFF,0xFF,0xFF,0xFF,0xFF,0xFF,0xFF,0xFF,0xFF,0xFF,0xFF,0xFF,0xFF,0xFF,
    0xFF,0xFF,0xFF,0xFF,0xFF,0xFF,0xFF,0xFF,0xFF,0xFF,0xFF,0xFF,0xFF,0xFF,0xFF,0xFF,
    0xFF,0xFF,0xFF,0xFF,0xFF,0xFF,0xFF,0xFF,0xFF,0xFF,0xFF,0xFF,0xFF,0xFF,0xFF,0xFF,
    0xFF,0xFF,0xFF,0xFF,0xFF,0xFF,0xFF,0xFF,0xFF,0xFF,0xFF,0xFF,0xFF,0xFF,0xFF,0xFF,
    0xFF,0xFF,0xFF,0xFF,0xFF,0xFF,0xFF,0xFF,0xFF,0xFF,0xFF,0xFF,0xFF,0xFF,0xFF,0xFF,
    0xFF,0xFF,0xFF,0xFF,0xFF,0xFF,0xFF,0xFF,0xFF,0xFF,0xFF,0xFF,0xFF,0xFF,0xFF,0xFF,
    0xFF,0xFF,0xFF,0xFF,0xFF,0xFF,0xFF,0xFF,0xFF,0xFF,0xFF,0xFF,0xFF,0xFF,0xFF,0xFF,
    0xFF,0xFF,0xFF,0xFF,0xFF,0xFF,0xFF,0xFF,0xFF,0xFF,0xA6,0x02,0x00,0x00,0x00,0x00,
    0x00,0x00,0x00,0x00,0x00,0x76,0xFF,0xFF,0xFF,0xFF,0xFF,0xFF,0xFF,0xFF,0xFF,0xFF,
    0xFF,0xFF,0xFF,0xFF,0xFF,0xFF,0xFF,0xFF,0xFF,0xFF,0xFF,0xFF,0xFF,0xFF,0xFF,0xFF,
    0xFF,0xFF,0xFF,0xFF,0xFF,0xFF,0xFF,0xFF,0xFF,0xFF,0xFF,0xFF,0xFF,0xFF,0xFF,0xFF,
    0xFF,0xFF,0xFF,0xFF,0xFF,0xFF,0xFF,0xFF,0xFF,0xFF,0xFF,0xFF,0xFF,0xFF,0xFF,0xFF,
    0xFF,0xFF,0xFF,0xFF,0xFF,0xFF,0xFF,0xFF,0xFF,0xFF,0xFF,0xFF,0xFF,0xFF,0xFF,0xFF,
    0xFF,0xFF,0xFF,0xFF,0xFF,0xFF,0xFF,0xFF,0xFF,0xFF,0xFF,0xFF,0xFF,0xFF,0xFF,0xFF,
    0xFF,0xFF,0xFF,0xFF,0xFF,0xFF,0xFF,0xFF,0xFF,0xFF,0xFF,0xFF,0xFF,0xFF,0xFF,0xFF,
    0xFF,0xFF,0xFF,0xFF,0xFF,0xFF,0xFF,0xFF,0xFF,0xFF,0xFF,0xFF,0xFF,0xFF,0xFF,0xFF,
    0xFF,0xFF,0xFF,0xFF,0xFF,0xFF,0xFF,0xFF,0xFF,0xFF,0xFF,0xFF,0xFF,0xFF,0xFF,0xFF,
    0xFF,0xFF,0xFF,0xFF,0xFF,0xFF,0xFF,0xFF,0xFF,0xFF,0xFF,0xFF,0xFF,0xFF,0xFF,0xFF,
    0xFF,0xFF,0xFF,0xFF,0xFF,0xFF,0xFF,0xFF,0xFF,0xFF,0xFF,0xFF,0xFF,0xFF,0xFF,0xFF,
    0xFF,0xFF,0xFF,0xFF,0xFF,0xFF,0xFF,0xFF,0xFF,0xFF,0xFF,0xFF,0xFF,0xFF,0xFF,0xFF,
    0xFF,0xFF,0xFF,0xFF,0xFF,0xFF,0xFF,0xFF,0xFF,0xFF,0xFF,0xFF,0xFF,0xFF,0xFF,0xFF,
    0xFF,0xFF,0xFF,0xFF,0xFF,0xFF,0xFF,0xFF,0xFF,0xFF,0xFF,0xFF,0xFF,0xFF,0xFF,0xFF,
    0xFF,0xFF,0xFF,0xFF,0xFF,0xFF,0xFF,0xFF,0xFF,0xFF,0x76,0x00,0x00,0x00,0x00,0x00,
    0x00,0x00,0x00,0x00,0x00,0x46,0xE9,0xFF,0xFF,0xFF,0xFF,0xFF,0xFF,0xFF,0xFF,0xFF,
    0xFF,0xFF,0xFF,0xFF,0xFF,0xFF,0xFF,0xFF,0xFF,0xFF,0xFF,0xFF,0xFF,0xFF,0xFF,0xFF,
    0xFF,0xFF,0xFF,0xFF,0xFF,0xFF,0xFF,0xFF,0xFF,0xFF,0xFF,0xFF,0xFF,0xFF,0xFF,0xFF,
    0xFF,0xFF,0xFF,0xFF,0xFF,0xFF,0xFF,0xFF,0xFF,0xFF,0xFF,0xFF,0xFF,0xFF,0xFF,0xFF,
    0xFF,0xFF,0xFF,0xFF,0xFF,0xFF,0xFF,0xFF,0xFF,0xFF,0xFF,0xFF,0xFF,0xFF,0xFF,0xFF,
    0xFF,0xFF,0xFF,0xFF,0xFF,0xFF,0xFF,0xFF,0xFF,0xFF,0xFF,0xFF,0xFF,0xFF,0xFF,0xFF,
    0xFF,0xFF,0xFF,0xFF,0xFF,0xFF,0xFF,0xFF,0xFF,0xFF,0xFF,0xFF,0xFF,0xFF,0xFF,0xFF,
    0xFF,0xFF,0xFF,0xFF,0xFF,0xFF,0xFF,0xFF,0xFF,0xFF,0xFF,0xFF,0xFF,0xFF,0xFF,0xFF,
    0xFF,0xFF,0xFF,0xFF,0xFF,0xFF,0xFF,0xFF,0xFF,0xFF,0xFF,0xFF,0xFF,0xFF,0xFF,0xFF,
    0xFF,0xFF,0xFF,0xFF,0xFF,0xFF,0xFF,0xFF,0xFF,0xFF,0xFF,0xFF,0xFF,0xFF,0xFF,0xFF,
    0xFF,0xFF,0xFF,0xFF,0xFF,0xFF,0xFF,0xFF,0xFF,0xFF,0xFF,0xFF,0xFF,0xFF,0xFF,0xFF,
    0xFF,0xFF,0xFF,0xFF,0xFF,0xFF,0xFF,0xFF,0xFF,0xFF,0xFF,0xFF,0xFF,0xFF,0xFF,0xFF,
    0xFF,0xFF,0xFF,0xFF,0xFF,0xFF,0xFF,0xFF,0xFF,0xFF,0xFF,0xFF,0xFF,0xFF,0xFF,0xFF,
    0xFF,0xFF,0xFF,0xFF,0xFF,0xFF,0xFF,0xFF,0xFF,0xFF,0xFF,0xFF,0xFF,0xFF,0xFF,0xFF,
    0xFF,0xFF,0xFF,0xFF,0xFF,0xFF,0xFF,0xFF,0xFF,0xE9,0x46,0x00,0x00,0x00,0x00,0x00,
    0x00,0x00,0x00,0x00,0x00,0x14,0xB7,0xFF,0xFF,0xFF,0xFF,0xFF,0xFF,0xFF,0xFF,0xFF,
    0xFF,0xFF,0xFF,0xFF,0xFF,0xFF,0xFF,0xFF,0xFF,0xFF,0xFF,0xFF,0xFF,0xFF,0xFF,0xFF,
    0xFF,0xFF,0xFF,0xFF,0xFF,0xFF,0xFF,0xFF,0xFF,0xFF,0xFF,0xFF,0xFF,0xFF,0xFF,0xFF,
    0xFF,0xFF,0xFF,0xFF,0xFF,0xFF,0xFF,0xFF,0xFF,0xFF,0xFF,0xFF,0xFF,0xFF,0xFF,0xFF,
    0xFF,0xFF,0xFF,0xFF,0xFF,0xFF,0xFF,0xFF,0xFF,0xFF,0xFF,0xFF,0xFF,0xFF,0xFF,0xFF,
    0xFF,0xFF,0xFF,0xFF,0xFF,0xFF,0xFF,0xFF,0xFF,0xFF,0xFF,0xFF,0xFF,0xFF,0xFF,0xFF,
    0xFF,0xFF,0xFF,0xFF,0xFF,0xFF,0xFF,0xFF,0xFF,0xFF,0xFF,0xFF,0xFF,0xFF,0xFF,0xFF,
    0xFF,0xFF,0xFF,0xFF,0xFF,0xFF,0xFF,0xFF,0xFF,0xFF,0xFF,0xFF,0xFF,0xFF,0xFF,0xFF,
    0xFF,0xFF,0xFF,0xFF,0xFF,0xFF,0xFF,0xFF,0xFF,0xFF,0xFF,0xFF,0xFF,0xFF,0xFF,0xFF,
    0xFF,0xFF,0xFF,0xFF,0xFF,0xFF,0xFF,0xFF,0xFF,0xFF,0xFF,0xFF,0xFF,0xFF,0xFF,0xFF,
    0xFF,0xFF,0xFF,0xFF,0xFF,0xFF,0xFF,0xFF,0xFF,0xFF,0xFF,0xFF,0xFF,0xFF,0xFF,0xFF,
    0xFF,0xFF,0xFF,0xFF,0xFF,0xFF,0xFF,0xFF,0xFF,0xFF,0xFF,0xFF,0xFF,0xFF,0xFF,0xFF,
    0xFF,0xFF,0xFF,0xFF,0xFF,0xFF,0xFF,0xFF,0xFF,0xFF,0xFF,0xFF,0xFF,0xFF,0xFF,0xFF,
    0xFF,0xFF,0xFF,0xFF,0xFF,0xFF,0xFF,0xFF,0xFF,0xFF,0xFF,0xFF,0xFF,0xFF,0xFF,0xFF,
    0xFF,0xFF,0xFF,0xFF,0xFF,0xFF,0xFF,0xFF,0xFF,0xB7,0x14,0x00,0x00,0x00,0x00,0x00,
    0x00,0x00,0x00,0x00,0x00,0x00,0x83,0xFF,0xFF,0xFF,0xFF,0xFF,0xFF,0xFF,0xFF,0xFF,
    0xFF,0xFF,0xFF,0xFF,0xFF,0xFF,0xFF,0xFF,0xFF,0xFF,0xFF,0xFF,0xFF,0xFF,0xFF,0xFF,
    0xFF,0xFF,0xFF,0xFF,0xFF,0xFF,0xFF,0xFF,0xFF,0xFF,0xFF,0xFF,0xFF,0xFF,0xFF,0xFF,
    0xFF,0xFF,0xFF,0xFF,0xFF,0xFF,0xFF,0xFF,0xFF,0xFF,0xFF,0xFF,0xFF,0xFF,0xFF,0xFF,
    0xFF,0xFF,0xFF,0xFF,0xFF,0xFF,0xFF,0xFF,0xFF,0xFF,0xFF,0xFF,0xFF,0xFF,0xFF,0xFF,
    0xFF,0xFF,0xFF,0xFF,0xFF,0xFF,0xFF,0xFF,0xFF,0xFF,0xFF,0xFF,0xFF,0xFF,0xFF,0xFF,
    0xFF,0xFF,0xFF,0xFF,0xFF,0xFF,0xFF,0xFF,0xFF,0xFF,0xFF,0xFF,0xFF,0xFF,0xFF,0xFF,
    0xFF,0xFF,0xFF,0xFF,0xFF,0xFF,0xFF,0xFF,0xFF,0xFF,0xFF,0xFF,0xFF,0xFF,0xFF,0xFF,
    0xFF,0xFF,0xFF,0xFF,0xFF,0xFF,0xFF,0xFF,0xFF,0xFF,0xFF,0xFF,0xFF,0xFF,0xFF,0xFF,
    0xFF,0xFF,0xFF,0xFF,0xFF,0xFF,0xFF,0xFF,0xFF,0xFF,0xFF,0xFF,0xFF,0xFF,0xFF,0xFF,
    0xFF,0xFF,0xFF,0xFF,0xFF,0xFF,0xFF,0xFF,0xFF,0xFF,0xFF,0xFF,0xFF,0xFF,0xFF,0xFF,
    0xFF,0xFF,0xFF,0xFF,0xFF,0xFF,0xFF,0xFF,0xFF,0xFF,0xFF,0xFF,0xFF,0xFF,0xFF,0xFF,
    0xFF,0xFF,0xFF,0xFF,0xFF,0xFF,0xFF,0xFF,0xFF,0xFF,0xFF,0xFF,0xFF,0xFF,0xFF,0xFF,
    0xFF,0xFF,0xFF,0xFF,0xFF,0xFF,0xFF,0xFF,0xFF,0xFF,0xFF,0xFF,0xFF,0xFF,0xFF,0xFF,
    0xFF,0xFF,0xFF,0xFF,0xFF,0xFF,0xFF,0xFF,0xFF,0x83,0x00,0x00,0x00,0x00,0x00,0x00,
    0x00,0x00,0x00,0x00,0x00,0x00,0x4F,0xF0,0xFF,0xFF,0xFF,0xFF,0xFF,0xFF,0xFF,0xFF,
    0xFF,0xFF,0xFF,0xFF,0xFF,0xFF,0xFF,0xFF,0xFF,0xFF,0xFF,0xFF,0xFF,0xFF,0xFF,0xFF,
    0xFF,0xFF,0xFF,0xFF,0xFF,0xFF,0xFF,0xFF,0xFF,0xFF,0xFF,0xFF,0xFF,0xFF,0xFF,0xFF,
    0xFF,0xFF,0xFF,0xFF,0xFF,0xFF,0xFF,0xFF,0xFF,0xFF,0xFF,0xFF,0xFF,0xFF,0xFF,0xFF,
    0xFF,0xFF,0xFF,0xFF,0xFF,0xFF,0xFF,0xFF,0xFF,0xFF,0xFF,0xFF,0xFF,0xFF,0xFF,0xFF,
    0xFF,0xFF,0xFF,0xFF,0xFF,0xFF,0xFF,0xFF,0xFF,0xFF,0xFF,0xFF,0xFF,0xFF,0xFF,0xFF,
    0xFF,0xFF,0xFF,0xFF,0xFF,0xFF,0xFF,0xFF,0xFF,0xFF,0xFF,0xFF,0xFF,0xFF,0xFF,0xFF,
    0xFF,0xFF,0xFF,0xFF,0xFF,0xFF,0xFF,0xFF,0xFF,0xFF,0xFF,0xFF,0xFF,0xFF,0xFF,0xFF,
    0xFF,0xFF,0xFF,0xFF,0xFF,0xFF,0xFF,0xFF,0xFF,0xFF,0xFF,0xFF,0xFF,0xFF,0xFF,0xFF,
    0xFF,0xFF,0xFF,0xFF,0xFF,0xFF,0xFF,0xFF,0xFF,0xFF,0xFF,0xFF,0xFF,0xFF,0xFF,0xFF,
    0xFF,0xFF,0xFF,0xFF,0xFF,0xFF,0xFF,0xFF,0xFF,0xFF,0xFF,0xFF,0xFF,0xFF,0xFF,0xFF,
    0xFF,0xFF,0xFF,0xFF,0xFF,0xFF,0xFF,0xFF,0xFF,0xFF,0xFF,0xFF,0xFF,0xFF,0xFF,0xFF,
    0xFF,0xFF,0xFF,0xFF,0xFF,0xFF,0xFF,0xFF,0xFF,0xFF,0xFF,0xFF,0xFF,0xFF,0xFF,0xFF,
    0xFF,0xFF,0xFF,0xFF,0xFF,0xFF,0xFF,0xFF,0xFF,0xFF,0xFF,0xFF,0xFF,0xFF,0xFF,0xFF,
    0xFF,0xFF,0xFF,0xFF,0xFF,0xFF,0xFF,0xFF,0xF0,0x4F,0x00,0x00,0x00,0x00,0x00,0x00,
    0x00,0x00,0x00,0x00,0x00,0x00,0x19,0xBA,0xFF,0xFF,0xFF,0xFF,0xFF,0xFF,0xFF,0xFF,
    0xFF,0xFF,0xFF,0xFF,0xFF,0xFF,0xFF,0xFF,0xFF,0xFF,0xFF,0xFF,0xFF,0xFF,0xFF,0xFF,
    0xFF,0xFF,0xFF,0xFF,0xFF,0xFF,0xFF,0xFF,0xFF,0xFF,0xFF,0xFF,0xFF,0xFF,0xFF,0xFF,
    0xFF,0xFF,0xFF,0xFF,0xFF,0xFF,0xFF,0xFF,0xFF,0xFF,0xFF,0xFF,0xFF,0xFF,0xFF,0xFF,
    0xFF,0xFF,0xFF,0xFF,0xFF,0xFF,0xFF,0xFF,0xFF,0xFF,0xFF,0xFF,0xFF,0xFF,0xFF,0xFF,
    0xFF,0xFF,0xFF,0xFF,0xFF,0xFF,0xFF,0xFF,0xFF,0xFF,0xFF,0xFF,0xFF,0xFF,0xFF,0xFF,
    0xFF,0xFF,0xFF,0xFF,0xFF,0xFF,0xFF,0xFF,0xFF,0xFF,0xFF,0xFF,0xFF,0xFF,0xFF,0xFF,
    0xFF,0xFF,0xFF,0xFF,0xFF,0xFF,0xFF,0xFF,0xFF,0xFF,0xFF,0xFF,0xFF,0xFF,0xFF,0xFF,
    0xFF,0xFF,0xFF,0xFF,0xFF,0xFF,0xFF,0xFF,0xFF,0xFF,0xFF,0xFF,0xFF,0xFF,0xFF,0xFF,
    0xFF,0xFF,0xFF,0xFF,0xFF,0xFF,0xFF,0xFF,0xFF,0xFF,0xFF,0xFF,0xFF,0xFF,0xFF,0xFF,
    0xFF,0xFF,0xFF,0xFF,0xFF,0xFF,0xFF,0xFF,0xFF,0xFF,0xFF,0xFF,0xFF,0xFF,0xFF,0xFF,
    0xFF,0xFF,0xFF,0xFF,0xFF,0xFF,0xFF,0xFF,0xFF,0xFF,0xFF,0xFF,0xFF,0xFF,0xFF,0xFF,
    0xFF,0xFF,0xFF,0xFF,0xFF,0xFF,0xFF,0xFF,0xFF,0xFF,0xFF,0xFF,0xFF,0xFF,0xFF,0xFF,
    0xFF,0xFF,0xFF,0xFF,0xFF,0xFF,0xFF,0xFF,0xFF,0xFF,0xFF,0xFF,0xFF,0xFF,0xFF,0xFF,
    0xFF,0xFF,0xFF,0xFF,0xFF,0xFF,0xFF,0xFF,0xBA,0x19,0x00,0x00,0x00,0x00,0x00,0x00,
    0x00,0x00,0x00,0x00,0x00,0x00,0x00,0x82,0xFF,0xFF,0xFF,0xFF,0xFF,0xFF,0xFF,0xFF,
    0xFF,0xFF,0xFF,0xFF,0xFF,0xFF,0xFF,0xFF,0xFF,0xFF,0xFF,0xFF,0xFF,0xFF,0xFF,0xFF,
    0xFF,0xFF,0xFF,0xFF,0xFF,0xFF,0xFF,0xFF,0xFF,0xFF,0xFF,0xFF,0xFF,0xFF,0xFF,0xFF,
    0xFF,0xFF,0xFF,0xFF,0xFF,0xFF,0xFF,0xFF,0xFF,0xFF,0xFF,0xFF,0xFF,0xFF,0xFF,0xFF,
    0xFF,0xFF,0xFF,0xFF,0xFF,0xFF,0xFF,0xFF,0xFF,0xFF,0xFF,0xFF,0xFF,0xFF,0xFF,0xFF,
    0xFF,0xFF,0xFF,0xFF,0xFF,0xFF,0xFF,0xFF,0xFF,0xFF,0xFF,0xFF,0xFF,0xFF,0xFF,0xFF,
    0xFF,0xFF,0xFF,0xFF,0xFF,0xFF,0xFF,0xFF,0xFF,0xFF,0xFF,0xFF,0xFF,0xFF,0xFF,0xFF,
    0xFF,0xFF,0xFF,0xFF,0xFF,0xFF,0xFF,0xFF,0xFF,0xFF,0xFF,0xFF,0xFF,0xFF,0xFF,0xFF,
    0xFF,0xFF,0xFF,0xFF,0xFF,0xFF,0xFF,0xFF,0xFF,0xFF,0xFF,0xFF,0xFF,0xFF,0xFF,0xFF,
    0xFF,0xFF,0xFF,0xFF,0xFF,0xFF,0xFF,0xFF,0xFF,0xFF,0xFF,0xFF,0xFF,0xFF,0xFF,0xFF,
    0xFF,0xFF,0xFF,0xFF,0xFF,0xFF,0xFF,0xFF,0xFF,0xFF,0xFF,0xFF,0xFF,0xFF,0xFF,0xFF,
    0xFF,0xFF,0xFF,0xFF,0xFF,0xFF,0xFF,0xFF,0xFF,0xFF,0xFF,0xFF,0xFF,0xFF,0xFF,0xFF,
    0xFF,0xFF,0xFF,0xFF,0xFF,0xFF,0xFF,0xFF,0xFF,0xFF,0xFF,0xFF,0xFF,0xFF,0xFF,0xFF,
    0xFF,0xFF,0xFF,0xFF,0xFF,0xFF,0xFF,0xFF,0xFF,0xFF,0xFF,0xFF,0xFF,0xFF,0xFF,0xFF,
    0xFF,0xFF,0xFF,0xFF,0xFF,0xFF,0xFF,0xFF,0x82,0x00,0x00,0x00,0x00,0x00,0x00,0x00,
    0x00,0x00,0x00,0x00,0x00,0x00,0x00,0x49,0xE9,0xFF,0xFF,0xFF,0xFF,0xFF,0xFF,0xFF,
    0xFF,0xFF,0xFF,0xFF,0xFF,0xFF,0xFF,0xFF,0xFF,0xFF,0xFF,0xFF,0xFF,0xFF,0xFF,0xFF,
    0xFF,0xFF,0xFF,0xFF,0xFF,0xFF,0xFF,0xFF,0xFF,0xFF,0xFF,0xFF,0xFF,0xFF,0xFF,0xFF,
    0xFF,0xFF,0xFF,0xFF,0xFF,0xFF,0xFF,0xFF,0xFF,0xFF,0xFF,0xFF,0xFF,0xFF,0xFF,0xFF,
    0xFF,0xFF,0xFF,0xFF,0xFF,0xFF,0xFF,0xFF,0xFF,0xFF,0xFF,0xFF,0xFF,0xFF,0xFF,0xFF,
    0xFF,0xFF,0xFF,0xFF,0xFF,0xFF,0xFF,0xFF,0xFF,0xFF,0xFF,0xFF,0xFF,0xFF,0xFF,0xFF,
    0xFF,0xFF,0xFF,0xFF,0xFF,0xFF,0xFF,0xFF,0xFF,0xFF,0xFF,0xFF,0xFF,0xFF,0xFF,0xFF,
    0xFF,0xFF,0xFF,0xFF,0xFF,0xFF,0xFF,0xFF,0xFF,0xFF,0xFF,0xFF,0xFF,0xFF,0xFF,0xFF,
    0xFF,0xFF,0xFF,0xFF,0xFF,0xFF,0xFF,0xFF,0xFF,0xFF,0xFF,0xFF,0xFF,0xFF,0xFF,0xFF,
    0xFF,0xFF,0xFF,0xFF,0xFF,0xFF,0xFF,0xFF,0xFF,0xFF,0xFF,0xFF,0xFF,0xFF,0xFF,0xFF,
    0xFF,0xFF,0xFF,0xFF,0xFF,0xFF,0xFF,0xFF,0xFF,0xFF,0xFF,0xFF,0xFF,0xFF,0xFF,0xFF,
    0xFF,0xFF,0xFF,0xFF,0xFF,0xFF,0xFF,0xFF,0xFF,0xFF,0xFF,0xFF,0xFF,0xFF,0xFF,0xFF,
    0xFF,0xFF,0xFF,0xFF,0xFF,0xFF,0xFF,0xFF,0xFF,0xFF,0xFF,0xFF,0xFF,0xFF,0xFF,0xFF,
    0xFF,0xFF,0xFF,0xFF,0xFF,0xFF,0xFF,0xFF,0xFF,0xFF,0xFF,0xFF,0xFF,0xFF,0xFF,0xFF,
    0xFF,0xFF,0xFF,0xFF,0xFF,0xFF,0xFF,0xE9,0x49,0x00,0x00,0x00,0x00,0x00,0x00,0x00,
    0x00,0x00,0x00,0x00,0x00,0x00,0x00,0x0F,0xAE,0xFF,0xFF,0xFF,0xFF,0xFF,0xFF,0xFF,
    0xFF,0xFF,0xFF,0xFF,0xFF,0xFF,0xFF,0xFF,0xFF,0xFF,0xFF,0xFF,0xFF,0xFF,0xFF,0xFF,
    0xFF,0xFF,0xFF,0xFF,0xFF,0xFF,0xFF,0xFF,0xFF,0xFF,0xFF,0xFF,0xFF,0xFF,0xFF,0xFF,
    0xFF,0xFF,0xFF,0xFF,0xFF,0xFF,0xFF,0xFF,0xFF,0xFF,0xFF,0xFF,0xFF,0xFF,0xFF,0xFF,
    0xFF,0xFF,0xFF,0xFF,0xFF,0xFF,0xFF,0xFF,0xFF,0xFF,0xFF,0xFF,0xFF,0xFF,0xFF,0xFF,
    0xFF,0xFF,0xFF,0xFF,0xFF,0xFF,0xFF,0xFF,0xFF,0xFF,0xFF,0xFF,0xFF,0xFF,0xFF,0xFF,
    0xFF,0xFF,0xFF,0xFF,0xFF,0xFF,0xFF,0xFF,0xFF,0xFF,0xFF,0xFF,0xFF,0xFF,0xFF,0xFF,
    0xFF,0xFF,0xFF,0xFF,0xFF,0xFF,0xFF,0xFF,0xFF,0xFF,0xFF,0xFF,0xFF,0xFF,0xFF,0xFF,
    0xFF,0xFF,0xFF,0xFF,0xFF,0xFF,0xFF,0xFF,0xFF,0xFF,0xFF,0xFF,0xFF,0xFF,0xFF,0xFF,
    0xFF,0xFF,0xFF,0xFF,0xFF,0xFF,0xFF,0xFF,0xFF,0xFF,0xFF,0xFF,0xFF,0xFF,0xFF,0xFF,
    0xFF,0xFF,0xFF,0xFF,0xFF,0xFF,0xFF,0xFF,0xFF,0xFF,0xFF,0xFF,0xFF,0xFF,0xFF,0xFF,
    0xFF,0xFF,0xFF,0xFF,0xFF,0xFF,0xFF,0xFF,0xFF,0xFF,0xFF,0xFF,0xFF,0xFF,0xFF,0xFF,
    0xFF,0xFF,0xFF,0xFF,0xFF,0xFF,0xFF,0xFF,0xFF,0xFF,0xFF,0xFF,0xFF,0xFF,0xFF,0xFF,
    0xFF,0xFF,0xFF,0xFF,0xFF,0xFF,0xFF,0xFF,0xFF,0xFF,0xFF,0xFF,0xFF,0xFF,0xFF,0xFF,
    0xFF,0xFF,0xFF,0xFF,0xFF,0xFF,0xFF,0xAE,0x0F,0x00,0x00,0x00,0x00,0x00,0x00,0x00,
    0x00,0x00,0x00,0x00,0x00,0x00,0x00,0x00,0x72,0xFF,0xFF,0xFF,0xFF,0xFF,0xFF,0xFF,
    0xFF,0xFF,0xFF,0xFF,0xFF,0xFF,0xFF,0xFF,0xFF,0xFF,0xFF,0xFF,0xFF,0xFF,0xFF,0xFF,
    0xFF,0xFF,0xFF,0xFF,0xFF,0xFF,0xFF,0xFF,0xFF,0xFF,0xFF,0xFF,0xFF,0xFF,0xFF,0xFF,
    0xFF,0xFF,0xFF,0xFF,0xFF,0xFF,0xFF,0xFF,0xFF,0xFF,0xFF,0xFF,0xFF,0xFF,0xFF,0xFF,
    0xFF,0xFF,0xFF,0xFF,0xFF,0xFF,0xFF,0xFF,0xFF,0xFF,0xFF,0xFF,0xFF,0xFF,0xFF,0xFF,
    0xFF,0xFF,0xFF,0xFF,0xFF,0xFF,0xFF,0xFF,0xFF,0xFF,0xFF,0xFF,0xFF,0xFF,0xFF,0xFF,
    0xFF,0xFF,0xFF,0xFF,0xFF,0xFF,0xFF,0xFF,0xFF,0xFF,0xFF,0xFF,0xFF,0xFF,0xFF,0xFF,
    0xFF,0xFF,0xFF,0xFF,0xFF,0xFF,0xFF,0xFF,0xFF,0xFF,0xFF,0xFF,0xFF,0xFF,0xFF,0xFF,
    0xFF,0xFF,0xFF,0xFF,0xFF,0xFF,0xFF,0xFF,0xFF,0xFF,0xFF,0xFF,0xFF,0xFF,0xFF,0xFF,
    0xFF,0xFF,0xFF,0xFF,0xFF,0xFF,0xFF,0xFF,0xFF,0xFF,0xFF,0xFF,0xFF,0xFF,0xFF,0xFF,
    0xFF,0xFF,0xFF,0xFF,0xFF,0xFF,0xFF,0xFF,0xFF,0xFF,0xFF,0xFF,0xFF,0xFF,0xFF,0xFF,
    0xFF,0xFF,0xFF,0xFF,0xFF,0xFF,0xFF,0xFF,0xFF,0xFF,0xFF,0xFF,0xFF,0xFF,0xFF,0xFF,
    0xFF,0xFF,0xFF,0xFF,0xFF,0xFF,0xFF,0xFF,0xFF,0xFF,0xFF,0xFF,0xFF,0xFF,0xFF,0xFF,
    0xFF,0xFF,0xFF,0xFF,0xFF,0xFF,0xFF,0xFF,0xFF,0xFF,0xFF,0xFF,0xFF,0xFF,0xFF,0xFF,
    0xFF,0xFF,0xFF,0xFF,0xFF,0xFF,0xFF,0x72,0x00,0x00,0x00,0x00,0x00,0x00,0x00,0x00,
    0x00,0x00,0x00,0x00,0x00,0x00,0x00,0x00,0x35,0xD3,0xFF,0xFF,0xFF,0xFF,0xFF,0xFF,
    0xFF,0xFF,0xFF,0xFF,0xFF,0xFF,0xFF,0xFF,0xFF,0xFF,0xFF,0xFF,0xFF,0xFF,0xFF,0xFF,
    0xFF,0xFF,0xFF,0xFF,0xFF,0xFF,0xFF,0xFF,0xFF,0xFF,0xFF,0xFF,0xFF,0xFF,0xFF,0xFF,
    0xFF,0xFF,0xFF,0xFF,0xFF,0xFF,0xFF,0xFF,0xFF,0xFF,0xFF,0xFF,0xFF,0xFF,0xFF,0xFF,
    0xFF,0xFF,0xFF,0xFF,0xFF,0xFF,0xFF,0xFF,0xFF,0xFF,0xFF,0xFF,0xFF,0xFF,0xFF,0xFF,
    0xFF,0xFF,0xFF,0xFF,0xFF,0xFF,0xFF,0xFF,0xFF,0xFF,0xFF,0xFF,0xFF,0xFF,0xFF,0xFF,
    0xFF,0xFF,0xFF,0xFF,0xFF,0xFF,0xFF,0xFF,0xFF,0xFF,0xFF,0xFF,0xFF,0xFF,0xFF,0xFF,
    0xFF,0xFF,0xFF,0xFF,0xFF,0xFF,0xFF,0xFF,0xFF,0xFF,0xFF,0xFF,0xFF,0xFF,0xFF,0xFF,
    0xFF,0xFF,0xFF,0xFF,0xFF,0xFF,0xFF,0xFF,0xFF,0xFF,0xFF,0xFF,0xFF,0xFF,0xFF,0xFF,
    0xFF,0xFF,0xFF,0xFF,0xFF,0xFF,0xFF,0xFF,0xFF,0xFF,0xFF,0xFF,0xFF,0xFF,0xFF,0xFF,
    0xFF,0xFF,0xFF,0xFF,0xFF,0xFF,0xFF,0xFF,0xFF,0xFF,0xFF,0xFF,0xFF,0xFF,0xFF,0xFF,
    0xFF,0xFF,0xFF,0xFF,0xFF,0xFF,0xFF,0xFF,0xFF,0xFF,0xFF,0xFF,0xFF,0xFF,0xFF,0xFF,
    0xFF,0xFF,0xFF,0xFF,0xFF,0xFF,0xFF,0xFF,0xFF,0xFF,0xFF,0xFF,0xFF,0xFF,0xFF,0xFF,
    0xFF,0xFF,0xFF,0xFF,0xFF,0xFF,0xFF,0xFF,0xFF,0xFF,0xFF,0xFF,0xFF,0xFF,0xFF,0xFF,
    0xFF,0xFF,0xFF,0xFF,0xFF,0xFF,0xD3,0x35,0x00,0x00,0x00,0x00,0x00,0x00,0x00,0x00,
    0x00,0x00,0x00,0x00,0x00,0x00,0x00,0x00,0x00,0x94,0xFF,0xFF,0xFF,0xFF,0xFF,0xFF,
    0xFF,0xFF,0xFF,0xFF,0xFF,0xFF,0xFF,0xFF,0xFF,0xFF,0xFF,0xFF,0xFF,0xFF,0xFF,0xFF,
    0xFF,0xFF,0xFF,0xFF,0xFF,0xFF,0xFF,0xFF,0xFF,0xFF,0xFF,0xFF,0xFF,0xFF,0xFF,0xFF,
    0xFF,0xFF,0xFF,0xFF,0xFF,0xFF,0xFF,0xFF,0xFF,0xFF,0xFF,0xFF,0xFF,0xFF,0xFF,0xFF,
    0xFF,0xFF,0xFF,0xFF,0xFF,0xFF,0xFF,0xFF,0xFF,0xFF,0xFF,0xFF,0xFF,0xFF,0xFF,0xFF,
    0xFF,0xFF,0xFF,0xFF,0xFF,0xFF,0xFF,0xFF,0xFF,0xFF,0xFF,0xFF,0xFF,0xFF,0xFF,0xFF,
    0xFF,0xFF,0xFF,0xFF,0xFF,0xFF,0xFF,0xFF,0xFF,0xFF,0xFF,0xFF,0xFF,0xFF,0xFF,0xFF,
    0xFF,0xFF,0xFF,0xFF,0xFF,0xFF,0xFF,0xFF,0xFF,0xFF,0xFF,0xFF,0xFF,0xFF,0xFF,0xFF,
    0xFF,0xFF,0xFF,0xFF,0xFF,0xFF,0xFF,0xFF,0xFF,0xFF,0xFF,0xFF,0xFF,0xFF,0xFF,0xFF,
    0xFF,0xFF,0xFF,0xFF,0xFF,0xFF,0xFF,0xFF,0xFF,0xFF,0xFF,0xFF,0xFF,0xFF,0xFF,0xFF,
    0xFF,0xFF,0xFF,0xFF,0xFF,0xFF,0xFF,0xFF,0xFF,0xFF,0xFF,0xFF,0xFF,0xFF,0xFF,0xFF,
    0xFF,0xFF,0xFF,0xFF,0xFF,0xFF,0xFF,0xFF,0xFF,0xFF,0xFF,0xFF,0xFF,0xFF,0xFF,0xFF,
    0xFF,0xFF,0xFF,0xFF,0xFF,0xFF,0xFF,0xFF,0xFF,0xFF,0xFF,0xFF,0xFF,0xFF,0xFF,0xFF,
    0xFF,0xFF,0xFF,0xFF,0xFF,0xFF,0xFF,0xFF,0xFF,0xFF,0xFF,0xFF,0xFF,0xFF,0xFF,0xFF,
    0xFF,0xFF,0xFF,0xFF,0xFF,0xFF,0x94,0x00,0x00,0x00,0x00,0x00,0x00,0x00,0x00,0x00,
    0x00,0x00,0x00,0x00,0x00,0x00,0x00,0x00,0x00,0x54,0xF1,0xFF,0xFF,0xFF,0xFF,0xFF,
    0xFF,0xFF,0xFF,0xFF,0xFF,0xFF,0xFF,0xFF,0xFF,0xFF,0xFF,0xFF,0xFF,0xFF,0xFF,0xFF,
    0xFF,0xFF,0xFF,0xFF,0xFF,0xFF,0xFF,0xFF,0xFF,0xFF,0xFF,0xFF,0xFF,0xFF,0xFF,0xFF,
    0xFF,0xFF,0xFF,0xFF,0xFF,0xFF,0xFF,0xFF,0xFF,0xFF,0xFF,0xFF,0xFF,0xFF,0xFF,0xFF,
    0xFF,0xFF,0xFF,0xFF,0xFF,0xFF,0xFF,0xFF,0xFF,0xFF,0xFF,0xFF,0xFF,0xFF,0xFF,0xFF,
    0xFF,0xFF,0xFF,0xFF,0xFF,0xFF,0xFF,0xFF,0xFF,0xFF,0xFF,0xFF,0xFF,0xFF,0xFF,0xFF,
    0xFF,0xFF,0xFF,0xFF,0xFF,0xFF,0xFF,0xFF,0xFF,0xFF,0xFF,0xFF,0xFF,0xFF,0xFF,0xFF,
    0xFF,0xFF,0xFF,0xFF,0xFF,0xFF,0xFF,0xFF,0xFF,0xFF,0xFF,0xFF,0xFF,0xFF,0xFF,0xFF,
    0xFF,0xFF,0xFF,0xFF,0xFF,0xFF,0xFF,0xFF,0xFF,0xFF,0xFF,0xFF,0xFF,0xFF,0xFF,0xFF,
    0xFF,0xFF,0xFF,0xFF,0xFF,0xFF,0xFF,0xFF,0xFF,0xFF,0xFF,0xFF,0xFF,0xFF,0xFF,0xFF,
    0xFF,0xFF,0xFF,0xFF,0xFF,0xFF,0xFF,0xFF,0xFF,0xFF,0xFF,0xFF,0xFF,0xFF,0xFF,0xFF,
    0xFF,0xFF,0xFF,0xFF,0xFF,0xFF,0xFF,0xFF,0xFF,0xFF,0xFF,0xFF,0xFF,0xFF,0xFF,0xFF,
    0xFF,0xFF,0xFF,0xFF,0xFF,0xFF,0xFF,0xFF,0xFF,0xFF,0xFF,0xFF,0xFF,0xFF,0xFF,0xFF,
    0xFF,0xFF,0xFF,0xFF,0xFF,0xFF,0xFF,0xFF,0xFF,0xFF,0xFF,0xFF,0xFF,0xFF,0xFF,0xFF,
    0xFF,0xFF,0xFF,0xFF,0xFF,0xF1,0x54,0x00,0x00,0x00,0x00,0x00,0x00,0x00,0x00,0x00,
    0x00,0x00,0x00,0x00,0x00,0x00,0x00,0x00,0x00,0x13,0xB0,0xFF,0xFF,0xFF,0xFF,0xFF,
    0xFF,0xFF,0xFF,0xFF,0xFF,0xFF,0xFF,0xFF,0xFF,0xFF,0xFF,0xFF,0xFF,0xFF,0xFF,0xFF,
    0xFF,0xFF,0xFF,0xFF,0xFF,0xFF,0xFF,0xFF,0xFF,0xFF,0xFF,0xFF,0xFF,0xFF,0xFF,0xFF,
    0xFF,0xFF,0xFF,0xFF,0xFF,0xFF,0xFF,0xFF,0xFF,0xFF,0xFF,0xFF,0xFF,0xFF,0xFF,0xFF,
    0xFF,0xFF,0xFF,0xFF,0xFF,0xFF,0xFF,0xFF,0xFF,0xFF,0xFF,0xFF,0xFF,0xFF,0xFF,0xFF,
    0xFF,0xFF,0xFF,0xFF,0xFF,0xFF,0xFF,0xFF,0xFF,0xFF,0xFF,0xFF,0xFF,0xFF,0xFF,0xFF,
    0xFF,0xFF,0xFF,0xFF,0xFF,0xFF,0xFF,0xFF,0xFF,0xFF,0xFF,0xFF,0xFF,0xFF,0xFF,0xFF,
    0xFF,0xFF,0xFF,0xFF,0xFF,0xFF,0xFF,0xFF,0xFF,0xFF,0xFF,0xFF,0xFF,0xFF,0xFF,0xFF,
    0xFF,0xFF,0xFF,0xFF,0xFF,0xFF,0xFF,0xFF,0xFF,0xFF,0xFF,0xFF,0xFF,0xFF,0xFF,0xFF,
    0xFF,0xFF,0xFF,0xFF,0xFF,0xFF,0xFF,0xFF,0xFF,0xFF,0xFF,0xFF,0xFF,0xFF,0xFF,0xFF,
    0xFF,0xFF,0xFF,0xFF,0xFF,0xFF,0xFF,0xFF,0xFF,0xFF,0xFF,0xFF,0xFF,0xFF,0xFF,0xFF,
    0xFF,0xFF,0xFF,0xFF,0xFF,0xFF,0xFF,0xFF,0xFF,0xFF,0xFF,0xFF,0xFF,0xFF,0xFF,0xFF,
    0xFF,0xFF,0xFF,0xFF,0xFF,0xFF,0xFF,0xFF,0xFF,0xFF,0xFF,0xFF,0xFF,0xFF,0xFF,0xFF,
    0xFF,0xFF,0xFF,0xFF,0xFF,0xFF,0xFF,0xFF,0xFF,0xFF,0xFF,0xFF,0xFF,0xFF,0xFF,0xFF,
    0xFF,0xFF,0xFF,0xFF,0xFF,0xB0,0x13,0x00,0x00,0x00,0x00,0x00,0x00,0x00,0x00,0x00,
    0x00,0x00,0x00,0x00,0x00,0x00,0x00,0x00,0x00,0x00,0x6D,0xFF,0xFF,0xFF,0xFF,0xFF,
    0xFF,0xFF,0xFF,0xFF,0xFF,0xFF,0xFF,0xFF,0xFF,0xFF,0xFF,0xFF,0xFF,0xFF,0xFF,0xFF,
    0xFF,0xFF,0xFF,0xFF,0xFF,0xFF,0xFF,0xFF,0xFF,0xFF,0xFF,0xFF,0xFF,0xFF,0xFF,0xFF,
    0xFF,0xFF,0xFF,0xFF,0xFF,0xFF,0xFF,0xFF,0xFF,0xFF,0xFF,0xFF,0xFF,0xFF,0xFF,0xFF,
    0xFF,0xFF,0xFF,0xFF,0xFF,0xFF,0xFF,0xFF,0xFF,0xFF,0xFF,0xFF,0xFF,0xFF,0xFF,0xFF,
    0xFF,0xFF,0xFF,0xFF,0xFF,0xFF,0xFF,0xFF,0xFF,0xFF,0xFF,0xFF,0xFF,0xFF,0xFF,0xFF,
    0xFF,0xFF,0xFF,0xFF,0xFF,0xFF,0xFF,0xFF,0xFF,0xFF,0xFF,0xFF,0xFF,0xFF,0xFF,0xFF,
    0xFF,0xFF,0xFF,0xFF,0xFF,0xFF,0xFF,0xFF,0xFF,0xFF,0xFF,0xFF,0xFF,0xFF,0xFF,0xFF,
    0xFF,0xFF,0xFF,0xFF,0xFF,0xFF,0xFF,0xFF,0xFF,0xFF,0xFF,0xFF,0xFF,0xFF,0xFF,0xFF,
    0xFF,0xFF,0xFF,0xFF,0xFF,0xFF,0xFF,0xFF,0xFF,0xFF,0xFF,0xFF,0xFF,0xFF,0xFF,0xFF,
    0xFF,0xFF,0xFF,0xFF,0xFF,0xFF,0xFF,0xFF,0xFF,0xFF,0xFF,0xFF,0xFF,0xFF,0xFF,0xFF,
    0xFF,0xFF,0xFF,0xFF,0xFF,0xFF,0xFF,0xFF,0xFF,0xFF,0xFF,0xFF,0xFF,0xFF,0xFF,0xFF,
    0xFF,0xFF,0xFF,0xFF,0xFF,0xFF,0xFF,0xFF,0xFF,0xFF,0xFF,0xFF,0xFF,0xFF,0xFF,0xFF,
    0xFF,0xFF,0xFF,0xFF,0xFF,0xFF,0xFF,0xFF,0xFF,0xFF,0xFF,0xFF,0xFF,0xFF,0xFF,0xFF,
    0xFF,0xFF,0xFF,0xFF,0xFF,0x6D,0x00,0x00,0x00,0x00,0x00,0x00,0x00,0x00,0x00,0x00,
    0x00,0x00,0x00,0x00,0x00,0x00,0x00,0x00,0x00,0x00,0x28,0xC4,0xFF,0xFF,0xFF,0xFF,
    0xFF,0xFF,0xFF,0xFF,0xFF,0xFF,0xFF,0xFF,0xFF,0xFF,0xFF,0xFF,0xFF,0xFF,0xFF,0xFF,
    0xFF,0xFF,0xFF,0xFF,0xFF,0xFF,0xFF,0xFF,0xFF,0xFF,0xFF,0xFF,0xFF,0xFF,0xFF,0xFF,
    0xFF,0xFF,0xFF,0xFF,0xFF,0xFF,0xFF,0xFF,0xFF,0xFF,0xFF,0xFF,0xFF,0xFF,0xFF,0xFF,
    0xFF,0xFF,0xFF,0xFF,0xFF,0xFF,0xFF,0xFF,0xFF,0xFF,0xFF,0xFF,0xFF,0xFF,0xFF,0xFF,
    0xFF,0xFF,0xFF,0xFF,0xFF,0xFF,0xFF,0xFF,0xFF,0xFF,0xFF,0xFF,0xFF,0xFF,0xFF,0xFF,
    0xFF,0xFF,0xFF,0xFF,0xFF,0xFF,0xFF,0xFF,0xFF,0xFF,0xFF,0xFF,0xFF,0xFF,0xFF,0xFF,
    0xFF,0xFF,0xFF,0xFF,0xFF,0xFF,0xFF,0xFF,0xFF,0xFF,0xFF,0xFF,0xFF,0xFF,0xFF,0xFF,
    0xFF,0xFF,0xFF,0xFF,0xFF,0xFF,0xFF,0xFF,0xFF,0xFF,0xFF,0xFF,0xFF,0xFF,0xFF,0xFF,
    0xFF,0xFF,0xFF,0xFF,0xFF,0xFF,0xFF,0xFF,0xFF,0xFF,0xFF,0xFF,0xFF,0xFF,0xFF,0xFF,
    0xFF,0xFF,0xFF,0xFF,0xFF,0xFF,0xFF,0xFF,0xFF,0xFF,0xFF,0xFF,0xFF,0xFF,0xFF,0xFF,
    0xFF,0xFF,0xFF,0xFF,0xFF,0xFF,0xFF,0xFF,0xFF,0xFF,0xFF,0xFF,0xFF,0xFF,0xFF,0xFF,
    0xFF,0xFF,0xFF,0xFF,0xFF,0xFF,0xFF,0xFF,0xFF,0xFF,0xFF,0xFF,0xFF,0xFF,0xFF,0xFF,
    0xFF,0xFF,0xFF,0xFF,0xFF,0xFF,0xFF,0xFF,0xFF,0xFF,0xFF,0xFF,0xFF,0xFF,0xFF,0xFF,
    0xFF,0xFF,0xFF,0xFF,0xC4,0x28,0x00,0x00,0x00,0x00,0x00,0x00,0x00,0x00,0x00,0x00,
    0x00,0x00,0x00,0x00,0x00,0x00,0x00,0x00,0x00,0x00,0x00,0x7E,0xFF,0xFF,0xFF,0xFF,
    0xFF,0xFF,0xFF,0xFF,0xFF,0xFF,0xFF,0xFF,0xFF,0xFF,0xFF,0xFF,0xFF,0xFF,0xFF,0xFF,
    0xFF,0xFF,0xFF,0xFF,0xFF,0xFF,0xFF,0xFF,0xFF,0xFF,0xFF,0xFF,0xFF,0xFF,0xFF,0xFF,
    0xFF,0xFF,0xFF,0xFF,0xFF,0xFF,0xFF,0xFF,0xFF,0xFF,0xFF,0xFF,0xFF,0xFF,0xFF,0xFF,
    0xFF,0xFF,0xFF,0xFF,0xFF,0xFF,0xFF,0xFF,0xFF,0xFF,0xFF,0xFF,0xFF,0xFF,0xFF,0xFF,
    0xFF,0xFF,0xFF,0xFF,0xFF,0xFF,0xFF,0xFF,0xFF,0xFF,0xFF,0xFF,0xFF,0xFF,0xFF,0xFF,
    0xFF,0xFF,0xFF,0xFF,0xFF,0xFF,0xFF,0xFF,0xFF,0xFF,0xFF,0xFF,0xFF,0xFF,0xFF,0xFF,
    0xFF,0xFF,0xFF,0xFF,0xFF,0xFF,0xFF,0xFF,0xFF,0xFF,0xFF,0xFF,0xFF,0xFF,0xFF,0xFF,
    0xFF,0xFF,0xFF,0xFF,0xFF,0xFF,0xFF,0xFF,0xFF,0xFF,0xFF,0xFF,0xFF,0xFF,0xFF,0xFF,
    0xFF,0xFF,0xFF,0xFF,0xFF,0xFF,0xFF,0xFF,0xFF,0xFF,0xFF,0xFF,0xFF,0xFF,0xFF,0xFF,
    0xFF,0xFF,0xFF,0xFF,0xFF,0xFF,0xFF,0xFF,0xFF,0xFF,0xFF,0xFF,0xFF,0xFF,0xFF,0xFF,
    0xFF,0xFF,0xFF,0xFF,0xFF,0xFF,0xFF,0xFF,0xFF,0xFF,0xFF,0xFF,0xFF,0xFF,0xFF,0xFF,
    0xFF,0xFF,0xFF,0xFF,0xFF,0xFF,0xFF,0xFF,0xFF,0xFF,0xFF,0xFF,0xFF,0xFF,0xFF,0xFF,
    0xFF,0xFF,0xFF,0xFF,0xFF,0xFF,0xFF,0xFF,0xFF,0xFF,0xFF,0xFF,0xFF,0xFF,0xFF,0xFF,
    0xFF,0xFF,0xFF,0xFF,0x7E,0x00,0x00,0x00,0x00,0x00,0x00,0x00,0x00,0x00,0x00,0x00,
    0x00,0x00,0x00,0x00,0x00,0x00,0x00,0x00,0x00,0x00,0x00,0x36,0xD0,0xFF,0xFF,0xFF,
    0xFF,0xFF,0xFF,0xFF,0xFF,0xFF,0xFF,0xFF,0xFF,0xFF,0xFF,0xFF,0xFF,0xFF,0xFF,0xFF,
    0xFF,0xFF,0xFF,0xFF,0xFF,0xFF,0xFF,0xFF,0xFF,0xFF,0xFF,0xFF,0xFF,0xFF,0xFF,0xFF,
    0xFF,0xFF,0xFF,0xFF,0xFF,0xFF,0xFF,0xFF,0xFF,0xFF,0xFF,0xFF,0xFF,0xFF,0xFF,0xFF,
    0xFF,0xFF,0xFF,0xFF,0xFF,0xFF,0xFF,0xFF,0xFF,0xFF,0xFF,0xFF,0xFF,0xFF,0xFF,0xFF,
    0xFF,0xFF,0xFF,0xFF,0xFF,0xFF,0xFF,0xFF,0xFF,0xFF,0xFF,0xFF,0xFF,0xFF,0xFF,0xFF,
    0xFF,0xFF,0xFF,0xFF,0xFF,0xFF,0xFF,0xFF,0xFF,0xFF,0xFF,0xFF,0xFF,0xFF,0xFF,0xFF,
    0xFF,0xFF,0xFF,0xFF,0xFF,0xFF,0xFF,0xFF,0xFF,0xFF,0xFF,0xFF,0xFF,0xFF,0xFF,0xFF,
    0xFF,0xFF,0xFF,0xFF,0xFF,0xFF,0xFF,0xFF,0xFF,0xFF,0xFF,0xFF,0xFF,0xFF,0xFF,0xFF,
    0xFF,0xFF,0xFF,0xFF,0xFF,0xFF,0xFF,0xFF,0xFF,0xFF,0xFF,0xFF,0xFF,0xFF,0xFF,0xFF,
    0xFF,0xFF,0xFF,0xFF,0xFF,0xFF,0xFF,0xFF,0xFF,0xFF,0xFF,0xFF,0xFF,0xFF,0xFF,0xFF,
    0xFF,0xFF,0xFF,0xFF,0xFF,0xFF,0xFF,0xFF,0xFF,0xFF,0xFF,0xFF,0xFF,0xFF,0xFF,0xFF,
    0xFF,0xFF,0xFF,0xFF,0xFF,0xFF,0xFF,0xFF,0xFF,0xFF,0xFF,0xFF,0xFF,0xFF,0xFF,0xFF,
    0xFF,0xFF,0xFF,0xFF,0xFF,0xFF,0xFF,0xFF,0xFF,0xFF,0xFF,0xFF,0xFF,0xFF,0xFF,0xFF,
    0xFF,0xFF,0xFF,0xD0,0x36,0x00,0x00,0x00,0x00,0x00,0x00,0x00,0x00,0x00,0x00,0x00,
    0x00,0x00,0x00,0x00,0x00,0x00,0x00,0x00,0x00,0x00,0x00,0x00,0x88,0xFF,0xFF,0xFF,
    0xFF,0xFF,0xFF,0xFF,0xFF,0xFF,0xFF,0xFF,0xFF,0xFF,0xFF,0xFF,0xFF,0xFF,0xFF,0xFF,
    0xFF,0xFF,0xFF,0xFF,0xFF,0xFF,0xFF,0xFF,0xFF,0xFF,0xFF,0xFF,0xFF,0xFF,0xFF,0xFF,
    0xFF,0xFF,0xFF,0xFF,0xFF,0xFF,0xFF,0xFF,0xFF,0xFF,0xFF,0xFF,0xFF,0xFF,0xFF,0xFF,
    0xFF,0xFF,0xFF,0xFF,0xFF,0xFF,0xFF,0xFF,0xFF,0xFF,0xFF,0xFF,0xFF,0xFF,0xFF,0xFF,
    0xFF,0xFF,0xFF,0xFF,0xFF,0xFF,0xFF,0xFF,0xFF,0xFF,0xFF,0xFF,0xFF,0xFF,0xFF,0xFF,
    0xFF,0xFF,0xFF,0xFF,0xFF,0xFF,0xFF,0xFF,0xFF,0xFF,0xFF,0xFF,0xFF,0xFF,0xFF,0xFF,
    0xFF,0xFF,0xFF,0xFF,0xFF,0xFF,0xFF,0xFF,0xFF,0xFF,0xFF,0xFF,0xFF,0xFF,0xFF,0xFF,
    0xFF,0xFF,0xFF,0xFF,0xFF,0xFF,0xFF,0xFF,0xFF,0xFF,0xFF,0xFF,0xFF,0xFF,0xFF,0xFF,
    0xFF,0xFF,0xFF,0xFF,0xFF,0xFF,0xFF,0xFF,0xFF,0xFF,0xFF,0xFF,0xFF,0xFF,0xFF,0xFF,
    0xFF,0xFF,0xFF,0xFF,0xFF,0xFF,0xFF,0xFF,0xFF,0xFF,0xFF,0xFF,0xFF,0xFF,0xFF,0xFF,
    0xFF,0xFF,0xFF,0xFF,0xFF,0xFF,0xFF,0xFF,0xFF,0xFF,0xFF,0xFF,0xFF,0xFF,0xFF,0xFF,
    0xFF,0xFF,0xFF,0xFF,0xFF,0xFF,0xFF,0xFF,0xFF,0xFF,0xFF,0xFF,0xFF,0xFF,0xFF,0xFF,
    0xFF,0xFF,0xFF,0xFF,0xFF,0xFF,0xFF,0xFF,0xFF,0xFF,0xFF,0xFF,0xFF,0xFF,0xFF,0xFF,
    0xFF,0xFF,0xFF,0x88,0x00,0x00,0x00,0x00,0x00,0x00,0x00,0x00,0x00,0x00,0x00,0x00,
    0x00,0x00,0x00,0x00,0x00,0x00,0x00,0x00,0x00,0x00,0x00,0x00,0x3E,0xD6,0xFF,0xFF,
    0xFF,0xFF,0xFF,0xFF,0xFF,0xFF,0xFF,0xFF,0xFF,0xFF,0xFF,0xFF,0xFF,0xFF,0xFF,0xFF,
    0xFF,0xFF,0xFF,0xFF,0xFF,0xFF,0xFF,0xFF,0xFF,0xFF,0xFF,0xFF,0xFF,0xFF,0xFF,0xFF,
    0xFF,0xFF,0xFF,0xFF,0xFF,0xFF,0xFF,0xFF,0xFF,0xFF,0xFF,0xFF,0xFF,0xFF,0xFF,0xFF,
    0xFF,0xFF,0xFF,0xFF,0xFF,0xFF,0xFF,0xFF,0xFF,0xFF,0xFF,0xFF,0xFF,0xFF,0xFF,0xFF,
    0xFF,0xFF,0xFF,0xFF,0xFF,0xFF,0xFF,0xFF,0xFF,0xFF,0xFF,0xFF,0xFF,0xFF,0xFF,0xFF,
    0xFF,0xFF,0xFF,0xFF,0xFF,0xFF,0xFF,0xFF,0xFF,0xFF,0xFF,0xFF,0xFF,0xFF,0xFF,0xFF,
    0xFF,0xFF,0xFF,0xFF,0xFF,0xFF,0xFF,0xFF,0xFF,0xFF,0xFF,0xFF,0xFF,0xFF,0xFF,0xFF,
    0xFF,0xFF,0xFF,0xFF,0xFF,0xFF,0xFF,0xFF,0xFF,0xFF,0xFF,0xFF,0xFF,0xFF,0xFF,0xFF,
    0xFF,0xFF,0xFF,0xFF,0xFF,0xFF,0xFF,0xFF,0xFF,0xFF,0xFF,0xFF,0xFF,0xFF,0xFF,0xFF,
    0xFF,0xFF,0xFF,0xFF,0xFF,0xFF,0xFF,0xFF,0xFF,0xFF,0xFF,0xFF,0xFF,0xFF,0xFF,0xFF,
    0xFF,0xFF,0xFF,0xFF,0xFF,0xFF,0xFF,0xFF,0xFF,0xFF,0xFF,0xFF,0xFF,0xFF,0xFF,0xFF,
    0xFF,0xFF,0xFF,0xFF,0xFF,0xFF,0xFF,0xFF,0xFF,0xFF,0xFF,0xFF,0xFF,0xFF,0xFF,0xFF,
    0xFF,0xFF,0xFF,0xFF,0xFF,0xFF,0xFF,0xFF,0xFF,0xFF,0xFF,0xFF,0xFF,0xFF,0xFF,0xFF,
    0xFF,0xFF,0xD6,0x3E,0x00,0x00,0x00,0x00,0x00,0x00,0x00,0x00,0x00,0x00,0x00,0x00,
    0x00,0x00,0x00,0x00,0x00,0x00,0x00,0x00,0x00,0x00,0x00,0x00,0x00,0x8A,0xFF,0xFF,
    0xFF,0xFF,0xFF,0xFF,0xFF,0xFF,0xFF,0xFF,0xFF,0xFF,0xFF,0xFF,0xFF,0xFF,0xFF,0xFF,
    0xFF,0xFF,0xFF,0xFF,0xFF,0xFF,0xFF,0xFF,0xFF,0xFF,0xFF,0xFF,0xFF,0xFF,0xFF,0xFF,
    0xFF,0xFF,0xFF,0xFF,0xFF,0xFF,0xFF,0xFF,0xFF,0xFF,0xFF,0xFF,0xFF,0xFF,0xFF,0xFF,
    0xFF,0xFF,0xFF,0xFF,0xFF,0xFF,0xFF,0xFF,0xFF,0xFF,0xFF,0xFF,0xFF,0xFF,0xFF,0xFF,
    0xFF,0xFF,0xFF,0xFF,0xFF,0xFF,0xFF,0xFF,0xFF,0xFF,0xFF,0xFF,0xFF,0xFF,0xFF,0xFF,
    0xFF,0xFF,0xFF,0xFF,0xFF,0xFF,0xFF,0xFF,0xFF,0xFF,0xFF,0xFF,0xFF,0xFF,0xFF,0xFF,
    0xFF,0xFF,0xFF,0xFF,0xFF,0xFF,0xFF,0xFF,0xFF,0xFF,0xFF,0xFF,0xFF,0xFF,0xFF,0xFF,
    0xFF,0xFF,0xFF,0xFF,0xFF,0xFF,0xFF,0xFF,0xFF,0xFF,0xFF,0xFF,0xFF,0xFF,0xFF,0xFF,
    0xFF,0xFF,0xFF,0xFF,0xFF,0xFF,0xFF,0xFF,0xFF,0xFF,0xFF,0xFF,0xFF,0xFF,0xFF,0xFF,
    0xFF,0xFF,0xFF,0xFF,0xFF,0xFF,0xFF,0xFF,0xFF,0xFF,0xFF,0xFF,0xFF,0xFF,0xFF,0xFF,
    0xFF,0xFF,0xFF,0xFF,0xFF,0xFF,0xFF,0xFF,0xFF,0xFF,0xFF,0xFF,0xFF,0xFF,0xFF,0xFF,
    0xFF,0xFF,0xFF,0xFF,0xFF,0xFF,0xFF,0xFF,0xFF,0xFF,0xFF,0xFF,0xFF,0xFF,0xFF,0xFF,
    0xFF,0xFF,0xFF,0xFF,0xFF,0xFF,0xFF,0xFF,0xFF,0xFF,0xFF,0xFF,0xFF,0xFF,0xFF,0xFF,
    0xFF,0xFF,0x8A,0x00,0x00,0x00,0x00,0x00,0x00,0x00,0x00,0x00,0x00,0x00,0x00,0x00,
    0x00,0x00,0x00,0x00,0x00,0x00,0x00,0x00,0x00,0x00,0x00,0x00,0x00,0x3E,0xD5,0xFF,
    0xFF,0xFF,0xFF,0xFF,0xFF,0xFF,0xFF,0xFF,0xFF,0xFF,0xFF,0xFF,0xFF,0xFF,0xFF,0xFF,
    0xFF,0xFF,0xFF,0xFF,0xFF,0xFF,0xFF,0xFF,0xFF,0xFF,0xFF,0xFF,0xFF,0xFF,0xFF,0xFF,
    0xFF,0xFF,0xFF,0xFF,0xFF,0xFF,0xFF,0xFF,0xFF,0xFF,0xFF,0xFF,0xFF,0xFF,0xFF,0xFF,
    0xFF,0xFF,0xFF,0xFF,0xFF,0xFF,0xFF,0xFF,0xFF,0xFF,0xFF,0xFF,0xFF,0xFF,0xFF,0xFF,
    0xFF,0xFF,0xFF,0xFF,0xFF,0xFF,0xFF,0xFF,0xFF,0xFF,0xFF,0xFF,0xFF,0xFF,0xFF,0xFF,
    0xFF,0xFF,0xFF,0xFF,0xFF,0xFF,0xFF,0xFF,0xFF,0xFF,0xFF,0xFF,0xFF,0xFF,0xFF,0xFF,
    0xFF,0xFF,0xFF,0xFF,0xFF,0xFF,0xFF,0xFF,0xFF,0xFF,0xFF,0xFF,0xFF,0xFF,0xFF,0xFF,
    0xFF,0xFF,0xFF,0xFF,0xFF,0xFF,0xFF,0xFF,0xFF,0xFF,0xFF,0xFF,0xFF,0xFF,0xFF,0xFF,
    0xFF,0xFF,0xFF,0xFF,0xFF,0xFF,0xFF,0xFF,0xFF,0xFF,0xFF,0xFF,0xFF,0xFF,0xFF,0xFF,
    0xFF,0xFF,0xFF,0xFF,0xFF,0xFF,0xFF,0xFF,0xFF,0xFF,0xFF,0xFF,0xFF,0xFF,0xFF,0xFF,
    0xFF,0xFF,0xFF,0xFF,0xFF,0xFF,0xFF,0xFF,0xFF,0xFF,0xFF,0xFF,0xFF,0xFF,0xFF,0xFF,
    0xFF,0xFF,0xFF,0xFF,0xFF,0xFF,0xFF,0xFF,0xFF,0xFF,0xFF,0xFF,0xFF,0xFF,0xFF,0xFF,
    0xFF,0xFF,0xFF,0xFF,0xFF,0xFF,0xFF,0xFF,0xFF,0xFF,0xFF,0xFF,0xFF,0xFF,0xFF,0xFF,
    0xFF,0xD5,0x3E,0x00,0x00,0x00,0x00,0x00,0x00,0x00,0x00,0x00,0x00,0x00,0x00,0x00,
    0x00,0x00,0x00,0x00,0x00,0x00,0x00,0x00,0x00,0x00,0x00,0x00,0x00,0x00,0x86,0xFF,
    0xFF,0xFF,0xFF,0xFF,0xFF,0xFF,0xFF,0xFF,0xFF,0xFF,0xFF,0xFF,0xFF,0xFF,0xFF,0xFF,
    0xFF,0xFF,0xFF,0xFF,0xFF,0xFF,0xFF,0xFF,0xFF,0xFF,0xFF,0xFF,0xFF,0xFF,0xFF,0xFF,
    0xFF,0xFF,0xFF,0xFF,0xFF,0xFF,0xFF,0xFF,0xFF,0xFF,0xFF,0xFF,0xFF,0xFF,0xFF,0xFF,
    0xFF,0xFF,0xFF,0xFF,0xFF,0xFF,0xFF,0xFF,0xFF,0xFF,0xFF,0xFF,0xFF,0xFF,0xFF,0xFF,
    0xFF,0xFF,0xFF,0xFF,0xFF,0xFF,0xFF,0xFF,0xFF,0xFF,0xFF,0xFF,0xFF,0xFF,0xFF,0xFF,
    0xFF,0xFF,0xFF,0xFF,0xFF,0xFF,0xFF,0xFF,0xFF,0xFF,0xFF,0xFF,0xFF,0xFF,0xFF,0xFF,
    0xFF,0xFF,0xFF,0xFF,0xFF,0xFF,0xFF,0xFF,0xFF,0xFF,0xFF,0xFF,0xFF,0xFF,0xFF,0xFF,
    0xFF,0xFF,0xFF,0xFF,0xFF,0xFF,0xFF,0xFF,0xFF,0xFF,0xFF,0xFF,0xFF,0xFF,0xFF,0xFF,
    0xFF,0xFF,0xFF,0xFF,0xFF,0xFF,0xFF,0xFF,0xFF,0xFF,0xFF,0xFF,0xFF,0xFF,0xFF,0xFF,
    0xFF,0xFF,0xFF,0xFF,0xFF,0xFF,0xFF,0xFF,0xFF,0xFF,0xFF,0xFF,0xFF,0xFF,0xFF,0xFF,
    0xFF,0xFF,0xFF,0xFF,0xFF,0xFF,0xFF,0xFF,0xFF,0xFF,0xFF,0xFF,0xFF,0xFF,0xFF,0xFF,
    0xFF,0xFF,0xFF,0xFF,0xFF,0xFF,0xFF,0xFF,0xFF,0xFF,0xFF,0xFF,0xFF,0xFF,0xFF,0xFF,
    0xFF,0xFF,0xFF,0xFF,0xFF,0xFF,0xFF,0xFF,0xFF,0xFF,0xFF,0xFF,0xFF,0xFF,0xFF,0xFF,
    0xFF,0x86,0x00,0x00,0x00,0x00,0x00,0x00,0x00,0x00,0x00,0x00,0x00,0x00,0x00,0x00,
    0x00,0x00,0x00,0x00,0x00,0x00,0x00,0x00,0x00,0x00,0x00,0x00,0x00,0x00,0x36,0xCC,
    0xFF,0xFF,0xFF,0xFF,0xFF,0xFF,0xFF,0xFF,0xFF,0xFF,0xFF,0xFF,0xFF,0xFF,0xFF,0xFF,
    0xFF,0xFF,0xFF,0xFF,0xFF,0xFF,0xFF,0xFF,0xFF,0xFF,0xFF,0xFF,0xFF,0xFF,0xFF,0xFF,
    0xFF,0xFF,0xFF,0xFF,0xFF,0xFF,0xFF,0xFF,0xFF,0xFF,0xFF,0xFF,0xFF,0xFF,0xFF,0xFF,
    0xFF,0xFF,0xFF,0xFF,0xFF,0xFF,0xFF,0xFF,0xFF,0xFF,0xFF,0xFF,0xFF,0xFF,0xFF,0xFF,
    0xFF,0xFF,0xFF,0xFF,0xFF,0xFF,0xFF,0xFF,0xFF,0xFF,0xFF,0xFF,0xFF,0xFF,0xFF,0xFF,
    0xFF,0xFF,0xFF,0xFF,0xFF,0xFF,0xFF,0xFF,0xFF,0xFF,0xFF,0xFF,0xFF,0xFF,0xFF,0xFF,
    0xFF,0xFF,0xFF,0xFF,0xFF,0xFF,0xFF,0xFF,0xFF,0xFF,0xFF,0xFF,0xFF,0xFF,0xFF,0xFF,
    0xFF,0xFF,0xFF,0xFF,0xFF,0xFF,0xFF,0xFF,0xFF,0xFF,0xFF,0xFF,0xFF,0xFF,0xFF,0xFF,
    0xFF,0xFF,0xFF,0xFF,0xFF,0xFF,0xFF,0xFF,0xFF,0xFF,0xFF,0xFF,0xFF,0xFF,0xFF,0xFF,
    0xFF,0xFF,0xFF,0xFF,0xFF,0xFF,0xFF,0xFF,0xFF,0xFF,0xFF,0xFF,0xFF,0xFF,0xFF,0xFF,
    0xFF,0xFF,0xFF,0xFF,0xFF,0xFF,0xFF,0xFF,0xFF,0xFF,0xFF,0xFF,0xFF,0xFF,0xFF,0xFF,
    0xFF,0xFF,0xFF,0xFF,0xFF,0xFF,0xFF,0xFF,0xFF,0xFF,0xFF,0xFF,0xFF,0xFF,0xFF,0xFF,
    0xFF,0xFF,0xFF,0xFF,0xFF,0xFF,0xFF,0xFF,0xFF,0xFF,0xFF,0xFF,0xFF,0xFF,0xFF,0xFF,
    0xCC,0x36,0x00,0x00,0x00,0x00,0x00,0x00,0x00,0x00,0x00,0x00,0x00,0x00,0x00,0x00,
    0x00,0x00,0x00,0x00,0x00,0x00,0x00,0x00,0x00,0x00,0x00,0x00,0x00,0x00,0x00,0x7B,
    0xFF,0xFF,0xFF,0xFF,0xFF,0xFF,0xFF,0xFF,0xFF,0xFF,0xFF,0xFF,0xFF,0xFF,0xFF,0xFF,
    0xFF,0xFF,0xFF,0xFF,0xFF,0xFF,0xFF,0xFF,0xFF,0xFF,0xFF,0xFF,0xFF,0xFF,0xFF,0xFF,
    0xFF,0xFF,0xFF,0xFF,0xFF,0xFF,0xFF,0xFF,0xFF,0xFF,0xFF,0xFF,0xFF,0xFF,0xFF,0xFF,
    0xFF,0xFF,0xFF,0xFF,0xFF,0xFF,0xFF,0xFF,0xFF,0xFF,0xFF,0xFF,0xFF,0xFF,0xFF,0xFF,
    0xFF,0xFF,0xFF,0xFF,0xFF,0xFF,0xFF,0xFF,0xFF,0xFF,0xFF,0xFF,0xFF,0xFF,0xFF,0xFF,
    0xFF,0xFF,0xFF,0xFF,0xFF,0xFF,0xFF,0xFF,0xFF,0xFF,0xFF,0xFF,0xFF,0xFF,0xFF,0xFF,
    0xFF,0xFF,0xFF,0xFF,0xFF,0xFF,0xFF,0xFF,0xFF,0xFF,0xFF,0xFF,0xFF,0xFF,0xFF,0xFF,
    0xFF,0xFF,0xFF,0xFF,0xFF,0xFF,0xFF,0xFF,0xFF,0xFF,0xFF,0xFF,0xFF,0xFF,0xFF,0xFF,
    0xFF,0xFF,0xFF,0xFF,0xFF,0xFF,0xFF,0xFF,0xFF,0xFF,0xFF,0xFF,0xFF,0xFF,0xFF,0xFF,
    0xFF,0xFF,0xFF,0xFF,0xFF,0xFF,0xFF,0xFF,0xFF,0xFF,0xFF,0xFF,0xFF,0xFF,0xFF,0xFF,
    0xFF,0xFF,0xFF,0xFF,0xFF,0xFF,0xFF,0xFF,0xFF,0xFF,0xFF,0xFF,0xFF,0xFF,0xFF,0xFF,
    0xFF,0xFF,0xFF,0xFF,0xFF,0xFF,0xFF,0xFF,0xFF,0xFF,0xFF,0xFF,0xFF,0xFF,0xFF,0xFF,
    0xFF,0xFF,0xFF,0xFF,0xFF,0xFF,0xFF,0xFF,0xFF,0xFF,0xFF,0xFF,0xFF,0xFF,0xFF,0xFF,
    0x7B,0x00,0x00,0x00,0x00,0x00,0x00,0x00,0x00,0x00,0x00,0x00,0x00,0x00,0x00,0x00,
    0x00,0x00,0x00,0x00,0x00,0x00,0x00,0x00,0x00,0x00,0x00,0x00,0x00,0x00,0x00,0x28,
    0xBC,0xFF,0xFF,0xFF,0xFF,0xFF,0xFF,0xFF,0xFF,0xFF,0xFF,0xFF,0xFF,0xFF,0xFF,0xFF,
    0xFF,0xFF,0xFF,0xFF,0xFF,0xFF,0xFF,0xFF,0xFF,0xFF,0xFF,0xFF,0xFF,0xFF,0xFF,0xFF,
    0xFF,0xFF,0xFF,0xFF,0xFF,0xFF,0xFF,0xFF,0xFF,0xFF,0xFF,0xFF,0xFF,0xFF,0xFF,0xFF,
    0xFF,0xFF,0xFF,0xFF,0xFF,0xFF,0xFF,0xFF,0xFF,0xFF,0xFF,0xFF,0xFF,0xFF,0xFF,0xFF,
    0xFF,0xFF,0xFF,0xFF,0xFF,0xFF,0xFF,0xFF,0xFF,0xFF,0xFF,0xFF,0xFF,0xFF,0xFF,0xFF,
    0xFF,0xFF,0xFF,0xFF,0xFF,0xFF,0xFF,0xFF,0xFF,0xFF,0xFF,0xFF,0xFF,0xFF,0xFF,0xFF,
    0xFF,0xFF,0xFF,0xFF,0xFF,0xFF,0xFF,0xFF,0xFF,0xFF,0xFF,0xFF,0xFF,0xFF,0xFF,0xFF,
    0xFF,0xFF,0xFF,0xFF,0xFF,0xFF,0xFF,0xFF,0xFF,0xFF,0xFF,0xFF,0xFF,0xFF,0xFF,0xFF,
    0xFF,0xFF,0xFF,0xFF,0xFF,0xFF,0xFF,0xFF,0xFF,0xFF,0xFF,0xFF,0xFF,0xFF,0xFF,0xFF,
    0xFF,0xFF,0xFF,0xFF,0xFF,0xFF,0xFF,0xFF,0xFF,0xFF,0xFF,0xFF,0xFF,0xFF,0xFF,0xFF,
    0xFF,0xFF,0xFF,0xFF,0xFF,0xFF,0xFF,0xFF,0xFF,0xFF,0xFF,0xFF,0xFF,0xFF,0xFF,0xFF,
    0xFF,0xFF,0xFF,0xFF,0xFF,0xFF,0xFF,0xFF,0xFF,0xFF,0xFF,0xFF,0xFF,0xFF,0xFF,0xFF,
    0xFF,0xFF,0xFF,0xFF,0xFF,0xFF,0xFF,0xFF,0xFF,0xFF,0xFF,0xFF,0xFF,0xFF,0xFF,0xBC,
    0x28,0x00,0x00,0x00,0x00,0x00,0x00,0x00,0x00,0x00,0x00,0x00,0x00,0x00,0x00,0x00,
    0x00,0x00,0x00,0x00,0x00,0x00,0x00,0x00,0x00,0x00,0x00,0x00,0x00,0x00,0x00,0x00,
    0x68,0xFB,0xFF,0xFF,0xFF,0xFF,0xFF,0xFF,0xFF,0xFF,0xFF,0xFF,0xFF,0xFF,0xFF,0xFF,
    0xFF,0xFF,0xFF,0xFF,0xFF,0xFF,0xFF,0xFF,0xFF,0xFF,0xFF,0xFF,0xFF,0xFF,0xFF,0xFF,
    0xFF,0xFF,0xFF,0xFF,0xFF,0xFF,0xFF,0xFF,0xFF,0xFF,0xFF,0xFF,0xFF,0xFF,0xFF,0xFF,
    0xFF,0xFF,0xFF,0xFF,0xFF,0xFF,0xFF,0xFF,0xFF,0xFF,0xFF,0xFF,0xFF,0xFF,0xFF,0xFF,
    0xFF,0xFF,0xFF,0xFF,0xFF,0xFF,0xFF,0xFF,0xFF,0xFF,0xFF,0xFF,0xFF,0xFF,0xFF,0xFF,
    0xFF,0xFF,0xFF,0xFF,0xFF,0xFF,0xFF,0xFF,0xFF,0xFF,0xFF,0xFF,0xFF,0xFF,0xFF,0xFF,
    0xFF,0xFF,0xFF,0xFF,0xFF,0xFF,0xFF,0xFF,0xFF,0xFF,0xFF,0xFF,0xFF,0xFF,0xFF,0xFF,
    0xFF,0xFF,0xFF,0xFF,0xFF,0xFF,0xFF,0xFF,0xFF,0xFF,0xFF,0xFF,0xFF,0xFF,0xFF,0xFF,
    0xFF,0xFF,0xFF,0xFF,0xFF,0xFF,0xFF,0xFF,0xFF,0xFF,0xFF,0xFF,0xFF,0xFF,0xFF,0xFF,
    0xFF,0xFF,0xFF,0xFF,0xFF,0xFF,0xFF,0xFF,0xFF,0xFF,0xFF,0xFF,0xFF,0xFF,0xFF,0xFF,
    0xFF,0xFF,0xFF,0xFF,0xFF,0xFF,0xFF,0xFF,0xFF,0xFF,0xFF,0xFF,0xFF,0xFF,0xFF,0xFF,
    0xFF,0xFF,0xFF,0xFF,0xFF,0xFF,0xFF,0xFF,0xFF,0xFF,0xFF,0xFF,0xFF,0xFF,0xFF,0xFF,
    0xFF,0xFF,0xFF,0xFF,0xFF,0xFF,0xFF,0xFF,0xFF,0xFF,0xFF,0xFF,0xFF,0xFF,0xFB,0x68,
    0x00,0x00,0x00,0x00,0x00,0x00,0x00,0x00,0x00,0x00,0x00,0x00,0x00,0x00,0x00,0x00,
    0x00,0x00,0x00,0x00,0x00,0x00,0x00,0x00,0x00,0x00,0x00,0x00,0x00,0x00,0x00,0x00,
    0x13,0xA6,0xFF,0xFF,0xFF,0xFF,0xFF,0xFF,0xFF,0xFF,0xFF,0xFF,0xFF,0xFF,0xFF,0xFF,
    0xFF,0xFF,0xFF,0xFF,0xFF,0xFF,0xFF,0xFF,0xFF,0xFF,0xFF,0xFF,0xFF,0xFF,0xFF,0xFF,
    0xFF,0xFF,0xFF,0xFF,0xFF,0xFF,0xFF,0xFF,0xFF,0xFF,0xFF,0xFF,0xFF,0xFF,0xFF,0xFF,
    0xFF,0xFF,0xFF,0xFF,0xFF,0xFF,0xFF,0xFF,0xFF,0xFF,0xFF,0xFF,0xFF,0xFF,0xFF,0xFF,
    0xFF,0xFF,0xFF,0xFF,0xFF,0xFF,0xFF,0xFF,0xFF,0xFF,0xFF,0xFF,0xFF,0xFF,0xFF,0xFF,
    0xFF,0xFF,0xFF,0xFF,0xFF,0xFF,0xFF,0xFF,0xFF,0xFF,0xFF,0xFF,0xFF,0xFF,0xFF,0xFF,
    0xFF,0xFF,0xFF,0xFF,0xFF,0xFF,0xFF,0xFF,0xFF,0xFF,0xFF,0xFF,0xFF,0xFF,0xFF,0xFF,
    0xFF,0xFF,0xFF,0xFF,0xFF,0xFF,0xFF,0xFF,0xFF,0xFF,0xFF,0xFF,0xFF,0xFF,0xFF,0xFF,
    0xFF,0xFF,0xFF,0xFF,0xFF,0xFF,0xFF,0xFF,0xFF,0xFF,0xFF,0xFF,0xFF,0xFF,0xFF,0xFF,
    0xFF,0xFF,0xFF,0xFF,0xFF,0xFF,0xFF,0xFF,0xFF,0xFF,0xFF,0xFF,0xFF,0xFF,0xFF,0xFF,
    0xFF,0xFF,0xFF,0xFF,0xFF,0xFF,0xFF,0xFF,0xFF,0xFF,0xFF,0xFF,0xFF,0xFF,0xFF,0xFF,
    0xFF,0xFF,0xFF,0xFF,0xFF,0xFF,0xFF,0xFF,0xFF,0xFF,0xFF,0xFF,0xFF,0xFF,0xFF,0xFF,
    0xFF,0xFF,0xFF,0xFF,0xFF,0xFF,0xFF,0xFF,0xFF,0xFF,0xFF,0xFF,0xFF,0xFF,0xA6,0x13,
    0x00,0x00,0x00,0x00,0x00,0x00,0x00,0x00,0x00,0x00,0x00,0x00,0x00,0x00,0x00,0x00,
    0x00,0x00,0x00,0x00,0x00,0x00,0x00,0x00,0x00,0x00,0x00,0x00,0x00,0x00,0x00,0x00,
    0x00,0x4F,0xE0,0xFF,0xFF,0xFF,0xFF,0xFF,0xFF,0xFF,0xFF,0xFF,0xFF,0xFF,0xFF,0xFF,
    0xFF,0xFF,0xFF,0xFF,0xFF,0xFF,0xFF,0xFF,0xFF,0xFF,0xFF,0xFF,0xFF,0xFF,0xFF,0xFF,
    0xFF,0xFF,0xFF,0xFF,0xFF,0xFF,0xFF,0xFF,0xFF,0xFF,0xFF,0xFF,0xFF,0xFF,0xFF,0xFF,
    0xFF,0xFF,0xFF,0xFF,0xFF,0xFF,0xFF,0xFF,0xFF,0xFF,0xFF,0xFF,0xFF,0xFF,0xFF,0xFF,
    0xFF,0xFF,0xFF,0xFF,0xFF,0xFF,0xFF,0xFF,0xFF,0xFF,0xFF,0xFF,0xFF,0xFF,0xFF,0xFF,
    0xFF,0xFF,0xFF,0xFF,0xFF,0xFF,0xFF,0xFF,0xFF,0xFF,0xFF,0xFF,0xFF,0xFF,0xFF,0xFF,
    0xFF,0xFF,0xFF,0xFF,0xFF,0xFF,0xFF,0xFF,0xFF,0xFF,0xFF,0xFF,0xFF,0xFF,0xFF,0xFF,
    0xFF,0xFF,0xFF,0xFF,0xFF,0xFF,0xFF,0xFF,0xFF,0xFF,0xFF,0xFF,0xFF,0xFF,0xFF,0xFF,
    0xFF,0xFF,0xFF,0xFF,0xFF,0xFF,0xFF,0xFF,0xFF,0xFF,0xFF,0xFF,0xFF,0xFF,0xFF,0xFF,
    0xFF,0xFF,0xFF,0xFF,0xFF,0xFF,0xFF,0xFF,0xFF,0xFF,0xFF,0xFF,0xFF,0xFF,0xFF,0xFF,
    0xFF,0xFF,0xFF,0xFF,0xFF,0xFF,0xFF,0xFF,0xFF,0xFF,0xFF,0xFF,0xFF,0xFF,0xFF,0xFF,
    0xFF,0xFF,0xFF,0xFF,0xFF,0xFF,0xFF,0xFF,0xFF,0xFF,0xFF,0xFF,0xFF,0xFF,0xFF,0xFF,
    0xFF,0xFF,0xFF,0xFF,0xFF,0xFF,0xFF,0xFF,0xFF,0xFF,0xFF,0xFF,0xFF,0xE0,0x4F,0x00,
    0x00,0x00,0x00,0x00,0x00,0x00,0x00,0x00,0x00,0x00,0x00,0x00,0x00,0x00,0x00,0x00,
    0x00,0x00,0x00,0x00,0x00,0x00,0x00,0x00,0x00,0x00,0x00,0x00,0x00,0x00,0x00,0x00,
    0x00,0x00,0x88,0xFF,0xFF,0xFF,0xFF,0xFF,0xFF,0xFF,0xFF,0xFF,0xFF,0xFF,0xFF,0xFF,
    0xFF,0xFF,0xFF,0xFF,0xFF,0xFF,0xFF,0xFF,0xFF,0xFF,0xFF,0xFF,0xFF,0xFF,0xFF,0xFF,
    0xFF,0xFF,0xFF,0xFF,0xFF,0xFF,0xFF,0xFF,0xFF,0xFF,0xFF,0xFF,0xFF,0xFF,0xFF,0xFF,
    0xFF,0xFF,0xFF,0xFF,0xFF,0xFF,0xFF,0xFF,0xFF,0xFF,0xFF,0xFF,0xFF,0xFF,0xFF,0xFF,
    0xFF,0xFF,0xFF,0xFF,0xFF,0xFF,0xFF,0xFF,0xFF,0xFF,0xFF,0xFF,0xFF,0xFF,0xFF,0xFF,
    0xFF,0xFF,0xFF,0xFF,0xFF,0xFF,0xFF,0xFF,0xFF,0xFF,0xFF,0xFF,0xFF,0xFF,0xFF,0xFF,
    0xFF,0xFF,0xFF,0xFF,0xFF,0xFF,0xFF,0xFF,0xFF,0xFF,0xFF,0xFF,0xFF,0xFF,0xFF,0xFF,
    0xFF,0xFF,0xFF,0xFF,0xFF,0xFF,0xFF,0xFF,0xFF,0xFF,0xFF,0xFF,0xFF,0xFF,0xFF,0xFF,
    0xFF,0xFF,0xFF,0xFF,0xFF,0xFF,0xFF,0xFF,0xFF,0xFF,0xFF,0xFF,0xFF,0xFF,0xFF,0xFF,
    0xFF,0xFF,0xFF,0xFF,0xFF,0xFF,0xFF,0xFF,0xFF,0xFF,0xFF,0xFF,0xFF,0xFF,0xFF,0xFF,
    0xFF,0xFF,0xFF,0xFF,0xFF,0xFF,0xFF,0xFF,0xFF,0xFF,0xFF,0xFF,0xFF,0xFF,0xFF,0xFF,
    0xFF,0xFF,0xFF,0xFF,0xFF,0xFF,0xFF,0xFF,0xFF,0xFF,0xFF,0xFF,0xFF,0xFF,0xFF,0xFF,
    0xFF,0xFF,0xFF,0xFF,0xFF,0xFF,0xFF,0xFF,0xFF,0xFF,0xFF,0xFF,0xFF,0x88,0x00,0x00,
    0x00,0x00,0x00,0x00,0x00,0x00,0x00,0x00,0x00,0x00,0x00,0x00,0x00,0x00,0x00,0x00,
    0x00,0x00,0x00,0x00,0x00,0x00,0x00,0x00,0x00,0x00,0x00,0x00,0x00,0x00,0x00,0x00,
    0x00,0x00,0x2E,0xBE,0xFF,0xFF,0xFF,0xFF,0xFF,0xFF,0xFF,0xFF,0xFF,0xFF,0xFF,0xFF,
    0xFF,0xFF,0xFF,0xFF,0xFF,0xFF,0xFF,0xFF,0xFF,0xFF,0xFF,0xFF,0xFF,0xFF,0xFF,0xFF,
    0xFF,0xFF,0xFF,0xFF,0xFF,0xFF,0xFF,0xFF,0xFF,0xFF,0xFF,0xFF,0xFF,0xFF,0xFF,0xFF,
    0xFF,0xFF,0xFF,0xFF,0xFF,0xFF,0xFF,0xFF,0xFF,0xFF,0xFF,0xFF,0xFF,0xFF,0xFF,0xFF,
    0xFF,0xFF,0xFF,0xFF,0xFF,0xFF,0xFF,0xFF,0xFF,0xFF,0xFF,0xFF,0xFF,0xFF,0xFF,0xFF,
    0xFF,0xFF,0xFF,0xFF,0xFF,0xFF,0xFF,0xFF,0xFF,0xFF,0xFF,0xFF,0xFF,0xFF,0xFF,0xFF,
    0xFF,0xFF,0xFF,0xFF,0xFF,0xFF,0xFF,0xFF,0xFF,0xFF,0xFF,0xFF,0xFF,0xFF,0xFF,0xFF,
    0xFF,0xFF,0xFF,0xFF,0xFF,0xFF,0xFF,0xFF,0xFF,0xFF,0xFF,0xFF,0xFF,0xFF,0xFF,0xFF,
    0xFF,0xFF,0xFF,0xFF,0xFF,0xFF,0xFF,0xFF,0xFF,0xFF,0xFF,0xFF,0xFF,0xFF,0xFF,0xFF,
    0xFF,0xFF,0xFF,0xFF,0xFF,0xFF,0xFF,0xFF,0xFF,0xFF,0xFF,0xFF,0xFF,0xFF,0xFF,0xFF,
    0xFF,0xFF,0xFF,0xFF,0xFF,0xFF,0xFF,0xFF,0xFF,0xFF,0xFF,0xFF,0xFF,0xFF,0xFF,0xFF,
    0xFF,0xFF,0xFF,0xFF,0xFF,0xFF,0xFF,0xFF,0xFF,0xFF,0xFF,0xFF,0xFF,0xFF,0xFF,0xFF,
    0xFF,0xFF,0xFF,0xFF,0xFF,0xFF,0xFF,0xFF,0xFF,0xFF,0xFF,0xFF,0xBE,0x2E,0x00,0x00,
    0x00,0x00,0x00,0x00,0x00,0x00,0x00,0x00,0x00,0x00,0x00,0x00,0x00,0x00,0x00,0x00,
    0x00,0x00,0x00,0x00,0x00,0x00,0x00,0x00,0x00,0x00,0x00,0x00,0x00,0x00,0x00,0x00,
    0x00,0x00,0x00,0x63,0xF1,0xFF,0xFF,0xFF,0xFF,0xFF,0xFF,0xFF,0xFF,0xFF,0xFF,0xFF,
    0xFF,0xFF,0xFF,0xFF,0xFF,0xFF,0xFF,0xFF,0xFF,0xFF,0xFF,0xFF,0xFF,0xFF,0xFF,0xFF,
    0xFF,0xFF,0xFF,0xFF,0xFF,0xFF,0xFF,0xFF,0xFF,0xFF,0xFF,0xFF,0xFF,0xFF,0xFF,0xFF,
    0xFF,0xFF,0xFF,0xFF,0xFF,0xFF,0xFF,0xFF,0xFF,0xFF,0xFF,0xFF,0xFF,0xFF,0xFF,0xFF,
    0xFF,0xFF,0xFF,0xFF,0xFF,0xFF,0xFF,0xFF,0xFF,0xFF,0xFF,0xFF,0xFF,0xFF,0xFF,0xFF,
    0xFF,0xFF,0xFF,0xFF,0xFF,0xFF,0xFF,0xFF,0xFF,0xFF,0xFF,0xFF,0xFF,0xFF,0xFF,0xFF,
    0xFF,0xFF,0xFF,0xFF,0xFF,0xFF,0xFF,0xFF,0xFF,0xFF,0xFF,0xFF,0xFF,0xFF,0xFF,0xFF,
    0xFF,0xFF,0xFF,0xFF,0xFF,0xFF,0xFF,0xFF,0xFF,0xFF,0xFF,0xFF,0xFF,0xFF,0xFF,0xFF,
    0xFF,0xFF,0xFF,0xFF,0xFF,0xFF,0xFF,0xFF,0xFF,0xFF,0xFF,0xFF,0xFF,0xFF,0xFF,0xFF,
    0xFF,0xFF,0xFF,0xFF,0xFF,0xFF,0xFF,0xFF,0xFF,0xFF,0xFF,0xFF,0xFF,0xFF,0xFF,0xFF,
    0xFF,0xFF,0xFF,0xFF,0xFF,0xFF,0xFF,0xFF,0xFF,0xFF,0xFF,0xFF,0xFF,0xFF,0xFF,0xFF,
    0xFF,0xFF,0xFF,0xFF,0xFF,0xFF,0xFF,0xFF,0xFF,0xFF,0xFF,0xFF,0xFF,0xFF,0xFF,0xFF,
    0xFF,0xFF,0xFF,0xFF,0xFF,0xFF,0xFF,0xFF,0xFF,0xFF,0xFF,0xF1,0x63,0x00,0x00,0x00,
    0x00,0x00,0x00,0x00,0x00,0x00,0x00,0x00,0x00,0x00,0x00,0x00,0x00,0x00,0x00,0x00,
    0x00,0x00,0x00,0x00,0x00,0x00,0x00,0x00,0x00,0x00,0x00,0x00,0x00,0x00,0x00,0x00,
    0x00,0x00,0x00,0x06,0x94,0xFF,0xFF,0xFF,0xFF,0xFF,0xFF,0xFF,0xFF,0xFF,0xFF,0xFF,
    0xFF,0xFF,0xFF,0xFF,0xFF,0xFF,0xFF,0xFF,0xFF,0xFF,0xFF,0xFF,0xFF,0xFF,0xFF,0xFF,
    0xFF,0xFF,0xFF,0xFF,0xFF,0xFF,0xFF,0xFF,0xFF,0xFF,0xFF,0xFF,0xFF,0xFF,0xFF,0xFF,
    0xFF,0xFF,0xFF,0xFF,0xFF,0xFF,0xFF,0xFF,0xFF,0xFF,0xFF,0xFF,0xFF,0xFF,0xFF,0xFF,
    0xFF,0xFF,0xFF,0xFF,0xFF,0xFF,0xFF,0xFF,0xFF,0xFF,0xFF,0xFF,0xFF,0xFF,0xFF,0xFF,
    0xFF,0xFF,0xFF,0xFF,0xFF,0xFF,0xFF,0xFF,0xFF,0xFF,0xFF,0xFF,0xFF,0xFF,0xFF,0xFF,
    0xFF,0xFF,0xFF,0xFF,0xFF,0xFF,0xFF,0xFF,0xFF,0xFF,0xFF,0xFF,0xFF,0xFF,0xFF,0xFF,
    0xFF,0xFF,0xFF,0xFF,0xFF,0xFF,0xFF,0xFF,0xFF,0xFF,0xFF,0xFF,0xFF,0xFF,0xFF,0xFF,
    0xFF,0xFF,0xFF,0xFF,0xFF,0xFF,0xFF,0xFF,0xFF,0xFF,0xFF,0xFF,0xFF,0xFF,0xFF,0xFF,
    0xFF,0xFF,0xFF,0xFF,0xFF,0xFF,0xFF,0xFF,0xFF,0xFF,0xFF,0xFF,0xFF,0xFF,0xFF,0xFF,
    0xFF,0xFF,0xFF,0xFF,0xFF,0xFF,0xFF,0xFF,0xFF,0xFF,0xFF,0xFF,0xFF,0xFF,0xFF,0xFF,
    0xFF,0xFF,0xFF,0xFF,0xFF,0xFF,0xFF,0xFF,0xFF,0xFF,0xFF,0xFF,0xFF,0xFF,0xFF,0xFF,
    0xFF,0xFF,0xFF,0xFF,0xFF,0xFF,0xFF,0xFF,0xFF,0xFF,0xFF,0x94,0x06,0x00,0x00,0x00,
    0x00,0x00,0x00,0x00,0x00,0x00,0x00,0x00,0x00,0x00,0x00,0x00,0x00,0x00,0x00,0x00,
    0x00,0x00,0x00,0x00,0x00,0x00,0x00,0x00,0x00,0x00,0x00,0x00,0x00,0x00,0x00,0x00,
    0x00,0x00,0x00,0x00,0x36,0xC4,0xFF,0xFF,0xFF,0xFF,0xFF,0xFF,0xFF,0xFF,0xFF,0xFF,
    0xFF,0xFF,0xFF,0xFF,0xFF,0xFF,0xFF,0xFF,0xFF,0xFF,0xFF,0xFF,0xFF,0xFF,0xFF,0xFF,
    0xFF,0xFF,0xFF,0xFF,0xFF,0xFF,0xFF,0xFF,0xFF,0xFF,0xFF,0xFF,0xFF,0xFF,0xFF,0xFF,
    0xFF,0xFF,0xFF,0xFF,0xFF,0xFF,0xFF,0xFF,0xFF,0xFF,0xFF,0xFF,0xFF,0xFF,0xFF,0xFF,
    0xFF,0xFF,0xFF,0xFF,0xFF,0xFF,0xFF,0xFF,0xFF,0xFF,0xFF,0xFF,0xFF,0xFF,0xFF,0xFF,
    0xFF,0xFF,0xFF,0xFF,0xFF,0xFF,0xFF,0xFF,0xFF,0xFF,0xFF,0xFF,0xFF,0xFF,0xFF,0xFF,
    0xFF,0xFF,0xFF,0xFF,0xFF,0xFF,0xFF,0xFF,0xFF,0xFF,0xFF,0xFF,0xFF,0xFF,0xFF,0xFF,
    0xFF,0xFF,0xFF,0xFF,0xFF,0xFF,0xFF,0xFF,0xFF,0xFF,0xFF,0xFF,0xFF,0xFF,0xFF,0xFF,
    0xFF,0xFF,0xFF,0xFF,0xFF,0xFF,0xFF,0xFF,0xFF,0xFF,0xFF,0xFF,0xFF,0xFF,0xFF,0xFF,
    0xFF,0xFF,0xFF,0xFF,0xFF,0xFF,0xFF,0xFF,0xFF,0xFF,0xFF,0xFF,0xFF,0xFF,0xFF,0xFF,
    0xFF,0xFF,0xFF,0xFF,0xFF,0xFF,0xFF,0xFF,0xFF,0xFF,0xFF,0xFF,0xFF,0xFF,0xFF,0xFF,
    0xFF,0xFF,0xFF,0xFF,0xFF,0xFF,0xFF,0xFF,0xFF,0xFF,0xFF,0xFF,0xFF,0xFF,0xFF,0xFF,
    0xFF,0xFF,0xFF,0xFF,0xFF,0xFF,0xFF,0xFF,0xFF,0xFF,0xC4,0x36,0x00,0x00,0x00,0x00,
    0x00,0x00,0x00,0x00,0x00,0x00,0x00,0x00,0x00,0x00,0x00,0x00,0x00,0x00,0x00,0x00,
    0x00,0x00,0x00,0x00,0x00,0x00,0x00,0x00,0x00,0x00,0x00,0x00,0x00,0x00,0x00,0x00,
    0x00,0x00,0x00,0x00,0x00,0x64,0xF0,0xFF,0xFF,0xFF,0xFF,0xFF,0xFF,0xFF,0xFF,0xFF,
    0xFF,0xFF,0xFF,0xFF,0xFF,0xFF,0xFF,0xFF,0xFF,0xFF,0xFF,0xFF,0xFF,0xFF,0xFF,0xFF,
    0xFF,0xFF,0xFF,0xFF,0xFF,0xFF,0xFF,0xFF,0xFF,0xFF,0xFF,0xFF,0xFF,0xFF,0xFF,0xFF,
    0xFF,0xFF,0xFF,0xFF,0xFF,0xFF,0xFF,0xFF,0xFF,0xFF,0xFF,0xFF,0xFF,0xFF,0xFF,0xFF,
    0xFF,0xFF,0xFF,0xFF,0xFF,0xFF,0xFF,0xFF,0xFF,0xFF,0xFF,0xFF,0xFF,0xFF,0xFF,0xFF,
    0xFF,0xFF,0xFF,0xFF,0xFF,0xFF,0xFF,0xFF,0xFF,0xFF,0xFF,0xFF,0xFF,0xFF,0xFF,0xFF,
    0xFF,0xFF,0xFF,0xFF,0xFF,0xFF,0xFF,0xFF,0xFF,0xFF,0xFF,0xFF,0xFF,0xFF,0xFF,0xFF,
    0xFF,0xFF,0xFF,0xFF,0xFF,0xFF,0xFF,0xFF,0xFF,0xFF,0xFF,0xFF,0xFF,0xFF,0xFF,0xFF,
    0xFF,0xFF,0xFF,0xFF,0xFF,0xFF,0xFF,0xFF,0xFF,0xFF,0xFF,0xFF,0xFF,0xFF,0xFF,0xFF,
    0xFF,0xFF,0xFF,0xFF,0xFF,0xFF,0xFF,0xFF,0xFF,0xFF,0xFF,0xFF,0xFF,0xFF,0xFF,0xFF,
    0xFF,0xFF,0xFF,0xFF,0xFF,0xFF,0xFF,0xFF,0xFF,0xFF,0xFF,0xFF,0xFF,0xFF,0xFF,0xFF,
    0xFF,0xFF,0xFF,0xFF,0xFF,0xFF,0xFF,0xFF,0xFF,0xFF,0xFF,0xFF,0xFF,0xFF,0xFF,0xFF,
    0xFF,0xFF,0xFF,0xFF,0xFF,0xFF,0xFF,0xFF,0xFF,0xF0,0x64,0x00,0x00,0x00,0x00,0x00,
    0x00,0x00,0x00,0x00,0x00,0x00,0x00,0x00,0x00,0x00,0x00,0x00,0x00,0x00,0x00,0x00,
    0x00,0x00,0x00,0x00,0x00,0x00,0x00,0x00,0x00,0x00,0x00,0x00,0x00,0x00,0x00,0x00,
    0x00,0x00,0x00,0x00,0x00,0x03,0x8F,0xFF,0xFF,0xFF,0xFF,0xFF,0xFF,0xFF,0xFF,0xFF,
    0xFF,0xFF,0xFF,0xFF,0xFF,0xFF,0xFF,0xFF,0xFF,0xFF,0xFF,0xFF,0xFF,0xFF,0xFF,0xFF,
    0xFF,0xFF,0xFF,0xFF,0xFF,0xFF,0xFF,0xFF,0xFF,0xFF,0xFF,0xFF,0xFF,0xFF,0xFF,0xFF,
    0xFF,0xFF,0xFF,0xFF,0xFF,0xFF,0xFF,0xFF,0xFF,0xFF,0xFF,0xFF,0xFF,0xFF,0xFF,0xFF,
    0xFF,0xFF,0xFF,0xFF,0xFF,0xFF,0xFF,0xFF,0xFF,0xFF,0xFF,0xFF,0xFF,0xFF,0xFF,0xFF,
    0xFF,0xFF,0xFF,0xFF,0xFF,0xFF,0xFF,0xFF,0xFF,0xFF,0xFF,0xFF,0xFF,0xFF,0xFF,0xFF,
    0xFF,0xFF,0xFF,0xFF,0xFF,0xFF,0xFF,0xFF,0xFF,0xFF,0xFF,0xFF,0xFF,0xFF,0xFF,0xFF,
    0xFF,0xFF,0xFF,0xFF,0xFF,0xFF,0xFF,0xFF,0xFF,0xFF,0xFF,0xFF,0xFF,0xFF,0xFF,0xFF,
    0xFF,0xFF,0xFF,0xFF,0xFF,0xFF,0xFF,0xFF,0xFF,0xFF,0xFF,0xFF,0xFF,0xFF,0xFF,0xFF,
    0xFF,0xFF,0xFF,0xFF,0xFF,0xFF,0xFF,0xFF,0xFF,0xFF,0xFF,0xFF,0xFF,0xFF,0xFF,0xFF,
    0xFF,0xFF,0xFF,0xFF,0xFF,0xFF,0xFF,0xFF,0xFF,0xFF,0xFF,0xFF,0xFF,0xFF,0xFF,0xFF,
    0xFF,0xFF,0xFF,0xFF,0xFF,0xFF,0xFF,0xFF,0xFF,0xFF,0xFF,0xFF,0xFF,0xFF,0xFF,0xFF,
    0xFF,0xFF,0xFF,0xFF,0xFF,0xFF,0xFF,0xFF,0xFF,0x8F,0x03,0x00,0x00,0x00,0x00,0x00,
    0x00,0x00,0x00,0x00,0x00,0x00,0x00,0x00,0x00,0x00,0x00,0x00,0x00,0x00,0x00,0x00,
    0x00,0x00,0x00,0x00,0x00,0x00,0x00,0x00,0x00,0x00,0x00,0x00,0x00,0x00,0x00,0x00,
    0x00,0x00,0x00,0x00,0x00,0x00,0x2D,0xB7,0xFF,0xFF,0xFF,0xFF,0xFF,0xFF,0xFF,0xFF,
    0xFF,0xFF,0xFF,0xFF,0xFF,0xFF,0xFF,0xFF,0xFF,0xFF,0xFF,0xFF,0xFF,0xFF,0xFF,0xFF,
    0xFF,0xFF,0xFF,0xFF,0xFF,0xFF,0xFF,0xFF,0xFF,0xFF,0xFF,0xFF,0xFF,0xFF,0xFF,0xFF,
    0xFF,0xFF,0xFF,0xFF,0xFF,0xFF,0xFF,0xFF,0xFF,0xFF,0xFF,0xFF,0xFF,0xFF,0xFF,0xFF,
    0xFF,0xFF,0xFF,0xFF,0xFF,0xFF,0xFF,0xFF,0xFF,0xFF,0xFF,0xFF,0xFF,0xFF,0xFF,0xFF,
    0xFF,0xFF,0xFF,0xFF,0xFF,0xFF,0xFF,0xFF,0xFF,0xFF,0xFF,0xFF,0xFF,0xFF,0xFF,0xFF,
    0xFF,0xFF,0xFF,0xFF,0xFF,0xFF,0xFF,0xFF,0xFF,0xFF,0xFF,0xFF,0xFF,0xFF,0xFF,0xFF,
    0xFF,0xFF,0xFF,0xFF,0xFF,0xFF,0xFF,0xFF,0xFF,0xFF,0xFF,0xFF,0xFF,0xFF,0xFF,0xFF,
    0xFF,0xFF,0xFF,0xFF,0xFF,0xFF,0xFF,0xFF,0xFF,0xFF,0xFF,0xFF,0xFF,0xFF,0xFF,0xFF,
    0xFF,0xFF,0xFF,0xFF,0xFF,0xFF,0xFF,0xFF,0xFF,0xFF,0xFF,0xFF,0xFF,0xFF,0xFF,0xFF,
    0xFF,0xFF,0xFF,0xFF,0xFF,0xFF,0xFF,0xFF,0xFF,0xFF,0xFF,0xFF,0xFF,0xFF,0xFF,0xFF,
    0xFF,0xFF,0xFF,0xFF,0xFF,0xFF,0xFF,0xFF,0xFF,0xFF,0xFF,0xFF,0xFF,0xFF,0xFF,0xFF,
    0xFF,0xFF,0xFF,0xFF,0xFF,0xFF,0xFF,0xFF,0xB7,0x2D,0x00,0x00,0x00,0x00,0x00,0x00,
    0x00,0x00,0x00,0x00,0x00,0x00,0x00,0x00,0x00,0x00,0x00,0x00,0x00,0x00,0x00,0x00,
    0x00,0x00,0x00,0x00,0x00,0x00,0x00,0x00,0x00,0x00,0x00,0x00,0x00,0x00,0x00,0x00,
    0x00,0x00,0x00,0x00,0x00,0x00,0x00,0x53,0xDC,0xFF,0xFF,0xFF,0xFF,0xFF,0xFF,0xFF,
    0xFF,0xFF,0xFF,0xFF,0xFF,0xFF,0xFF,0xFF,0xFF,0xFF,0xFF,0xFF,0xFF,0xFF,0xFF,0xFF,
    0xFF,0xFF,0xFF,0xFF,0xFF,0xFF,0xFF,0xFF,0xFF,0xFF,0xFF,0xFF,0xFF,0xFF,0xFF,0xFF,
    0xFF,0xFF,0xFF,0xFF,0xFF,0xFF,0xFF,0xFF,0xFF,0xFF,0xFF,0xFF,0xFF,0xFF,0xFF,0xFF,
    0xFF,0xFF,0xFF,0xFF,0xFF,0xFF,0xFF,0xFF,0xFF,0xFF,0xFF,0xFF,0xFF,0xFF,0xFF,0xFF,
    0xFF,0xFF,0xFF,0xFF,0xFF,0xFF,0xFF,0xFF,0xFF,0xFF,0xFF,0xFF,0xFF,0xFF,0xFF,0xFF,
    0xFF,0xFF,0xFF,0xFF,0xFF,0xFF,0xFF,0xFF,0xFF,0xFF,0xFF,0xFF,0xFF,0xFF,0xFF,0xFF,
    0xFF,0xFF,0xFF,0xFF,0xFF,0xFF,0xFF,0xFF,0xFF,0xFF,0xFF,0xFF,0xFF,0xFF,0xFF,0xFF,
    0xFF,0xFF,0xFF,0xFF,0xFF,0xFF,0xFF,0xFF,0xFF,0xFF,0xFF,0xFF,0xFF,0xFF,0xFF,0xFF,
    0xFF,0xFF,0xFF,0xFF,0xFF,0xFF,0xFF,0xFF,0xFF,0xFF,0xFF,0xFF,0xFF,0xFF,0xFF,0xFF,
    0xFF,0xFF,0xFF,0xFF,0xFF,0xFF,0xFF,0xFF,0xFF,0xFF,0xFF,0xFF,0xFF,0xFF,0xFF,0xFF,
    0xFF,0xFF,0xFF,0xFF,0xFF,0xFF,0xFF,0xFF,0xFF,0xFF,0xFF,0xFF,0xFF,0xFF,0xFF,0xFF,
    0xFF,0xFF,0xFF,0xFF,0xFF,0xFF,0xFF,0xDC,0x53,0x00,0x00,0x00,0x00,0x00,0x00,0x00,
    0x00,0x00,0x00,0x00,0x00,0x00,0x00,0x00,0x00,0x00,0x00,0x00,0x00,0x00,0x00,0x00,
    0x00,0x00,0x00,0x00,0x00,0x00,0x00,0x00,0x00,0x00,0x00,0x00,0x00,0x00,0x00,0x00,
    0x00,0x00,0x00,0x00,0x00,0x00,0x00,0x00,0x76,0xFE,0xFF,0xFF,0xFF,0xFF,0xFF,0xFF,
    0xFF,0xFF,0xFF,0xFF,0xFF,0xFF,0xFF,0xFF,0xFF,0xFF,0xFF,0xFF,0xFF,0xFF,0xFF,0xFF,
    0xFF,0xFF,0xFF,0xFF,0xFF,0xFF,0xFF,0xFF,0xFF,0xFF,0xFF,0xFF,0xFF,0xFF,0xFF,0xFF,
    0xFF,0xFF,0xFF,0xFF,0xFF,0xFF,0xFF,0xFF,0xFF,0xFF,0xFF,0xFF,0xFF,0xFF,0xFF,0xFF,
    0xFF,0xFF,0xFF,0xFF,0xFF,0xFF,0xFF,0xFF,0xFF,0xFF,0xFF,0xFF,0xFF,0xFF,0xFF,0xFF,
    0xFF,0xFF,0xFF,0xFF,0xFF,0xFF,0xFF,0xFF,0xFF,0xFF,0xFF,0xFF,0xFF,0xFF,0xFF,0xFF,
    0xFF,0xFF,0xFF,0xFF,0xFF,0xFF,0xFF,0xFF,0xFF,0xFF,0xFF,0xFF,0xFF,0xFF,0xFF,0xFF,
    0xFF,0xFF,0xFF,0xFF,0xFF,0xFF,0xFF,0xFF,0xFF,0xFF,0xFF,0xFF,0xFF,0xFF,0xFF,0xFF,
    0xFF,0xFF,0xFF,0xFF,0xFF,0xFF,0xFF,0xFF,0xFF,0xFF,0xFF,0xFF,0xFF,0xFF,0xFF,0xFF,
    0xFF,0xFF,0xFF,0xFF,0xFF,0xFF,0xFF,0xFF,0xFF,0xFF,0xFF,0xFF,0xFF,0xFF,0xFF,0xFF,
    0xFF,0xFF,0xFF,0xFF,0xFF,0xFF,0xFF,0xFF,0xFF,0xFF,0xFF,0xFF,0xFF,0xFF,0xFF,0xFF,
    0xFF,0xFF,0xFF,0xFF,0xFF,0xFF,0xFF,0xFF,0xFF,0xFF,0xFF,0xFF,0xFF,0xFF,0xFF,0xFF,
    0xFF,0xFF,0xFF,0xFF,0xFF,0xFF,0xFE,0x76,0x00,0x00,0x00,0x00,0x00,0x00,0x00,0x00,
    0x00,0x00,0x00,0x00,0x00,0x00,0x00,0x00,0x00,0x00,0x00,0x00,0x00,0x00,0x00,0x00,
    0x00,0x00,0x00,0x00,0x00,0x00,0x00,0x00,0x00,0x00,0x00,0x00,0x00,0x00,0x00,0x00,
    0x00,0x00,0x00,0x00,0x00,0x00,0x00,0x00,0x10,0x97,0xFF,0xFF,0xFF,0xFF,0xFF,0xFF,
    0xFF,0xFF,0xFF,0xFF,0xFF,0xFF,0xFF,0xFF,0xFF,0xFF,0xFF,0xFF,0xFF,0xFF,0xFF,0xFF,
    0xFF,0xFF,0xFF,0xFF,0xFF,0xFF,0xFF,0xFF,0xFF,0xFF,0xFF,0xFF,0xFF,0xFF,0xFF,0xFF,
    0xFF,0xFF,0xFF,0xFF,0xFF,0xFF,0xFF,0xFF,0xFF,0xFF,0xFF,0xFF,0xFF,0xFF,0xFF,0xFF,
    0xFF,0xFF,0xFF,0xFF,0xFF,0xFF,0xFF,0xFF,0xFF,0xFF,0xFF,0xFF,0xFF,0xFF,0xFF,0xFF,
    0xFF,0xFF,0xFF,0xFF,0xFF,0xFF,0xFF,0xFF,0xFF,0xFF,0xFF,0xFF,0xFF,0xFF,0xFF,0xFF,
    0xFF,0xFF,0xFF,0xFF,0xFF,0xFF,0xFF,0xFF,0xFF,0xFF,0xFF,0xFF,0xFF,0xFF,0xFF,0xFF,
    0xFF,0xFF,0xFF,0xFF,0xFF,0xFF,0xFF,0xFF,0xFF,0xFF,0xFF,0xFF,0xFF,0xFF,0xFF,0xFF,
    0xFF,0xFF,0xFF,0xFF,0xFF,0xFF,0xFF,0xFF,0xFF,0xFF,0xFF,0xFF,0xFF,0xFF,0xFF,0xFF,
    0xFF,0xFF,0xFF,0xFF,0xFF,0xFF,0xFF,0xFF,0xFF,0xFF,0xFF,0xFF,0xFF,0xFF,0xFF,0xFF,
    0xFF,0xFF,0xFF,0xFF,0xFF,0xFF,0xFF,0xFF,0xFF,0xFF,0xFF,0xFF,0xFF,0xFF,0xFF,0xFF,
    0xFF,0xFF,0xFF,0xFF,0xFF,0xFF,0xFF,0xFF,0xFF,0xFF,0xFF,0xFF,0xFF,0xFF,0xFF,0xFF,
    0xFF,0xFF,0xFF,0xFF,0xFF,0xFF,0x97,0x10,0x00,0x00,0x00,0x00,0x00,0x00,0x00,0x00,
    0x00,0x00,0x00,0x00,0x00,0x00,0x00,0x00,0x00,0x00,0x00,0x00,0x00,0x00,0x00,0x00,
    0x00,0x00,0x00,0x00,0x00,0x00,0x00,0x00,0x00,0x00,0x00,0x00,0x00,0x00,0x00,0x00,
    0x00,0x00,0x00,0x00,0x00,0x00,0x00,0x00,0x00,0x2F,0xB5,0xFF,0xFF,0xFF,0xFF,0xFF,
    0xFF,0xFF,0xFF,0xFF,0xFF,0xFF,0xFF,0xFF,0xFF,0xFF,0xFF,0xFF,0xFF,0xFF,0xFF,0xFF,
    0xFF,0xFF,0xFF,0xFF,0xFF,0xFF,0xFF,0xFF,0xFF,0xFF,0xFF,0xFF,0xFF,0xFF,0xFF,0xFF,
    0xFF,0xFF,0xFF,0xFF,0xFF,0xFF,0xFF,0xFF,0xFF,0xFF,0xFF,0xFF,0xFF,0xFF,0xFF,0xFF,
    0xFF,0xFF,0xFF,0xFF,0xFF,0xFF,0xFF,0xFF,0xFF,0xFF,0xFF,0xFF,0xFF,0xFF,0xFF,0xFF,
    0xFF,0xFF,0xFF,0xFF,0xFF,0xFF,0xFF,0xFF,0xFF,0xFF,0xFF,0xFF,0xFF,0xFF,0xFF,0xFF,
    0xFF,0xFF,0xFF,0xFF,0xFF,0xFF,0xFF,0xFF,0xFF,0xFF,0xFF,0xFF,0xFF,0xFF,0xFF,0xFF,
    0xFF,0xFF,0xFF,0xFF,0xFF,0xFF,0xFF,0xFF,0xFF,0xFF,0xFF,0xFF,0xFF,0xFF,0xFF,0xFF,
    0xFF,0xFF,0xFF,0xFF,0xFF,0xFF,0xFF,0xFF,0xFF,0xFF,0xFF,0xFF,0xFF,0xFF,0xFF,0xFF,
    0xFF,0xFF,0xFF,0xFF,0xFF,0xFF,0xFF,0xFF,0xFF,0xFF,0xFF,0xFF,0xFF,0xFF,0xFF,0xFF,
    0xFF,0xFF,0xFF,0xFF,0xFF,0xFF,0xFF,0xFF,0xFF,0xFF,0xFF,0xFF,0xFF,0xFF,0xFF,0xFF,
    0xFF,0xFF,0xFF,0xFF,0xFF,0xFF,0xFF,0xFF,0xFF,0xFF,0xFF,0xFF,0xFF,0xFF,0xFF,0xFF,
    0xFF,0xFF,0xFF,0xFF,0xFF,0xB5,0x2F,0x00,0x00,0x00,0x00,0x00,0x00,0x00,0x00,0x00,
    0x00,0x00,0x00,0x00,0x00,0x00,0x00,0x00,0x00,0x00,0x00,0x00,0x00,0x00,0x00,0x00,
    0x00,0x00,0x00,0x00,0x00,0x00,0x00,0x00,0x00,0x00,0x00,0x00,0x00,0x00,0x00,0x00,
    0x00,0x00,0x00,0x00,0x00,0x00,0x00,0x00,0x00,0x00,0x4C,0xD0,0xFF,0xFF,0xFF,0xFF,
    0xFF,0xFF,0xFF,0xFF,0xFF,0xFF,0xFF,0xFF,0xFF,0xFF,0xFF,0xFF,0xFF,0xFF,0xFF,0xFF,
    0xFF,0xFF,0xFF,0xFF,0xFF,0xFF,0xFF,0xFF,0xFF,0xFF,0xFF,0xFF,0xFF,0xFF,0xFF,0xFF,
    0xFF,0xFF,0xFF,0xFF,0xFF,0xFF,0xFF,0xFF,0xFF,0xFF,0xFF,0xFF,0xFF,0xFF,0xFF,0xFF,
    0xFF,0xFF,0xFF,0xFF,0xFF,0xFF,0xFF,0xFF,0xFF,0xFF,0xFF,0xFF,0xFF,0xFF,0xFF,0xFF,
    0xFF,0xFF,0xFF,0xFF,0xFF,0xFF,0xFF,0xFF,0xFF,0xFF,0xFF,0xFF,0xFF,0xFF,0xFF,0xFF,
    0xFF,0xFF,0xFF,0xFF,0xFF,0xFF,0xFF,0xFF,0xFF,0xFF,0xFF,0xFF,0xFF,0xFF,0xFF,0xFF,
    0xFF,0xFF,0xFF,0xFF,0xFF,0xFF,0xFF,0xFF,0xFF,0xFF,0xFF,0xFF,0xFF,0xFF,0xFF,0xFF,
    0xFF,0xFF,0xFF,0xFF,0xFF,0xFF,0xFF,0xFF,0xFF,0xFF,0xFF,0xFF,0xFF,0xFF,0xFF,0xFF,
    0xFF,0xFF,0xFF,0xFF,0xFF,0xFF,0xFF,0xFF,0xFF,0xFF,0xFF,0xFF,0xFF,0xFF,0xFF,0xFF,
    0xFF,0xFF,0xFF,0xFF,0xFF,0xFF,0xFF,0xFF,0xFF,0xFF,0xFF,0xFF,0xFF,0xFF,0xFF,0xFF,
    0xFF,0xFF,0xFF,0xFF,0xFF,0xFF,0xFF,0xFF,0xFF,0xFF,0xFF,0xFF,0xFF,0xFF,0xFF,0xFF,
    0xFF,0xFF,0xFF,0xFF,0xD0,0x4C,0x00,0x00,0x00,0x00,0x00,0x00,0x00,0x00,0x00,0x00,
    0x00,0x00,0x00,0x00,0x00,0x00,0x00,0x00,0x00,0x00,0x00,0x00,0x00,0x00,0x00,0x00,
    0x00,0x00,0x00,0x00,0x00,0x00,0x00,0x00,0x00,0x00,0x00,0x00,0x00,0x00,0x00,0x00,
    0x00,0x00,0x00,0x00,0x00,0x00,0x00,0x00,0x00,0x00,0x00,0x65,0xE9,0xFF,0xFF,0xFF,
    0xFF,0xFF,0xFF,0xFF,0xFF,0xFF,0xFF,0xFF,0xFF,0xFF,0xFF,0xFF,0xFF,0xFF,0xFF,0xFF,
    0xFF,0xFF,0xFF,0xFF,0xFF,0xFF,0xFF,0xFF,0xFF,0xFF,0xFF,0xFF,0xFF,0xFF,0xFF,0xFF,
    0xFF,0xFF,0xFF,0xFF,0xFF,0xFF,0xFF,0xFF,0xFF,0xFF,0xFF,0xFF,0xFF,0xFF,0xFF,0xFF,
    0xFF,0xFF,0xFF,0xFF,0xFF,0xFF,0xFF,0xFF,0xFF,0xFF,0xFF,0xFF,0xFF,0xFF,0xFF,0xFF,
    0xFF,0xFF,0xFF,0xFF,0xFF,0xFF,0xFF,0xFF,0xFF,0xFF,0xFF,0xFF,0xFF,0xFF,0xFF,0xFF,
    0xFF,0xFF,0xFF,0xFF,0xFF,0xFF,0xFF,0xFF,0xFF,0xFF,0xFF,0xFF,0xFF,0xFF,0xFF,0xFF,
    0xFF,0xFF,0xFF,0xFF,0xFF,0xFF,0xFF,0xFF,0xFF,0xFF,0xFF,0xFF,0xFF,0xFF,0xFF,0xFF,
    0xFF,0xFF,0xFF,0xFF,0xFF,0xFF,0xFF,0xFF,0xFF,0xFF,0xFF,0xFF,0xFF,0xFF,0xFF,0xFF,
    0xFF,0xFF,0xFF,0xFF,0xFF,0xFF,0xFF,0xFF,0xFF,0xFF,0xFF,0xFF,0xFF,0xFF,0xFF,0xFF,
    0xFF,0xFF,0xFF,0xFF,0xFF,0xFF,0xFF,0xFF,0xFF,0xFF,0xFF,0xFF,0xFF,0xFF,0xFF,0xFF,
    0xFF,0xFF,0xFF,0xFF,0xFF,0xFF,0xFF,0xFF,0xFF,0xFF,0xFF,0xFF,0xFF,0xFF,0xFF,0xFF,
    0xFF,0xFF,0xFF,0xE9,0x65,0x00,0x00,0x00,0x00,0x00,0x00,0x00,0x00,0x00,0x00,0x00,
    0x00,0x00,0x00,0x00,0x00,0x00,0x00,0x00,0x00,0x00,0x00,0x00,0x00,0x00,0x00,0x00,
    0x00,0x00,0x00,0x00,0x00,0x00,0x00,0x00,0x00,0x00,0x00,0x00,0x00,0x00,0x00,0x00,
    0x00,0x00,0x00,0x00,0x00,0x00,0x00,0x00,0x00,0x00,0x00,0x00,0x7C,0xFE,0xFF,0xFF,
    0xFF,0xFF,0xFF,0xFF,0xFF,0xFF,0xFF,0xFF,0xFF,0xFF,0xFF,0xFF,0xFF,0xFF,0xFF,0xFF,
    0xFF,0xFF,0xFF,0xFF,0xFF,0xFF,0xFF,0xFF,0xFF,0xFF,0xFF,0xFF,0xFF,0xFF,0xFF,0xFF,
    0xFF,0xFF,0xFF,0xFF,0xFF,0xFF,0xFF,0xFF,0xFF,0xFF,0xFF,0xFF,0xFF,0xFF,0xFF,0xFF,
    0xFF,0xFF,0xFF,0xFF,0xFF,0xFF,0xFF,0xFF,0xFF,0xFF,0xFF,0xFF,0xFF,0xFF,0xFF,0xFF,
    0xFF,0xFF,0xFF,0xFF,0xFF,0xFF,0xFF,0xFF,0xFF,0xFF,0xFF,0xFF,0xFF,0xFF,0xFF,0xFF,
    0xFF,0xFF,0xFF,0xFF,0xFF,0xFF,0xFF,0xFF,0xFF,0xFF,0xFF,0xFF,0xFF,0xFF,0xFF,0xFF,
    0xFF,0xFF,0xFF,0xFF,0xFF,0xFF,0xFF,0xFF,0xFF,0xFF,0xFF,0xFF,0xFF,0xFF,0xFF,0xFF,
    0xFF,0xFF,0xFF,0xFF,0xFF,0xFF,0xFF,0xFF,0xFF,0xFF,0xFF,0xFF,0xFF,0xFF,0xFF,0xFF,
    0xFF,0xFF,0xFF,0xFF,0xFF,0xFF,0xFF,0xFF,0xFF,0xFF,0xFF,0xFF,0xFF,0xFF,0xFF,0xFF,
    0xFF,0xFF,0xFF,0xFF,0xFF,0xFF,0xFF,0xFF,0xFF,0xFF,0xFF,0xFF,0xFF,0xFF,0xFF,0xFF,
    0xFF,0xFF,0xFF,0xFF,0xFF,0xFF,0xFF,0xFF,0xFF,0xFF,0xFF,0xFF,0xFF,0xFF,0xFF,0xFF,
    0xFF,0xFF,0xFE,0x7C,0x00,0x00,0x00,0x00,0x00,0x00,0x00,0x00,0x00,0x00,0x00,0x00,
    0x00,0x00,0x00,0x00,0x00,0x00,0x00,0x00,0x00,0x00,0x00,0x00,0x00,0x00,0x00,0x00,
    0x00,0x00,0x00,0x00,0x00,0x00,0x00,0x00,0x00,0x00,0x00,0x00,0x00,0x00,0x00,0x00,
    0x00,0x00,0x00,0x00,0x00,0x00,0x00,0x00,0x00,0x00,0x00,0x00,0x0F,0x90,0xFF,0xFF,
    0xFF,0xFF,0xFF,0xFF,0xFF,0xFF,0xFF,0xFF,0xFF,0xFF,0xFF,0xFF,0xFF,0xFF,0xFF,0xFF,
    0xFF,0xFF,0xFF,0xFF,0xFF,0xFF,0xFF,0xFF,0xFF,0xFF,0xFF,0xFF,0xFF,0xFF,0xFF,0xFF,
    0xFF,0xFF,0xFF,0xFF,0xFF,0xFF,0xFF,0xFF,0xFF,0xFF,0xFF,0xFF,0xFF,0xFF,0xFF,0xFF,
    0xFF,0xFF,0xFF,0xFF,0xFF,0xFF,0xFF,0xFF,0xFF,0xFF,0xFF,0xFF,0xFF,0xFF,0xFF,0xFF,
    0xFF,0xFF,0xFF,0xFF,0xFF,0xFF,0xFF,0xFF,0xFF,0xFF,0xFF,0xFF,0xFF,0xFF,0xFF,0xFF,
    0xFF,0xFF,0xFF,0xFF,0xFF,0xFF,0xFF,0xFF,0xFF,0xFF,0xFF,0xFF,0xFF,0xFF,0xFF,0xFF,
    0xFF,0xFF,0xFF,0xFF,0xFF,0xFF,0xFF,0xFF,0xFF,0xFF,0xFF,0xFF,0xFF,0xFF,0xFF,0xFF,
    0xFF,0xFF,0xFF,0xFF,0xFF,0xFF,0xFF,0xFF,0xFF,0xFF,0xFF,0xFF,0xFF,0xFF,0xFF,0xFF,
    0xFF,0xFF,0xFF,0xFF,0xFF,0xFF,0xFF,0xFF,0xFF,0xFF,0xFF,0xFF,0xFF,0xFF,0xFF,0xFF,
    0xFF,0xFF,0xFF,0xFF,0xFF,0xFF,0xFF,0xFF,0xFF,0xFF,0xFF,0xFF,0xFF,0xFF,0xFF,0xFF,
    0xFF,0xFF,0xFF,0xFF,0xFF,0xFF,0xFF,0xFF,0xFF,0xFF,0xFF,0xFF,0xFF,0xFF,0xFF,0xFF,
    0xFF,0xFF,0x90,0x0F,0x00,0x00,0x00,0x00,0x00,0x00,0x00,0x00,0x00,0x00,0x00,0x00,
    0x00,0x00,0x00,0x00,0x00,0x00,0x00,0x00,0x00,0x00,0x00,0x00,0x00,0x00,0x00,0x00,
    0x00,0x00,0x00,0x00,0x00,0x00,0x00,0x00,0x00,0x00,0x00,0x00,0x00,0x00,0x00,0x00,
    0x00,0x00,0x00,0x00,0x00,0x00,0x00,0x00,0x00,0x00,0x00,0x00,0x00,0x21,0xA1,0xFF,
    0xFF,0xFF,0xFF,0xFF,0xFF,0xFF,0xFF,0xFF,0xFF,0xFF,0xFF,0xFF,0xFF,0xFF,0xFF,0xFF,
    0xFF,0xFF,0xFF,0xFF,0xFF,0xFF,0xFF,0xFF,0xFF,0xFF,0xFF,0xFF,0xFF,0xFF,0xFF,0xFF,
    0xFF,0xFF,0xFF,0xFF,0xFF,0xFF,0xFF,0xFF,0xFF,0xFF,0xFF,0xFF,0xFF,0xFF,0xFF,0xFF,
    0xFF,0xFF,0xFF,0xFF,0xFF,0xFF,0xFF,0xFF,0xFF,0xFF,0xFF,0xFF,0xFF,0xFF,0xFF,0xFF,
    0xFF,0xFF,0xFF,0xFF,0xFF,0xFF,0xFF,0xFF,0xFF,0xFF,0xFF,0xFF,0xFF,0xFF,0xFF,0xFF,
    0xFF,0xFF,0xFF,0xFF,0xFF,0xFF,0xFF,0xFF,0xFF,0xFF,0xFF,0xFF,0xFF,0xFF,0xFF,0xFF,
    0xFF,0xFF,0xFF,0xFF,0xFF,0xFF,0xFF,0xFF,0xFF,0xFF,0xFF,0xFF,0xFF,0xFF,0xFF,0xFF,
    0xFF,0xFF,0xFF,0xFF,0xFF,0xFF,0xFF,0xFF,0xFF,0xFF,0xFF,0xFF,0xFF,0xFF,0xFF,0xFF,
    0xFF,0xFF,0xFF,0xFF,0xFF,0xFF,0xFF,0xFF,0xFF,0xFF,0xFF,0xFF,0xFF,0xFF,0xFF,0xFF,
    0xFF,0xFF,0xFF,0xFF,0xFF,0xFF,0xFF,0xFF,0xFF,0xFF,0xFF,0xFF,0xFF,0xFF,0xFF,0xFF,
    0xFF,0xFF,0xFF,0xFF,0xFF,0xFF,0xFF,0xFF,0xFF,0xFF,0xFF,0xFF,0xFF,0xFF,0xFF,0xFF,
    0xFF,0xA1,0x21,0x00,0x00,0x00,0x00,0x00,0x00,0x00,0x00,0x00,0x00,0x00,0x00,0x00,
    0x00,0x00,0x00,0x00,0x00,0x00,0x00,0x00,0x00,0x00,0x00,0x00,0x00,0x00,0x00,0x00,
    0x00,0x00,0x00,0x00,0x00,0x00,0x00,0x00,0x00,0x00,0x00,0x00,0x00,0x00,0x00,0x00,
    0x00,0x00,0x00,0x00,0x00,0x00,0x00,0x00,0x00,0x00,0x00,0x00,0x00,0x00,0x31,0xB0,
    0xFF,0xFF,0xFF,0xFF,0xFF,0xFF,0xFF,0xFF,0xFF,0xFF,0xFF,0xFF,0xFF,0xFF,0xFF,0xFF,
    0xFF,0xFF,0xFF,0xFF,0xFF,0xFF,0xFF,0xFF,0xFF,0xFF,0xFF,0xFF,0xFF,0xFF,0xFF,0xFF,
    0xFF,0xFF,0xFF,0xFF,0xFF,0xFF,0xFF,0xFF,0xFF,0xFF,0xFF,0xFF,0xFF,0xFF,0xFF,0xFF,
    0xFF,0xFF,0xFF,0xFF,0xFF,0xFF,0xFF,0xFF,0xFF,0xFF,0xFF,0xFF,0xFF,0xFF,0xFF,0xFF,
    0xFF,0xFF,0xFF,0xFF,0xFF,0xFF,0xFF,0xFF,0xFF,0xFF,0xFF,0xFF,0xFF,0xFF,0xFF,0xFF,
    0xFF,0xFF,0xFF,0xFF,0xFF,0xFF,0xFF,0xFF,0xFF,0xFF,0xFF,0xFF,0xFF,0xFF,0xFF,0xFF,
    0xFF,0xFF,0xFF,0xFF,0xFF,0xFF,0xFF,0xFF,0xFF,0xFF,0xFF,0xFF,0xFF,0xFF,0xFF,0xFF,
    0xFF,0xFF,0xFF,0xFF,0xFF,0xFF,0xFF,0xFF,0xFF,0xFF,0xFF,0xFF,0xFF,0xFF,0xFF,0xFF,
    0xFF,0xFF,0xFF,0xFF,0xFF,0xFF,0xFF,0xFF,0xFF,0xFF,0xFF,0xFF,0xFF,0xFF,0xFF,0xFF,
    0xFF,0xFF,0xFF,0xFF,0xFF,0xFF,0xFF,0xFF,0xFF,0xFF,0xFF,0xFF,0xFF,0xFF,0xFF,0xFF,
    0xFF,0xFF,0xFF,0xFF,0xFF,0xFF,0xFF,0xFF,0xFF,0xFF,0xFF,0xFF,0xFF,0xFF,0xFF,0xFF,
    0xB0,0x31,0x00,0x00,0x00,0x00,0x00,0x00,0x00,0x00,0x00,0x00,0x00,0x00,0x00,0x00,
    0x00,0x00,0x00,0x00,0x00,0x00,0x00,0x00,0x00,0x00,0x00,0x00,0x00,0x00,0x00,0x00,
    0x00,0x00,0x00,0x00,0x00,0x00,0x00,0x00,0x00,0x00,0x00,0x00,0x00,0x00,0x00,0x00,
    0x00,0x00,0x00,0x00,0x00,0x00,0x00,0x00,0x00,0x00,0x00,0x00,0x00,0x00,0x00,0x3E,
    0xBB,0xFF,0xFF,0xFF,0xFF,0xFF,0xFF,0xFF,0xFF,0xFF,0xFF,0xFF,0xFF,0xFF,0xFF,0xFF,
    0xFF,0xFF,0xFF,0xFF,0xFF,0xFF,0xFF,0xFF,0xFF,0xFF,0xFF,0xFF,0xFF,0xFF,0xFF,0xFF,
    0xFF,0xFF,0xFF,0xFF,0xFF,0xFF,0xFF,0xFF,0xFF,0xFF,0xFF,0xFF,0xFF,0xFF,0xFF,0xFF,
    0xFF,0xFF,0xFF,0xFF,0xFF,0xFF,0xFF,0xFF,0xFF,0xFF,0xFF,0xFF,0xFF,0xFF,0xFF,0xFF,
    0xFF,0xFF,0xFF,0xFF,0xFF,0xFF,0xFF,0xFF,0xFF,0xFF,0xFF,0xFF,0xFF,0xFF,0xFF,0xFF,
    0xFF,0xFF,0xFF,0xFF,0xFF,0xFF,0xFF,0xFF,0xFF,0xFF,0xFF,0xFF,0xFF,0xFF,0xFF,0xFF,
    0xFF,0xFF,0xFF,0xFF,0xFF,0xFF,0xFF,0xFF,0xFF,0xFF,0xFF,0xFF,0xFF,0xFF,0xFF,0xFF,
    0xFF,0xFF,0xFF,0xFF,0xFF,0xFF,0xFF,0xFF,0xFF,0xFF,0xFF,0xFF,0xFF,0xFF,0xFF,0xFF,
    0xFF,0xFF,0xFF,0xFF,0xFF,0xFF,0xFF,0xFF,0xFF,0xFF,0xFF,0xFF,0xFF,0xFF,0xFF,0xFF,
    0xFF,0xFF,0xFF,0xFF,0xFF,0xFF,0xFF,0xFF,0xFF,0xFF,0xFF,0xFF,0xFF,0xFF,0xFF,0xFF,
    0xFF,0xFF,0xFF,0xFF,0xFF,0xFF,0xFF,0xFF,0xFF,0xFF,0xFF,0xFF,0xFF,0xFF,0xFF,0xBB,
    0x3E,0x00,0x00,0x00,0x00,0x00,0x00,0x00,0x00,0x00,0x00,0x00,0x00,0x00,0x00,0x00,
    0x00,0x00,0x00,0x00,0x00,0x00,0x00,0x00,0x00,0x00,0x00,0x00,0x00,0x00,0x00,0x00,
    0x00,0x00,0x00,0x00,0x00,0x00,0x00,0x00,0x00,0x00,0x00,0x00,0x00,0x00,0x00,0x00,
    0x00,0x00,0x00,0x00,0x00,0x00,0x00,0x00,0x00,0x00,0x00,0x00,0x00,0x00,0x00,0x00,
    0x48,0xC4,0xFF,0xFF,0xFF,0xFF,0xFF,0xFF,0xFF,0xFF,0xFF,0xFF,0xFF,0xFF,0xFF,0xFF,
    0xFF,0xFF,0xFF,0xFF,0xFF,0xFF,0xFF,0xFF,0xFF,0xFF,0xFF,0xFF,0xFF,0xFF,0xFF,0xFF,
    0xFF,0xFF,0xFF,0xFF,0xFF,0xFF,0xFF,0xFF,0xFF,0xFF,0xFF,0xFF,0xFF,0xFF,0xFF,0xFF,
    0xFF,0xFF,0xFF,0xFF,0xFF,0xFF,0xFF,0xFF,0xFF,0xFF,0xFF,0xFF,0xFF,0xFF,0xFF,0xFF,
    0xFF,0xFF,0xFF,0xFF,0xFF,0xFF,0xFF,0xFF,0xFF,0xFF,0xFF,0xFF,0xFF,0xFF,0xFF,0xFF,
    0xFF,0xFF,0xFF,0xFF,0xFF,0xFF,0xFF,0xFF,0xFF,0xFF,0xFF,0xFF,0xFF,0xFF,0xFF,0xFF,
    0xFF,0xFF,0xFF,0xFF,0xFF,0xFF,0xFF,0xFF,0xFF,0xFF,0xFF,0xFF,0xFF,0xFF,0xFF,0xFF,
    0xFF,0xFF,0xFF,0xFF,0xFF,0xFF,0xFF,0xFF,0xFF,0xFF,0xFF,0xFF,0xFF,0xFF,0xFF,0xFF,
    0xFF,0xFF,0xFF,0xFF,0xFF,0xFF,0xFF,0xFF,0xFF,0xFF,0xFF,0xFF,0xFF,0xFF,0xFF,0xFF,
    0xFF,0xFF,0xFF,0xFF,0xFF,0xFF,0xFF,0xFF,0xFF,0xFF,0xFF,0xFF,0xFF,0xFF,0xFF,0xFF,
    0xFF,0xFF,0xFF,0xFF,0xFF,0xFF,0xFF,0xFF,0xFF,0xFF,0xFF,0xFF,0xFF,0xFF,0xC4,0x48,
    0x00,0x00,0x00,0x00,0x00,0x00,0x00,0x00,0x00,0x00,0x00,0x00,0x00,0x00,0x00,0x00,
    0x00,0x00,0x00,0x00,0x00,0x00,0x00,0x00,0x00,0x00,0x00,0x00,0x00,0x00,0x00,0x00,
    0x00,0x00,0x00,0x00,0x00,0x00,0x00,0x00,0x00,0x00,0x00,0x00,0x00,0x00,0x00,0x00,
    0x00,0x00,0x00,0x00,0x00,0x00,0x00,0x00,0x00,0x00,0x00,0x00,0x00,0x00,0x00,0x00,
    0x00,0x4F,0xC9,0xFF,0xFF,0xFF,0xFF,0xFF,0xFF,0xFF,0xFF,0xFF,0xFF,0xFF,0xFF,0xFF,
    0xFF,0xFF,0xFF,0xFF,0xFF,0xFF,0xFF,0xFF,0xFF,0xFF,0xFF,0xFF,0xFF,0xFF,0xFF,0xFF,
    0xFF,0xFF,0xFF,0xFF,0xFF,0xFF,0xFF,0xFF,0xFF,0xFF,0xFF,0xFF,0xFF,0xFF,0xFF,0xFF,
    0xFF,0xFF,0xFF,0xFF,0xFF,0xFF,0xFF,0xFF,0xFF,0xFF,0xFF,0xFF,0xFF,0xFF,0xFF,0xFF,
    0xFF,0xFF,0xFF,0xFF,0xFF,0xFF,0xFF,0xFF,0xFF,0xFF,0xFF,0xFF,0xFF,0xFF,0xFF,0xFF,
    0xFF,0xFF,0xFF,0xFF,0xFF,0xFF,0xFF,0xFF,0xFF,0xFF,0xFF,0xFF,0xFF,0xFF,0xFF,0xFF,
    0xFF,0xFF,0xFF,0xFF,0xFF,0xFF,0xFF,0xFF,0xFF,0xFF,0xFF,0xFF,0xFF,0xFF,0xFF,0xFF,
    0xFF,0xFF,0xFF,0xFF,0xFF,0xFF,0xFF,0xFF,0xFF,0xFF,0xFF,0xFF,0xFF,0xFF,0xFF,0xFF,
    0xFF,0xFF,0xFF,0xFF,0xFF,0xFF,0xFF,0xFF,0xFF,0xFF,0xFF,0xFF,0xFF,0xFF,0xFF,0xFF,
    0xFF,0xFF,0xFF,0xFF,0xFF,0xFF,0xFF,0xFF,0xFF,0xFF,0xFF,0xFF,0xFF,0xFF,0xFF,0xFF,
    0xFF,0xFF,0xFF,0xFF,0xFF,0xFF,0xFF,0xFF,0xFF,0xFF,0xFF,0xFF,0xFF,0xC9,0x4F,0x00,
    0x00,0x00,0x00,0x00,0x00,0x00,0x00,0x00,0x00,0x00,0x00,0x00,0x00,0x00,0x00,0x00,
    0x00,0x00,0x00,0x00,0x00,0x00,0x00,0x00,0x00,0x00,0x00,0x00,0x00,0x00,0x00,0x00,
    0x00,0x00,0x00,0x00,0x00,0x00,0x00,0x00,0x00,0x00,0x00,0x00,0x00,0x00,0x00,0x00,
    0x00,0x00,0x00,0x00,0x00,0x00,0x00,0x00,0x00,0x00,0x00,0x00,0x00,0x00,0x00,0x00,
    0x00,0x00,0x53,0xCC,0xFF,0xFF,0xFF,0xFF,0xFF,0xFF,0xFF,0xFF,0xFF,0xFF,0xFF,0xFF,
    0xFF,0xFF,0xFF,0xFF,0xFF,0xFF,0xFF,0xFF,0xFF,0xFF,0xFF,0xFF,0xFF,0xFF,0xFF,0xFF,
    0xFF,0xFF,0xFF,0xFF,0xFF,0xFF,0xFF,0xFF,0xFF,0xFF,0xFF,0xFF,0xFF,0xFF,0xFF,0xFF,
    0xFF,0xFF,0xFF,0xFF,0xFF,0xFF,0xFF,0xFF,0xFF,0xFF,0xFF,0xFF,0xFF,0xFF,0xFF,0xFF,
    0xFF,0xFF,0xFF,0xFF,0xFF,0xFF,0xFF,0xFF,0xFF,0xFF,0xFF,0xFF,0xFF,0xFF,0xFF,0xFF,
    0xFF,0xFF,0xFF,0xFF,0xFF,0xFF,0xFF,0xFF,0xFF,0xFF,0xFF,0xFF,0xFF,0xFF,0xFF,0xFF,
    0xFF,0xFF,0xFF,0xFF,0xFF,0xFF,0xFF,0xFF,0xFF,0xFF,0xFF,0xFF,0xFF,0xFF,0xFF,0xFF,
    0xFF,0xFF,0xFF,0xFF,0xFF,0xFF,0xFF,0xFF,0xFF,0xFF,0xFF,0xFF,0xFF,0xFF,0xFF,0xFF,
    0xFF,0xFF,0xFF,0xFF,0xFF,0xFF,0xFF,0xFF,0xFF,0xFF,0xFF,0xFF,0xFF,0xFF,0xFF,0xFF,
    0xFF,0xFF,0xFF,0xFF,0xFF,0xFF,0xFF,0xFF,0xFF,0xFF,0xFF,0xFF,0xFF,0xFF,0xFF,0xFF,
    0xFF,0xFF,0xFF,0xFF,0xFF,0xFF,0xFF,0xFF,0xFF,0xFF,0xFF,0xFF,0xCC,0x53,0x00,0x00,
    0x00,0x00,0x00,0x00,0x00,0x00,0x00,0x00,0x00,0x00,0x00,0x00,0x00,0x00,0x00,0x00,
    0x00,0x00,0x00,0x00,0x00,0x00,0x00,0x00,0x00,0x00,0x00,0x00,0x00,0x00,0x00,0x00,
    0x00,0x00,0x00,0x00,0x00,0x00,0x00,0x00,0x00,0x00,0x00,0x00,0x00,0x00,0x00,0x00,
    0x00,0x00,0x00,0x00,0x00,0x00,0x00,0x00,0x00,0x00,0x00,0x00,0x00,0x00,0x00,0x00,
    0x00,0x00,0x00,0x54,0xCC,0xFF,0xFF,0xFF,0xFF,0xFF,0xFF,0xFF,0xFF,0xFF,0xFF,0xFF,
    0xFF,0xFF,0xFF,0xFF,0xFF,0xFF,0xFF,0xFF,0xFF,0xFF,0xFF,0xFF,0xFF,0xFF,0xFF,0xFF,
    0xFF,0xFF,0xFF,0xFF,0xFF,0xFF,0xFF,0xFF,0xFF,0xFF,0xFF,0xFF,0xFF,0xFF,0xFF,0xFF,
    0xFF,0xFF,0xFF,0xFF,0xFF,0xFF,0xFF,0xFF,0xFF,0xFF,0xFF,0xFF,0xFF,0xFF,0xFF,0xFF,
    0xFF,0xFF,0xFF,0xFF,0xFF,0xFF,0xFF,0xFF,0xFF,0xFF,0xFF,0xFF,0xFF,0xFF,0xFF,0xFF,
    0xFF,0xFF,0xFF,0xFF,0xFF,0xFF,0xFF,0xFF,0xFF,0xFF,0xFF,0xFF,0xFF,0xFF,0xFF,0xFF,
    0xFF,0xFF,0xFF,0xFF,0xFF,0xFF,0xFF,0xFF,0xFF,0xFF,0xFF,0xFF,0xFF,0xFF,0xFF,0xFF,
    0xFF,0xFF,0xFF,0xFF,0xFF,0xFF,0xFF,0xFF,0xFF,0xFF,0xFF,0xFF,0xFF,0xFF,0xFF,0xFF,
    0xFF,0xFF,0xFF,0xFF,0xFF,0xFF,0xFF,0xFF,0xFF,0xFF,0xFF,0xFF,0xFF,0xFF,0xFF,0xFF,
    0xFF,0xFF,0xFF,0xFF,0xFF,0xFF,0xFF,0xFF,0xFF,0xFF,0xFF,0xFF,0xFF,0xFF,0xFF,0xFF,
    0xFF,0xFF,0xFF,0xFF,0xFF,0xFF,0xFF,0xFF,0xFF,0xFF,0xFF,0xCC,0x54,0x00,0x00,0x00,
    0x00,0x00,0x00,0x00,0x00,0x00,0x00,0x00,0x00,0x00,0x00,0x00,0x00,0x00,0x00,0x00,
    0x00,0x00,0x00,0x00,0x00,0x00,0x00,0x00,0x00,0x00,0x00,0x00,0x00,0x00,0x00,0x00,
    0x00,0x00,0x00,0x00,0x00,0x00,0x00,0x00,0x00,0x00,0x00,0x00,0x00,0x00,0x00,0x00,
    0x00,0x00,0x00,0x00,0x00,0x00,0x00,0x00,0x00,0x00,0x00,0x00,0x00,0x00,0x00,0x00,
    0x00,0x00,0x00,0x00,0x53,0xC9,0xFF,0xFF,0xFF,0xFF,0xFF,0xFF,0xFF,0xFF,0xFF,0xFF,
    0xFF,0xFF,0xFF,0xFF,0xFF,0xFF,0xFF,0xFF,0xFF,0xFF,0xFF,0xFF,0xFF,0xFF,0xFF,0xFF,
    0xFF,0xFF,0xFF,0xFF,0xFF,0xFF,0xFF,0xFF,0xFF,0xFF,0xFF,0xFF,0xFF,0xFF,0xFF,0xFF,
    0xFF,0xFF,0xFF,0xFF,0xFF,0xFF,0xFF,0xFF,0xFF,0xFF,0xFF,0xFF,0xFF,0xFF,0xFF,0xFF,
    0xFF,0xFF,0xFF,0xFF,0xFF,0xFF,0xFF,0xFF,0xFF,0xFF,0xFF,0xFF,0xFF,0xFF,0xFF,0xFF,
    0xFF,0xFF,0xFF,0xFF,0xFF,0xFF,0xFF,0xFF,0xFF,0xFF,0xFF,0xFF,0xFF,0xFF,0xFF,0xFF,
    0xFF,0xFF,0xFF,0xFF,0xFF,0xFF,0xFF,0xFF,0xFF,0xFF,0xFF,0xFF,0xFF,0xFF,0xFF,0xFF,
    0xFF,0xFF,0xFF,0xFF,0xFF,0xFF,0xFF,0xFF,0xFF,0xFF,0xFF,0xFF,0xFF,0xFF,0xFF,0xFF,
    0xFF,0xFF,0xFF,0xFF,0xFF,0xFF,0xFF,0xFF,0xFF,0xFF,0xFF,0xFF,0xFF,0xFF,0xFF,0xFF,
    0xFF,0xFF,0xFF,0xFF,0xFF,0xFF,0xFF,0xFF,0xFF,0xFF,0xFF,0xFF,0xFF,0xFF,0xFF,0xFF,
    0xFF,0xFF,0xFF,0xFF,0xFF,0xFF,0xFF,0xFF,0xFF,0xFF,0xC9,0x53,0x00,0x00,0x00,0x00,
    0x00,0x00,0x00,0x00,0x00,0x00,0x00,0x00,0x00,0x00,0x00,0x00,0x00,0x00,0x00,0x00,
    0x00,0x00,0x00,0x00,0x00,0x00,0x00,0x00,0x00,0x00,0x00,0x00,0x00,0x00,0x00,0x00,
    0x00,0x00,0x00,0x00,0x00,0x00,0x00,0x00,0x00,0x00,0x00,0x00,0x00,0x00,0x00,0x00,
    0x00,0x00,0x00,0x00,0x00,0x00,0x00,0x00,0x00,0x00,0x00,0x00,0x00,0x00,0x00,0x00,
    0x00,0x00,0x00,0x00,0x00,0x4F,0xC4,0xFF,0xFF,0xFF,0xFF,0xFF,0xFF,0xFF,0xFF,0xFF,
    0xFF,0xFF,0xFF,0xFF,0xFF,0xFF,0xFF,0xFF,0xFF,0xFF,0xFF,0xFF,0xFF,0xFF,0xFF,0xFF,
    0xFF,0xFF,0xFF,0xFF,0xFF,0xFF,0xFF,0xFF,0xFF,0xFF,0xFF,0xFF,0xFF,0xFF,0xFF,0xFF,
    0xFF,0xFF,0xFF,0xFF,0xFF,0xFF,0xFF,0xFF,0xFF,0xFF,0xFF,0xFF,0xFF,0xFF,0xFF,0xFF,
    0xFF,0xFF,0xFF,0xFF,0xFF,0xFF,0xFF,0xFF,0xFF,0xFF,0xFF,0xFF,0xFF,0xFF,0xFF,0xFF,
    0xFF,0xFF,0xFF,0xFF,0xFF,0xFF,0xFF,0xFF,0xFF,0xFF,0xFF,0xFF,0xFF,0xFF,0xFF,0xFF,
    0xFF,0xFF,0xFF,0xFF,0xFF,0xFF,0xFF,0xFF,0xFF,0xFF,0xFF,0xFF,0xFF,0xFF,0xFF,0xFF,
    0xFF,0xFF,0xFF,0xFF,0xFF,0xFF,0xFF,0xFF,0xFF,0xFF,0xFF,0xFF,0xFF,0xFF,0xFF,0xFF,
    0xFF,0xFF,0xFF,0xFF,0xFF,0xFF,0xFF,0xFF,0xFF,0xFF,0xFF,0xFF,0xFF,0xFF,0xFF,0xFF,
    0xFF,0xFF,0xFF,0xFF,0xFF,0xFF,0xFF,0xFF,0xFF,0xFF,0xFF,0xFF,0xFF,0xFF,0xFF,0xFF,
    0xFF,0xFF,0xFF,0xFF,0xFF,0xFF,0xFF,0xFF,0xFF,0xC4,0x4F,0x00,0x00,0x00,0x00,0x00,
    0x00,0x00,0x00,0x00,0x00,0x00,0x00,0x00,0x00,0x00,0x00,0x00,0x00,0x00,0x00,0x00,
    0x00,0x00,0x00,0x00,0x00,0x00,0x00,0x00,0x00,0x00,0x00,0x00,0x00,0x00,0x00,0x00,
    0x00,0x00,0x00,0x00,0x00,0x00,0x00,0x00,0x00,0x00,0x00,0x00,0x00,0x00,0x00,0x00,
    0x00,0x00,0x00,0x00,0x00,0x00,0x00,0x00,0x00,0x00,0x00,0x00,0x00,0x00,0x00,0x00,
    0x00,0x00,0x00,0x00,0x00,0x00,0x48,0xBB,0xFF,0xFF,0xFF,0xFF,0xFF,0xFF,0xFF,0xFF,
    0xFF,0xFF,0xFF,0xFF,0xFF,0xFF,0xFF,0xFF,0xFF,0xFF,0xFF,0xFF,0xFF,0xFF,0xFF,0xFF,
    0xFF,0xFF,0xFF,0xFF,0xFF,0xFF,0xFF,0xFF,0xFF,0xFF,0xFF,0xFF,0xFF,0xFF,0xFF,0xFF,
    0xFF,0xFF,0xFF,0xFF,0xFF,0xFF,0xFF,0xFF,0xFF,0xFF,0xFF,0xFF,0xFF,0xFF,0xFF,0xFF,
    0xFF,0xFF,0xFF,0xFF,0xFF,0xFF,0xFF,0xFF,0xFF,0xFF,0xFF,0xFF,0xFF,0xFF,0xFF,0xFF,
    0xFF,0xFF,0xFF,0xFF,0xFF,0xFF,0xFF,0xFF,0xFF,0xFF,0xFF,0xFF,0xFF,0xFF,0xFF,0xFF,
    0xFF,0xFF,0xFF,0xFF,0xFF,0xFF,0xFF,0xFF,0xFF,0xFF,0xFF,0xFF,0xFF,0xFF,0xFF,0xFF,
    0xFF,0xFF,0xFF,0xFF,0xFF,0xFF,0xFF,0xFF,0xFF,0xFF,0xFF,0xFF,0xFF,0xFF,0xFF,0xFF,
    0xFF,0xFF,0xFF,0xFF,0xFF,0xFF,0xFF,0xFF,0xFF,0xFF,0xFF,0xFF,0xFF,0xFF,0xFF,0xFF,
    0xFF,0xFF,0xFF,0xFF,0xFF,0xFF,0xFF,0xFF,0xFF,0xFF,0xFF,0xFF,0xFF,0xFF,0xFF,0xFF,
    0xFF,0xFF,0xFF,0xFF,0xFF,0xFF,0xFF,0xFF,0xBB,0x48,0x00,0x00,0x00,0x00,0x00,0x00,
    0x00,0x00,0x00,0x00,0x00,0x00,0x00,0x00,0x00,0x00,0x00,0x00,0x00,0x00,0x00,0x00,
    0x00,0x00,0x00,0x00,0x00,0x00,0x00,0x00,0x00,0x00,0x00,0x00,0x00,0x00,0x00,0x00,
    0x00,0x00,0x00,0x00,0x00,0x00,0x00,0x00,0x00,0x00,0x00,0x00,0x00,0x00,0x00,0x00,
    0x00,0x00,0x00,0x00,0x00,0x00,0x00,0x00,0x00,0x00,0x00,0x00,0x00,0x00,0x00,0x00,
    0x00,0x00,0x00,0x00,0x00,0x00,0x00,0x3E,0xB0,0xFF,0xFF,0xFF,0xFF,0xFF,0xFF,0xFF,
    0xFF,0xFF,0xFF,0xFF,0xFF,0xFF,0xFF,0xFF,0xFF,0xFF,0xFF,0xFF,0xFF,0xFF,0xFF,0xFF,
    0xFF,0xFF,0xFF,0xFF,0xFF,0xFF,0xFF,0xFF,0xFF,0xFF,0xFF,0xFF,0xFF,0xFF,0xFF,0xFF,
    0xFF,0xFF,0xFF,0xFF,0xFF,0xFF,0xFF,0xFF,0xFF,0xFF,0xFF,0xFF,0xFF,0xFF,0xFF,0xFF,
    0xFF,0xFF,0xFF,0xFF,0xFF,0xFF,0xFF,0xFF,0xFF,0xFF,0xFF,0xFF,0xFF,0xFF,0xFF,0xFF,
    0xFF,0xFF,0xFF,0xFF,0xFF,0xFF,0xFF,0xFF,0xFF,0xFF,0xFF,0xFF,0xFF,0xFF,0xFF,0xFF,
    0xFF,0xFF,0xFF,0xFF,0xFF,0xFF,0xFF,0xFF,0xFF,0xFF,0xFF,0xFF,0xFF,0xFF,0xFF,0xFF,
    0xFF,0xFF,0xFF,0xFF,0xFF,0xFF,0xFF,0xFF,0xFF,0xFF,0xFF,0xFF,0xFF,0xFF,0xFF,0xFF,
    0xFF,0xFF,0xFF,0xFF,0xFF,0xFF,0xFF,0xFF,0xFF,0xFF,0xFF,0xFF,0xFF,0xFF,0xFF,0xFF,
    0xFF,0xFF,0xFF,0xFF,0xFF,0xFF,0xFF,0xFF,0xFF,0xFF,0xFF,0xFF,0xFF,0xFF,0xFF,0xFF,
    0xFF,0xFF,0xFF,0xFF,0xFF,0xFF,0xFF,0xB0,0x3E,0x00,0x00,0x00,0x00,0x00,0x00,0x00,
    0x00,0x00,0x00,0x00,0x00,0x00,0x00,0x00,0x00,0x00,0x00,0x00,0x00,0x00,0x00,0x00,
    0x00,0x00,0x00,0x00,0x00,0x00,0x00,0x00,0x00,0x00,0x00,0x00,0x00,0x00,0x00,0x00,
    0x00,0x00,0x00,0x00,0x00,0x00,0x00,0x00,0x00,0x00,0x00,0x00,0x00,0x00,0x00,0x00,
    0x00,0x00,0x00,0x00,0x00,0x00,0x00,0x00,0x00,0x00,0x00,0x00,0x00,0x00,0x00,0x00,
    0x00,0x00,0x00,0x00,0x00,0x00,0x00,0x00,0x31,0xA1,0xFF,0xFF,0xFF,0xFF,0xFF,0xFF,
    0xFF,0xFF,0xFF,0xFF,0xFF,0xFF,0xFF,0xFF,0xFF,0xFF,0xFF,0xFF,0xFF,0xFF,0xFF,0xFF,
    0xFF,0xFF,0xFF,0xFF,0xFF,0xFF,0xFF,0xFF,0xFF,0xFF,0xFF,0xFF,0xFF,0xFF,0xFF,0xFF,
    0xFF,0xFF,0xFF,0xFF,0xFF,0xFF,0xFF,0xFF,0xFF,0xFF,0xFF,0xFF,0xFF,0xFF,0xFF,0xFF,
    0xFF,0xFF,0xFF,0xFF,0xFF,0xFF,0xFF,0xFF,0xFF,0xFF,0xFF,0xFF,0xFF,0xFF,0xFF,0xFF,
    0xFF,0xFF,0xFF,0xFF,0xFF,0xFF,0xFF,0xFF,0xFF,0xFF,0xFF,0xFF,0xFF,0xFF,0xFF,0xFF,
    0xFF,0xFF,0xFF,0xFF,0xFF,0xFF,0xFF,0xFF,0xFF,0xFF,0xFF,0xFF,0xFF,0xFF,0xFF,0xFF,
    0xFF,0xFF,0xFF,0xFF,0xFF,0xFF,0xFF,0xFF,0xFF,0xFF,0xFF,0xFF,0xFF,0xFF,0xFF,0xFF,
    0xFF,0xFF,0xFF,0xFF,0xFF,0xFF,0xFF,0xFF,0xFF,0xFF,0xFF,0xFF,0xFF,0xFF,0xFF,0xFF,
    0xFF,0xFF,0xFF,0xFF,0xFF,0xFF,0xFF,0xFF,0xFF,0xFF,0xFF,0xFF,0xFF,0xFF,0xFF,0xFF,
    0xFF,0xFF,0xFF,0xFF,0xFF,0xFF,0xA1,0x31,0x00,0x00,0x00,0x00,0x00,0x00,0x00,0x00,
    0x00,0x00,0x00,0x00,0x00,0x00,0x00,0x00,0x00,0x00,0x00,0x00,0x00,0x00,0x00,0x00,
    0x00,0x00,0x00,0x00,0x00,0x00,0x00,0x00,0x00,0x00,0x00,0x00,0x00,0x00,0x00,0x00,
    0x00,0x00,0x00,0x00,0x00,0x00,0x00,0x00,0x00,0x00,0x00,0x00,0x00,0x00,0x00,0x00,
    0x00,0x00,0x00,0x00,0x00,0x00,0x00,0x00,0x00,0x00,0x00,0x00,0x00,0x00,0x00,0x00,
    0x00,0x00,0x00,0x00,0x00,0x00,0x00,0x00,0x00,0x21,0x90,0xFE,0xFF,0xFF,0xFF,0xFF,
    0xFF,0xFF,0xFF,0xFF,0xFF,0xFF,0xFF,0xFF,0xFF,0xFF,0xFF,0xFF,0xFF,0xFF,0xFF,0xFF,
    0xFF,0xFF,0xFF,0xFF,0xFF,0xFF,0xFF,0xFF,0xFF,0xFF,0xFF,0xFF,0xFF,0xFF,0xFF,0xFF,
    0xFF,0xFF,0xFF,0xFF,0xFF,0xFF,0xFF,0xFF,0xFF,0xFF,0xFF,0xFF,0xFF,0xFF,0xFF,0xFF,
    0xFF,0xFF,0xFF,0xFF,0xFF,0xFF,0xFF,0xFF,0xFF,0xFF,0xFF,0xFF,0xFF,0xFF,0xFF,0xFF,
    0xFF,0xFF,0xFF,0xFF,0xFF,0xFF,0xFF,0xFF,0xFF,0xFF,0xFF,0xFF,0xFF,0xFF,0xFF,0xFF,
    0xFF,0xFF,0xFF,0xFF,0xFF,0xFF,0xFF,0xFF,0xFF,0xFF,0xFF,0xFF,0xFF,0xFF,0xFF,0xFF,
    0xFF,0xFF,0xFF,0xFF,0xFF,0xFF,0xFF,0xFF,0xFF,0xFF,0xFF,0xFF,0xFF,0xFF,0xFF,0xFF,
    0xFF,0xFF,0xFF,0xFF,0xFF,0xFF,0xFF,0xFF,0xFF,0xFF,0xFF,0xFF,0xFF,0xFF,0xFF,0xFF,
    0xFF,0xFF,0xFF,0xFF,0xFF,0xFF,0xFF,0xFF,0xFF,0xFF,0xFF,0xFF,0xFF,0xFF,0xFF,0xFF,
    0xFF,0xFF,0xFF,0xFF,0xFE,0x90,0x21,0x00,0x00,0x00,0x00,0x00,0x00,0x00,0x00,0x00,
    0x00,0x00,0x00,0x00,0x00,0x00,0x00,0x00,0x00,0x00,0x00,0x00,0x00,0x00,0x00,0x00,
    0x00,0x00,0x00,0x00,0x00,0x00,0x00,0x00,0x00,0x00,0x00,0x00,0x00,0x00,0x00,0x00,
    0x00,0x00,0x00,0x00,0x00,0x00,0x00,0x00,0x00,0x00,0x00,0x00,0x00,0x00,0x00,0x00,
    0x00,0x00,0x00,0x00,0x00,0x00,0x00,0x00,0x00,0x00,0x00,0x00,0x00,0x00,0x00,0x00,
    0x00,0x00,0x00,0x00,0x00,0x00,0x00,0x00,0x00,0x00,0x0F,0x7C,0xE9,0xFF,0xFF,0xFF,
    0xFF,0xFF,0xFF,0xFF,0xFF,0xFF,0xFF,0xFF,0xFF,0xFF,0xFF,0xFF,0xFF,0xFF,0xFF,0xFF,
    0xFF,0xFF,0xFF,0xFF,0xFF,0xFF,0xFF,0xFF,0xFF,0xFF,0xFF,0xFF,0xFF,0xFF,0xFF,0xFF,
    0xFF,0xFF,0xFF,0xFF,0xFF,0xFF,0xFF,0xFF,0xFF,0xFF,0xFF,0xFF,0xFF,0xFF,0xFF,0xFF,
    0xFF,0xFF,0xFF,0xFF,0xFF,0xFF,0xFF,0xFF,0xFF,0xFF,0xFF,0xFF,0xFF,0xFF,0xFF,0xFF,
    0xFF,0xFF,0xFF,0xFF,0xFF,0xFF,0xFF,0xFF,0xFF,0xFF,0xFF,0xFF,0xFF,0xFF,0xFF,0xFF,
    0xFF,0xFF,0xFF,0xFF,0xFF,0xFF,0xFF,0xFF,0xFF,0xFF,0xFF,0xFF,0xFF,0xFF,0xFF,0xFF,
    0xFF,0xFF,0xFF,0xFF,0xFF,0xFF,0xFF,0xFF,0xFF,0xFF,0xFF,0xFF,0xFF,0xFF,0xFF,0xFF,
    0xFF,0xFF,0xFF,0xFF,0xFF,0xFF,0xFF,0xFF,0xFF,0xFF,0xFF,0xFF,0xFF,0xFF,0xFF,0xFF,
    0xFF,0xFF,0xFF,0xFF,0xFF,0xFF,0xFF,0xFF,0xFF,0xFF,0xFF,0xFF,0xFF,0xFF,0xFF,0xFF,
    0xFF,0xFF,0xFF,0xE9,0x7C,0x0F,0x00,0x00,0x00,0x00,0x00,0x00,0x00,0x00,0x00,0x00,
    0x00,0x00,0x00,0x00,0x00,0x00,0x00,0x00,0x00,0x00,0x00,0x00,0x00,0x00,0x00,0x00,
    0x00,0x00,0x00,0x00,0x00,0x00,0x00,0x00,0x00,0x00,0x00,0x00,0x00,0x00,0x00,0x00,
    0x00,0x00,0x00,0x00,0x00,0x00,0x00,0x00,0x00,0x00,0x00,0x00,0x00,0x00,0x00,0x00,
    0x00,0x00,0x00,0x00,0x00,0x00,0x00,0x00,0x00,0x00,0x00,0x00,0x00,0x00,0x00,0x00,
    0x00,0x00,0x00,0x00,0x00,0x00,0x00,0x00,0x00,0x00,0x00,0x00,0x65,0xD0,0xFF,0xFF,
    0xFF,0xFF,0xFF,0xFF,0xFF,0xFF,0xFF,0xFF,0xFF,0xFF,0xFF,0xFF,0xFF,0xFF,0xFF,0xFF,
    0xFF,0xFF,0xFF,0xFF,0xFF,0xFF,0xFF,0xFF,0xFF,0xFF,0xFF,0xFF,0xFF,0xFF,0xFF,0xFF,
    0xFF,0xFF,0xFF,0xFF,0xFF,0xFF,0xFF,0xFF,0xFF,0xFF,0xFF,0xFF,0xFF,0xFF,0xFF,0xFF,
    0xFF,0xFF,0xFF,0xFF,0xFF,0xFF,0xFF,0xFF,0xFF,0xFF,0xFF,0xFF,0xFF,0xFF,0xFF,0xFF,
    0xFF,0xFF,0xFF,0xFF,0xFF,0xFF,0xFF,0xFF,0xFF,0xFF,0xFF,0xFF,0xFF,0xFF,0xFF,0xFF,
    0xFF,0xFF,0xFF,0xFF,0xFF,0xFF,0xFF,0xFF,0xFF,0xFF,0xFF,0xFF,0xFF,0xFF,0xFF,0xFF,
    0xFF,0xFF,0xFF,0xFF,0xFF,0xFF,0xFF,0xFF,0xFF,0xFF,0xFF,0xFF,0xFF,0xFF,0xFF,0xFF,
    0xFF,0xFF,0xFF,0xFF,0xFF,0xFF,0xFF,0xFF,0xFF,0xFF,0xFF,0xFF,0xFF,0xFF,0xFF,0xFF,
    0xFF,0xFF,0xFF,0xFF,0xFF,0xFF,0xFF,0xFF,0xFF,0xFF,0xFF,0xFF,0xFF,0xFF,0xFF,0xFF,
    0xFF,0xFF,0xD0,0x65,0x00,0x00,0x00,0x00,0x00,0x00,0x00,0x00,0x00,0x00,0x00,0x00,
    0x00,0x00,0x00,0x00,0x00,0x00,0x00,0x00,0x00,0x00,0x00,0x00,0x00,0x00,0x00,0x00,
    0x00,0x00,0x00,0x00,0x00,0x00,0x00,0x00,0x00,0x00,0x00,0x00,0x00,0x00,0x00,0x00,
    0x00,0x00,0x00,0x00,0x00,0x00,0x00,0x00,0x00,0x00,0x00,0x00,0x00,0x00,0x00,0x00,
    0x00,0x00,0x00,0x00,0x00,0x00,0x00,0x00,0x00,0x00,0x00,0x00,0x00,0x00,0x00,0x00,
    0x00,0x00,0x00,0x00,0x00,0x00,0x00,0x00,0x00,0x00,0x00,0x00,0x00,0x4C,0xB5,0xFF,
    0xFF,0xFF,0xFF,0xFF,0xFF,0xFF,0xFF,0xFF,0xFF,0xFF,0xFF,0xFF,0xFF,0xFF,0xFF,0xFF,
    0xFF,0xFF,0xFF,0xFF,0xFF,0xFF,0xFF,0xFF,0xFF,0xFF,0xFF,0xFF,0xFF,0xFF,0xFF,0xFF,
    0xFF,0xFF,0xFF,0xFF,0xFF,0xFF,0xFF,0xFF,0xFF,0xFF,0xFF,0xFF,0xFF,0xFF,0xFF,0xFF,
    0xFF,0xFF,0xFF,0xFF,0xFF,0xFF,0xFF,0xFF,0xFF,0xFF,0xFF,0xFF,0xFF,0xFF,0xFF,0xFF,
    0xFF,0xFF,0xFF,0xFF,0xFF,0xFF,0xFF,0xFF,0xFF,0xFF,0xFF,0xFF,0xFF,0xFF,0xFF,0xFF,
    0xFF,0xFF,0xFF,0xFF,0xFF,0xFF,0xFF,0xFF,0xFF,0xFF,0xFF,0xFF,0xFF,0xFF,0xFF,0xFF,
    0xFF,0xFF,0xFF,0xFF,0xFF,0xFF,0xFF,0xFF,0xFF,0xFF,0xFF,0xFF,0xFF,0xFF,0xFF,0xFF,
    0xFF,0xFF,0xFF,0xFF,0xFF,0xFF,0xFF,0xFF,0xFF,0xFF,0xFF,0xFF,0xFF,0xFF,0xFF,0xFF,
    0xFF,0xFF,0xFF,0xFF,0xFF,0xFF,0xFF,0xFF,0xFF,0xFF,0xFF,0xFF,0xFF,0xFF,0xFF,0xFF,
    0xFF,0xB5,0x4C,0x00,0x00,0x00,0x00,0x00,0x00,0x00,0x00,0x00,0x00,0x00,0x00,0x00,
    0x00,0x00,0x00,0x00,0x00,0x00,0x00,0x00,0x00,0x00,0x00,0x00,0x00,0x00,0x00,0x00,
    0x00,0x00,0x00,0x00,0x00,0x00,0x00,0x00,0x00,0x00,0x00,0x00,0x00,0x00,0x00,0x00,
    0x00,0x00,0x00,0x00,0x00,0x00,0x00,0x00,0x00,0x00,0x00,0x00,0x00,0x00,0x00,0x00,
    0x00,0x00,0x00,0x00,0x00,0x00,0x00,0x00,0x00,0x00,0x00,0x00,0x00,0x00,0x00,0x00,
    0x00,0x00,0x00,0x00,0x00,0x00,0x00,0x00,0x00,0x00,0x00,0x00,0x00,0x00,0x2F,0x97,
    0xFE,0xFF,0xFF,0xFF,0xFF,0xFF,0xFF,0xFF,0xFF,0xFF,0xFF,0xFF,0xFF,0xFF,0xFF,0xFF,
    0xFF,0xFF,0xFF,0xFF,0xFF,0xFF,0xFF,0xFF,0xFF,0xFF,0xFF,0xFF,0xFF,0xFF,0xFF,0xFF,
    0xFF,0xFF,0xFF,0xFF,0xFF,0xFF,0xFF,0xFF,0xFF,0xFF,0xFF,0xFF,0xFF,0xFF,0xFF,0xFF,
    0xFF,0xFF,0xFF,0xFF,0xFF,0xFF,0xFF,0xFF,0xFF,0xFF,0xFF,0xFF,0xFF,0xFF,0xFF,0xFF,
    0xFF,0xFF,0xFF,0xFF,0xFF,0xFF,0xFF,0xFF,0xFF,0xFF,0xFF,0xFF,0xFF,0xFF,0xFF,0xFF,
    0xFF,0xFF,0xFF,0xFF,0xFF,0xFF,0xFF,0xFF,0xFF,0xFF,0xFF,0xFF,0xFF,0xFF,0xFF,0xFF,
    0xFF,0xFF,0xFF,0xFF,0xFF,0xFF,0xFF,0xFF,0xFF,0xFF,0xFF,0xFF,0xFF,0xFF,0xFF,0xFF,
    0xFF,0xFF,0xFF,0xFF,0xFF,0xFF,0xFF,0xFF,0xFF,0xFF,0xFF,0xFF,0xFF,0xFF,0xFF,0xFF,
    0xFF,0xFF,0xFF,0xFF,0xFF,0xFF,0xFF,0xFF,0xFF,0xFF,0xFF,0xFF,0xFF,0xFF,0xFF,0xFE,
    0x97,0x2F,0x00,0x00,0x00,0x00,0x00,0x00,0x00,0x00,0x00,0x00,0x00,0x00,0x00,0x00,
    0x00,0x00,0x00,0x00,0x00,0x00,0x00,0x00,0x00,0x00,0x00,0x00,0x00,0x00,0x00,0x00,
    0x00,0x00,0x00,0x00,0x00,0x00,0x00,0x00,0x00,0x00,0x00,0x00,0x00,0x00,0x00,0x00,
    0x00,0x00,0x00,0x00,0x00,0x00,0x00,0x00,0x00,0x00,0x00,0x00,0x00,0x00,0x00,0x00,
    0x00,0x00,0x00,0x00,0x00,0x00,0x00,0x00,0x00,0x00,0x00,0x00,0x00,0x00,0x00,0x00,
    0x00,0x00,0x00,0x00,0x00,0x00,0x00,0x00,0x00,0x00,0x00,0x00,0x00,0x00,0x00,0x10,
    0x76,0xDC,0xFF,0xFF,0xFF,0xFF,0xFF,0xFF,0xFF,0xFF,0xFF,0xFF,0xFF,0xFF,0xFF,0xFF,
    0xFF,0xFF,0xFF,0xFF,0xFF,0xFF,0xFF,0xFF,0xFF,0xFF,0xFF,0xFF,0xFF,0xFF,0xFF,0xFF,
    0xFF,0xFF,0xFF,0xFF,0xFF,0xFF,0xFF,0xFF,0xFF,0xFF,0xFF,0xFF,0xFF,0xFF,0xFF,0xFF,
    0xFF,0xFF,0xFF,0xFF,0xFF,0xFF,0xFF,0xFF,0xFF,0xFF,0xFF,0xFF,0xFF,0xFF,0xFF,0xFF,
    0xFF,0xFF,0xFF,0xFF,0xFF,0xFF,0xFF,0xFF,0xFF,0xFF,0xFF,0xFF,0xFF,0xFF,0xFF,0xFF,
    0xFF,0xFF,0xFF,0xFF,0xFF,0xFF,0xFF,0xFF,0xFF,0xFF,0xFF,0xFF,0xFF,0xFF,0xFF,0xFF,
    0xFF,0xFF,0xFF,0xFF,0xFF,0xFF,0xFF,0xFF,0xFF,0xFF,0xFF,0xFF,0xFF,0xFF,0xFF,0xFF,
    0xFF,0xFF,0xFF,0xFF,0xFF,0xFF,0xFF,0xFF,0xFF,0xFF,0xFF,0xFF,0xFF,0xFF,0xFF,0xFF,
    0xFF,0xFF,0xFF,0xFF,0xFF,0xFF,0xFF,0xFF,0xFF,0xFF,0xFF,0xFF,0xFF,0xFF,0xDC,0x76,
    0x10,0x00,0x00,0x00,0x00,0x00,0x00,0x00,0x00,0x00,0x00,0x00,0x00,0x00,0x00,0x00,
    0x00,0x00,0x00,0x00,0x00,0x00,0x00,0x00,0x00,0x00,0x00,0x00,0x00,0x00,0x00,0x00,
    0x00,0x00,0x00,0x00,0x00,0x00,0x00,0x00,0x00,0x00,0x00,0x00,0x00,0x00,0x00,0x00,
    0x00,0x00,0x00,0x00,0x00,0x00,0x00,0x00,0x00,0x00,0x00,0x00,0x00,0x00,0x00,0x00,
    0x00,0x00,0x00,0x00,0x00,0x00,0x00,0x00,0x00,0x00,0x00,0x00,0x00,0x00,0x00,0x00,
    0x00,0x00,0x00,0x00,0x00,0x00,0x00,0x00,0x00,0x00,0x00,0x00,0x00,0x00,0x00,0x00,
    0x00,0x53,0xB7,0xFF,0xFF,0xFF,0xFF,0xFF,0xFF,0xFF,0xFF,0xFF,0xFF,0xFF,0xFF,0xFF,
    0xFF,0xFF,0xFF,0xFF,0xFF,0xFF,0xFF,0xFF,0xFF,0xFF,0xFF,0xFF,0xFF,0xFF,0xFF,0xFF,
    0xFF,0xFF,0xFF,0xFF,0xFF,0xFF,0xFF,0xFF,0xFF,0xFF,0xFF,0xFF,0xFF,0xFF,0xFF,0xFF,
    0xFF,0xFF,0xFF,0xFF,0xFF,0xFF,0xFF,0xFF,0xFF,0xFF,0xFF,0xFF,0xFF,0xFF,0xFF,0xFF,
    0xFF,0xFF,0xFF,0xFF,0xFF,0xFF,0xFF,0xFF,0xFF,0xFF,0xFF,0xFF,0xFF,0xFF,0xFF,0xFF,
    0xFF,0xFF,0xFF,0xFF,0xFF,0xFF,0xFF,0xFF,0xFF,0xFF,0xFF,0xFF,0xFF,0xFF,0xFF,0xFF,
    0xFF,0xFF,0xFF,0xFF,0xFF,0xFF,0xFF,0xFF,0xFF,0xFF,0xFF,0xFF,0xFF,0xFF,0xFF,0xFF,
    0xFF,0xFF,0xFF,0xFF,0xFF,0xFF,0xFF,0xFF,0xFF,0xFF,0xFF,0xFF,0xFF,0xFF,0xFF,0xFF,
    0xFF,0xFF,0xFF,0xFF,0xFF,0xFF,0xFF,0xFF,0xFF,0xFF,0xFF,0xFF,0xFF,0xB7,0x53,0x00,
    0x00,0x00,0x00,0x00,0x00,0x00,0x00,0x00,0x00,0x00,0x00,0x00,0x00,0x00,0x00,0x00,
    0x00,0x00,0x00,0x00,0x00,0x00,0x00,0x00,0x00,0x00,0x00,0x00,0x00,0x00,0x00,0x00,
    0x00,0x00,0x00,0x00,0x00,0x00,0x00,0x00,0x00,0x00,0x00,0x00,0x00,0x00,0x00,0x00,
    0x00,0x00,0x00,0x00,0x00,0x00,0x00,0x00,0x00,0x00,0x00,0x00,0x00,0x00,0x00,0x00,
    0x00,0x00,0x00,0x00,0x00,0x00,0x00,0x00,0x00,0x00,0x00,0x00,0x00,0x00,0x00,0x00,
    0x00,0x00,0x00,0x00,0x00,0x00,0x00,0x00,0x00,0x00,0x00,0x00,0x00,0x00,0x00,0x00,
    0x00,0x00,0x2D,0x8F,0xF0,0xFF,0xFF,0xFF,0xFF,0xFF,0xFF,0xFF,0xFF,0xFF,0xFF,0xFF,
    0xFF,0xFF,0xFF,0xFF,0xFF,0xFF,0xFF,0xFF,0xFF,0xFF,0xFF,0xFF,0xFF,0xFF,0xFF,0xFF,
    0xFF,0xFF,0xFF,0xFF,0xFF,0xFF,0xFF,0xFF,0xFF,0xFF,0xFF,0xFF,0xFF,0xFF,0xFF,0xFF,
    0xFF,0xFF,0xFF,0xFF,0xFF,0xFF,0xFF,0xFF,0xFF,0xFF,0xFF,0xFF,0xFF,0xFF,0xFF,0xFF,
    0xFF,0xFF,0xFF,0xFF,0xFF,0xFF,0xFF,0xFF,0xFF,0xFF,0xFF,0xFF,0xFF,0xFF,0xFF,0xFF,
    0xFF,0xFF,0xFF,0xFF,0xFF,0xFF,0xFF,0xFF,0xFF,0xFF,0xFF,0xFF,0xFF,0xFF,0xFF,0xFF,
    0xFF,0xFF,0xFF,0xFF,0xFF,0xFF,0xFF,0xFF,0xFF,0xFF,0xFF,0xFF,0xFF,0xFF,0xFF,0xFF,
    0xFF,0xFF,0xFF,0xFF,0xFF,0xFF,0xFF,0xFF,0xFF,0xFF,0xFF,0xFF,0xFF,0xFF,0xFF,0xFF,
    0xFF,0xFF,0xFF,0xFF,0xFF,0xFF,0xFF,0xFF,0xFF,0xFF,0xFF,0xF0,0x8F,0x2D,0x00,0x00,
    0x00,0x00,0x00,0x00,0x00,0x00,0x00,0x00,0x00,0x00,0x00,0x00,0x00,0x00,0x00,0x00,
    0x00,0x00,0x00,0x00,0x00,0x00,0x00,0x00,0x00,0x00,0x00,0x00,0x00,0x00,0x00,0x00,
    0x00,0x00,0x00,0x00,0x00,0x00,0x00,0x00,0x00,0x00,0x00,0x00,0x00,0x00,0x00,0x00,
    0x00,0x00,0x00,0x00,0x00,0x00,0x00,0x00,0x00,0x00,0x00,0x00,0x00,0x00,0x00,0x00,
    0x00,0x00,0x00,0x00,0x00,0x00,0x00,0x00,0x00,0x00,0x00,0x00,0x00,0x00,0x00,0x00,
    0x00,0x00,0x00,0x00,0x00,0x00,0x00,0x00,0x00,0x00,0x00,0x00,0x00,0x00,0x00,0x00,
    0x00,0x00,0x00,0x03,0x64,0xC4,0xFF,0xFF,0xFF,0xFF,0xFF,0xFF,0xFF,0xFF,0xFF,0xFF,
    0xFF,0xFF,0xFF,0xFF,0xFF,0xFF,0xFF,0xFF,0xFF,0xFF,0xFF,0xFF,0xFF,0xFF,0xFF,0xFF,
    0xFF,0xFF,0xFF,0xFF,0xFF,0xFF,0xFF,0xFF,0xFF,0xFF,0xFF,0xFF,0xFF,0xFF,0xFF,0xFF,
    0xFF,0xFF,0xFF,0xFF,0xFF,0xFF,0xFF,0xFF,0xFF,0xFF,0xFF,0xFF,0xFF,0xFF,0xFF,0xFF,
    0xFF,0xFF,0xFF,0xFF,0xFF,0xFF,0xFF,0xFF,0xFF,0xFF,0xFF,0xFF,0xFF,0xFF,0xFF,0xFF,
    0xFF,0xFF,0xFF,0xFF,0xFF,0xFF,0xFF,0xFF,0xFF,0xFF,0xFF,0xFF,0xFF,0xFF,0xFF,0xFF,
    0xFF,0xFF,0xFF,0xFF,0xFF,0xFF,0xFF,0xFF,0xFF,0xFF,0xFF,0xFF,0xFF,0xFF,0xFF,0xFF,
    0xFF,0xFF,0xFF,0xFF,0xFF,0xFF,0xFF,0xFF,0xFF,0xFF,0xFF,0xFF,0xFF,0xFF,0xFF,0xFF,
    0xFF,0xFF,0xFF,0xFF,0xFF,0xFF,0xFF,0xFF,0xFF,0xFF,0xC4,0x64,0x03,0x00,0x00,0x00,
    0x00,0x00,0x00,0x00,0x00,0x00,0x00,0x00,0x00,0x00,0x00,0x00,0x00,0x00,0x00,0x00,
    0x00,0x00,0x00,0x00,0x00,0x00,0x00,0x00,0x00,0x00,0x00,0x00,0x00,0x00,0x00,0x00,
    0x00,0x00,0x00,0x00,0x00,0x00,0x00,0x00,0x00,0x00,0x00,0x00,0x00,0x00,0x00,0x00,
    0x00,0x00,0x00,0x00,0x00,0x00,0x00,0x00,0x00,0x00,0x00,0x00,0x00,0x00,0x00,0x00,
    0x00,0x00,0x00,0x00,0x00,0x00,0x00,0x00,0x00,0x00,0x00,0x00,0x00,0x00,0x00,0x00,
    0x00,0x00,0x00,0x00,0x00,0x00,0x00,0x00,0x00,0x00,0x00,0x00,0x00,0x00,0x00,0x00,
    0x00,0x00,0x00,0x00,0x00,0x36,0x94,0xF1,0xFF,0xFF,0xFF,0xFF,0xFF,0xFF,0xFF,0xFF,
    0xFF,0xFF,0xFF,0xFF,0xFF,0xFF,0xFF,0xFF,0xFF,0xFF,0xFF,0xFF,0xFF,0xFF,0xFF,0xFF,
    0xFF,0xFF,0xFF,0xFF,0xFF,0xFF,0xFF,0xFF,0xFF,0xFF,0xFF,0xFF,0xFF,0xFF,0xFF,0xFF,
    0xFF,0xFF,0xFF,0xFF,0xFF,0xFF,0xFF,0xFF,0xFF,0xFF,0xFF,0xFF,0xFF,0xFF,0xFF,0xFF,
    0xFF,0xFF,0xFF,0xFF,0xFF,0xFF,0xFF,0xFF,0xFF,0xFF,0xFF,0xFF,0xFF,0xFF,0xFF,0xFF,
    0xFF,0xFF,0xFF,0xFF,0xFF,0xFF,0xFF,0xFF,0xFF,0xFF,0xFF,0xFF,0xFF,0xFF,0xFF,0xFF,
    0xFF,0xFF,0xFF,0xFF,0xFF,0xFF,0xFF,0xFF,0xFF,0xFF,0xFF,0xFF,0xFF,0xFF,0xFF,0xFF,
    0xFF,0xFF,0xFF,0xFF,0xFF,0xFF,0xFF,0xFF,0xFF,0xFF,0xFF,0xFF,0xFF,0xFF,0xFF,0xFF,
    0xFF,0xFF,0xFF,0xFF,0xFF,0xFF,0xFF,0xFF,0xF1,0x94,0x36,0x00,0x00,0x00,0x00,0x00,
    0x00,0x00,0x00,0x00,0x00,0x00,0x00,0x00,0x00,0x00,0x00,0x00,0x00,0x00,0x00,0x00,
    0x00,0x00,0x00,0x00,0x00,0x00,0x00,0x00,0x00,0x00,0x00,0x00,0x00,0x00,0x00,0x00,
    0x00,0x00,0x00,0x00,0x00,0x00,0x00,0x00,0x00,0x00,0x00,0x00,0x00,0x00,0x00,0x00,
    0x00,0x00,0x00,0x00,0x00,0x00,0x00,0x00,0x00,0x00,0x00,0x00,0x00,0x00,0x00,0x00,
    0x00,0x00,0x00,0x00,0x00,0x00,0x00,0x00,0x00,0x00,0x00,0x00,0x00,0x00,0x00,0x00,
    0x00,0x00,0x00,0x00,0x00,0x00,0x00,0x00,0x00,0x00,0x00,0x00,0x00,0x00,0x00,0x00,
    0x00,0x00,0x00,0x00,0x00,0x00,0x06,0x63,0xBE,0xFF,0xFF,0xFF,0xFF,0xFF,0xFF,0xFF,
    0xFF,0xFF,0xFF,0xFF,0xFF,0xFF,0xFF,0xFF,0xFF,0xFF,0xFF,0xFF,0xFF,0xFF,0xFF,0xFF,
    0xFF,0xFF,0xFF,0xFF,0xFF,0xFF,0xFF,0xFF,0xFF,0xFF,0xFF,0xFF,0xFF,0xFF,0xFF,0xFF,
    0xFF,0xFF,0xFF,0xFF,0xFF,0xFF,0xFF,0xFF,0xFF,0xFF,0xFF,0xFF,0xFF,0xFF,0xFF,0xFF,
    0xFF,0xFF,0xFF,0xFF,0xFF,0xFF,0xFF,0xFF,0xFF,0xFF,0xFF,0xFF,0xFF,0xFF,0xFF,0xFF,
    0xFF,0xFF,0xFF,0xFF,0xFF,0xFF,0xFF,0xFF,0xFF,0xFF,0xFF,0xFF,0xFF,0xFF,0xFF,0xFF,
    0xFF,0xFF,0xFF,0xFF,0xFF,0xFF,0xFF,0xFF,0xFF,0xFF,0xFF,0xFF,0xFF,0xFF,0xFF,0xFF,
    0xFF,0xFF,0xFF,0xFF,0xFF,0xFF,0xFF,0xFF,0xFF,0xFF,0xFF,0xFF,0xFF,0xFF,0xFF,0xFF,
    0xFF,0xFF,0xFF,0xFF,0xFF,0xFF,0xFF,0xBE,0x63,0x06,0x00,0x00,0x00,0x00,0x00,0x00,
    0x00,0x00,0x00,0x00,0x00,0x00,0x00,0x00,0x00,0x00,0x00,0x00,0x00,0x00,0x00,0x00,
    0x00,0x00,0x00,0x00,0x00,0x00,0x00,0x00,0x00,0x00,0x00,0x00,0x00,0x00,0x00,0x00,
    0x00,0x00,0x00,0x00,0x00,0x00,0x00,0x00,0x00,0x00,0x00,0x00,0x00,0x00,0x00,0x00,
    0x00,0x00,0x00,0x00,0x00,0x00,0x00,0x00,0x00,0x00,0x00,0x00,0x00,0x00,0x00,0x00,
    0x00,0x00,0x00,0x00,0x00,0x00,0x00,0x00,0x00,0x00,0x00,0x00,0x00,0x00,0x00,0x00,
    0x00,0x00,0x00,0x00,0x00,0x00,0x00,0x00,0x00,0x00,0x00,0x00,0x00,0x00,0x00,0x00,
    0x00,0x00,0x00,0x00,0x00,0x00,0x00,0x00,0x2E,0x88,0xE0,0xFF,0xFF,0xFF,0xFF,0xFF,
    0xFF,0xFF,0xFF,0xFF,0xFF,0xFF,0xFF,0xFF,0xFF,0xFF,0xFF,0xFF,0xFF,0xFF,0xFF,0xFF,
    0xFF,0xFF,0xFF,0xFF,0xFF,0xFF,0xFF,0xFF,0xFF,0xFF,0xFF,0xFF,0xFF,0xFF,0xFF,0xFF,
    0xFF,0xFF,0xFF,0xFF,0xFF,0xFF,0xFF,0xFF,0xFF,0xFF,0xFF,0xFF,0xFF,0xFF,0xFF,0xFF,
    0xFF,0xFF,0xFF,0xFF,0xFF,0xFF,0xFF,0xFF,0xFF,0xFF,0xFF,0xFF,0xFF,0xFF,0xFF,0xFF,
    0xFF,0xFF,0xFF,0xFF,0xFF,0xFF,0xFF,0xFF,0xFF,0xFF,0xFF,0xFF,0xFF,0xFF,0xFF,0xFF,
    0xFF,0xFF,0xFF,0xFF,0xFF,0xFF,0xFF,0xFF,0xFF,0xFF,0xFF,0xFF,0xFF,0xFF,0xFF,0xFF,
    0xFF,0xFF,0xFF,0xFF,0xFF,0xFF,0xFF,0xFF,0xFF,0xFF,0xFF,0xFF,0xFF,0xFF,0xFF,0xFF,
    0xFF,0xFF,0xFF,0xFF,0xFF,0xE0,0x88,0x2E,0x00,0x00,0x00,0x00,0x00,0x00,0x00,0x00,
    0x00,0x00,0x00,0x00,0x00,0x00,0x00,0x00,0x00,0x00,0x00,0x00,0x00,0x00,0x00,0x00,
    0x00,0x00,0x00,0x00,0x00,0x00,0x00,0x00,0x00,0x00,0x00,0x00,0x00,0x00,0x00,0x00,
    0x00,0x00,0x00,0x00,0x00,0x00,0x00,0x00,0x00,0x00,0x00,0x00,0x00,0x00,0x00,0x00,
    0x00,0x00,0x00,0x00,0x00,0x00,0x00,0x00,0x00,0x00,0x00,0x00,0x00,0x00,0x00,0x00,
    0x00,0x00,0x00,0x00,0x00,0x00,0x00,0x00,0x00,0x00,0x00,0x00,0x00,0x00,0x00,0x00,
    0x00,0x00,0x00,0x00,0x00,0x00,0x00,0x00,0x00,0x00,0x00,0x00,0x00,0x00,0x00,0x00,
    0x00,0x00,0x00,0x00,0x00,0x00,0x00,0x00,0x00,0x00,0x4F,0xA6,0xFB,0xFF,0xFF,0xFF,
    0xFF,0xFF,0xFF,0xFF,0xFF,0xFF,0xFF,0xFF,0xFF,0xFF,0xFF,0xFF,0xFF,0xFF,0xFF,0xFF,
    0xFF,0xFF,0xFF,0xFF,0xFF,0xFF,0xFF,0xFF,0xFF,0xFF,0xFF,0xFF,0xFF,0xFF,0xFF,0xFF,
    0xFF,0xFF,0xFF,0xFF,0xFF,0xFF,0xFF,0xFF,0xFF,0xFF,0xFF,0xFF,0xFF,0xFF,0xFF,0xFF,
    0xFF,0xFF,0xFF,0xFF,0xFF,0xFF,0xFF,0xFF,0xFF,0xFF,0xFF,0xFF,0xFF,0xFF,0xFF,0xFF,
    0xFF,0xFF,0xFF,0xFF,0xFF,0xFF,0xFF,0xFF,0xFF,0xFF,0xFF,0xFF,0xFF,0xFF,0xFF,0xFF,
    0xFF,0xFF,0xFF,0xFF,0xFF,0xFF,0xFF,0xFF,0xFF,0xFF,0xFF,0xFF,0xFF,0xFF,0xFF,0xFF,
    0xFF,0xFF,0xFF,0xFF,0xFF,0xFF,0xFF,0xFF,0xFF,0xFF,0xFF,0xFF,0xFF,0xFF,0xFF,0xFF,
    0xFF,0xFF,0xFF,0xFB,0xA6,0x4F,0x00,0x00,0x00,0x00,0x00,0x00,0x00,0x00,0x00,0x00,
    0x00,0x00,0x00,0x00,0x00,0x00,0x00,0x00,0x00,0x00,0x00,0x00,0x00,0x00,0x00,0x00,
    0x00,0x00,0x00,0x00,0x00,0x00,0x00,0x00,0x00,0x00,0x00,0x00,0x00,0x00,0x00,0x00,
    0x00,0x00,0x00,0x00,0x00,0x00,0x00,0x00,0x00,0x00,0x00,0x00,0x00,0x00,0x00,0x00,
    0x00,0x00,0x00,0x00,0x00,0x00,0x00,0x00,0x00,0x00,0x00,0x00,0x00,0x00,0x00,0x00,
    0x00,0x00,0x00,0x00,0x00,0x00,0x00,0x00,0x00,0x00,0x00,0x00,0x00,0x00,0x00,0x00,
    0x00,0x00,0x00,0x00,0x00,0x00,0x00,0x00,0x00,0x00,0x00,0x00,0x00,0x00,0x00,0x00,
    0x00,0x00,0x00,0x00,0x00,0x00,0x00,0x00,0x00,0x00,0x00,0x13,0x68,0xBC,0xFF,0xFF,
    0xFF,0xFF,0xFF,0xFF,0xFF,0xFF,0xFF,0xFF,0xFF,0xFF,0xFF,0xFF,0xFF,0xFF,0xFF,0xFF,
    0xFF,0xFF,0xFF,0xFF,0xFF,0xFF,0xFF,0xFF,0xFF,0xFF,0xFF,0xFF,0xFF,0xFF,0xFF,0xFF,
    0xFF,0xFF,0xFF,0xFF,0xFF,0xFF,0xFF,0xFF,0xFF,0xFF,0xFF,0xFF,0xFF,0xFF,0xFF,0xFF,
    0xFF,0xFF,0xFF,0xFF,0xFF,0xFF,0xFF,0xFF,0xFF,0xFF,0xFF,0xFF,0xFF,0xFF,0xFF,0xFF,
    0xFF,0xFF,0xFF,0xFF,0xFF,0xFF,0xFF,0xFF,0xFF,0xFF,0xFF,0xFF,0xFF,0xFF,0xFF,0xFF,
    0xFF,0xFF,0xFF,0xFF,0xFF,0xFF,0xFF,0xFF,0xFF,0xFF,0xFF,0xFF,0xFF,0xFF,0xFF,0xFF,
    0xFF,0xFF,0xFF,0xFF,0xFF,0xFF,0xFF,0xFF,0xFF,0xFF,0xFF,0xFF,0xFF,0xFF,0xFF,0xFF,
    0xFF,0xFF,0xBC,0x68,0x13,0x00,0x00,0x00,0x00,0x00,0x00,0x00,0x00,0x00,0x00,0x00,
    0x00,0x00,0x00,0x00,0x00,0x00,0x00,0x00,0x00,0x00,0x00,0x00,0x00,0x00,0x00,0x00,
    0x00,0x00,0x00,0x00,0x00,0x00,0x00,0x00,0x00,0x00,0x00,0x00,0x00,0x00,0x00,0x00,
    0x00,0x00,0x00,0x00,0x00,0x00,0x00,0x00,0x00,0x00,0x00,0x00,0x00,0x00,0x00,0x00,
    0x00,0x00,0x00,0x00,0x00,0x00,0x00,0x00,0x00,0x00,0x00,0x00,0x00,0x00,0x00,0x00,
    0x00,0x00,0x00,0x00,0x00,0x00,0x00,0x00,0x00,0x00,0x00,0x00,0x00,0x00,0x00,0x00,
    0x00,0x00,0x00,0x00,0x00,0x00,0x00,0x00,0x00,0x00,0x00,0x00,0x00,0x00,0x00,0x00,
    0x00,0x00,0x00,0x00,0x00,0x00,0x00,0x00,0x00,0x00,0x00,0x00,0x00,0x28,0x7B,0xCC,
    0xFF,0xFF,0xFF,0xFF,0xFF,0xFF,0xFF,0xFF,0xFF,0xFF,0xFF,0xFF,0xFF,0xFF,0xFF,0xFF,
    0xFF,0xFF,0xFF,0xFF,0xFF,0xFF,0xFF,0xFF,0xFF,0xFF,0xFF,0xFF,0xFF,0xFF,0xFF,0xFF,
    0xFF,0xFF,0xFF,0xFF,0xFF,0xFF,0xFF,0xFF,0xFF,0xFF,0xFF,0xFF,0xFF,0xFF,0xFF,0xFF,
    0xFF,0xFF,0xFF,0xFF,0xFF,0xFF,0xFF,0xFF,0xFF,0xFF,0xFF,0xFF,0xFF,0xFF,0xFF,0xFF,
    0xFF,0xFF,0xFF,0xFF,0xFF,0xFF,0xFF,0xFF,0xFF,0xFF,0xFF,0xFF,0xFF,0xFF,0xFF,0xFF,
    0xFF,0xFF,0xFF,0xFF,0xFF,0xFF,0xFF,0xFF,0xFF,0xFF,0xFF,0xFF,0xFF,0xFF,0xFF,0xFF,
    0xFF,0xFF,0xFF,0xFF,0xFF,0xFF,0xFF,0xFF,0xFF,0xFF,0xFF,0xFF,0xFF,0xFF,0xFF,0xFF,
    0xCC,0x7B,0x28,0x00,0x00,0x00,0x00,0x00,0x00,0x00,0x00,0x00,0x00,0x00,0x00,0x00,
    0x00,0x00,0x00,0x00,0x00,0x00,0x00,0x00,0x00,0x00,0x00,0x00,0x00,0x00,0x00,0x00,
    0x00,0x00,0x00,0x00,0x00,0x00,0x00,0x00,0x00,0x00,0x00,0x00,0x00,0x00,0x00,0x00,
    0x00,0x00,0x00,0x00,0x00,0x00,0x00,0x00,0x00,0x00,0x00,0x00,0x00,0x00,0x00,0x00,
    0x00,0x00,0x00,0x00,0x00,0x00,0x00,0x00,0x00,0x00,0x00,0x00,0x00,0x00,0x00,0x00,
    0x00,0x00,0x00,0x00,0x00,0x00,0x00,0x00,0x00,0x00,0x00,0x00,0x00,0x00,0x00,0x00,
    0x00,0x00,0x00,0x00,0x00,0x00,0x00,0x00,0x00,0x00,0x00,0x00,0x00,0x00,0x00,0x00,
    0x00,0x00,0x00,0x00,0x00,0x00,0x00,0x00,0x00,0x00,0x00,0x00,0x00,0x00,0x00,0x36,
    0x86,0xD5,0xFF,0xFF,0xFF,0xFF,0xFF,0xFF,0xFF,0xFF,0xFF,0xFF,0xFF,0xFF,0xFF,0xFF,
    0xFF,0xFF,0xFF,0xFF,0xFF,0xFF,0xFF,0xFF,0xFF,0xFF,0xFF,0xFF,0xFF,0xFF,0xFF,0xFF,
    0xFF,0xFF,0xFF,0xFF,0xFF,0xFF,0xFF,0xFF,0xFF,0xFF,0xFF,0xFF,0xFF,0xFF,0xFF,0xFF,
    0xFF,0xFF,0xFF,0xFF,0xFF,0xFF,0xFF,0xFF,0xFF,0xFF,0xFF,0xFF,0xFF,0xFF,0xFF,0xFF,
    0xFF,0xFF,0xFF,0xFF,0xFF,0xFF,0xFF,0xFF,0xFF,0xFF,0xFF,0xFF,0xFF,0xFF,0xFF,0xFF,
    0xFF,0xFF,0xFF,0xFF,0xFF,0xFF,0xFF,0xFF,0xFF,0xFF,0xFF,0xFF,0xFF,0xFF,0xFF,0xFF,
    0xFF,0xFF,0xFF,0xFF,0xFF,0xFF,0xFF,0xFF,0xFF,0xFF,0xFF,0xFF,0xFF,0xFF,0xD5,0x86,
    0x36,0x00,0x00,0x00,0x00,0x00,0x00,0x00,0x00,0x00,0x00,0x00,0x00,0x00,0x00,0x00,
    0x00,0x00,0x00,0x00,0x00,0x00,0x00,0x00,0x00,0x00,0x00,0x00,0x00,0x00,0x00,0x00,
    0x00,0x00,0x00,0x00,0x00,0x00,0x00,0x00,0x00,0x00,0x00,0x00,0x00,0x00,0x00,0x00,
    0x00,0x00,0x00,0x00,0x00,0x00,0x00,0x00,0x00,0x00,0x00,0x00,0x00,0x00,0x00,0x00,
    0x00,0x00,0x00,0x00,0x00,0x00,0x00,0x00,0x00,0x00,0x00,0x00,0x00,0x00,0x00,0x00,
    0x00,0x00,0x00,0x00,0x00,0x00,0x00,0x00,0x00,0x00,0x00,0x00,0x00,0x00,0x00,0x00,
    0x00,0x00,0x00,0x00,0x00,0x00,0x00,0x00,0x00,0x00,0x00,0x00,0x00,0x00,0x00,0x00,
    0x00,0x00,0x00,0x00,0x00,0x00,0x00,0x00,0x00,0x00,0x00,0x00,0x00,0x00,0x00,0x00,
    0x00,0x3E,0x8A,0xD6,0xFF,0xFF,0xFF,0xFF,0xFF,0xFF,0xFF,0xFF,0xFF,0xFF,0xFF,0xFF,
    0xFF,0xFF,0xFF,0xFF,0xFF,0xFF,0xFF,0xFF,0xFF,0xFF,0xFF,0xFF,0xFF,0xFF,0xFF,0xFF,
    0xFF,0xFF,0xFF,0xFF,0xFF,0xFF,0xFF,0xFF,0xFF,0xFF,0xFF,0xFF,0xFF,0xFF,0xFF,0xFF,
    0xFF,0xFF,0xFF,0xFF,0xFF,0xFF,0xFF,0xFF,0xFF,0xFF,0xFF,0xFF,0xFF,0xFF,0xFF,0xFF,
    0xFF,0xFF,0xFF,0xFF,0xFF,0xFF,0xFF,0xFF,0xFF,0xFF,0xFF,0xFF,0xFF,0xFF,0xFF,0xFF,
    0xFF,0xFF,0xFF,0xFF,0xFF,0xFF,0xFF,0xFF,0xFF,0xFF,0xFF,0xFF,0xFF,0xFF,0xFF,0xFF,
    0xFF,0xFF,0xFF,0xFF,0xFF,0xFF,0xFF,0xFF,0xFF,0xFF,0xFF,0xFF,0xD6,0x8A,0x3E,0x00,
    0x00,0x00,0x00,0x00,0x00,0x00,0x00,0x00,0x00,0x00,0x00,0x00,0x00,0x00,0x00,0x00,
    0x00,0x00,0x00,0x00,0x00,0x00,0x00,0x00,0x00,0x00,0x00,0x00,0x00,0x00,0x00,0x00,
    0x00,0x00,0x00,0x00,0x00,0x00,0x00,0x00,0x00,0x00,0x00,0x00,0x00,0x00,0x00,0x00,
    0x00,0x00,0x00,0x00,0x00,0x00,0x00,0x00,0x00,0x00,0x00,0x00,0x00,0x00,0x00,0x00,
    0x00,0x00,0x00,0x00,0x00,0x00,0x00,0x00,0x00,0x00,0x00,0x00,0x00,0x00,0x00,0x00,
    0x00,0x00,0x00,0x00,0x00,0x00,0x00,0x00,0x00,0x00,0x00,0x00,0x00,0x00,0x00,0x00,
    0x00,0x00,0x00,0x00,0x00,0x00,0x00,0x00,0x00,0x00,0x00,0x00,0x00,0x00,0x00,0x00,
    0x00,0x00,0x00,0x00,0x00,0x00,0x00,0x00,0x00,0x00,0x00,0x00,0x00,0x00,0x00,0x00,
    0x00,0x00,0x00,0x3E,0x88,0xD0,0xFF,0xFF,0xFF,0xFF,0xFF,0xFF,0xFF,0xFF,0xFF,0xFF,
    0xFF,0xFF,0xFF,0xFF,0xFF,0xFF,0xFF,0xFF,0xFF,0xFF,0xFF,0xFF,0xFF,0xFF,0xFF,0xFF,
    0xFF,0xFF,0xFF,0xFF,0xFF,0xFF,0xFF,0xFF,0xFF,0xFF,0xFF,0xFF,0xFF,0xFF,0xFF,0xFF,
    0xFF,0xFF,0xFF,0xFF,0xFF,0xFF,0xFF,0xFF,0xFF,0xFF,0xFF,0xFF,0xFF,0xFF,0xFF,0xFF,
    0xFF,0xFF,0xFF,0xFF,0xFF,0xFF,0xFF,0xFF,0xFF,0xFF,0xFF,0xFF,0xFF,0xFF,0xFF,0xFF,
    0xFF,0xFF,0xFF,0xFF,0xFF,0xFF,0xFF,0xFF,0xFF,0xFF,0xFF,0xFF,0xFF,0xFF,0xFF,0xFF,
    0xFF,0xFF,0xFF,0xFF,0xFF,0xFF,0xFF,0xFF,0xFF,0xFF,0xD0,0x88,0x3E,0x00,0x00,0x00,
    0x00,0x00,0x00,0x00,0x00,0x00,0x00,0x00,0x00,0x00,0x00,0x00,0x00,0x00,0x00,0x00,
    0x00,0x00,0x00,0x00,0x00,0x00,0x00,0x00,0x00,0x00,0x00,0x00,0x00,0x00,0x00,0x00,
    0x00,0x00,0x00,0x00,0x00,0x00,0x00,0x00,0x00,0x00,0x00,0x00,0x00,0x00,0x00,0x00,
    0x00,0x00,0x00,0x00,0x00,0x00,0x00,0x00,0x00,0x00,0x00,0x00,0x00,0x00,0x00,0x00,
    0x00,0x00,0x00,0x00,0x00,0x00,0x00,0x00,0x00,0x00,0x00,0x00,0x00,0x00,0x00,0x00,
    0x00,0x00,0x00,0x00,0x00,0x00,0x00,0x00,0x00,0x00,0x00,0x00,0x00,0x00,0x00,0x00,
    0x00,0x00,0x00,0x00,0x00,0x00,0x00,0x00,0x00,0x00,0x00,0x00,0x00,0x00,0x00,0x00,
    0x00,0x00,0x00,0x00,0x00,0x00,0x00,0x00,0x00,0x00,0x00,0x00,0x00,0x00,0x00,0x00,
    0x00,0x00,0x00,0x00,0x00,0x36,0x7E,0xC4,0xFF,0xFF,0xFF,0xFF,0xFF,0xFF,0xFF,0xFF,
    0xFF,0xFF,0xFF,0xFF,0xFF,0xFF,0xFF,0xFF,0xFF,0xFF,0xFF,0xFF,0xFF,0xFF,0xFF,0xFF,
    0xFF,0xFF,0xFF,0xFF,0xFF,0xFF,0xFF,0xFF,0xFF,0xFF,0xFF,0xFF,0xFF,0xFF,0xFF,0xFF,
    0xFF,0xFF,0xFF,0xFF,0xFF,0xFF,0xFF,0xFF,0xFF,0xFF,0xFF,0xFF,0xFF,0xFF,0xFF,0xFF,
    0xFF,0xFF,0xFF,0xFF,0xFF,0xFF,0xFF,0xFF,0xFF,0xFF,0xFF,0xFF,0xFF,0xFF,0xFF,0xFF,
    0xFF,0xFF,0xFF,0xFF,0xFF,0xFF,0xFF,0xFF,0xFF,0xFF,0xFF,0xFF,0xFF,0xFF,0xFF,0xFF,
    0xFF,0xFF,0xFF,0xFF,0xFF,0xFF,0xFF,0xFF,0xC4,0x7E,0x36,0x00,0x00,0x00,0x00,0x00,
    0x00,0x00,0x00,0x00,0x00,0x00,0x00,0x00,0x00,0x00,0x00,0x00,0x00,0x00,0x00,0x00,
    0x00,0x00,0x00,0x00,0x00,0x00,0x00,0x00,0x00,0x00,0x00,0x00,0x00,0x00,0x00,0x00,
    0x00,0x00,0x00,0x00,0x00,0x00,0x00,0x00,0x00,0x00,0x00,0x00,0x00,0x00,0x00,0x00,
    0x00,0x00,0x00,0x00,0x00,0x00,0x00,0x00,0x00,0x00,0x00,0x00,0x00,0x00,0x00,0x00,
    0x00,0x00,0x00,0x00,0x00,0x00,0x00,0x00,0x00,0x00,0x00,0x00,0x00,0x00,0x00,0x00,
    0x00,0x00,0x00,0x00,0x00,0x00,0x00,0x00,0x00,0x00,0x00,0x00,0x00,0x00,0x00,0x00,
    0x00,0x00,0x00,0x00,0x00,0x00,0x00,0x00,0x00,0x00,0x00,0x00,0x00,0x00,0x00,0x00,
    0x00,0x00,0x00,0x00,0x00,0x00,0x00,0x00,0x00,0x00,0x00,0x00,0x00,0x00,0x00,0x00,
    0x00,0x00,0x00,0x00,0x00,0x00,0x00,0x28,0x6D,0xB0,0xF1,0xFF,0xFF,0xFF,0xFF,0xFF,
    0xFF,0xFF,0xFF,0xFF,0xFF,0xFF,0xFF,0xFF,0xFF,0xFF,0xFF,0xFF,0xFF,0xFF,0xFF,0xFF,
    0xFF,0xFF,0xFF,0xFF,0xFF,0xFF,0xFF,0xFF,0xFF,0xFF,0xFF,0xFF,0xFF,0xFF,0xFF,0xFF,
    0xFF,0xFF,0xFF,0xFF,0xFF,0xFF,0xFF,0xFF,0xFF,0xFF,0xFF,0xFF,0xFF,0xFF,0xFF,0xFF,
    0xFF,0xFF,0xFF,0xFF,0xFF,0xFF,0xFF,0xFF,0xFF,0xFF,0xFF,0xFF,0xFF,0xFF,0xFF,0xFF,
    0xFF,0xFF,0xFF,0xFF,0xFF,0xFF,0xFF,0xFF,0xFF,0xFF,0xFF,0xFF,0xFF,0xFF,0xFF,0xFF,
    0xFF,0xFF,0xFF,0xFF,0xFF,0xF1,0xB0,0x6D,0x28,0x00,0x00,0x00,0x00,0x00,0x00,0x00,
    0x00,0x00,0x00,0x00,0x00,0x00,0x00,0x00,0x00,0x00,0x00,0x00,0x00,0x00,0x00,0x00,
    0x00,0x00,0x00,0x00,0x00,0x00,0x00,0x00,0x00,0x00,0x00,0x00,0x00,0x00,0x00,0x00,
    0x00,0x00,0x00,0x00,0x00,0x00,0x00,0x00,0x00,0x00,0x00,0x00,0x00,0x00,0x00,0x00,
    0x00,0x00,0x00,0x00,0x00,0x00,0x00,0x00,0x00,0x00,0x00,0x00,0x00,0x00,0x00,0x00,
    0x00,0x00,0x00,0x00,0x00,0x00,0x00,0x00,0x00,0x00,0x00,0x00,0x00,0x00,0x00,0x00,
    0x00,0x00,0x00,0x00,0x00,0x00,0x00,0x00,0x00,0x00,0x00,0x00,0x00,0x00,0x00,0x00,
    0x00,0x00,0x00,0x00,0x00,0x00,0x00,0x00,0x00,0x00,0x00,0x00,0x00,0x00,0x00,0x00,
    0x00,0x00,0x00,0x00,0x00,0x00,0x00,0x00,0x00,0x00,0x00,0x00,0x00,0x00,0x00,0x00,
    0x00,0x00,0x00,0x00,0x00,0x00,0x00,0x00,0x00,0x13,0x54,0x94,0xD3,0xFF,0xFF,0xFF,
    0xFF,0xFF,0xFF,0xFF,0xFF,0xFF,0xFF,0xFF,0xFF,0xFF,0xFF,0xFF,0xFF,0xFF,0xFF,0xFF,
    0xFF,0xFF,0xFF,0xFF,0xFF,0xFF,0xFF,0xFF,0xFF,0xFF,0xFF,0xFF,0xFF,0xFF,0xFF,0xFF,
    0xFF,0xFF,0xFF,0xFF,0xFF,0xFF,0xFF,0xFF,0xFF,0xFF,0xFF,0xFF,0xFF,0xFF,0xFF,0xFF,
    0xFF,0xFF,0xFF,0xFF,0xFF,0xFF,0xFF,0xFF,0xFF,0xFF,0xFF,0xFF,0xFF,0xFF,0xFF,0xFF,
    0xFF,0xFF,0xFF,0xFF,0xFF,0xFF,0xFF,0xFF,0xFF,0xFF,0xFF,0xFF,0xFF,0xFF,0xFF,0xFF,
    0xFF,0xFF,0xFF,0xD3,0x94,0x54,0x13,0x00,0x00,0x00,0x00,0x00,0x00,0x00,0x00,0x00,
    0x00,0x00,0x00,0x00,0x00,0x00,0x00,0x00,0x00,0x00,0x00,0x00,0x00,0x00,0x00,0x00,
    0x00,0x00,0x00,0x00,0x00,0x00,0x00,0x00,0x00,0x00,0x00,0x00,0x00,0x00,0x00,0x00,
    0x00,0x00,0x00,0x00,0x00,0x00,0x00,0x00,0x00,0x00,0x00,0x00,0x00,0x00,0x00,0x00,
    0x00,0x00,0x00,0x00,0x00,0x00,0x00,0x00,0x00,0x00,0x00,0x00,0x00,0x00,0x00,0x00,
    0x00,0x00,0x00,0x00,0x00,0x00,0x00,0x00,0x00,0x00,0x00,0x00,0x00,0x00,0x00,0x00,
    0x00,0x00,0x00,0x00,0x00,0x00,0x00,0x00,0x00,0x00,0x00,0x00,0x00,0x00,0x00,0x00,
    0x00,0x00,0x00,0x00,0x00,0x00,0x00,0x00,0x00,0x00,0x00,0x00,0x00,0x00,0x00,0x00,
    0x00,0x00,0x00,0x00,0x00,0x00,0x00,0x00,0x00,0x00,0x00,0x00,0x00,0x00,0x00,0x00,
    0x00,0x00,0x00,0x00,0x00,0x00,0x00,0x00,0x00,0x00,0x00,0x00,0x35,0x72,0xAE,0xE9,
    0xFF,0xFF,0xFF,0xFF,0xFF,0xFF,0xFF,0xFF,0xFF,0xFF,0xFF,0xFF,0xFF,0xFF,0xFF,0xFF,
    0xFF,0xFF,0xFF,0xFF,0xFF,0xFF,0xFF,0xFF,0xFF,0xFF,0xFF,0xFF,0xFF,0xFF,0xFF,0xFF,
    0xFF,0xFF,0xFF,0xFF,0xFF,0xFF,0xFF,0xFF,0xFF,0xFF,0xFF,0xFF,0xFF,0xFF,0xFF,0xFF,
    0xFF,0xFF,0xFF,0xFF,0xFF,0xFF,0xFF,0xFF,0xFF,0xFF,0xFF,0xFF,0xFF,0xFF,0xFF,0xFF,
    0xFF,0xFF,0xFF,0xFF,0xFF,0xFF,0xFF,0xFF,0xFF,0xFF,0xFF,0xFF,0xFF,0xFF,0xFF,0xFF,
    0xE9,0xAE,0x72,0x35,0x00,0x00,0x00,0x00,0x00,0x00,0x00,0x00,0x00,0x00,0x00,0x00,
    0x00,0x00,0x00,0x00,0x00,0x00,0x00,0x00,0x00,0x00,0x00,0x00,0x00,0x00,0x00,0x00,
    0x00,0x00,0x00,0x00,0x00,0x00,0x00,0x00,0x00,0x00,0x00,0x00,0x00,0x00,0x00,0x00,
    0x00,0x00,0x00,0x00,0x00,0x00,0x00,0x00,0x00,0x00,0x00,0x00,0x00,0x00,0x00,0x00,
    0x00,0x00,0x00,0x00,0x00,0x00,0x00,0x00,0x00,0x00,0x00,0x00,0x00,0x00,0x00,0x00,
    0x00,0x00,0x00,0x00,0x00,0x00,0x00,0x00,0x00,0x00,0x00,0x00,0x00,0x00,0x00,0x00,
    0x00,0x00,0x00,0x00,0x00,0x00,0x00,0x00,0x00,0x00,0x00,0x00,0x00,0x00,0x00,0x00,
    0x00,0x00,0x00,0x00,0x00,0x00,0x00,0x00,0x00,0x00,0x00,0x00,0x00,0x00,0x00,0x00,
    0x00,0x00,0x00,0x00,0x00,0x00,0x00,0x00,0x00,0x00,0x00,0x00,0x00,0x00,0x00,0x00,
    0x00,0x00,0x00,0x00,0x00,0x00,0x00,0x00,0x00,0x00,0x00,0x00,0x00,0x00,0x0F,0x49,
    0x82,0xBA,0xF0,0xFF,0xFF,0xFF,0xFF,0xFF,0xFF,0xFF,0xFF,0xFF,0xFF,0xFF,0xFF,0xFF,
    0xFF,0xFF,0xFF,0xFF,0xFF,0xFF,0xFF,0xFF,0xFF,0xFF,0xFF,0xFF,0xFF,0xFF,0xFF,0xFF,
    0xFF,0xFF,0xFF,0xFF,0xFF,0xFF,0xFF,0xFF,0xFF,0xFF,0xFF,0xFF,0xFF,0xFF,0xFF,0xFF,
    0xFF,0xFF,0xFF,0xFF,0xFF,0xFF,0xFF,0xFF,0xFF,0xFF,0xFF,0xFF,0xFF,0xFF,0xFF,0xFF,
    0xFF,0xFF,0xFF,0xFF,0xFF,0xFF,0xFF,0xFF,0xFF,0xFF,0xFF,0xFF,0xFF,0xF0,0xBA,0x82,
    0x49,0x0F,0x00,0x00,0x00,0x00,0x00,0x00,0x00,0x00,0x00,0x00,0x00,0x00,0x00,0x00,
    0x00,0x00,0x00,0x00,0x00,0x00,0x00,0x00,0x00,0x00,0x00,0x00,0x00,0x00,0x00,0x00,
    0x00,0x00,0x00,0x00,0x00,0x00,0x00,0x00,0x00,0x00,0x00,0x00,0x00,0x00,0x00,0x00,
    0x00,0x00,0x00,0x00,0x00,0x00,0x00,0x00,0x00,0x00,0x00,0x00,0x00,0x00,0x00,0x00,
    0x00,0x00,0x00,0x00,0x00,0x00,0x00,0x00,0x00,0x00,0x00,0x00,0x00,0x00,0x00,0x00,
    0x00,0x00,0x00,0x00,0x00,0x00,0x00,0x00,0x00,0x00,0x00,0x00,0x00,0x00,0x00,0x00,
    0x00,0x00,0x00,0x00,0x00,0x00,0x00,0x00,0x00,0x00,0x00,0x00,0x00,0x00,0x00,0x00,
    0x00,0x00,0x00,0x00,0x00,0x00,0x00,0x00,0x00,0x00,0x00,0x00,0x00,0x00,0x00,0x00,
    0x00,0x00,0x00,0x00,0x00,0x00,0x00,0x00,0x00,0x00,0x00,0x00,0x00,0x00,0x00,0x00,
    0x00,0x00,0x00,0x00,0x00,0x00,0x00,0x00,0x00,0x00,0x00,0x00,0x00,0x00,0x00,0x00,
    0x00,0x19,0x4F,0x83,0xB7,0xE9,0xFF,0xFF,0xFF,0xFF,0xFF,0xFF,0xFF,0xFF,0xFF,0xFF,
    0xFF,0xFF,0xFF,0xFF,0xFF,0xFF,0xFF,0xFF,0xFF,0xFF,0xFF,0xFF,0xFF,0xFF,0xFF,0xFF,
    0xFF,0xFF,0xFF,0xFF,0xFF,0xFF,0xFF,0xFF,0xFF,0xFF,0xFF,0xFF,0xFF,0xFF,0xFF,0xFF,
    0xFF,0xFF,0xFF,0xFF,0xFF,0xFF,0xFF,0xFF,0xFF,0xFF,0xFF,0xFF,0xFF,0xFF,0xFF,0xFF,
    0xFF,0xFF,0xFF,0xFF,0xFF,0xFF,0xFF,0xFF,0xFF,0xFF,0xE9,0xB7,0x83,0x4F,0x19,0x00,
    0x00,0x00,0x00,0x00,0x00,0x00,0x00,0x00,0x00,0x00,0x00,0x00,0x00,0x00,0x00,0x00,
    0x00,0x00,0x00,0x00,0x00,0x00,0x00,0x00,0x00,0x00,0x00,0x00,0x00,0x00,0x00,0x00,
    0x00,0x00,0x00,0x00,0x00,0x00,0x00,0x00,0x00,0x00,0x00,0x00,0x00,0x00,0x00,0x00,
    0x00,0x00,0x00,0x00,0x00,0x00,0x00,0x00,0x00,0x00,0x00,0x00,0x00,0x00,0x00,0x00,
    0x00,0x00,0x00,0x00,0x00,0x00,0x00,0x00,0x00,0x00,0x00,0x00,0x00,0x00,0x00,0x00,
    0x00,0x00,0x00,0x00,0x00,0x00,0x00,0x00,0x00,0x00,0x00,0x00,0x00,0x00,0x00,0x00,
    0x00,0x00,0x00,0x00,0x00,0x00,0x00,0x00,0x00,0x00,0x00,0x00,0x00,0x00,0x00,0x00,
    0x00,0x00,0x00,0x00,0x00,0x00,0x00,0x00,0x00,0x00,0x00,0x00,0x00,0x00,0x00,0x00,
    0x00,0x00,0x00,0x00,0x00,0x00,0x00,0x00,0x00,0x00,0x00,0x00,0x00,0x00,0x00,0x00,
    0x00,0x00,0x00,0x00,0x00,0x00,0x00,0x00,0x00,0x00,0x00,0x00,0x00,0x00,0x00,0x00,
    0x00,0x00,0x00,0x00,0x14,0x46,0x76,0xA6,0xD3,0xFF,0xFF,0xFF,0xFF,0xFF,0xFF,0xFF,
    0xFF,0xFF,0xFF,0xFF,0xFF,0xFF,0xFF,0xFF,0xFF,0xFF,0xFF,0xFF,0xFF,0xFF,0xFF,0xFF,
    0xFF,0xFF,0xFF,0xFF,0xFF,0xFF,0xFF,0xFF,0xFF,0xFF,0xFF,0xFF,0xFF,0xFF,0xFF,0xFF,
    0xFF,0xFF,0xFF,0xFF,0xFF,0xFF,0xFF,0xFF,0xFF,0xFF,0xFF,0xFF,0xFF,0xFF,0xFF,0xFF,
    0xFF,0xFF,0xFF,0xFF,0xFF,0xFF,0xFF,0xD3,0xA6,0x76,0x46,0x14,0x00,0x00,0x00,0x00,
    0x00,0x00,0x00,0x00,0x00,0x00,0x00,0x00,0x00,0x00,0x00,0x00,0x00,0x00,0x00,0x00,
    0x00,0x00,0x00,0x00,0x00,0x00,0x00,0x00,0x00,0x00,0x00,0x00,0x00,0x00,0x00,0x00,
    0x00,0x00,0x00,0x00,0x00,0x00,0x00,0x00,0x00,0x00,0x00,0x00,0x00,0x00,0x00,0x00,
    0x00,0x00,0x00,0x00,0x00,0x00,0x00,0x00,0x00,0x00,0x00,0x00,0x00,0x00,0x00,0x00,
    0x00,0x00,0x00,0x00,0x00,0x00,0x00,0x00,0x00,0x00,0x00,0x00,0x00,0x00,0x00,0x00,
    0x00,0x00,0x00,0x00,0x00,0x00,0x00,0x00,0x00,0x00,0x00,0x00,0x00,0x00,0x00,0x00,
    0x00,0x00,0x00,0x00,0x00,0x00,0x00,0x00,0x00,0x00,0x00,0x00,0x00,0x00,0x00,0x00,
    0x00,0x00,0x00,0x00,0x00,0x00,0x00,0x00,0x00,0x00,0x00,0x00,0x00,0x00,0x00,0x00,
    0x00,0x00,0x00,0x00,0x00,0x00,0x00,0x00,0x00,0x00,0x00,0x00,0x00,0x00,0x00,0x00,
    0x00,0x00,0x00,0x00,0x00,0x00,0x00,0x00,0x00,0x00,0x00,0x00,0x00,0x00,0x00,0x00,
    0x00,0x00,0x00,0x00,0x00,0x00,0x00,0x02,0x2F,0x5B,0x86,0xB0,0xD8,0xFE,0xFF,0xFF,
    0xFF,0xFF,0xFF,0xFF,0xFF,0xFF,0xFF,0xFF,0xFF,0xFF,0xFF,0xFF,0xFF,0xFF,0xFF,0xFF,
    0xFF,0xFF,0xFF,0xFF,0xFF,0xFF,0xFF,0xFF,0xFF,0xFF,0xFF,0xFF,0xFF,0xFF,0xFF,0xFF,
    0xFF,0xFF,0xFF,0xFF,0xFF,0xFF,0xFF,0xFF,0xFF,0xFF,0xFF,0xFF,0xFF,0xFF,0xFF,0xFF,
    0xFF,0xFF,0xFE,0xD8,0xB0,0x86,0x5B,0x2F,0x02,0x00,0x00,0x00,0x00,0x00,0x00,0x00,
    0x00,0x00,0x00,0x00,0x00,0x00,0x00,0x00,0x00,0x00,0x00,0x00,0x00,0x00,0x00,0x00,
    0x00,0x00,0x00,0x00,0x00,0x00,0x00,0x00,0x00,0x00,0x00,0x00,0x00,0x00,0x00,0x00,
    0x00,0x00,0x00,0x00,0x00,0x00,0x00,0x00,0x00,0x00,0x00,0x00,0x00,0x00,0x00,0x00,
    0x00,0x00,0x00,0x00,0x00,0x00,0x00,0x00,0x00,0x00,0x00,0x00,0x00,0x00,0x00,0x00,
    0x00,0x00,0x00,0x00,0x00,0x00,0x00,0x00,0x00,0x00,0x00,0x00,0x00,0x00,0x00,0x00,
    0x00,0x00,0x00,0x00,0x00,0x00,0x00,0x00,0x00,0x00,0x00,0x00,0x00,0x00,0x00,0x00,
    0x00,0x00,0x00,0x00,0x00,0x00,0x00,0x00,0x00,0x00,0x00,0x00,0x00,0x00,0x00,0x00,
    0x00,0x00,0x00,0x00,0x00,0x00,0x00,0x00,0x00,0x00,0x00,0x00,0x00,0x00,0x00,0x00,
    0x00,0x00,0x00,0x00,0x00,0x00,0x00,0x00,0x00,0x00,0x00,0x00,0x00,0x00,0x00,0x00,
    0x00,0x00,0x00,0x00,0x00,0x00,0x00,0x00,0x00,0x00,0x00,0x00,0x00,0x00,0x00,0x00,
    0x00,0x00,0x00,0x00,0x00,0x00,0x00,0x00,0x00,0x00,0x00,0x0A,0x32,0x59,0x7E,0xA1,
    0xC4,0xE5,0xFF,0xFF,0xFF,0xFF,0xFF,0xFF,0xFF,0xFF,0xFF,0xFF,0xFF,0xFF,0xFF,0xFF,
    0xFF,0xFF,0xFF,0xFF,0xFF,0xFF,0xFF,0xFF,0xFF,0xFF,0xFF,0xFF,0xFF,0xFF,0xFF,0xFF,
    0xFF,0xFF,0xFF,0xFF,0xFF,0xFF,0xFF,0xFF,0xFF,0xFF,0xFF,0xFF,0xFF,0xFF,0xE5,0xC4,
    0xA1,0x7E,0x59,0x32,0x0A,0x00,0x00,0x00,0x00,0x00,0x00,0x00,0x00,0x00,0x00,0x00,
    0x00,0x00,0x00,0x00,0x00,0x00,0x00,0x00,0x00,0x00,0x00,0x00,0x00,0x00,0x00,0x00,
    0x00,0x00,0x00,0x00,0x00,0x00,0x00,0x00,0x00,0x00,0x00,0x00,0x00,0x00,0x00,0x00,
    0x00,0x00,0x00,0x00,0x00,0x00,0x00,0x00,0x00,0x00,0x00,0x00,0x00,0x00,0x00,0x00,
    0x00,0x00,0x00,0x00,0x00,0x00,0x00,0x00,0x00,0x00,0x00,0x00,0x00,0x00,0x00,0x00,
    0x00,0x00,0x00,0x00,0x00,0x00,0x00,0x00,0x00,0x00,0x00,0x00,0x00,0x00,0x00,0x00,
    0x00,0x00,0x00,0x00,0x00,0x00,0x00,0x00,0x00,0x00,0x00,0x00,0x00,0x00,0x00,0x00,
    0x00,0x00,0x00,0x00,0x00,0x00,0x00,0x00,0x00,0x00,0x00,0x00,0x00,0x00,0x00,0x00,
    0x00,0x00,0x00,0x00,0x00,0x00,0x00,0x00,0x00,0x00,0x00,0x00,0x00,0x00,0x00,0x00,
    0x00,0x00,0x00,0x00,0x00,0x00,0x00,0x00,0x00,0x00,0x00,0x00,0x00,0x00,0x00,0x00,
    0x00,0x00,0x00,0x00,0x00,0x00,0x00,0x00,0x00,0x00,0x00,0x00,0x00,0x00,0x00,0x00,
    0x00,0x00,0x00,0x00,0x00,0x00,0x00,0x00,0x00,0x00,0x00,0x00,0x00,0x00,0x00,0x00,
    0x1D,0x3E,0x5D,0x7B,0x97,0xB2,0xCC,0xE5,0xFB,0xFF,0xFF,0xFF,0xFF,0xFF,0xFF,0xFF,
    0xFF,0xFF,0xFF,0xFF,0xFF,0xFF,0xFF,0xFF,0xFF,0xFF,0xFF,0xFF,0xFF,0xFF,0xFF,0xFF,
    0xFF,0xFF,0xFF,0xFF,0xFF,0xFF,0xFF,0xFB,0xE5,0xCC,0xB2,0x97,0x7B,0x5D,0x3E,0x1D,
    0x00,0x00,0x00,0x00,0x00,0x00,0x00,0x00,0x00,0x00,0x00,0x00,0x00,0x00,0x00,0x00,
    0x00,0x00,0x00,0x00,0x00,0x00,0x00,0x00,0x00,0x00,0x00,0x00,0x00,0x00,0x00,0x00,
    0x00,0x00,0x00,0x00,0x00,0x00,0x00,0x00,0x00,0x00,0x00,0x00,0x00,0x00,0x00,0x00,
    0x00,0x00,0x00,0x00,0x00,0x00,0x00,0x00,0x00,0x00,0x00,0x00,0x00,0x00,0x00,0x00,
    0x00,0x00,0x00,0x00,0x00,0x00,0x00,0x00,0x00,0x00,0x00,0x00,0x00,0x00,0x00,0x00,
    0x00,0x00,0x00,0x00,0x00,0x00,0x00,0x00,0x00,0x00,0x00,0x00,0x00,0x00,0x00,0x00,
    0x00,0x00,0x00,0x00,0x00,0x00,0x00,0x00,0x00,0x00,0x00,0x00,0x00,0x00,0x00,0x00,
    0x00,0x00,0x00,0x00,0x00,0x00,0x00,0x00,0x00,0x00,0x00,0x00,0x00,0x00,0x00,0x00,
    0x00,0x00,0x00,0x00,0x00,0x00,0x00,0x00,0x00,0x00,0x00,0x00,0x00,0x00,0x00,0x00,
    0x00,0x00,0x00,0x00,0x00,0x00,0x00,0x00,0x00,0x00,0x00,0x00,0x00,0x00,0x00,0x00,
    0x00,0x00,0x00,0x00,0x00,0x00,0x00,0x00,0x00,0x00,0x00,0x00,0x00,0x00,0x00,0x00,
    0x00,0x00,0x00,0x00,0x00,0x00,0x00,0x00,0x00,0x00,0x00,0x00,0x00,0x00,0x00,0x00,
    0x00,0x00,0x00,0x00,0x00,0x0A,0x24,0x3C,0x53,0x68,0x7C,0x8F,0xA0,0xB0,0xBE,0xCB,
    0xD6,0xE0,0xE9,0xF0,0xF6,0xFA,0xFD,0xFE,0xFE,0xFD,0xFA,0xF6,0xF0,0xE9,0xE0,0xD6,
    0xCB,0xBE,0xB0,0xA0,0x8F,0x7C,0x68,0x53,0x3C,0x24,0x0A,0x00,0x00,0x00,0x00,0x00,
    0x00,0x00,0x00,0x00,0x00,0x00,0x00,0x00,0x00,0x00,0x00,0x00,0x00,0x00,0x00,0x00,
    0x00,0x00,0x00,0x00,0x00,0x00,0x00,0x00,0x00,0x00,0x00,0x00,0x00,0x00,0x00,0x00,
    0x00,0x00,0x00,0x00,0x00,0x00,0x00,0x00,0x00,0x00,0x00,0x00,0x00,0x00,0x00,0x00,
    0x00,0x00,0x00,0x00,0x00,0x00,0x00,0x00,0x00,0x00,0x00,0x00,0x00,0x00,0x00,0x00,
    0x00,0x00,0x00,0x00,0x00,0x00,0x00,0x00,0x00,0x00,0x00,0x00,0x00,0x00,0x00,0x00,
    0x00,0x00,0x00,0x00,0x00,0x00,0x00,0x00,0x00,0x00,0x00,0x00,0x00,0x00,0x00,0x00,
    0x00,0x00,0x00,0x00,0x00,0x00,0x00,0x00,0x00,0x00,0x00,0x00,0x00,0x00,0x00,0x00,
    0x00,0x00,0x00,0x00,0x00,0x00,0x00,0x00,0x00,0x00,0x00,0x00,0x00,0x00,0x00,0x00,
    0x00,0x00,0x00,0x00,0x00,0x00,0x00,0x00,0x00,0x00,0x00,0x00,0x00,0x00,0x00,0x00,
    0x00,0x00,0x00,0x00,0x00,0x00,0x00,0x00,0x00,0x00,0x00,0x00,0x00,0x00,0x00,0x00,
    0x00,0x00,0x00,0x00,0x00,0x00,0x00,0x00,0x00,0x00,0x00,0x00,0x00,0x00,0x00,0x00,
    0x00,0x00,0x00,0x00,0x00,0x00,0x00,0x00,0x00,0x00,0x00,0x00,0x00,0x00,0x00,0x00,
    0x00,0x00,0x00,0x00,0x00,0x00,0x00,0x00,0x00,0x00,0x00,0x00,0x00,0x06,0x14,0x21,
    0x2D,0x36,0x3F,0x46,0x4C,0x50,0x53,0x54,0x54,0x53,0x50,0x4C,0x46,0x3F,0x36,0x2D,
    0x21,0x14,0x06,0x00,0x00,0x00,0x00,0x00,0x00,0x00,0x00,0x00,0x00,0x00,0x00,0x00,
    0x00,0x00,0x00,0x00,0x00,0x00,0x00,0x00,0x00,0x00,0x00,0x00,0x00,0x00,0x00,0x00,
    0x00,0x00,0x00,0x00,0x00,0x00,0x00,0x00,0x00,0x00,0x00,0x00,0x00,0x00,0x00,0x00,
    0x00,0x00,0x00,0x00,0x00,0x00,0x00,0x00,0x00,0x00,0x00,0x00,0x00,0x00,0x00,0x00,
    0x00,0x00,0x00,0x00,0x00,0x00,0x00,0x00,0x00,0x00,0x00,0x00,0x00,0x00,0x00,0x00,
    0x00,0x00,0x00,0x00,0x00,0x00,0x00,0x00,0x00,0x00,0x00,0x00,0x00,0x00,0x00,0x00,
    0x00,0x00,0x00,0x00,0x00,0x00,0x00,0x00,0x00,0x00,0x00,0x00,0x00,0x00,0x00,0x00,
};

const lv_image_dsc_t clock_face = {
    .header = {
        .magic = LV_IMAGE_HEADER_MAGIC,
        .cf = LV_COLOR_FORMAT_RGB565A8,
        .w = 240,
        .h = 240,
    },
    .data_size = 172800,
    .data = clock_face_map,
};
